{"type": "FeatureCollection", "name": "facility_poi_gaode", "crs": {"type": "name", "properties": {"name": "EPSG:4326"}}, "metadata": {"title": "facility_poi_gaode", "generated_at": "2026-08-14", "source": "高德开放平台 Web 服务（restapi.amap.com）", "license_attribution": "数据 © 高德地图（高德开放平台 Web 服务），background_reference", "crs_note": "高德原始坐标为 GCJ-02，已近似逆变换为 WGS84（误差数米）；background_reference，非 official", "purpose": "京张走廊设施 POI 底数（学校/医疗/商超/充电站）→ GAP-SERVICE-001 部分缓解", "authority": "background_reference（公开商业地图背景参考，不构成 official 红线）"}, "features": [{"type": "Feature", "properties": {"layer": "GAODE_FACILITY_POI", "gaode_poiid": "B0IDCU9PZZ", "name": "健高儿科北京海淀门店", "type": "医疗保健服务;医疗保健服务场所;医疗保健服务场所", "address": "北京城区学院路甲38号1幢二层A207", "category": "medical", "source": "DATA-SRC-GAODE-FACILITY-POI-20260814", "official_boundary": false, "usable_for_formal": "background_only", "crs_source": "GCJ-02→WGS84 近似转换（误差数米）", "precision_note": "高德 POI 点位为背景参考，位置精度数米级；覆盖不代表完整，缺漏不代表不存在"}, "geometry": {"type": "Point", "coordinates": [116.3482, 39.980477]}}, {"type": "Feature", "properties": {"layer": "GAODE_FACILITY_POI", "gaode_poiid": "B0JKSHZ6F3", "name": "北京三医中医医院", "type": "医疗保健服务;诊所;诊所", "address": "学院路甲38号1号院5层(北医三院生殖医学中心五层)", "category": "medical", "source": "DATA-SRC-GAODE-FACILITY-POI-20260814", "official_boundary": false, "usable_for_formal": "background_only", "crs_source": "GCJ-02→WGS84 近似转换（误差数米）", "precision_note": "高德 POI 点位为背景参考，位置精度数米级；覆盖不代表完整，缺漏不代表不存在"}, "geometry": {"type": "Point", "coordinates": [116.34834, 39.980614]}}, {"type": "Feature", "properties": {"layer": "GAODE_FACILITY_POI", "gaode_poiid": "B0FFL7YB7K", "name": "北京大学第三医院生殖医学中心儿科门诊", "type": "医疗保健服务;综合医院;三级甲等医院", "address": "花园北路49号北京大学第三医院生殖医学中心", "category": "medical", "source": "DATA-SRC-GAODE-FACILITY-POI-20260814", "official_boundary": false, "usable_for_formal": "background_only", "crs_source": "GCJ-02→WGS84 近似转换（误差数米）", "precision_note": "高德 POI 点位为背景参考，位置精度数米级；覆盖不代表完整，缺漏不代表不存在"}, "geometry": {"type": "Point", "coordinates": [116.348119, 39.980517]}}, {"type": "Feature", "properties": {"layer": "GAODE_FACILITY_POI", "gaode_poiid": "B0FFKHJ50X", "name": "北京星星矫形中心·婴儿头型评估·矫形头盔", "type": "医疗保健服务;医药保健销售店;医疗保健用品", "address": "花园北路1号长城电脑大厦5层B5015室/C502室", "category": "medical", "source": "DATA-SRC-GAODE-FACILITY-POI-20260814", "official_boundary": false, "usable_for_formal": "background_only", "crs_source": "GCJ-02→WGS84 近似转换（误差数米）", "precision_note": "高德 POI 点位为背景参考，位置精度数米级；覆盖不代表完整，缺漏不代表不存在"}, "geometry": {"type": "Point", "coordinates": [116.348283, 39.980599]}}, {"type": "Feature", "properties": {"layer": "GAODE_FACILITY_POI", "gaode_poiid": "B000A85I42", "name": "北京大学第三医院生殖医学中心", "type": "医疗保健服务;专科医院;专科医院|医疗保健服务;综合医院;综合医院", "address": "花园北路49号", "category": "medical", "source": "DATA-SRC-GAODE-FACILITY-POI-20260814", "official_boundary": false, "usable_for_formal": "background_only", "crs_source": "GCJ-02→WGS84 近似转换（误差数米）", "precision_note": "高德 POI 点位为背景参考，位置精度数米级；覆盖不代表完整，缺漏不代表不存在"}, "geometry": {"type": "Point", "coordinates": [116.349106, 39.980545]}}, {"type": "Feature", "properties": {"layer": "GAODE_FACILITY_POI", "gaode_poiid": "B0FFGOD6MG", "name": "北医三院生殖中心-彩超", "type": "医疗保健服务;医疗保健服务场所;医疗保健服务场所", "address": "学院路街道学院路临甲38号-8北医三院生殖中心三层", "category": "medical", "source": "DATA-SRC-GAODE-FACILITY-POI-20260814", "official_boundary": false, "usable_for_formal": "background_only", "crs_source": "GCJ-02→WGS84 近似转换（误差数米）", "precision_note": "高德 POI 点位为背景参考，位置精度数米级；覆盖不代表完整，缺漏不代表不存在"}, "geometry": {"type": "Point", "coordinates": [116.34909, 39.980455]}}, {"type": "Feature", "properties": {"layer": "GAODE_FACILITY_POI", "gaode_poiid": "B0FFG73B32", "name": "北京大学第三医院儿童健康发展中心", "type": "医疗保健服务;综合医院;三级甲等医院", "address": "花园北路49号北京大学第三医院(院本部)", "category": "medical", "source": "DATA-SRC-GAODE-FACILITY-POI-20260814", "official_boundary": false, "usable_for_formal": "background_only", "crs_source": "GCJ-02→WGS84 近似转换（误差数米）", "precision_note": "高德 POI 点位为背景参考，位置精度数米级；覆盖不代表完整，缺漏不代表不存在"}, "geometry": {"type": "Point", "coordinates": [116.349205, 39.980398]}}, {"type": "Feature", "properties": {"layer": "GAODE_FACILITY_POI", "gaode_poiid": "B0FFHDRWLW", "name": "北京大学第六医院海淀院区综合楼", "type": "医疗保健服务;综合医院;三级甲等医院", "address": "花园北路51号北京大学第六医院海淀院区", "category": "medical", "source": "DATA-SRC-GAODE-FACILITY-POI-20260814", "official_boundary": false, "usable_for_formal": "background_only", "crs_source": "GCJ-02→WGS84 近似转换（误差数米）", "precision_note": "高德 POI 点位为背景参考，位置精度数米级；覆盖不代表完整，缺漏不代表不存在"}, "geometry": {"type": "Point", "coordinates": [116.350699, 39.981265]}}, {"type": "Feature", "properties": {"layer": "GAODE_FACILITY_POI", "gaode_poiid": "B000A2EF2C", "name": "北京大学第六医院海淀院区", "type": "医疗保健服务;综合医院;三级甲等医院", "address": "花园北路51号", "category": "medical", "source": "DATA-SRC-GAODE-FACILITY-POI-20260814", "official_boundary": false, "usable_for_formal": "background_only", "crs_source": "GCJ-02→WGS84 近似转换（误差数米）", "precision_note": "高德 POI 点位为背景参考，位置精度数米级；覆盖不代表完整，缺漏不代表不存在"}, "geometry": {"type": "Point", "coordinates": [116.351315, 39.98096]}}, {"type": "Feature", "properties": {"layer": "GAODE_FACILITY_POI", "gaode_poiid": "B0JA77Q54U", "name": "自然之声助听器(北大三院旗舰店)", "type": "医疗保健服务;医药保健销售店;医疗保健用品", "address": "北京城区花园北路48-10号(北医六院正对面,三院斜对面)花园北路路南西侧第1家", "category": "medical", "source": "DATA-SRC-GAODE-FACILITY-POI-20260814", "official_boundary": false, "usable_for_formal": "background_only", "crs_source": "GCJ-02→WGS84 近似转换（误差数米）", "precision_note": "高德 POI 点位为背景参考，位置精度数米级；覆盖不代表完整，缺漏不代表不存在"}, "geometry": {"type": "Point", "coordinates": [116.350898, 39.979983]}}, {"type": "Feature", "properties": {"layer": "GAODE_FACILITY_POI", "gaode_poiid": "B0FFFX3T6W", "name": "北京大学第六医院海淀院区门诊楼", "type": "医疗保健服务;综合医院;三级甲等医院", "address": "花园北路51号北京大学第六医院海淀院区", "category": "medical", "source": "DATA-SRC-GAODE-FACILITY-POI-20260814", "official_boundary": false, "usable_for_formal": "background_only", "crs_source": "GCJ-02→WGS84 近似转换（误差数米）", "precision_note": "高德 POI 点位为背景参考，位置精度数米级；覆盖不代表完整，缺漏不代表不存在"}, "geometry": {"type": "Point", "coordinates": [116.351104, 39.980637]}}, {"type": "Feature", "properties": {"layer": "GAODE_FACILITY_POI", "gaode_poiid": "B0J3HSH41X", "name": "北京大学第六医院海淀院区急诊", "type": "医疗保健服务;综合医院;三级甲等医院", "address": "花园路街道花园北路51号北京大学第六医院海淀院区三楼急诊科", "category": "medical", "source": "DATA-SRC-GAODE-FACILITY-POI-20260814", "official_boundary": false, "usable_for_formal": "background_only", "crs_source": "GCJ-02→WGS84 近似转换（误差数米）", "precision_note": "高德 POI 点位为背景参考，位置精度数米级；覆盖不代表完整，缺漏不代表不存在"}, "geometry": {"type": "Point", "coordinates": [116.35162, 39.980629]}}, {"type": "Feature", "properties": {"layer": "GAODE_FACILITY_POI", "gaode_poiid": "B0FFMB1FMK", "name": "声望听力飞利浦助听器(花园路店)", "type": "医疗保健服务;医药保健销售店;医疗保健用品", "address": "花园北路48-5(北医三院斜对面天衡大药房旁边)", "category": "medical", "source": "DATA-SRC-GAODE-FACILITY-POI-20260814", "official_boundary": false, "usable_for_formal": "background_only", "crs_source": "GCJ-02→WGS84 近似转换（误差数米）", "precision_note": "高德 POI 点位为背景参考，位置精度数米级；覆盖不代表完整，缺漏不代表不存在"}, "geometry": {"type": "Point", "coordinates": [116.351866, 39.980032]}}, {"type": "Feature", "properties": {"layer": "GAODE_FACILITY_POI", "gaode_poiid": "B000A2DE65", "name": "北京天衡大药房", "type": "医疗保健服务;医药保健销售店;药房", "address": "花园北路48-3号", "category": "medical", "source": "DATA-SRC-GAODE-FACILITY-POI-20260814", "official_boundary": false, "usable_for_formal": "background_only", "crs_source": "GCJ-02→WGS84 近似转换（误差数米）", "precision_note": "高德 POI 点位为背景参考，位置精度数米级；覆盖不代表完整，缺漏不代表不存在"}, "geometry": {"type": "Point", "coordinates": [116.352142, 39.980031]}}, {"type": "Feature", "properties": {"layer": "GAODE_FACILITY_POI", "gaode_poiid": "B0IGRC002P", "name": "北京大学第三医院(院本部)健康医学中心", "type": "医疗保健服务;综合医院;三级甲等医院", "address": "花园北路49号北京大学第三医院(院本部)", "category": "medical", "source": "DATA-SRC-GAODE-FACILITY-POI-20260814", "official_boundary": false, "usable_for_formal": "background_only", "crs_source": "GCJ-02→WGS84 近似转换（误差数米）", "precision_note": "高德 POI 点位为背景参考，位置精度数米级；覆盖不代表完整，缺漏不代表不存在"}, "geometry": {"type": "Point", "coordinates": [116.352501, 39.981629]}}, {"type": "Feature", "properties": {"layer": "GAODE_FACILITY_POI", "gaode_poiid": "B0KBTD31OR", "name": "北京大学第三医院国际医疗部", "type": "医疗保健服务;医疗保健服务场所;医疗保健服务场所", "address": "花园北路49号北京大学第三医院健康医学中心5层(外科病房楼西侧)", "category": "medical", "source": "DATA-SRC-GAODE-FACILITY-POI-20260814", "official_boundary": false, "usable_for_formal": "background_only", "crs_source": "GCJ-02→WGS84 近似转换（误差数米）", "precision_note": "高德 POI 点位为背景参考，位置精度数米级；覆盖不代表完整，缺漏不代表不存在"}, "geometry": {"type": "Point", "coordinates": [116.352443, 39.981665]}}, {"type": "Feature", "properties": {"layer": "GAODE_FACILITY_POI", "gaode_poiid": "B0J37UT6O0", "name": "北京大学第三医院(院本部)老门诊楼", "type": "医疗保健服务;综合医院;三级甲等医院", "address": "花园北路49号北京大学第三医院(院本部)", "category": "medical", "source": "DATA-SRC-GAODE-FACILITY-POI-20260814", "official_boundary": false, "usable_for_formal": "background_only", "crs_source": "GCJ-02→WGS84 近似转换（误差数米）", "precision_note": "高德 POI 点位为背景参考，位置精度数米级；覆盖不代表完整，缺漏不代表不存在"}, "geometry": {"type": "Point", "coordinates": [116.352651, 39.980914]}}, {"type": "Feature", "properties": {"layer": "GAODE_FACILITY_POI", "gaode_poiid": "B0FFG65D1F", "name": "北京大学第三医院(院本部)行政办公楼", "type": "医疗保健服务;综合医院;三级甲等医院", "address": "花园北路49号", "category": "medical", "source": "DATA-SRC-GAODE-FACILITY-POI-20260814", "official_boundary": false, "usable_for_formal": "background_only", "crs_source": "GCJ-02→WGS84 近似转换（误差数米）", "precision_note": "高德 POI 点位为背景参考，位置精度数米级；覆盖不代表完整，缺漏不代表不存在"}, "geometry": {"type": "Point", "coordinates": [116.352977, 39.982176]}}, {"type": "Feature", "properties": {"layer": "GAODE_FACILITY_POI", "gaode_poiid": "B0FFH25Q28", "name": "北京大学第三医院医疗美容", "type": "医疗保健服务;综合医院;三级甲等医院|医疗保健服务;专科医院;整形美容", "address": "花园北路49号", "category": "medical", "source": "DATA-SRC-GAODE-FACILITY-POI-20260814", "official_boundary": false, "usable_for_formal": "background_only", "crs_source": "GCJ-02→WGS84 近似转换（误差数米）", "precision_note": "高德 POI 点位为背景参考，位置精度数米级；覆盖不代表完整，缺漏不代表不存在"}, "geometry": {"type": "Point", "coordinates": [116.353196, 39.981]}}, {"type": "Feature", "properties": {"layer": "GAODE_FACILITY_POI", "gaode_poiid": "B0IUKC3XLA", "name": "北京圆心大药房(圆心北三药房)", "type": "医疗保健服务;医药保健销售店;药房", "address": "花园北路44号", "category": "medical", "source": "DATA-SRC-GAODE-FACILITY-POI-20260814", "official_boundary": false, "usable_for_formal": "background_only", "crs_source": "GCJ-02→WGS84 近似转换（误差数米）", "precision_note": "高德 POI 点位为背景参考，位置精度数米级；覆盖不代表完整，缺漏不代表不存在"}, "geometry": {"type": "Point", "coordinates": [116.353182, 39.980035]}}, {"type": "Feature", "properties": {"layer": "GAODE_FACILITY_POI", "gaode_poiid": "B000A7CGSS", "name": "北京大学第三医院(院本部)", "type": "医疗保健服务;综合医院;三级甲等医院", "address": "花园北路49号", "category": "medical", "source": "DATA-SRC-GAODE-FACILITY-POI-20260814", "official_boundary": false, "usable_for_formal": "background_only", "crs_source": "GCJ-02→WGS84 近似转换（误差数米）", "precision_note": "高德 POI 点位为背景参考，位置精度数米级；覆盖不代表完整，缺漏不代表不存在"}, "geometry": {"type": "Point", "coordinates": [116.353798, 39.981356]}}, {"type": "Feature", "properties": {"layer": "GAODE_FACILITY_POI", "gaode_poiid": "B000A9Q6F6", "name": "北京大学第三医院院本部外科病房楼", "type": "医疗保健服务;综合医院;三级甲等医院", "address": "花园路街道花园北路49号北京大学第三医院外科楼一楼", "category": "medical", "source": "DATA-SRC-GAODE-FACILITY-POI-20260814", "official_boundary": false, "usable_for_formal": "background_only", "crs_source": "GCJ-02→WGS84 近似转换（误差数米）", "precision_note": "高德 POI 点位为背景参考，位置精度数米级；覆盖不代表完整，缺漏不代表不存在"}, "geometry": {"type": "Point", "coordinates": [116.353618, 39.981787]}}, {"type": "Feature", "properties": {"layer": "GAODE_FACILITY_POI", "gaode_poiid": "B0HKH5DAQG", "name": "百康药房(花园北路店)", "type": "医疗保健服务;医药保健销售店;药房", "address": "花园北路44号5号楼一层102号", "category": "medical", "source": "DATA-SRC-GAODE-FACILITY-POI-20260814", "official_boundary": false, "usable_for_formal": "background_only", "crs_source": "GCJ-02→WGS84 近似转换（误差数米）", "precision_note": "高德 POI 点位为背景参考，位置精度数米级；覆盖不代表完整，缺漏不代表不存在"}, "geometry": {"type": "Point", "coordinates": [116.353409, 39.980021]}}, {"type": "Feature", "properties": {"layer": "GAODE_FACILITY_POI", "gaode_poiid": "B0FFFF7E9U", "name": "北京大学第三医院外科一病区", "type": "医疗保健服务;综合医院;三级甲等医院", "address": "花园北路49号北京大学第三医院内", "category": "medical", "source": "DATA-SRC-GAODE-FACILITY-POI-20260814", "official_boundary": false, "usable_for_formal": "background_only", "crs_source": "GCJ-02→WGS84 近似转换（误差数米）", "precision_note": "高德 POI 点位为背景参考，位置精度数米级；覆盖不代表完整，缺漏不代表不存在"}, "geometry": {"type": "Point", "coordinates": [116.353441, 39.981787]}}, {"type": "Feature", "properties": {"layer": "GAODE_FACILITY_POI", "gaode_poiid": "B0FFGQ4L20", "name": "北京大学第三医院(院本部)门诊楼", "type": "医疗保健服务;综合医院;三级甲等医院", "address": "花园北路49号", "category": "medical", "source": "DATA-SRC-GAODE-FACILITY-POI-20260814", "official_boundary": false, "usable_for_formal": "background_only", "crs_source": "GCJ-02→WGS84 近似转换（误差数米）", "precision_note": "高德 POI 点位为背景参考，位置精度数米级；覆盖不代表完整，缺漏不代表不存在"}, "geometry": {"type": "Point", "coordinates": [116.354107, 39.981141]}}, {"type": "Feature", "properties": {"layer": "GAODE_FACILITY_POI", "gaode_poiid": "B000A9Q6EB", "name": "北京大学第三医院(院本部)急诊楼", "type": "医疗保健服务;综合医院;三级甲等医院", "address": "花园北路49号北京大学第三医院内", "category": "medical", "source": "DATA-SRC-GAODE-FACILITY-POI-20260814", "official_boundary": false, "usable_for_formal": "background_only", "crs_source": "GCJ-02→WGS84 近似转换（误差数米）", "precision_note": "高德 POI 点位为背景参考，位置精度数米级；覆盖不代表完整，缺漏不代表不存在"}, "geometry": {"type": "Point", "coordinates": [116.354203, 39.980935]}}, {"type": "Feature", "properties": {"layer": "GAODE_FACILITY_POI", "gaode_poiid": "B0G1R72HLJ", "name": "北京天合弘道运动医学门诊部", "type": "医疗保健服务;医疗保健服务场所;医疗保健服务场所", "address": "学院路街道学院路30号科大天工大厦A座106室", "category": "medical", "source": "DATA-SRC-GAODE-FACILITY-POI-20260814", "official_boundary": false, "usable_for_formal": "background_only", "crs_source": "GCJ-02→WGS84 近似转换（误差数米）", "precision_note": "高德 POI 点位为背景参考，位置精度数米级；覆盖不代表完整，缺漏不代表不存在"}, "geometry": {"type": "Point", "coordinates": [116.349406, 39.9867]}}, {"type": "Feature", "properties": {"layer": "GAODE_FACILITY_POI", "gaode_poiid": "B000A9Q632", "name": "北京大学第三医院外科二病区", "type": "医疗保健服务;综合医院;三级甲等医院", "address": "花园北路49号北京大学第三医院内", "category": "medical", "source": "DATA-SRC-GAODE-FACILITY-POI-20260814", "official_boundary": false, "usable_for_formal": "background_only", "crs_source": "GCJ-02→WGS84 近似转换（误差数米）", "precision_note": "高德 POI 点位为背景参考，位置精度数米级；覆盖不代表完整，缺漏不代表不存在"}, "geometry": {"type": "Point", "coordinates": [116.354025, 39.98176]}}, {"type": "Feature", "properties": {"layer": "GAODE_FACILITY_POI", "gaode_poiid": "B0FFKS8PO7", "name": "爱洁口腔", "type": "医疗保健服务;专科医院;口腔医院", "address": "北四环中路40楼248-62号(北京航空航天大学北门底商)", "category": "medical", "source": "DATA-SRC-GAODE-FACILITY-POI-20260814", "official_boundary": false, "usable_for_formal": "background_only", "crs_source": "GCJ-02→WGS84 近似转换（误差数米）", "precision_note": "高德 POI 点位为背景参考，位置精度数米级；覆盖不代表完整，缺漏不代表不存在"}, "geometry": {"type": "Point", "coordinates": [116.339353, 39.984814]}}, {"type": "Feature", "properties": {"layer": "GAODE_FACILITY_POI", "gaode_poiid": "B0J2DZOBEY", "name": "北京欣星口腔诊所", "type": "医疗保健服务;专科医院;口腔医院", "address": "学院路31号(学院桥地铁站A口右转拐入胡同步行250米)", "category": "medical", "source": "DATA-SRC-GAODE-FACILITY-POI-20260814", "official_boundary": false, "usable_for_formal": "background_only", "crs_source": "GCJ-02→WGS84 近似转换（误差数米）", "precision_note": "高德 POI 点位为背景参考，位置精度数米级；覆盖不代表完整，缺漏不代表不存在"}, "geometry": {"type": "Point", "coordinates": [116.34455, 39.987396]}}, {"type": "Feature", "properties": {"layer": "GAODE_FACILITY_POI", "gaode_poiid": "B000A7WOX1", "name": "国大药房(大运村店)", "type": "医疗保健服务;医药保健销售店;药房", "address": "知春路17号", "category": "medical", "source": "DATA-SRC-GAODE-FACILITY-POI-20260814", "official_boundary": false, "usable_for_formal": "background_only", "crs_source": "GCJ-02→WGS84 近似转换（误差数米）", "precision_note": "高德 POI 点位为背景参考，位置精度数米级；覆盖不代表完整，缺漏不代表不存在"}, "geometry": {"type": "Point", "coordinates": [116.341914, 39.975425]}}, {"type": "Feature", "properties": {"layer": "GAODE_FACILITY_POI", "gaode_poiid": "B000A8VSYF", "name": "北京大学(学院路校区)医学部医院", "type": "医疗保健服务;综合医院;卫生院", "address": "学院路38号北京大学医学部内", "category": "medical", "source": "DATA-SRC-GAODE-FACILITY-POI-20260814", "official_boundary": false, "usable_for_formal": "background_only", "crs_source": "GCJ-02→WGS84 近似转换（误差数米）", "precision_note": "高德 POI 点位为背景参考，位置精度数米级；覆盖不代表完整，缺漏不代表不存在"}, "geometry": {"type": "Point", "coordinates": [116.354067, 39.984371]}}, {"type": "Feature", "properties": {"layer": "GAODE_FACILITY_POI", "gaode_poiid": "B000A80A9Q", "name": "北京市海淀区花园路街道塔院社区卫生服务站", "type": "医疗保健服务;综合医院;卫生院", "address": "花园路街道塔院小区朗秋园3楼1门103号", "category": "medical", "source": "DATA-SRC-GAODE-FACILITY-POI-20260814", "official_boundary": false, "usable_for_formal": "background_only", "crs_source": "GCJ-02→WGS84 近似转换（误差数米）", "precision_note": "高德 POI 点位为背景参考，位置精度数米级；覆盖不代表完整，缺漏不代表不存在"}, "geometry": {"type": "Point", "coordinates": [116.354407, 39.979294]}}, {"type": "Feature", "properties": {"layer": "GAODE_FACILITY_POI", "gaode_poiid": "B0IG9ZASDA", "name": "北京大学第三医院(院本部)发热门诊", "type": "医疗保健服务;综合医院;三级甲等医院", "address": "花园北路49号北京大学第三医院", "category": "medical", "source": "DATA-SRC-GAODE-FACILITY-POI-20260814", "official_boundary": false, "usable_for_formal": "background_only", "crs_source": "GCJ-02→WGS84 近似转换（误差数米）", "precision_note": "高德 POI 点位为背景参考，位置精度数米级；覆盖不代表完整，缺漏不代表不存在"}, "geometry": {"type": "Point", "coordinates": [116.354733, 39.980577]}}, {"type": "Feature", "properties": {"layer": "GAODE_FACILITY_POI", "gaode_poiid": "B0FFF2D011", "name": "北京大学第三医院(院本部)五官科楼", "type": "医疗保健服务;综合医院;三级甲等医院", "address": "花园北路49号", "category": "medical", "source": "DATA-SRC-GAODE-FACILITY-POI-20260814", "official_boundary": false, "usable_for_formal": "background_only", "crs_source": "GCJ-02→WGS84 近似转换（误差数米）", "precision_note": "高德 POI 点位为背景参考，位置精度数米级；覆盖不代表完整，缺漏不代表不存在"}, "geometry": {"type": "Point", "coordinates": [116.355211, 39.981099]}}, {"type": "Feature", "properties": {"layer": "GAODE_FACILITY_POI", "gaode_poiid": "B0FFILJVST", "name": "北京大学第三医院(院本部)五官科楼眼科", "type": "医疗保健服务;综合医院;三级甲等医院", "address": "花园路街道花园北路49号北京大学第三医院(院本部)五官科楼二楼", "category": "medical", "source": "DATA-SRC-GAODE-FACILITY-POI-20260814", "official_boundary": false, "usable_for_formal": "background_only", "crs_source": "GCJ-02→WGS84 近似转换（误差数米）", "precision_note": "高德 POI 点位为背景参考，位置精度数米级；覆盖不代表完整，缺漏不代表不存在"}, "geometry": {"type": "Point", "coordinates": [116.355132, 39.980997]}}, {"type": "Feature", "properties": {"layer": "GAODE_FACILITY_POI", "gaode_poiid": "B0KUHGGYWU", "name": "晶诚口腔(知春路分院)", "type": "医疗保健服务;专科医院;口腔医院", "address": "知春路17号知春嘉园南门旁", "category": "medical", "source": "DATA-SRC-GAODE-FACILITY-POI-20260814", "official_boundary": false, "usable_for_formal": "background_only", "crs_source": "GCJ-02→WGS84 近似转换（误差数米）", "precision_note": "高德 POI 点位为背景参考，位置精度数米级；覆盖不代表完整，缺漏不代表不存在"}, "geometry": {"type": "Point", "coordinates": [116.341369, 39.975389]}}, {"type": "Feature", "properties": {"layer": "GAODE_FACILITY_POI", "gaode_poiid": "B0FFH1EP0R", "name": "电信科学技术研究院卫生所(北土城西路)", "type": "医疗保健服务;诊所;诊所", "address": "北土城西路与塔院西街交叉口西北150米", "category": "medical", "source": "DATA-SRC-GAODE-FACILITY-POI-20260814", "official_boundary": false, "usable_for_formal": "background_only", "crs_source": "GCJ-02→WGS84 近似转换（误差数米）", "precision_note": "高德 POI 点位为背景参考，位置精度数米级；覆盖不代表完整，缺漏不代表不存在"}, "geometry": {"type": "Point", "coordinates": [116.351573, 39.975908]}}, {"type": "Feature", "properties": {"layer": "GAODE_FACILITY_POI", "gaode_poiid": "B0FFILJVRO", "name": "北京大学第三医院(院本部)五官科楼口腔科", "type": "医疗保健服务;综合医院;三级甲等医院", "address": "花园北路49号五官科楼F2、9层", "category": "medical", "source": "DATA-SRC-GAODE-FACILITY-POI-20260814", "official_boundary": false, "usable_for_formal": "background_only", "crs_source": "GCJ-02→WGS84 近似转换（误差数米）", "precision_note": "高德 POI 点位为背景参考，位置精度数米级；覆盖不代表完整，缺漏不代表不存在"}, "geometry": {"type": "Point", "coordinates": [116.355011, 39.980959]}}, {"type": "Feature", "properties": {"layer": "GAODE_FACILITY_POI", "gaode_poiid": "B000A80A45", "name": "北京航空航天大学学院路校区医院", "type": "医疗保健服务;诊所;诊所", "address": "学院路37号北京航空航天大学", "category": "medical", "source": "DATA-SRC-GAODE-FACILITY-POI-20260814", "official_boundary": false, "usable_for_formal": "background_only", "crs_source": "GCJ-02→WGS84 近似转换（误差数米）", "precision_note": "高德 POI 点位为背景参考，位置精度数米级；覆盖不代表完整，缺漏不代表不存在"}, "geometry": {"type": "Point", "coordinates": [116.337492, 39.97932]}}, {"type": "Feature", "properties": {"layer": "GAODE_FACILITY_POI", "gaode_poiid": "B000A9Q5E0", "name": "北京大学第三医院院本部体检中心", "type": "医疗保健服务;综合医院;三级甲等医院", "address": "花园北路49号五官科楼F10层", "category": "medical", "source": "DATA-SRC-GAODE-FACILITY-POI-20260814", "official_boundary": false, "usable_for_formal": "background_only", "crs_source": "GCJ-02→WGS84 近似转换（误差数米）", "precision_note": "高德 POI 点位为背景参考，位置精度数米级；覆盖不代表完整，缺漏不代表不存在"}, "geometry": {"type": "Point", "coordinates": [116.355294, 39.981112]}}, {"type": "Feature", "properties": {"layer": "GAODE_FACILITY_POI", "gaode_poiid": "B000A7HAJV", "name": "北京大学眼科中心", "type": "医疗保健服务;专科医院;眼科医院", "address": "花园路街道花园北路49号北京大学第三医院五官科楼二楼", "category": "medical", "source": "DATA-SRC-GAODE-FACILITY-POI-20260814", "official_boundary": false, "usable_for_formal": "background_only", "crs_source": "GCJ-02→WGS84 近似转换（误差数米）", "precision_note": "高德 POI 点位为背景参考，位置精度数米级；覆盖不代表完整，缺漏不代表不存在"}, "geometry": {"type": "Point", "coordinates": [116.355212, 39.981133]}}, {"type": "Feature", "properties": {"layer": "GAODE_FACILITY_POI", "gaode_poiid": "B0FFGEX73V", "name": "北京大学第三医院内科二病区", "type": "医疗保健服务;综合医院;三级甲等医院", "address": "花园北路49号北京大学第三医院内", "category": "medical", "source": "DATA-SRC-GAODE-FACILITY-POI-20260814", "official_boundary": false, "usable_for_formal": "background_only", "crs_source": "GCJ-02→WGS84 近似转换（误差数米）", "precision_note": "高德 POI 点位为背景参考，位置精度数米级；覆盖不代表完整，缺漏不代表不存在"}, "geometry": {"type": "Point", "coordinates": [116.355098, 39.981681]}}, {"type": "Feature", "properties": {"layer": "GAODE_FACILITY_POI", "gaode_poiid": "B0H3F7BU3K", "name": "视保行近视防控中心", "type": "医疗保健服务;医药保健销售店;医疗保健用品", "address": "中关村街道知春路6号锦秋国际大厦A座18层", "category": "medical", "source": "DATA-SRC-GAODE-FACILITY-POI-20260814", "official_boundary": false, "usable_for_formal": "background_only", "crs_source": "GCJ-02→WGS84 近似转换（误差数米）", "precision_note": "高德 POI 点位为背景参考，位置精度数米级；覆盖不代表完整，缺漏不代表不存在"}, "geometry": {"type": "Point", "coordinates": [116.342892, 39.974605]}}, {"type": "Feature", "properties": {"layer": "GAODE_FACILITY_POI", "gaode_poiid": "B0FFGG6OYA", "name": "北京大学第三医院(院本部)药学楼", "type": "医疗保健服务;综合医院;三级甲等医院", "address": "花园北路49北京大学医学部", "category": "medical", "source": "DATA-SRC-GAODE-FACILITY-POI-20260814", "official_boundary": false, "usable_for_formal": "background_only", "crs_source": "GCJ-02→WGS84 近似转换（误差数米）", "precision_note": "高德 POI 点位为背景参考，位置精度数米级；覆盖不代表完整，缺漏不代表不存在"}, "geometry": {"type": "Point", "coordinates": [116.355151, 39.982128]}}, {"type": "Feature", "properties": {"layer": "GAODE_FACILITY_POI", "gaode_poiid": "B000A16AD5", "name": "德信行大药房(北航路店)", "type": "医疗保健服务;医药保健销售店;药房", "address": "北四环东路252-7号", "category": "medical", "source": "DATA-SRC-GAODE-FACILITY-POI-20260814", "official_boundary": false, "usable_for_formal": "background_only", "crs_source": "GCJ-02→WGS84 近似转换（误差数米）", "precision_note": "高德 POI 点位为背景参考，位置精度数米级；覆盖不代表完整，缺漏不代表不存在"}, "geometry": {"type": "Point", "coordinates": [116.338242, 39.984782]}}, {"type": "Feature", "properties": {"layer": "GAODE_FACILITY_POI", "gaode_poiid": "B000A8ZNVD", "name": "北京养生堂药店(北土城店)", "type": "医疗保健服务;医药保健销售店;药房", "address": "北土城西路塔院小区南门西侧迎春园1号楼一层", "category": "medical", "source": "DATA-SRC-GAODE-FACILITY-POI-20260814", "official_boundary": false, "usable_for_formal": "background_only", "crs_source": "GCJ-02→WGS84 近似转换（误差数米）", "precision_note": "高德 POI 点位为背景参考，位置精度数米级；覆盖不代表完整，缺漏不代表不存在"}, "geometry": {"type": "Point", "coordinates": [116.353802, 39.975467]}}, {"type": "Feature", "properties": {"layer": "GAODE_FACILITY_POI", "gaode_poiid": "B0FFL8Y8A7", "name": "好听力瑞声达听力中心(北医三院店)", "type": "医疗保健服务;医药保健销售店;医疗保健用品", "address": "北京城区花园北路甲45号1幢1层西2号", "category": "medical", "source": "DATA-SRC-GAODE-FACILITY-POI-20260814", "official_boundary": false, "usable_for_formal": "background_only", "crs_source": "GCJ-02→WGS84 近似转换（误差数米）", "precision_note": "高德 POI 点位为背景参考，位置精度数米级；覆盖不代表完整，缺漏不代表不存在"}, "geometry": {"type": "Point", "coordinates": [116.356858, 39.980557]}}, {"type": "Feature", "properties": {"layer": "GAODE_FACILITY_POI", "gaode_poiid": "B0FFHTS0II", "name": "大亨口腔", "type": "医疗保健服务;专科医院;口腔医院", "address": "学院路", "category": "medical", "source": "DATA-SRC-GAODE-FACILITY-POI-20260814", "official_boundary": false, "usable_for_formal": "background_only", "crs_source": "GCJ-02→WGS84 近似转换（误差数米）", "precision_note": "高德 POI 点位为背景参考，位置精度数米级；覆盖不代表完整，缺漏不代表不存在"}, "geometry": {"type": "Point", "coordinates": [116.356972, 39.980583]}}, {"type": "Feature", "properties": {"layer": "GAODE_FACILITY_POI", "gaode_poiid": "B0KR9DG57A", "name": "北京康复堂养生保健推拿按摩服务店", "type": "医疗保健服务;医疗保健服务场所;医疗保健服务场所", "address": "西土城路蓟门1号院保利海德公园7号楼403室", "category": "medical", "source": "DATA-SRC-GAODE-FACILITY-POI-20260814", "official_boundary": false, "usable_for_formal": "background_only", "crs_source": "GCJ-02→WGS84 近似转换（误差数米）", "precision_note": "高德 POI 点位为背景参考，位置精度数米级；覆盖不代表完整，缺漏不代表不存在"}, "geometry": {"type": "Point", "coordinates": [116.345281, 39.972768]}}, {"type": "Feature", "properties": {"layer": "GAODE_FACILITY_POI", "gaode_poiid": "B0G2UN37S1", "name": "安湃声助听器(海淀花园北路店)", "type": "医疗保健服务;医药保健销售店;医疗保健用品", "address": "花园北路41号", "category": "medical", "source": "DATA-SRC-GAODE-FACILITY-POI-20260814", "official_boundary": false, "usable_for_formal": "background_only", "crs_source": "GCJ-02→WGS84 近似转换（误差数米）", "precision_note": "高德 POI 点位为背景参考，位置精度数米级；覆盖不代表完整，缺漏不代表不存在"}, "geometry": {"type": "Point", "coordinates": [116.357613, 39.980632]}}, {"type": "Feature", "properties": {"layer": "GAODE_FACILITY_POI", "gaode_poiid": "B0K3YU9TZX", "name": "自然之声助听器(北医三院旗舰店)", "type": "医疗保健服务;医药保健销售店;医疗保健用品", "address": "花园北路41号1层106底商", "category": "medical", "source": "DATA-SRC-GAODE-FACILITY-POI-20260814", "official_boundary": false, "usable_for_formal": "background_only", "crs_source": "GCJ-02→WGS84 近似转换（误差数米）", "precision_note": "高德 POI 点位为背景参考，位置精度数米级；覆盖不代表完整，缺漏不代表不存在"}, "geometry": {"type": "Point", "coordinates": [116.357518, 39.980627]}}, {"type": "Feature", "properties": {"layer": "GAODE_FACILITY_POI", "gaode_poiid": "B000A7HW5I", "name": "北京家恩德运医院", "type": "医疗保健服务;专科医院;专科医院", "address": "知春路29号11栋(知春路地铁站F东北口步行320米)", "category": "medical", "source": "DATA-SRC-GAODE-FACILITY-POI-20260814", "official_boundary": false, "usable_for_formal": "background_only", "crs_source": "GCJ-02→WGS84 近似转换（误差数米）", "precision_note": "高德 POI 点位为背景参考，位置精度数米级；覆盖不代表完整，缺漏不代表不存在"}, "geometry": {"type": "Point", "coordinates": [116.33585, 39.976949]}}, {"type": "Feature", "properties": {"layer": "GAODE_FACILITY_POI", "gaode_poiid": "B0L3LUQ3I3", "name": "龚庭鼻炎馆(花园路店)", "type": "医疗保健服务;医疗保健服务场所;医疗保健服务场所", "address": "北京城区花园北路甲40号天都苑旅馆一层116", "category": "medical", "source": "DATA-SRC-GAODE-FACILITY-POI-20260814", "official_boundary": false, "usable_for_formal": "background_only", "crs_source": "GCJ-02→WGS84 近似转换（误差数米）", "precision_note": "高德 POI 点位为背景参考，位置精度数米级；覆盖不代表完整，缺漏不代表不存在"}, "geometry": {"type": "Point", "coordinates": [116.35758, 39.980226]}}, {"type": "Feature", "properties": {"layer": "GAODE_FACILITY_POI", "gaode_poiid": "B0FFFRHHUJ", "name": "学院路社区卫生服务中心", "type": "医疗保健服务;综合医院;卫生院", "address": "北四环中路279号展春园30号楼", "category": "medical", "source": "DATA-SRC-GAODE-FACILITY-POI-20260814", "official_boundary": false, "usable_for_formal": "background_only", "crs_source": "GCJ-02→WGS84 近似转换（误差数米）", "precision_note": "高德 POI 点位为背景参考，位置精度数米级；覆盖不代表完整，缺漏不代表不存在"}, "geometry": {"type": "Point", "coordinates": [116.337365, 39.987047]}}, {"type": "Feature", "properties": {"layer": "GAODE_FACILITY_POI", "gaode_poiid": "B0FFIIU1D0", "name": "北京科技大学校医院", "type": "医疗保健服务;综合医院;卫生院", "address": "学院路30号北京科技大学", "category": "medical", "source": "DATA-SRC-GAODE-FACILITY-POI-20260814", "official_boundary": false, "usable_for_formal": "background_only", "crs_source": "GCJ-02→WGS84 近似转换（误差数米）", "precision_note": "高德 POI 点位为背景参考，位置精度数米级；覆盖不代表完整，缺漏不代表不存在"}, "geometry": {"type": "Point", "coordinates": [116.355826, 39.986293]}}, {"type": "Feature", "properties": {"layer": "GAODE_FACILITY_POI", "gaode_poiid": "B0KU5HMJY1", "name": "医禄药房(北医三院店)", "type": "医疗保健服务;医疗保健服务场所;医疗保健服务场所", "address": "花园路1号27楼商业楼一层102", "category": "medical", "source": "DATA-SRC-GAODE-FACILITY-POI-20260814", "official_boundary": false, "usable_for_formal": "background_only", "crs_source": "GCJ-02→WGS84 近似转换（误差数米）", "precision_note": "高德 POI 点位为背景参考，位置精度数米级；覆盖不代表完整，缺漏不代表不存在"}, "geometry": {"type": "Point", "coordinates": [116.357876, 39.980249]}}, {"type": "Feature", "properties": {"layer": "GAODE_FACILITY_POI", "gaode_poiid": "B0IDT760GK", "name": "学院路社区卫生服务中心驾驶人体检医院", "type": "医疗保健服务;医疗保健服务场所;医疗保健服务场所", "address": "学院路街道北四环中路279号展春园30号楼107室", "category": "medical", "source": "DATA-SRC-GAODE-FACILITY-POI-20260814", "official_boundary": false, "usable_for_formal": "background_only", "crs_source": "GCJ-02→WGS84 近似转换（误差数米）", "precision_note": "高德 POI 点位为背景参考，位置精度数米级；覆盖不代表完整，缺漏不代表不存在"}, "geometry": {"type": "Point", "coordinates": [116.337306, 39.987016]}}, {"type": "Feature", "properties": {"layer": "GAODE_FACILITY_POI", "gaode_poiid": "B0H39MRXRG", "name": "111医药馆(知春路分店)", "type": "医疗保健服务;医药保健销售店;药房", "address": "知春路罗庄东里南平房1号", "category": "medical", "source": "DATA-SRC-GAODE-FACILITY-POI-20260814", "official_boundary": false, "usable_for_formal": "background_only", "crs_source": "GCJ-02→WGS84 近似转换（误差数米）", "precision_note": "高德 POI 点位为背景参考，位置精度数米级；覆盖不代表完整，缺漏不代表不存在"}, "geometry": {"type": "Point", "coordinates": [116.341239, 39.972931]}}, {"type": "Feature", "properties": {"layer": "GAODE_FACILITY_POI", "gaode_poiid": "B000A7M201", "name": "北京天韵口腔诊所", "type": "医疗保健服务;专科医院;口腔医院", "address": "宏嘉丽园三号楼底商", "category": "medical", "source": "DATA-SRC-GAODE-FACILITY-POI-20260814", "official_boundary": false, "usable_for_formal": "background_only", "crs_source": "GCJ-02→WGS84 近似转换（误差数米）", "precision_note": "高德 POI 点位为背景参考，位置精度数米级；覆盖不代表完整，缺漏不代表不存在"}, "geometry": {"type": "Point", "coordinates": [116.343119, 39.971855]}}, {"type": "Feature", "properties": {"layer": "GAODE_FACILITY_POI", "gaode_poiid": "B0GRUO6THP", "name": "国致药房(蓟门桥店)", "type": "医疗保健服务;医药保健销售店;药房", "address": "宏嘉丽园北3门旁", "category": "medical", "source": "DATA-SRC-GAODE-FACILITY-POI-20260814", "official_boundary": false, "usable_for_formal": "background_only", "crs_source": "GCJ-02→WGS84 近似转换（误差数米）", "precision_note": "高德 POI 点位为背景参考，位置精度数米级；覆盖不代表完整，缺漏不代表不存在"}, "geometry": {"type": "Point", "coordinates": [116.34288, 39.971847]}}, {"type": "Feature", "properties": {"layer": "GAODE_FACILITY_POI", "gaode_poiid": "B0FFHDHQTF", "name": "美年大健康体检中心(牡丹园分院)", "type": "医疗保健服务;医疗保健服务场所;医疗保健服务场所", "address": "北京城区花园北路35号9号楼105B101-B102", "category": "medical", "source": "DATA-SRC-GAODE-FACILITY-POI-20260814", "official_boundary": false, "usable_for_formal": "background_only", "crs_source": "GCJ-02→WGS84 近似转换（误差数米）", "precision_note": "高德 POI 点位为背景参考，位置精度数米级；覆盖不代表完整，缺漏不代表不存在"}, "geometry": {"type": "Point", "coordinates": [116.359537, 39.980838]}}, {"type": "Feature", "properties": {"layer": "GAODE_FACILITY_POI", "gaode_poiid": "B0I14XD9MY", "name": "国大药房(宏嘉丽园店)", "type": "医疗保健服务;医药保健销售店;药房", "address": "蓟门里北路与罗庄东路交叉口东南40米", "category": "medical", "source": "DATA-SRC-GAODE-FACILITY-POI-20260814", "official_boundary": false, "usable_for_formal": "background_only", "crs_source": "GCJ-02→WGS84 近似转换（误差数米）", "precision_note": "高德 POI 点位为背景参考，位置精度数米级；覆盖不代表完整，缺漏不代表不存在"}, "geometry": {"type": "Point", "coordinates": [116.342663, 39.971825]}}, {"type": "Feature", "properties": {"layer": "GAODE_FACILITY_POI", "gaode_poiid": "B0FFIMUCWQ", "name": "北京维乐口腔医院·种植正畸数字化总院(花园路店)", "type": "医疗保健服务;专科医院;口腔医院", "address": "北京城区花园北路35号9号楼一层101", "category": "medical", "source": "DATA-SRC-GAODE-FACILITY-POI-20260814", "official_boundary": false, "usable_for_formal": "background_only", "crs_source": "GCJ-02→WGS84 近似转换（误差数米）", "precision_note": "高德 POI 点位为背景参考，位置精度数米级；覆盖不代表完整，缺漏不代表不存在"}, "geometry": {"type": "Point", "coordinates": [116.359806, 39.981414]}}, {"type": "Feature", "properties": {"layer": "GAODE_FACILITY_POI", "gaode_poiid": "B0FFG730UV", "name": "北京农科院蜂产品(花园北路店)", "type": "医疗保健服务;医药保健销售店;医疗保健用品", "address": "花园北路37号-5农科院蜂产品店", "category": "medical", "source": "DATA-SRC-GAODE-FACILITY-POI-20260814", "official_boundary": false, "usable_for_formal": "background_only", "crs_source": "GCJ-02→WGS84 近似转换（误差数米）", "precision_note": "高德 POI 点位为背景参考，位置精度数米级；覆盖不代表完整，缺漏不代表不存在"}, "geometry": {"type": "Point", "coordinates": [116.359345, 39.980626]}}, {"type": "Feature", "properties": {"layer": "GAODE_FACILITY_POI", "gaode_poiid": "B000A7Z0J8", "name": "北京骄阳口腔门诊部有限责任公司", "type": "医疗保健服务;专科医院;口腔医院", "address": "知春路罗庄西里13号", "category": "medical", "source": "DATA-SRC-GAODE-FACILITY-POI-20260814", "official_boundary": false, "usable_for_formal": "background_only", "crs_source": "GCJ-02→WGS84 近似转换（误差数米）", "precision_note": "高德 POI 点位为背景参考，位置精度数米级；覆盖不代表完整，缺漏不代表不存在"}, "geometry": {"type": "Point", "coordinates": [116.338981, 39.972736]}}, {"type": "Feature", "properties": {"layer": "GAODE_FACILITY_POI", "gaode_poiid": "B000A8VPQL", "name": "北京市海淀区北影社区卫生服务站", "type": "医疗保健服务;综合医院;卫生院", "address": "北三环中路77号", "category": "medical", "source": "DATA-SRC-GAODE-FACILITY-POI-20260814", "official_boundary": false, "usable_for_formal": "background_only", "crs_source": "GCJ-02→WGS84 近似转换（误差数米）", "precision_note": "高德 POI 点位为背景参考，位置精度数米级；覆盖不代表完整，缺漏不代表不存在"}, "geometry": {"type": "Point", "coordinates": [116.351936, 39.971987]}}, {"type": "Feature", "properties": {"layer": "GAODE_FACILITY_POI", "gaode_poiid": "B0HG5RAI2D", "name": "章光101", "type": "医疗保健服务;医药保健销售店;医疗保健用品", "address": "北京城区花园路1号34幢平房110", "category": "medical", "source": "DATA-SRC-GAODE-FACILITY-POI-20260814", "official_boundary": false, "usable_for_formal": "background_only", "crs_source": "GCJ-02→WGS84 近似转换（误差数米）", "precision_note": "高德 POI 点位为背景参考，位置精度数米级；覆盖不代表完整，缺漏不代表不存在"}, "geometry": {"type": "Point", "coordinates": [116.359347, 39.979764]}}, {"type": "Feature", "properties": {"layer": "GAODE_FACILITY_POI", "gaode_poiid": "B0LAVZYYG4", "name": "双博视青少年近视控涨中心(北医三院店)", "type": "医疗保健服务;医疗保健服务场所;医疗保健服务场所", "address": "花园北路35号院10楼1005", "category": "medical", "source": "DATA-SRC-GAODE-FACILITY-POI-20260814", "official_boundary": false, "usable_for_formal": "background_only", "crs_source": "GCJ-02→WGS84 近似转换（误差数米）", "precision_note": "高德 POI 点位为背景参考，位置精度数米级；覆盖不代表完整，缺漏不代表不存在"}, "geometry": {"type": "Point", "coordinates": [116.35988, 39.981126]}}, {"type": "Feature", "properties": {"layer": "GAODE_FACILITY_POI", "gaode_poiid": "B0K24L9ZE7", "name": "合嘉心理", "type": "医疗保健服务;医疗保健服务场所;医疗保健服务场所", "address": "北京城区花园北路35号9号楼305室", "category": "medical", "source": "DATA-SRC-GAODE-FACILITY-POI-20260814", "official_boundary": false, "usable_for_formal": "background_only", "crs_source": "GCJ-02→WGS84 近似转换（误差数米）", "precision_note": "高德 POI 点位为背景参考，位置精度数米级；覆盖不代表完整，缺漏不代表不存在"}, "geometry": {"type": "Point", "coordinates": [116.35988, 39.981126]}}, {"type": "Feature", "properties": {"layer": "GAODE_FACILITY_POI", "gaode_poiid": "B0KU4AZHVC", "name": "银河脑医疗花园路诊所", "type": "医疗保健服务;诊所;诊所", "address": "花园北路35号健康智谷大厦2层210", "category": "medical", "source": "DATA-SRC-GAODE-FACILITY-POI-20260814", "official_boundary": false, "usable_for_formal": "background_only", "crs_source": "GCJ-02→WGS84 近似转换（误差数米）", "precision_note": "高德 POI 点位为背景参考，位置精度数米级；覆盖不代表完整，缺漏不代表不存在"}, "geometry": {"type": "Point", "coordinates": [116.359892, 39.981122]}}, {"type": "Feature", "properties": {"layer": "GAODE_FACILITY_POI", "gaode_poiid": "B0FFLEDI48", "name": "小苹果昆育儿科诊所(牡丹园店)", "type": "医疗保健服务;诊所;诊所", "address": "花园北路35号院9号楼健康智谷二层206", "category": "medical", "source": "DATA-SRC-GAODE-FACILITY-POI-20260814", "official_boundary": false, "usable_for_formal": "background_only", "crs_source": "GCJ-02→WGS84 近似转换（误差数米）", "precision_note": "高德 POI 点位为背景参考，位置精度数米级；覆盖不代表完整，缺漏不代表不存在"}, "geometry": {"type": "Point", "coordinates": [116.359889, 39.981022]}}, {"type": "Feature", "properties": {"layer": "GAODE_FACILITY_POI", "gaode_poiid": "B0K1K79AUB", "name": "福仁堂药店(太月园店)", "type": "医疗保健服务;医药保健销售店;药房", "address": "罗庄西里13号楼1层1-07室", "category": "medical", "source": "DATA-SRC-GAODE-FACILITY-POI-20260814", "official_boundary": false, "usable_for_formal": "background_only", "crs_source": "GCJ-02→WGS84 近似转换（误差数米）", "precision_note": "高德 POI 点位为背景参考，位置精度数米级；覆盖不代表完整，缺漏不代表不存在"}, "geometry": {"type": "Point", "coordinates": [116.338882, 39.972719]}}, {"type": "Feature", "properties": {"layer": "GAODE_FACILITY_POI", "gaode_poiid": "B0LDSS0WRT", "name": "北京聪明岛矫形中心(北医三院店)", "type": "医疗保健服务;医疗保健服务场所;医疗保健服务场所", "address": "花园北路35号院9号楼健康智谷2层206-2", "category": "medical", "source": "DATA-SRC-GAODE-FACILITY-POI-20260814", "official_boundary": false, "usable_for_formal": "background_only", "crs_source": "GCJ-02→WGS84 近似转换（误差数米）", "precision_note": "高德 POI 点位为背景参考，位置精度数米级；覆盖不代表完整，缺漏不代表不存在"}, "geometry": {"type": "Point", "coordinates": [116.359889, 39.981022]}}, {"type": "Feature", "properties": {"layer": "GAODE_FACILITY_POI", "gaode_poiid": "B0FFIPDOMF", "name": "正和天下养生调理", "type": "医疗保健服务;医药保健销售店;医疗保健用品", "address": "花园路甲二号金尚嘉园2号楼底商1102", "category": "medical", "source": "DATA-SRC-GAODE-FACILITY-POI-20260814", "official_boundary": false, "usable_for_formal": "background_only", "crs_source": "GCJ-02→WGS84 近似转换（误差数米）", "precision_note": "高德 POI 点位为背景参考，位置精度数米级；覆盖不代表完整，缺漏不代表不存在"}, "geometry": {"type": "Point", "coordinates": [116.359812, 39.978261]}}, {"type": "Feature", "properties": {"layer": "GAODE_FACILITY_POI", "gaode_poiid": "B0IDUSUX4V", "name": "自然之声助听器(牡丹园店)", "type": "医疗保健服务;医药保健销售店;医疗保健用品", "address": "花园路乙9号3号楼牡丹写字楼502室", "category": "medical", "source": "DATA-SRC-GAODE-FACILITY-POI-20260814", "official_boundary": false, "usable_for_formal": "background_only", "crs_source": "GCJ-02→WGS84 近似转换（误差数米）", "precision_note": "高德 POI 点位为背景参考，位置精度数米级；覆盖不代表完整，缺漏不代表不存在"}, "geometry": {"type": "Point", "coordinates": [116.35991, 39.979258]}}, {"type": "Feature", "properties": {"layer": "GAODE_FACILITY_POI", "gaode_poiid": "B000A85HVM", "name": "爱侣同行动物医院(花园路店)", "type": "医疗保健服务;动物医疗场所;宠物诊所", "address": "花园路甲2号院2号楼1层2101号", "category": "medical", "source": "DATA-SRC-GAODE-FACILITY-POI-20260814", "official_boundary": false, "usable_for_formal": "background_only", "crs_source": "GCJ-02→WGS84 近似转换（误差数米）", "precision_note": "高德 POI 点位为背景参考，位置精度数米级；覆盖不代表完整，缺漏不代表不存在"}, "geometry": {"type": "Point", "coordinates": [116.359807, 39.978088]}}, {"type": "Feature", "properties": {"layer": "GAODE_FACILITY_POI", "gaode_poiid": "B0K0UH3AWT", "name": "金尚首桐健康康复按摩筋膜刀(金尚嘉园店)", "type": "医疗保健服务;医疗保健服务场所;医疗保健服务场所", "address": "花园路甲2号院2号楼1层3101室", "category": "medical", "source": "DATA-SRC-GAODE-FACILITY-POI-20260814", "official_boundary": false, "usable_for_formal": "background_only", "crs_source": "GCJ-02→WGS84 近似转换（误差数米）", "precision_note": "高德 POI 点位为背景参考，位置精度数米级；覆盖不代表完整，缺漏不代表不存在"}, "geometry": {"type": "Point", "coordinates": [116.359853, 39.977895]}}, {"type": "Feature", "properties": {"layer": "GAODE_FACILITY_POI", "gaode_poiid": "B000A256EA", "name": "丽扬医疗美容", "type": "医疗保健服务;专科医院;整形美容", "address": "牡丹园花园路B3号迪蒙大厦二层", "category": "medical", "source": "DATA-SRC-GAODE-FACILITY-POI-20260814", "official_boundary": false, "usable_for_formal": "background_only", "crs_source": "GCJ-02→WGS84 近似转换（误差数米）", "precision_note": "高德 POI 点位为背景参考，位置精度数米级；覆盖不代表完整，缺漏不代表不存在"}, "geometry": {"type": "Point", "coordinates": [116.359083, 39.976018]}}, {"type": "Feature", "properties": {"layer": "GAODE_FACILITY_POI", "gaode_poiid": "B0FFFE39W2", "name": "中国地质大学(北京)校医院", "type": "医疗保健服务;综合医院;卫生院", "address": "学院路29号中国地质大学", "category": "medical", "source": "DATA-SRC-GAODE-FACILITY-POI-20260814", "official_boundary": false, "usable_for_formal": "background_only", "crs_source": "GCJ-02→WGS84 近似转换（误差数米）", "precision_note": "高德 POI 点位为背景参考，位置精度数米级；覆盖不代表完整，缺漏不代表不存在"}, "geometry": {"type": "Point", "coordinates": [116.338899, 39.990865]}}, {"type": "Feature", "properties": {"layer": "GAODE_FACILITY_POI", "gaode_poiid": "B000AA1HQ6", "name": "安格口腔", "type": "医疗保健服务;专科医院;口腔医院", "address": "北四环中路229号海泰大厦", "category": "medical", "source": "DATA-SRC-GAODE-FACILITY-POI-20260814", "official_boundary": false, "usable_for_formal": "background_only", "crs_source": "GCJ-02→WGS84 近似转换（误差数米）", "precision_note": "高德 POI 点位为背景参考，位置精度数米级；覆盖不代表完整，缺漏不代表不存在"}, "geometry": {"type": "Point", "coordinates": [116.359666, 39.987354]}}, {"type": "Feature", "properties": {"layer": "GAODE_FACILITY_POI", "gaode_poiid": "B0IDX9CNHS", "name": "北京中科康博诊所", "type": "医疗保健服务;诊所;诊所", "address": "蓟门东里6号楼南侧1二层部分206号", "category": "medical", "source": "DATA-SRC-GAODE-FACILITY-POI-20260814", "official_boundary": false, "usable_for_formal": "background_only", "crs_source": "GCJ-02→WGS84 近似转换（误差数米）", "precision_note": "高德 POI 点位为背景参考，位置精度数米级；覆盖不代表完整，缺漏不代表不存在"}, "geometry": {"type": "Point", "coordinates": [116.346709, 39.969226]}}, {"type": "Feature", "properties": {"layer": "GAODE_FACILITY_POI", "gaode_poiid": "B0K36SFO59", "name": "舒尔诊所", "type": "医疗保健服务;诊所;诊所", "address": "花园东路11号泰兴大厦一层西配楼麦颂唱吧旁边", "category": "medical", "source": "DATA-SRC-GAODE-FACILITY-POI-20260814", "official_boundary": false, "usable_for_formal": "background_only", "crs_source": "GCJ-02→WGS84 近似转换（误差数米）", "precision_note": "高德 POI 点位为背景参考，位置精度数米级；覆盖不代表完整，缺漏不代表不存在"}, "geometry": {"type": "Point", "coordinates": [116.36171, 39.978885]}}, {"type": "Feature", "properties": {"layer": "GAODE_FACILITY_POI", "gaode_poiid": "B0FFG9S6V9", "name": "北京刘红口腔诊所", "type": "医疗保健服务;专科医院;口腔医院", "address": "花园路街道花园路甲2号金尚嘉园小区3号楼5单元101室", "category": "medical", "source": "DATA-SRC-GAODE-FACILITY-POI-20260814", "official_boundary": false, "usable_for_formal": "background_only", "crs_source": "GCJ-02→WGS84 近似转换（误差数米）", "precision_note": "高德 POI 点位为背景参考，位置精度数米级；覆盖不代表完整，缺漏不代表不存在"}, "geometry": {"type": "Point", "coordinates": [116.361242, 39.978378]}}, {"type": "Feature", "properties": {"layer": "GAODE_FACILITY_POI", "gaode_poiid": "B0LAS4YS55", "name": "百康药房(知春路店)医保定点", "type": "医疗保健服务;医药保健销售店;药房", "address": "中关村南五街与星规路交叉口西北60米", "category": "medical", "source": "DATA-SRC-GAODE-FACILITY-POI-20260814", "official_boundary": false, "usable_for_formal": "background_only", "crs_source": "GCJ-02→WGS84 近似转换（误差数米）", "precision_note": "高德 POI 点位为背景参考，位置精度数米级；覆盖不代表完整，缺漏不代表不存在"}, "geometry": {"type": "Point", "coordinates": [116.331508, 39.97746]}}, {"type": "Feature", "properties": {"layer": "GAODE_FACILITY_POI", "gaode_poiid": "B0L6SU5HRP", "name": "北京四有堂中医诊所", "type": "医疗保健服务;诊所;诊所", "address": "知春路甲48-3号盈都大厦C座4单元1层D109", "category": "medical", "source": "DATA-SRC-GAODE-FACILITY-POI-20260814", "official_boundary": false, "usable_for_formal": "background_only", "crs_source": "GCJ-02→WGS84 近似转换（误差数米）", "precision_note": "高德 POI 点位为背景参考，位置精度数米级；覆盖不代表完整，缺漏不代表不存在"}, "geometry": {"type": "Point", "coordinates": [116.333771, 39.973299]}}, {"type": "Feature", "properties": {"layer": "GAODE_FACILITY_POI", "gaode_poiid": "B0IG95BUNH", "name": "森诺运动康复中心(知春路店)", "type": "医疗保健服务;医疗保健服务场所;医疗保健服务场所", "address": "知春路甲48号盈都大厦C座3单元12B", "category": "medical", "source": "DATA-SRC-GAODE-FACILITY-POI-20260814", "official_boundary": false, "usable_for_formal": "background_only", "crs_source": "GCJ-02→WGS84 近似转换（误差数米）", "precision_note": "高德 POI 点位为背景参考，位置精度数米级；覆盖不代表完整，缺漏不代表不存在"}, "geometry": {"type": "Point", "coordinates": [116.333126, 39.973311]}}, {"type": "Feature", "properties": {"layer": "GAODE_FACILITY_POI", "gaode_poiid": "B0FFHPUOAF", "name": "北京同仁堂牡丹园翠微百货店(医保定点)", "type": "医疗保健服务;医药保健销售店;药房", "address": "花园路2号牡丹园翠微百货1层", "category": "medical", "source": "DATA-SRC-GAODE-FACILITY-POI-20260814", "official_boundary": false, "usable_for_formal": "background_only", "crs_source": "GCJ-02→WGS84 近似转换（误差数米）", "precision_note": "高德 POI 点位为背景参考，位置精度数米级；覆盖不代表完整，缺漏不代表不存在"}, "geometry": {"type": "Point", "coordinates": [116.361598, 39.976149]}}, {"type": "Feature", "properties": {"layer": "GAODE_FACILITY_POI", "gaode_poiid": "B0LRXSYDB5", "name": "蓟门里社区卫生服务中心", "type": "医疗保健服务;综合医院;卫生院", "address": "蓟门里小区内(蓟门桥地铁站A口步行310米)", "category": "medical", "source": "DATA-SRC-GAODE-FACILITY-POI-20260814", "official_boundary": false, "usable_for_formal": "background_only", "crs_source": "GCJ-02→WGS84 近似转换（误差数米）", "precision_note": "高德 POI 点位为背景参考，位置精度数米级；覆盖不代表完整，缺漏不代表不存在"}, "geometry": {"type": "Point", "coordinates": [116.345445, 39.968186]}}, {"type": "Feature", "properties": {"layer": "GAODE_FACILITY_POI", "gaode_poiid": "B000A75726", "name": "北大口腔第三门诊部", "type": "医疗保健服务;专科医院;口腔医院", "address": "花园东路10号高德大厦A座2层", "category": "medical", "source": "DATA-SRC-GAODE-FACILITY-POI-20260814", "official_boundary": false, "usable_for_formal": "background_only", "crs_source": "GCJ-02→WGS84 近似转换（误差数米）", "precision_note": "高德 POI 点位为背景参考，位置精度数米级；覆盖不代表完整，缺漏不代表不存在"}, "geometry": {"type": "Point", "coordinates": [116.363825, 39.981468]}}, {"type": "Feature", "properties": {"layer": "GAODE_FACILITY_POI", "gaode_poiid": "B0FFLJF9VM", "name": "北京致雅口腔门诊部", "type": "医疗保健服务;专科医院;口腔医院", "address": "知春路甲48号4号楼1层104号", "category": "medical", "source": "DATA-SRC-GAODE-FACILITY-POI-20260814", "official_boundary": false, "usable_for_formal": "background_only", "crs_source": "GCJ-02→WGS84 近似转换（误差数米）", "precision_note": "高德 POI 点位为背景参考，位置精度数米级；覆盖不代表完整，缺漏不代表不存在"}, "geometry": {"type": "Point", "coordinates": [116.332989, 39.97329]}}, {"type": "Feature", "properties": {"layer": "GAODE_FACILITY_POI", "gaode_poiid": "B0G2JNGWO3", "name": "天保堂平价大药房(知春路店)", "type": "医疗保健服务;医药保健销售店;药房", "address": "知春路50南侧一层(知春路地铁站B南口步行240米)", "category": "medical", "source": "DATA-SRC-GAODE-FACILITY-POI-20260814", "official_boundary": false, "usable_for_formal": "background_only", "crs_source": "GCJ-02→WGS84 近似转换（误差数米）", "precision_note": "高德 POI 点位为背景参考，位置精度数米级；覆盖不代表完整，缺漏不代表不存在"}, "geometry": {"type": "Point", "coordinates": [116.331647, 39.974369]}}, {"type": "Feature", "properties": {"layer": "GAODE_FACILITY_POI", "gaode_poiid": "B0GUZCFDZH", "name": "精益口腔", "type": "医疗保健服务;专科医院;口腔医院", "address": "北土城西路牡丹商业街一层115室二层220室", "category": "medical", "source": "DATA-SRC-GAODE-FACILITY-POI-20260814", "official_boundary": false, "usable_for_formal": "background_only", "crs_source": "GCJ-02→WGS84 近似转换（误差数米）", "precision_note": "高德 POI 点位为背景参考，位置精度数米级；覆盖不代表完整，缺漏不代表不存在"}, "geometry": {"type": "Point", "coordinates": [116.362127, 39.975519]}}, {"type": "Feature", "properties": {"layer": "GAODE_FACILITY_POI", "gaode_poiid": "B000A43986", "name": "北京语言大学医院", "type": "医疗保健服务;综合医院;综合医院", "address": "学院路15号北京语言大学", "category": "medical", "source": "DATA-SRC-GAODE-FACILITY-POI-20260814", "official_boundary": false, "usable_for_formal": "background_only", "crs_source": "GCJ-02→WGS84 近似转换（误差数米）", "precision_note": "高德 POI 点位为背景参考，位置精度数米级；覆盖不代表完整，缺漏不代表不存在"}, "geometry": {"type": "Point", "coordinates": [116.336601, 39.992497]}}, {"type": "Feature", "properties": {"layer": "GAODE_FACILITY_POI", "gaode_poiid": "B0H617S32V", "name": "北京足卫士诊所(牡丹园店)", "type": "医疗保健服务;诊所;诊所", "address": "北土城西路牡丹商业街2层209(牡丹园地铁站A西北口旁)", "category": "medical", "source": "DATA-SRC-GAODE-FACILITY-POI-20260814", "official_boundary": false, "usable_for_formal": "background_only", "crs_source": "GCJ-02→WGS84 近似转换（误差数米）", "precision_note": "高德 POI 点位为背景参考，位置精度数米级；覆盖不代表完整，缺漏不代表不存在"}, "geometry": {"type": "Point", "coordinates": [116.362615, 39.975546]}}, {"type": "Feature", "properties": {"layer": "GAODE_FACILITY_POI", "gaode_poiid": "B000A835DA", "name": "北京明哲门诊部(暂停营业)", "type": "医疗保健服务;诊所;诊所", "address": "知春路49号一层北(B1907信箱)", "category": "medical", "source": "DATA-SRC-GAODE-FACILITY-POI-20260814", "official_boundary": false, "usable_for_formal": "background_only", "crs_source": "GCJ-02→WGS84 近似转换（误差数米）", "precision_note": "高德 POI 点位为背景参考，位置精度数米级；覆盖不代表完整，缺漏不代表不存在"}, "geometry": {"type": "Point", "coordinates": [116.33066, 39.976793]}}, {"type": "Feature", "properties": {"layer": "GAODE_FACILITY_POI", "gaode_poiid": "B0M6F11555", "name": "TTE·头头象头疗玩家(盈都大厦店)", "type": "医疗保健服务;医疗保健服务场所;医疗保健服务场所|生活服务;美容美发店;美容美发店", "address": "大钟寺东路与白塔庵路交叉口东北80米", "category": "medical", "source": "DATA-SRC-GAODE-FACILITY-POI-20260814", "official_boundary": false, "usable_for_formal": "background_only", "crs_source": "GCJ-02→WGS84 近似转换（误差数米）", "precision_note": "高德 POI 点位为背景参考，位置精度数米级；覆盖不代表完整，缺漏不代表不存在"}, "geometry": {"type": "Point", "coordinates": [116.332508, 39.973241]}}, {"type": "Feature", "properties": {"layer": "GAODE_FACILITY_POI", "gaode_poiid": "B0J16933VF", "name": "自然之声助听器(五道口店)", "type": "医疗保健服务;医药保健销售店;医疗保健用品", "address": "成府路28号优盛大厦D座10楼1008室", "category": "medical", "source": "DATA-SRC-GAODE-FACILITY-POI-20260814", "official_boundary": false, "usable_for_formal": "background_only", "crs_source": "GCJ-02→WGS84 近似转换（误差数米）", "precision_note": "高德 POI 点位为背景参考，位置精度数米级；覆盖不代表完整，缺漏不代表不存在"}, "geometry": {"type": "Point", "coordinates": [116.333188, 39.990206]}}, {"type": "Feature", "properties": {"layer": "GAODE_FACILITY_POI", "gaode_poiid": "B0H1PCRXMB", "name": "劲松口腔医院(牡丹园分院)", "type": "医疗保健服务;专科医院;口腔医院", "address": "北京城区花园东路31号4号楼1层102室、2层202室", "category": "medical", "source": "DATA-SRC-GAODE-FACILITY-POI-20260814", "official_boundary": false, "usable_for_formal": "background_only", "crs_source": "GCJ-02→WGS84 近似转换（误差数米）", "precision_note": "高德 POI 点位为背景参考，位置精度数米级；覆盖不代表完整，缺漏不代表不存在"}, "geometry": {"type": "Point", "coordinates": [116.362984, 39.975781]}}, {"type": "Feature", "properties": {"layer": "GAODE_FACILITY_POI", "gaode_poiid": "B0J0MSZE8Q", "name": "北京兴顺康诊所", "type": "医疗保健服务;诊所;诊所", "address": "东升园公寓东2门旁(五道口地铁站B南口步行480米)", "category": "medical", "source": "DATA-SRC-GAODE-FACILITY-POI-20260814", "official_boundary": false, "usable_for_formal": "background_only", "crs_source": "GCJ-02→WGS84 近似转换（误差数米）", "precision_note": "高德 POI 点位为背景参考，位置精度数米级；覆盖不代表完整，缺漏不代表不存在"}, "geometry": {"type": "Point", "coordinates": [116.33116, 39.987877]}}, {"type": "Feature", "properties": {"layer": "GAODE_FACILITY_POI", "gaode_poiid": "B0HRF52TUO", "name": "梅朵医疗美容", "type": "医疗保健服务;专科医院;整形美容", "address": "花园东路31号4号楼1层106室", "category": "medical", "source": "DATA-SRC-GAODE-FACILITY-POI-20260814", "official_boundary": false, "usable_for_formal": "background_only", "crs_source": "GCJ-02→WGS84 近似转换（误差数米）", "precision_note": "高德 POI 点位为背景参考，位置精度数米级；覆盖不代表完整，缺漏不代表不存在"}, "geometry": {"type": "Point", "coordinates": [116.363284, 39.975933]}}, {"type": "Feature", "properties": {"layer": "GAODE_FACILITY_POI", "gaode_poiid": "B0FFK6GDS8", "name": "中诺第二口腔医院·种植总院", "type": "医疗保健服务;专科医院;口腔医院", "address": "北京城区北京城区北京市北京市海淀区中关村街道北四环西路9-1号楼银谷大厦配楼", "category": "medical", "source": "DATA-SRC-GAODE-FACILITY-POI-20260814", "official_boundary": false, "usable_for_formal": "background_only", "crs_source": "GCJ-02→WGS84 近似转换（误差数米）", "precision_note": "高德 POI 点位为背景参考，位置精度数米级；覆盖不代表完整，缺漏不代表不存在"}, "geometry": {"type": "Point", "coordinates": [116.328715, 39.985821]}}, {"type": "Feature", "properties": {"layer": "GAODE_FACILITY_POI", "gaode_poiid": "B0J3O9SKS1", "name": "至亮眼科(北太平庄·花园路旗舰门诊)", "type": "医疗保健服务;专科医院;眼科医院", "address": "北京城区花园路甲13号院7号楼2层201房间(庚坊国际大厦)", "category": "medical", "source": "DATA-SRC-GAODE-FACILITY-POI-20260814", "official_boundary": false, "usable_for_formal": "background_only", "crs_source": "GCJ-02→WGS84 近似转换（误差数米）", "precision_note": "高德 POI 点位为背景参考，位置精度数米级；覆盖不代表完整，缺漏不代表不存在"}, "geometry": {"type": "Point", "coordinates": [116.359098, 39.971024]}}, {"type": "Feature", "properties": {"layer": "GAODE_FACILITY_POI", "gaode_poiid": "B0FFH14QY2", "name": "新西兰麦卢卡蜂蜜(五道口购物中心店)", "type": "医疗保健服务;医药保健销售店;医疗保健用品", "address": "成府路28号五道口购物中心B1层", "category": "medical", "source": "DATA-SRC-GAODE-FACILITY-POI-20260814", "official_boundary": false, "usable_for_formal": "background_only", "crs_source": "GCJ-02→WGS84 近似转换（误差数米）", "precision_note": "高德 POI 点位为背景参考，位置精度数米级；覆盖不代表完整，缺漏不代表不存在"}, "geometry": {"type": "Point", "coordinates": [116.333166, 39.990586]}}, {"type": "Feature", "properties": {"layer": "GAODE_FACILITY_POI", "gaode_poiid": "B0FFGDV4ZI", "name": "欢乐口腔(知春路分院)", "type": "医疗保健服务;专科医院;口腔医院", "address": "知春路56号西区一层西侧(知春路地铁站B南口步行380米)", "category": "medical", "source": "DATA-SRC-GAODE-FACILITY-POI-20260814", "official_boundary": false, "usable_for_formal": "background_only", "crs_source": "GCJ-02→WGS84 近似转换（误差数米）", "precision_note": "高德 POI 点位为背景参考，位置精度数米级；覆盖不代表完整，缺漏不代表不存在"}, "geometry": {"type": "Point", "coordinates": [116.32963, 39.974803]}}, {"type": "Feature", "properties": {"layer": "GAODE_FACILITY_POI", "gaode_poiid": "B0KDMZ2TO0", "name": "铂林眼科(知春里门诊)", "type": "医疗保健服务;专科医院;眼科医院", "address": "北京城区知春路56号西区二层202", "category": "medical", "source": "DATA-SRC-GAODE-FACILITY-POI-20260814", "official_boundary": false, "usable_for_formal": "background_only", "crs_source": "GCJ-02→WGS84 近似转换（误差数米）", "precision_note": "高德 POI 点位为背景参考，位置精度数米级；覆盖不代表完整，缺漏不代表不存在"}, "geometry": {"type": "Point", "coordinates": [116.329753, 39.974629]}}, {"type": "Feature", "properties": {"layer": "GAODE_FACILITY_POI", "gaode_poiid": "B0K0PSW1CY", "name": "同仁堂(花园东路店)", "type": "医疗保健服务;医药保健销售店;药房", "address": "花园东路31号3号楼1层109", "category": "medical", "source": "DATA-SRC-GAODE-FACILITY-POI-20260814", "official_boundary": false, "usable_for_formal": "background_only", "crs_source": "GCJ-02→WGS84 近似转换（误差数米）", "precision_note": "高德 POI 点位为背景参考，位置精度数米级；覆盖不代表完整，缺漏不代表不存在"}, "geometry": {"type": "Point", "coordinates": [116.363269, 39.976145]}}, {"type": "Feature", "properties": {"layer": "GAODE_FACILITY_POI", "gaode_poiid": "B0HDP5JHZL", "name": "朗洁齿科", "type": "医疗保健服务;专科医院;口腔医院", "address": "北四环中路229号志新村小区30号楼", "category": "medical", "source": "DATA-SRC-GAODE-FACILITY-POI-20260814", "official_boundary": false, "usable_for_formal": "background_only", "crs_source": "GCJ-02→WGS84 近似转换（误差数米）", "precision_note": "高德 POI 点位为背景参考，位置精度数米级；覆盖不代表完整，缺漏不代表不存在"}, "geometry": {"type": "Point", "coordinates": [116.362791, 39.987527]}}, {"type": "Feature", "properties": {"layer": "GAODE_FACILITY_POI", "gaode_poiid": "B0LU5YLW83", "name": "灸之爱古法艾灸", "type": "医疗保健服务;医疗保健服务场所;医疗保健服务场所", "address": "创新大道与文化大道交叉口东60米", "category": "medical", "source": "DATA-SRC-GAODE-FACILITY-POI-20260814", "official_boundary": false, "usable_for_formal": "background_only", "crs_source": "GCJ-02→WGS84 近似转换（误差数米）", "precision_note": "高德 POI 点位为背景参考，位置精度数米级；覆盖不代表完整，缺漏不代表不存在"}, "geometry": {"type": "Point", "coordinates": [116.363198, 39.97604]}}, {"type": "Feature", "properties": {"layer": "GAODE_FACILITY_POI", "gaode_poiid": "B0M60ZLY9F", "name": "瑞士峰力助听器(五道口旗舰店)", "type": "医疗保健服务;医疗保健服务场所;医疗保健服务场所", "address": "成府路28号优盛大厦D座10楼108", "category": "medical", "source": "DATA-SRC-GAODE-FACILITY-POI-20260814", "official_boundary": false, "usable_for_formal": "background_only", "crs_source": "GCJ-02→WGS84 近似转换（误差数米）", "precision_note": "高德 POI 点位为背景参考，位置精度数米级；覆盖不代表完整，缺漏不代表不存在"}, "geometry": {"type": "Point", "coordinates": [116.332756, 39.990739]}}, {"type": "Feature", "properties": {"layer": "GAODE_FACILITY_POI", "gaode_poiid": "B0FFGNMJNE", "name": "志新村社区卫生服务站", "type": "医疗保健服务;综合医院;卫生院", "address": "志新村小区8号", "category": "medical", "source": "DATA-SRC-GAODE-FACILITY-POI-20260814", "official_boundary": false, "usable_for_formal": "background_only", "crs_source": "GCJ-02→WGS84 近似转换（误差数米）", "precision_note": "高德 POI 点位为背景参考，位置精度数米级；覆盖不代表完整，缺漏不代表不存在"}, "geometry": {"type": "Point", "coordinates": [116.360888, 39.9896]}}, {"type": "Feature", "properties": {"layer": "GAODE_FACILITY_POI", "gaode_poiid": "B0KRLP29CL", "name": "海淀区保福寺社区卫生服务站", "type": "医疗保健服务;综合医院;卫生院", "address": "中关村东路甲334楼1门", "category": "medical", "source": "DATA-SRC-GAODE-FACILITY-POI-20260814", "official_boundary": false, "usable_for_formal": "background_only", "crs_source": "GCJ-02→WGS84 近似转换（误差数米）", "precision_note": "高德 POI 点位为背景参考，位置精度数米级；覆盖不代表完整，缺漏不代表不存在"}, "geometry": {"type": "Point", "coordinates": [116.327941, 39.981569]}}, {"type": "Feature", "properties": {"layer": "GAODE_FACILITY_POI", "gaode_poiid": "B000A84JIW", "name": "华清园社区卫生服务站", "type": "医疗保健服务;综合医院;卫生院", "address": "海淀五道口财经东路与东升南路交叉路口西北侧(地铁13号线五道口站西南侧)东升园公寓附近", "category": "medical", "source": "DATA-SRC-GAODE-FACILITY-POI-20260814", "official_boundary": false, "usable_for_formal": "background_only", "crs_source": "GCJ-02→WGS84 近似转换（误差数米）", "precision_note": "高德 POI 点位为背景参考，位置精度数米级；覆盖不代表完整，缺漏不代表不存在"}, "geometry": {"type": "Point", "coordinates": [116.33036, 39.987886]}}, {"type": "Feature", "properties": {"layer": "GAODE_FACILITY_POI", "gaode_poiid": "B0G2AODN7B", "name": "耙耳朵川式采耳·足道·SPA(世纪科贸店)", "type": "医疗保健服务;医疗保健服务场所;医疗保健服务场所", "address": "中关村东路66号世纪科贸大厦C座", "category": "medical", "source": "DATA-SRC-GAODE-FACILITY-POI-20260814", "official_boundary": false, "usable_for_formal": "background_only", "crs_source": "GCJ-02→WGS84 近似转换（误差数米）", "precision_note": "高德 POI 点位为背景参考，位置精度数米级；覆盖不代表完整，缺漏不代表不存在"}, "geometry": {"type": "Point", "coordinates": [116.327784, 39.982577]}}, {"type": "Feature", "properties": {"layer": "GAODE_FACILITY_POI", "gaode_poiid": "B000A87GN9", "name": "养生堂大药房(平骥堂店)", "type": "医疗保健服务;医药保健销售店;药房", "address": "东升园东1门北侧(五道口地铁站B南口步行400米)", "category": "medical", "source": "DATA-SRC-GAODE-FACILITY-POI-20260814", "official_boundary": false, "usable_for_formal": "background_only", "crs_source": "GCJ-02→WGS84 近似转换（误差数米）", "precision_note": "高德 POI 点位为背景参考，位置精度数米级；覆盖不代表完整，缺漏不代表不存在"}, "geometry": {"type": "Point", "coordinates": [116.33084, 39.989137]}}, {"type": "Feature", "properties": {"layer": "GAODE_FACILITY_POI", "gaode_poiid": "B000A7YYWO", "name": "北京吕氏口腔门诊部(五道口店)", "type": "医疗保健服务;专科医院;口腔医院", "address": "华清嘉园20号楼(五道口地铁站B南口步行400米)", "category": "medical", "source": "DATA-SRC-GAODE-FACILITY-POI-20260814", "official_boundary": false, "usable_for_formal": "background_only", "crs_source": "GCJ-02→WGS84 近似转换（误差数米）", "precision_note": "高德 POI 点位为背景参考，位置精度数米级；覆盖不代表完整，缺漏不代表不存在"}, "geometry": {"type": "Point", "coordinates": [116.33076, 39.989152]}}, {"type": "Feature", "properties": {"layer": "GAODE_FACILITY_POI", "gaode_poiid": "B0FFJELL0V", "name": "康合营养家(五道口店)", "type": "医疗保健服务;医药保健销售店;医疗保健用品", "address": "中关村街道东升南路龙湖唐宁oneB座127底商", "category": "medical", "source": "DATA-SRC-GAODE-FACILITY-POI-20260814", "official_boundary": false, "usable_for_formal": "background_only", "crs_source": "GCJ-02→WGS84 近似转换（误差数米）", "precision_note": "高德 POI 点位为背景参考，位置精度数米级；覆盖不代表完整，缺漏不代表不存在"}, "geometry": {"type": "Point", "coordinates": [116.329625, 39.987607]}}, {"type": "Feature", "properties": {"layer": "GAODE_FACILITY_POI", "gaode_poiid": "B0KGUHUXMT", "name": "宝芝堂大药房(志新东路店)", "type": "医疗保健服务;医药保健销售店;药房", "address": "志新东路14号", "category": "medical", "source": "DATA-SRC-GAODE-FACILITY-POI-20260814", "official_boundary": false, "usable_for_formal": "background_only", "crs_source": "GCJ-02→WGS84 近似转换（误差数米）", "precision_note": "高德 POI 点位为背景参考，位置精度数米级；覆盖不代表完整，缺漏不代表不存在"}, "geometry": {"type": "Point", "coordinates": [116.363525, 39.98711]}}, {"type": "Feature", "properties": {"layer": "GAODE_FACILITY_POI", "gaode_poiid": "B0KRN5OY0W", "name": "严玲口腔", "type": "医疗保健服务;专科医院;口腔医院", "address": "白塔庵汉荣家园1号楼1层底商", "category": "medical", "source": "DATA-SRC-GAODE-FACILITY-POI-20260814", "official_boundary": false, "usable_for_formal": "background_only", "crs_source": "GCJ-02→WGS84 近似转换（误差数米）", "precision_note": "高德 POI 点位为背景参考，位置精度数米级；覆盖不代表完整，缺漏不代表不存在"}, "geometry": {"type": "Point", "coordinates": [116.331974, 39.971731]}}, {"type": "Feature", "properties": {"layer": "GAODE_FACILITY_POI", "gaode_poiid": "B0FFISGJY8", "name": "北京安康口腔门诊部", "type": "医疗保健服务;专科医院;口腔医院", "address": "蓟门桥西北角101号(蓟门桥地铁站A口步行90米)", "category": "medical", "source": "DATA-SRC-GAODE-FACILITY-POI-20260814", "official_boundary": false, "usable_for_formal": "background_only", "crs_source": "GCJ-02→WGS84 近似转换（误差数米）", "precision_note": "高德 POI 点位为背景参考，位置精度数米级；覆盖不代表完整，缺漏不代表不存在"}, "geometry": {"type": "Point", "coordinates": [116.345868, 39.966719]}}, {"type": "Feature", "properties": {"layer": "GAODE_FACILITY_POI", "gaode_poiid": "B0HBLA9ZWS", "name": "欢乐口腔(五道口分院)", "type": "医疗保健服务;专科医院;口腔医院", "address": "成府路29号1层1-2(五道口地铁站A北口步行130米)", "category": "medical", "source": "DATA-SRC-GAODE-FACILITY-POI-20260814", "official_boundary": false, "usable_for_formal": "background_only", "crs_source": "GCJ-02→WGS84 近似转换（误差数米）", "precision_note": "高德 POI 点位为背景参考，位置精度数米级；覆盖不代表完整，缺漏不代表不存在"}, "geometry": {"type": "Point", "coordinates": [116.332428, 39.991839]}}, {"type": "Feature", "properties": {"layer": "GAODE_FACILITY_POI", "gaode_poiid": "B0LGY76QHB", "name": "艾仁德亮眼灸体验中心(石油大院店)", "type": "医疗保健服务;医疗保健服务场所;医疗保健服务场所", "address": "学院路20号石油共生大院博爱家园后院", "category": "medical", "source": "DATA-SRC-GAODE-FACILITY-POI-20260814", "official_boundary": false, "usable_for_formal": "background_only", "crs_source": "GCJ-02→WGS84 近似转换（误差数米）", "precision_note": "高德 POI 点位为背景参考，位置精度数米级；覆盖不代表完整，缺漏不代表不存在"}, "geometry": {"type": "Point", "coordinates": [116.348283, 39.995695]}}, {"type": "Feature", "properties": {"layer": "GAODE_FACILITY_POI", "gaode_poiid": "B0K107WDQI", "name": "耳之豫采耳(牡丹园店)", "type": "医疗保健服务;医疗保健服务场所;医疗保健服务场所", "address": "花园东路甲32号仰源大厦5层503室", "category": "medical", "source": "DATA-SRC-GAODE-FACILITY-POI-20260814", "official_boundary": false, "usable_for_formal": "background_only", "crs_source": "GCJ-02→WGS84 近似转换（误差数米）", "precision_note": "高德 POI 点位为背景参考，位置精度数米级；覆盖不代表完整，缺漏不代表不存在"}, "geometry": {"type": "Point", "coordinates": [116.364356, 39.976108]}}, {"type": "Feature", "properties": {"layer": "GAODE_FACILITY_POI", "gaode_poiid": "B000A8VSKB", "name": "中国矿业大学(北京)社区卫生服务站", "type": "医疗保健服务;诊所;诊所", "address": [], "category": "medical", "source": "DATA-SRC-GAODE-FACILITY-POI-20260814", "official_boundary": false, "usable_for_formal": "background_only", "crs_source": "GCJ-02→WGS84 近似转换（误差数米）", "precision_note": "高德 POI 点位为背景参考，位置精度数米级；覆盖不代表完整，缺漏不代表不存在"}, "geometry": {"type": "Point", "coordinates": [116.340314, 39.99536]}}, {"type": "Feature", "properties": {"layer": "GAODE_FACILITY_POI", "gaode_poiid": "B000A85IE7", "name": "百德康药房(财智国际大厦A座店)", "type": "医疗保健服务;医药保健销售店;药房", "address": "中关村街道中关村东路18号财智国际大厦一层13号商铺", "category": "medical", "source": "DATA-SRC-GAODE-FACILITY-POI-20260814", "official_boundary": false, "usable_for_formal": "background_only", "crs_source": "GCJ-02→WGS84 近似转换（误差数米）", "precision_note": "高德 POI 点位为背景参考，位置精度数米级；覆盖不代表完整，缺漏不代表不存在"}, "geometry": {"type": "Point", "coordinates": [116.327832, 39.986358]}}, {"type": "Feature", "properties": {"layer": "GAODE_FACILITY_POI", "gaode_poiid": "B0JGKZQBAH", "name": "瑞仕口腔", "type": "医疗保健服务;医疗保健服务场所;医疗保健服务场所", "address": "龙翔路30号花园苑", "category": "medical", "source": "DATA-SRC-GAODE-FACILITY-POI-20260814", "official_boundary": false, "usable_for_formal": "background_only", "crs_source": "GCJ-02→WGS84 近似转换（误差数米）", "precision_note": "高德 POI 点位为背景参考，位置精度数米级；覆盖不代表完整，缺漏不代表不存在"}, "geometry": {"type": "Point", "coordinates": [116.366247, 39.980395]}}, {"type": "Feature", "properties": {"layer": "GAODE_FACILITY_POI", "gaode_poiid": "B0LUJHAPX0", "name": "体博士运动康复(五道口店)", "type": "医疗保健服务;医疗保健服务场所;医疗保健服务场所", "address": "北京城区中关村东路18号财智国际大厦B座908室", "category": "medical", "source": "DATA-SRC-GAODE-FACILITY-POI-20260814", "official_boundary": false, "usable_for_formal": "background_only", "crs_source": "GCJ-02→WGS84 近似转换（误差数米）", "precision_note": "高德 POI 点位为背景参考，位置精度数米级；覆盖不代表完整，缺漏不代表不存在"}, "geometry": {"type": "Point", "coordinates": [116.32763, 39.986779]}}, {"type": "Feature", "properties": {"layer": "GAODE_FACILITY_POI", "gaode_poiid": "B0FFH8N8DR", "name": "北京明医方中医医院", "type": "医疗保健服务;综合医院;综合医院", "address": "北太平庄路2号2幢一层101-113、层201-213、三层301-310、四层401-409", "category": "medical", "source": "DATA-SRC-GAODE-FACILITY-POI-20260814", "official_boundary": false, "usable_for_formal": "background_only", "crs_source": "GCJ-02→WGS84 近似转换（误差数米）", "precision_note": "高德 POI 点位为背景参考，位置精度数米级；覆盖不代表完整，缺漏不代表不存在"}, "geometry": {"type": "Point", "coordinates": [116.364422, 39.973481]}}, {"type": "Feature", "properties": {"layer": "GAODE_FACILITY_POI", "gaode_poiid": "B0J0OSCAFT", "name": "北京民众安康健康体检机构", "type": "医疗保健服务;诊所;诊所", "address": "北京城区花园东路30号花园饭店8号楼三层", "category": "medical", "source": "DATA-SRC-GAODE-FACILITY-POI-20260814", "official_boundary": false, "usable_for_formal": "background_only", "crs_source": "GCJ-02→WGS84 近似转换（误差数米）", "precision_note": "高德 POI 点位为背景参考，位置精度数米级；覆盖不代表完整，缺漏不代表不存在"}, "geometry": {"type": "Point", "coordinates": [116.365779, 39.97593]}}, {"type": "Feature", "properties": {"layer": "GAODE_FACILITY_POI", "gaode_poiid": "B0FFLGJYX9", "name": "天保堂平价大药房(牡丹园店医保店)", "type": "医疗保健服务;医药保健销售店;药房", "address": "计一厂宿舍东北1门旁", "category": "medical", "source": "DATA-SRC-GAODE-FACILITY-POI-20260814", "official_boundary": false, "usable_for_formal": "background_only", "crs_source": "GCJ-02→WGS84 近似转换（误差数米）", "precision_note": "高德 POI 点位为背景参考，位置精度数米级；覆盖不代表完整，缺漏不代表不存在"}, "geometry": {"type": "Point", "coordinates": [116.366356, 39.979157]}}, {"type": "Feature", "properties": {"layer": "GAODE_FACILITY_POI", "gaode_poiid": "B0FFJA9QII", "name": "北京大钟寺中医门诊部", "type": "医疗保健服务;诊所;诊所", "address": "大钟寺东路太阳园13号楼一层113号", "category": "medical", "source": "DATA-SRC-GAODE-FACILITY-POI-20260814", "official_boundary": false, "usable_for_formal": "background_only", "crs_source": "GCJ-02→WGS84 近似转换（误差数米）", "precision_note": "高德 POI 点位为背景参考，位置精度数米级；覆盖不代表完整，缺漏不代表不存在"}, "geometry": {"type": "Point", "coordinates": [116.333002, 39.969129]}}, {"type": "Feature", "properties": {"layer": "GAODE_FACILITY_POI", "gaode_poiid": "B0L2NDHAFQ", "name": "田美口腔(北三环西路店)", "type": "医疗保健服务;专科医院;口腔医院", "address": "北三环西路2号(大钟寺地铁站A西北口步行400米)", "category": "medical", "source": "DATA-SRC-GAODE-FACILITY-POI-20260814", "official_boundary": false, "usable_for_formal": "background_only", "crs_source": "GCJ-02→WGS84 近似转换（误差数米）", "precision_note": "高德 POI 点位为背景参考，位置精度数米级；覆盖不代表完整，缺漏不代表不存在"}, "geometry": {"type": "Point", "coordinates": [116.342404, 39.965772]}}, {"type": "Feature", "properties": {"layer": "GAODE_FACILITY_POI", "gaode_poiid": "B0MBPU1RCF", "name": "中农大我爱我宠24小时动物医院·异宠·猫病·体检中心", "type": "医疗保健服务;动物医疗场所;宠物诊所", "address": "北京城区明光北里4号楼北侧艺校小区1号楼2层", "category": "medical", "source": "DATA-SRC-GAODE-FACILITY-POI-20260814", "official_boundary": false, "usable_for_formal": "background_only", "crs_source": "GCJ-02→WGS84 近似转换（误差数米）", "precision_note": "高德 POI 点位为背景参考，位置精度数米级；覆盖不代表完整，缺漏不代表不存在"}, "geometry": {"type": "Point", "coordinates": [116.342408, 39.965764]}}, {"type": "Feature", "properties": {"layer": "GAODE_FACILITY_POI", "gaode_poiid": "B0FFFWO4RB", "name": "维恩口腔", "type": "医疗保健服务;专科医院;口腔医院", "address": "中关村街道中关村东路16号院1号楼106室", "category": "medical", "source": "DATA-SRC-GAODE-FACILITY-POI-20260814", "official_boundary": false, "usable_for_formal": "background_only", "crs_source": "GCJ-02→WGS84 近似转换（误差数米）", "precision_note": "高德 POI 点位为背景参考，位置精度数米级；覆盖不代表完整，缺漏不代表不存在"}, "geometry": {"type": "Point", "coordinates": [116.327412, 39.987853]}}, {"type": "Feature", "properties": {"layer": "GAODE_FACILITY_POI", "gaode_poiid": "B0KAYZ2KXV", "name": "瑞思迈呼吸机(中核中原店)", "type": "医疗保健服务;医药保健销售店;医疗保健用品", "address": "志新路15号中核中原大楼F4层", "category": "medical", "source": "DATA-SRC-GAODE-FACILITY-POI-20260814", "official_boundary": false, "usable_for_formal": "background_only", "crs_source": "GCJ-02→WGS84 近似转换（误差数米）", "precision_note": "高德 POI 点位为背景参考，位置精度数米级；覆盖不代表完整，缺漏不代表不存在"}, "geometry": {"type": "Point", "coordinates": [116.359972, 39.992647]}}, {"type": "Feature", "properties": {"layer": "GAODE_FACILITY_POI", "gaode_poiid": "B0I30ZHZI8", "name": "牡丹园社区卫生服务站(牡丹西里5号院)", "type": "医疗保健服务;综合医院;卫生院", "address": "牡丹园中路与北土城西路辅路交叉口西北160米", "category": "medical", "source": "DATA-SRC-GAODE-FACILITY-POI-20260814", "official_boundary": false, "usable_for_formal": "background_only", "crs_source": "GCJ-02→WGS84 近似转换（误差数米）", "precision_note": "高德 POI 点位为背景参考，位置精度数米级；覆盖不代表完整，缺漏不代表不存在"}, "geometry": {"type": "Point", "coordinates": [116.365921, 39.976777]}}, {"type": "Feature", "properties": {"layer": "GAODE_FACILITY_POI", "gaode_poiid": "B0H6P1TG4P", "name": "高济新世纪药房二里庄店", "type": "医疗保健服务;医药保健销售店;药房", "address": "学院路志新东路8号苇子坑(成府路6号)", "category": "medical", "source": "DATA-SRC-GAODE-FACILITY-POI-20260814", "official_boundary": false, "usable_for_formal": "background_only", "crs_source": "GCJ-02→WGS84 近似转换（误差数米）", "precision_note": "高德 POI 点位为背景参考，位置精度数米级；覆盖不代表完整，缺漏不代表不存在"}, "geometry": {"type": "Point", "coordinates": [116.363255, 39.990192]}}, {"type": "Feature", "properties": {"layer": "GAODE_FACILITY_POI", "gaode_poiid": "B0JDXUKTUG", "name": "自然之声助听器(北太平庄店)", "type": "医疗保健服务;医药保健销售店;医疗保健用品", "address": "北太平庄路9号楼3号平房", "category": "medical", "source": "DATA-SRC-GAODE-FACILITY-POI-20260814", "official_boundary": false, "usable_for_formal": "background_only", "crs_source": "GCJ-02→WGS84 近似转换（误差数米）", "precision_note": "高德 POI 点位为背景参考，位置精度数米级；覆盖不代表完整，缺漏不代表不存在"}, "geometry": {"type": "Point", "coordinates": [116.363455, 39.972141]}}, {"type": "Feature", "properties": {"layer": "GAODE_FACILITY_POI", "gaode_poiid": "B0LRCHGIC0", "name": "煜林正骨推拿", "type": "医疗保健服务;医疗保健服务场所;医疗保健服务场所", "address": "北京城区小关西后街19号", "category": "medical", "source": "DATA-SRC-GAODE-FACILITY-POI-20260814", "official_boundary": false, "usable_for_formal": "background_only", "crs_source": "GCJ-02→WGS84 近似转换（误差数米）", "precision_note": "高德 POI 点位为背景参考，位置精度数米级；覆盖不代表完整，缺漏不代表不存在"}, "geometry": {"type": "Point", "coordinates": [116.366701, 39.979167]}}, {"type": "Feature", "properties": {"layer": "GAODE_FACILITY_POI", "gaode_poiid": "B000A9V540", "name": "福仁堂医保定点药店(志新路店)", "type": "医疗保健服务;医药保健销售店;药房", "address": "志新北里10号物美大卖场1层", "category": "medical", "source": "DATA-SRC-GAODE-FACILITY-POI-20260814", "official_boundary": false, "usable_for_formal": "background_only", "crs_source": "GCJ-02→WGS84 近似转换（误差数米）", "precision_note": "高德 POI 点位为背景参考，位置精度数米级；覆盖不代表完整，缺漏不代表不存在"}, "geometry": {"type": "Point", "coordinates": [116.361441, 39.992019]}}, {"type": "Feature", "properties": {"layer": "GAODE_FACILITY_POI", "gaode_poiid": "B0FFG8VTW5", "name": "恒瑞口腔", "type": "医疗保健服务;专科医院;口腔医院", "address": "成府路华清嘉园3号楼(城铁五道口站向西100米路南)", "category": "medical", "source": "DATA-SRC-GAODE-FACILITY-POI-20260814", "official_boundary": false, "usable_for_formal": "background_only", "crs_source": "GCJ-02→WGS84 近似转换（误差数米）", "precision_note": "高德 POI 点位为背景参考，位置精度数米级；覆盖不代表完整，缺漏不代表不存在"}, "geometry": {"type": "Point", "coordinates": [116.329788, 39.991184]}}, {"type": "Feature", "properties": {"layer": "GAODE_FACILITY_POI", "gaode_poiid": "B000A2779A", "name": "城建门诊", "type": "医疗保健服务;综合医院;综合医院", "address": "牡丹园西里19号楼(牡丹园地铁站B东北口步行220米)", "category": "medical", "source": "DATA-SRC-GAODE-FACILITY-POI-20260814", "official_boundary": false, "usable_for_formal": "background_only", "crs_source": "GCJ-02→WGS84 近似转换（误差数米）", "precision_note": "高德 POI 点位为背景参考，位置精度数米级；覆盖不代表完整，缺漏不代表不存在"}, "geometry": {"type": "Point", "coordinates": [116.366312, 39.975838]}}, {"type": "Feature", "properties": {"layer": "GAODE_FACILITY_POI", "gaode_poiid": "B0IB2AROEZ", "name": "华清池修脚(海淀店)", "type": "医疗保健服务;医疗保健服务场所;医疗保健服务场所", "address": "学院路甲9号3栋平房101(六道口地铁站F口旁)", "category": "medical", "source": "DATA-SRC-GAODE-FACILITY-POI-20260814", "official_boundary": false, "usable_for_formal": "background_only", "crs_source": "GCJ-02→WGS84 近似转换（误差数米）", "precision_note": "高德 POI 点位为背景参考，位置精度数米级；覆盖不代表完整，缺漏不代表不存在"}, "geometry": {"type": "Point", "coordinates": [116.346262, 39.997303]}}, {"type": "Feature", "properties": {"layer": "GAODE_FACILITY_POI", "gaode_poiid": "B0JGTZP9ZY", "name": "北京亚楠容悦医疗美容诊所", "type": "医疗保健服务;专科医院;整形美容", "address": "中关村南一条甲1号2号楼1层104室", "category": "medical", "source": "DATA-SRC-GAODE-FACILITY-POI-20260814", "official_boundary": false, "usable_for_formal": "background_only", "crs_source": "GCJ-02→WGS84 近似转换（误差数米）", "precision_note": "高德 POI 点位为背景参考，位置精度数米级；覆盖不代表完整，缺漏不代表不存在"}, "geometry": {"type": "Point", "coordinates": [116.324796, 39.979516]}}, {"type": "Feature", "properties": {"layer": "GAODE_FACILITY_POI", "gaode_poiid": "B0LGC7MN4K", "name": "中关村社区卫生服务中心(太阳园小区)", "type": "医疗保健服务;综合医院;卫生院", "address": "北三环西路27号(招商银行旁边)", "category": "medical", "source": "DATA-SRC-GAODE-FACILITY-POI-20260814", "official_boundary": false, "usable_for_formal": "background_only", "crs_source": "GCJ-02→WGS84 近似转换（误差数米）", "precision_note": "高德 POI 点位为背景参考，位置精度数米级；覆盖不代表完整，缺漏不代表不存在"}, "geometry": {"type": "Point", "coordinates": [116.335827, 39.967003]}}, {"type": "Feature", "properties": {"layer": "GAODE_FACILITY_POI", "gaode_poiid": "B0FFHWBVPZ", "name": "北京欢尔口腔(志新西路店)", "type": "医疗保健服务;专科医院;口腔医院", "address": "志新西路20-8号", "category": "medical", "source": "DATA-SRC-GAODE-FACILITY-POI-20260814", "official_boundary": false, "usable_for_formal": "background_only", "crs_source": "GCJ-02→WGS84 近似转换（误差数米）", "precision_note": "高德 POI 点位为背景参考，位置精度数米级；覆盖不代表完整，缺漏不代表不存在"}, "geometry": {"type": "Point", "coordinates": [116.358462, 39.994598]}}, {"type": "Feature", "properties": {"layer": "GAODE_FACILITY_POI", "gaode_poiid": "B0H09CMXUV", "name": "悦宠24h动物医院(中关村院)", "type": "医疗保健服务;动物医疗场所;宠物诊所", "address": "中关村东路101-4", "category": "medical", "source": "DATA-SRC-GAODE-FACILITY-POI-20260814", "official_boundary": false, "usable_for_formal": "background_only", "crs_source": "GCJ-02→WGS84 近似转换（误差数米）", "precision_note": "高德 POI 点位为背景参考，位置精度数米级；覆盖不代表完整，缺漏不代表不存在"}, "geometry": {"type": "Point", "coordinates": [116.327235, 39.973098]}}, {"type": "Feature", "properties": {"layer": "GAODE_FACILITY_POI", "gaode_poiid": "B0FFKMILGH", "name": "忠科口腔", "type": "医疗保健服务;专科医院;口腔医院", "address": "中关村南一条甲1号2号楼1层105室", "category": "medical", "source": "DATA-SRC-GAODE-FACILITY-POI-20260814", "official_boundary": false, "usable_for_formal": "background_only", "crs_source": "GCJ-02→WGS84 近似转换（误差数米）", "precision_note": "高德 POI 点位为背景参考，位置精度数米级；覆盖不代表完整，缺漏不代表不存在"}, "geometry": {"type": "Point", "coordinates": [116.325008, 39.979474]}}, {"type": "Feature", "properties": {"layer": "GAODE_FACILITY_POI", "gaode_poiid": "B0FFI5VHTB", "name": "中农大我爱我爱24小时动物医院·骨科·猫病·外科手术中心", "type": "医疗保健服务;动物医疗场所;宠物诊所", "address": "北京城区北三环中路43号院北2号板楼一层", "category": "medical", "source": "DATA-SRC-GAODE-FACILITY-POI-20260814", "official_boundary": false, "usable_for_formal": "background_only", "crs_source": "GCJ-02→WGS84 近似转换（误差数米）", "precision_note": "高德 POI 点位为背景参考，位置精度数米级；覆盖不代表完整，缺漏不代表不存在"}, "geometry": {"type": "Point", "coordinates": [116.364347, 39.971239]}}, {"type": "Feature", "properties": {"layer": "GAODE_FACILITY_POI", "gaode_poiid": "B0L6L1J3AB", "name": "惠宁堂平价大药房(北师大店)", "type": "医疗保健服务;医药保健销售店;药房", "address": "杏坛路与北三环中路辅路交叉口南80米", "category": "medical", "source": "DATA-SRC-GAODE-FACILITY-POI-20260814", "official_boundary": false, "usable_for_formal": "background_only", "crs_source": "GCJ-02→WGS84 近似转换（误差数米）", "precision_note": "高德 POI 点位为背景参考，位置精度数米级；覆盖不代表完整，缺漏不代表不存在"}, "geometry": {"type": "Point", "coordinates": [116.354384, 39.965462]}}, {"type": "Feature", "properties": {"layer": "GAODE_FACILITY_POI", "gaode_poiid": "B000A173B2", "name": "北京城建第四医院", "type": "医疗保健服务;综合医院;综合医院", "address": "王庄路27号", "category": "medical", "source": "DATA-SRC-GAODE-FACILITY-POI-20260814", "official_boundary": false, "usable_for_formal": "background_only", "crs_source": "GCJ-02→WGS84 近似转换（误差数米）", "precision_note": "高德 POI 点位为背景参考，位置精度数米级；覆盖不代表完整，缺漏不代表不存在"}, "geometry": {"type": "Point", "coordinates": [116.332061, 39.994785]}}, {"type": "Feature", "properties": {"layer": "GAODE_FACILITY_POI", "gaode_poiid": "B0IDDUI0QK", "name": "爱芽口腔", "type": "医疗保健服务;医疗保健服务场所;医疗保健服务场所", "address": "学院路6号1号楼1层A还建", "category": "medical", "source": "DATA-SRC-GAODE-FACILITY-POI-20260814", "official_boundary": false, "usable_for_formal": "background_only", "crs_source": "GCJ-02→WGS84 近似转换（误差数米）", "precision_note": "高德 POI 点位为背景参考，位置精度数米级；覆盖不代表完整，缺漏不代表不存在"}, "geometry": {"type": "Point", "coordinates": [116.347294, 39.998776]}}, {"type": "Feature", "properties": {"layer": "GAODE_FACILITY_POI", "gaode_poiid": "B0FFFWE20W", "name": "中国石油勘探开发研究院卫生所", "type": "医疗保健服务;诊所;诊所", "address": "学院路20号", "category": "medical", "source": "DATA-SRC-GAODE-FACILITY-POI-20260814", "official_boundary": false, "usable_for_formal": "background_only", "crs_source": "GCJ-02→WGS84 近似转换（误差数米）", "precision_note": "高德 POI 点位为背景参考，位置精度数米级；覆盖不代表完整，缺漏不代表不存在"}, "geometry": {"type": "Point", "coordinates": [116.357043, 39.996299]}}, {"type": "Feature", "properties": {"layer": "GAODE_FACILITY_POI", "gaode_poiid": "B0FFH89DIM", "name": "海淀区城建四社区卫生服务站", "type": "医疗保健服务;综合医院;卫生院", "address": "学院路街道五道口王庄路27号", "category": "medical", "source": "DATA-SRC-GAODE-FACILITY-POI-20260814", "official_boundary": false, "usable_for_formal": "background_only", "crs_source": "GCJ-02→WGS84 近似转换（误差数米）", "precision_note": "高德 POI 点位为背景参考，位置精度数米级；覆盖不代表完整，缺漏不代表不存在"}, "geometry": {"type": "Point", "coordinates": [116.332173, 39.994764]}}, {"type": "Feature", "properties": {"layer": "GAODE_FACILITY_POI", "gaode_poiid": "B0I65M896U", "name": "百康药房江风清华东路店", "type": "医疗保健服务;医药保健销售店;药房", "address": "学院路6号1号楼1层A还建(六道口地铁站E口步行140米)", "category": "medical", "source": "DATA-SRC-GAODE-FACILITY-POI-20260814", "official_boundary": false, "usable_for_formal": "background_only", "crs_source": "GCJ-02→WGS84 近似转换（误差数米）", "precision_note": "高德 POI 点位为背景参考，位置精度数米级；覆盖不代表完整，缺漏不代表不存在"}, "geometry": {"type": "Point", "coordinates": [116.347283, 39.998675]}}, {"type": "Feature", "properties": {"layer": "GAODE_FACILITY_POI", "gaode_poiid": "B0JA5SHXFT", "name": "欢乐口腔(六道口分院)", "type": "医疗保健服务;医疗保健服务场所;医疗保健服务场所", "address": "学院路6号1号楼1层104、2层跃层", "category": "medical", "source": "DATA-SRC-GAODE-FACILITY-POI-20260814", "official_boundary": false, "usable_for_formal": "background_only", "crs_source": "GCJ-02→WGS84 近似转换（误差数米）", "precision_note": "高德 POI 点位为背景参考，位置精度数米级；覆盖不代表完整，缺漏不代表不存在"}, "geometry": {"type": "Point", "coordinates": [116.347291, 39.999069]}}, {"type": "Feature", "properties": {"layer": "GAODE_FACILITY_POI", "gaode_poiid": "B000A87IOE", "name": "海淀区青云北区社区卫生服务站", "type": "医疗保健服务;综合医院;卫生院", "address": "中关村东路与白塔庵路交叉口西160米", "category": "medical", "source": "DATA-SRC-GAODE-FACILITY-POI-20260814", "official_boundary": false, "usable_for_formal": "background_only", "crs_source": "GCJ-02→WGS84 近似转换（误差数米）", "precision_note": "高德 POI 点位为背景参考，位置精度数米级；覆盖不代表完整，缺漏不代表不存在"}, "geometry": {"type": "Point", "coordinates": [116.325952, 39.973087]}}, {"type": "Feature", "properties": {"layer": "GAODE_FACILITY_POI", "gaode_poiid": "B000AA1GBU", "name": "北京朱晓口腔诊所", "type": "医疗保健服务;专科医院;口腔医院", "address": "龙翔路19号院2号楼一层底商1-7号", "category": "medical", "source": "DATA-SRC-GAODE-FACILITY-POI-20260814", "official_boundary": false, "usable_for_formal": "background_only", "crs_source": "GCJ-02→WGS84 近似转换（误差数米）", "precision_note": "高德 POI 点位为背景参考，位置精度数米级；覆盖不代表完整，缺漏不代表不存在"}, "geometry": {"type": "Point", "coordinates": [116.369266, 39.980974]}}, {"type": "Feature", "properties": {"layer": "GAODE_FACILITY_POI", "gaode_poiid": "B0K26CYIFU", "name": "叮当智慧药房(龙翔路店)", "type": "医疗保健服务;医药保健销售店;药房", "address": "龙翔路19号院2号楼底商", "category": "medical", "source": "DATA-SRC-GAODE-FACILITY-POI-20260814", "official_boundary": false, "usable_for_formal": "background_only", "crs_source": "GCJ-02→WGS84 近似转换（误差数米）", "precision_note": "高德 POI 点位为背景参考，位置精度数米级；覆盖不代表完整，缺漏不代表不存在"}, "geometry": {"type": "Point", "coordinates": [116.369378, 39.98082]}}, {"type": "Feature", "properties": {"layer": "GAODE_FACILITY_POI", "gaode_poiid": "B0G2XOSAX2", "name": "华清数字口腔", "type": "医疗保健服务;专科医院;口腔医院", "address": "华清嘉园西区8号楼", "category": "medical", "source": "DATA-SRC-GAODE-FACILITY-POI-20260814", "official_boundary": false, "usable_for_formal": "background_only", "crs_source": "GCJ-02→WGS84 近似转换（误差数米）", "precision_note": "高德 POI 点位为背景参考，位置精度数米级；覆盖不代表完整，缺漏不代表不存在"}, "geometry": {"type": "Point", "coordinates": [116.32629, 39.9908]}}, {"type": "Feature", "properties": {"layer": "GAODE_FACILITY_POI", "gaode_poiid": "B0FFH14881", "name": "宝芝堂平价大药房(联想桥店)", "type": "医疗保健服务;医药保健销售店;药房", "address": "北京城区中关村东路117号都市网景北门", "category": "medical", "source": "DATA-SRC-GAODE-FACILITY-POI-20260814", "official_boundary": false, "usable_for_formal": "background_only", "crs_source": "GCJ-02→WGS84 近似转换（误差数米）", "precision_note": "高德 POI 点位为背景参考，位置精度数米级；覆盖不代表完整，缺漏不代表不存在"}, "geometry": {"type": "Point", "coordinates": [116.32729, 39.970382]}}, {"type": "Feature", "properties": {"layer": "GAODE_FACILITY_POI", "gaode_poiid": "B0M6XHPSTD", "name": "福寿康医院护工住家陪护", "type": "医疗保健服务;医疗保健服务场所;医疗保健服务场所|体育休闲服务;度假疗养场所;疗养院", "address": "杏坛路与邮电北路交叉口东北80米", "category": "medical", "source": "DATA-SRC-GAODE-FACILITY-POI-20260814", "official_boundary": false, "usable_for_formal": "background_only", "crs_source": "GCJ-02→WGS84 近似转换（误差数米）", "precision_note": "高德 POI 点位为背景参考，位置精度数米级；覆盖不代表完整，缺漏不代表不存在"}, "geometry": {"type": "Point", "coordinates": [116.355312, 39.964452]}}, {"type": "Feature", "properties": {"layer": "GAODE_FACILITY_POI", "gaode_poiid": "B0IGA9UX7P", "name": "北京济安堂药店", "type": "医疗保健服务;医药保健销售店;药房", "address": "成府路35号华清嘉园8号楼底商", "category": "medical", "source": "DATA-SRC-GAODE-FACILITY-POI-20260814", "official_boundary": false, "usable_for_formal": "background_only", "crs_source": "GCJ-02→WGS84 近似转换（误差数米）", "precision_note": "高德 POI 点位为背景参考，位置精度数米级；覆盖不代表完整，缺漏不代表不存在"}, "geometry": {"type": "Point", "coordinates": [116.32624, 39.991015]}}, {"type": "Feature", "properties": {"layer": "GAODE_FACILITY_POI", "gaode_poiid": "B000A7HVKE", "name": "北京济安堂中医门诊部", "type": "医疗保健服务;诊所;诊所", "address": "中关村东路15号2层", "category": "medical", "source": "DATA-SRC-GAODE-FACILITY-POI-20260814", "official_boundary": false, "usable_for_formal": "background_only", "crs_source": "GCJ-02→WGS84 近似转换（误差数米）", "precision_note": "高德 POI 点位为背景参考，位置精度数米级；覆盖不代表完整，缺漏不代表不存在"}, "geometry": {"type": "Point", "coordinates": [116.326289, 39.990986]}}, {"type": "Feature", "properties": {"layer": "GAODE_FACILITY_POI", "gaode_poiid": "B000A30DA2", "name": "北京国都医院", "type": "医疗保健服务;综合医院;综合医院", "address": "北三环中路59号国都医院(北太平庄地铁站A口步行220米)", "category": "medical", "source": "DATA-SRC-GAODE-FACILITY-POI-20260814", "official_boundary": false, "usable_for_formal": "background_only", "crs_source": "GCJ-02→WGS84 近似转换（误差数米）", "precision_note": "高德 POI 点位为背景参考，位置精度数米级；覆盖不代表完整，缺漏不代表不存在"}, "geometry": {"type": "Point", "coordinates": [116.362117, 39.966852]}}, {"type": "Feature", "properties": {"layer": "GAODE_FACILITY_POI", "gaode_poiid": "B0FFG15TX2", "name": "和睦家五道口综合门诊部", "type": "医疗保健服务;诊所;诊所", "address": "王庄路1号清华同方科技广场D座1层", "category": "medical", "source": "DATA-SRC-GAODE-FACILITY-POI-20260814", "official_boundary": false, "usable_for_formal": "background_only", "crs_source": "GCJ-02→WGS84 近似转换（误差数米）", "precision_note": "高德 POI 点位为背景参考，位置精度数米级；覆盖不代表完整，缺漏不代表不存在"}, "geometry": {"type": "Point", "coordinates": [116.33342, 39.997122]}}, {"type": "Feature", "properties": {"layer": "GAODE_FACILITY_POI", "gaode_poiid": "B000A80D22", "name": "学院路街道东王庄社区卫生服务站", "type": "医疗保健服务;综合医院;卫生院", "address": "东王庄11号楼", "category": "medical", "source": "DATA-SRC-GAODE-FACILITY-POI-20260814", "official_boundary": false, "usable_for_formal": "background_only", "crs_source": "GCJ-02→WGS84 近似转换（误差数米）", "precision_note": "高德 POI 点位为背景参考，位置精度数米级；覆盖不代表完整，缺漏不代表不存在"}, "geometry": {"type": "Point", "coordinates": [116.338788, 39.998526]}}, {"type": "Feature", "properties": {"layer": "GAODE_FACILITY_POI", "gaode_poiid": "B0FFFDGX8L", "name": "自然之声助听器(大钟寺店)", "type": "医疗保健服务;医药保健销售店;医疗保健用品", "address": "北三环西路31号大钟寺文化园底商助听器(海宴堂旁大钟寺公交站)", "category": "medical", "source": "DATA-SRC-GAODE-FACILITY-POI-20260814", "official_boundary": false, "usable_for_formal": "background_only", "crs_source": "GCJ-02→WGS84 近似转换（误差数米）", "precision_note": "高德 POI 点位为背景参考，位置精度数米级；覆盖不代表完整，缺漏不代表不存在"}, "geometry": {"type": "Point", "coordinates": [116.330719, 39.966686]}}, {"type": "Feature", "properties": {"layer": "GAODE_FACILITY_POI", "gaode_poiid": "B0FFLGSAZF", "name": "高济百康药房(王庄路店)", "type": "医疗保健服务;医药保健销售店;药房", "address": "东王庄小区11号楼1层101-102", "category": "medical", "source": "DATA-SRC-GAODE-FACILITY-POI-20260814", "official_boundary": false, "usable_for_formal": "background_only", "crs_source": "GCJ-02→WGS84 近似转换（误差数米）", "precision_note": "高德 POI 点位为背景参考，位置精度数米级；覆盖不代表完整，缺漏不代表不存在"}, "geometry": {"type": "Point", "coordinates": [116.338924, 39.998856]}}, {"type": "Feature", "properties": {"layer": "GAODE_FACILITY_POI", "gaode_poiid": "B000A85PWG", "name": "花园路社区卫生服务中心", "type": "医疗保健服务;综合医院;卫生院", "address": "马甸西路月季园小区甲3号", "category": "medical", "source": "DATA-SRC-GAODE-FACILITY-POI-20260814", "official_boundary": false, "usable_for_formal": "background_only", "crs_source": "GCJ-02→WGS84 近似转换（误差数米）", "precision_note": "高德 POI 点位为背景参考，位置精度数米级；覆盖不代表完整，缺漏不代表不存在"}, "geometry": {"type": "Point", "coordinates": [116.368172, 39.971854]}}, {"type": "Feature", "properties": {"layer": "GAODE_FACILITY_POI", "gaode_poiid": "B0H6DLBL56", "name": "泰康拜博口腔(中关村店)", "type": "医疗保健服务;专科医院;口腔医院", "address": "中关村南三街6号中科资源大厦裙楼一层101", "category": "medical", "source": "DATA-SRC-GAODE-FACILITY-POI-20260814", "official_boundary": false, "usable_for_formal": "background_only", "crs_source": "GCJ-02→WGS84 近似转换（误差数米）", "precision_note": "高德 POI 点位为背景参考，位置精度数米级；覆盖不代表完整，缺漏不代表不存在"}, "geometry": {"type": "Point", "coordinates": [116.321496, 39.983505]}}, {"type": "Feature", "properties": {"layer": "GAODE_FACILITY_POI", "gaode_poiid": "B0FFIS45WD", "name": "纳吉亚猫专科动物医院博雅猫分院", "type": "医疗保健服务;动物医疗场所;宠物诊所", "address": "龙翔路1号商用楼3号底商(海鲜大卖场对面、高德大厦东侧)", "category": "medical", "source": "DATA-SRC-GAODE-FACILITY-POI-20260814", "official_boundary": false, "usable_for_formal": "background_only", "crs_source": "GCJ-02→WGS84 近似转换（误差数米）", "precision_note": "高德 POI 点位为背景参考，位置精度数米级；覆盖不代表完整，缺漏不代表不存在"}, "geometry": {"type": "Point", "coordinates": [116.370641, 39.980577]}}, {"type": "Feature", "properties": {"layer": "GAODE_FACILITY_POI", "gaode_poiid": "B0FFJILEG0", "name": "北京市海淀区天秀口腔门诊部(中关村门诊部)", "type": "医疗保健服务;专科医院;口腔医院", "address": "中关村东路118号金五星科技园写字楼北楼西区2层", "category": "medical", "source": "DATA-SRC-GAODE-FACILITY-POI-20260814", "official_boundary": false, "usable_for_formal": "background_only", "crs_source": "GCJ-02→WGS84 近似转换（误差数米）", "precision_note": "高德 POI 点位为背景参考，位置精度数米级；覆盖不代表完整，缺漏不代表不存在"}, "geometry": {"type": "Point", "coordinates": [116.328491, 39.968294]}}, {"type": "Feature", "properties": {"layer": "GAODE_FACILITY_POI", "gaode_poiid": "B0FFF2BH6X", "name": "中国航天科技集团有限公司第五研究院第502研究所门诊部", "type": "医疗保健服务;诊所;诊所", "address": "中关村南三街16号(知春里地铁站A西北口步行450米)", "category": "medical", "source": "DATA-SRC-GAODE-FACILITY-POI-20260814", "official_boundary": false, "usable_for_formal": "background_only", "crs_source": "GCJ-02→WGS84 近似转换（误差数米）", "precision_note": "高德 POI 点位为背景参考，位置精度数米级；覆盖不代表完整，缺漏不代表不存在"}, "geometry": {"type": "Point", "coordinates": [116.321767, 39.979109]}}, {"type": "Feature", "properties": {"layer": "GAODE_FACILITY_POI", "gaode_poiid": "B0IRNNXA4F", "name": "MODX(北京)国都体检中心", "type": "医疗保健服务;综合医院;综合医院", "address": "北京国都医院(北太平庄地铁站A口步行230米)", "category": "medical", "source": "DATA-SRC-GAODE-FACILITY-POI-20260814", "official_boundary": false, "usable_for_formal": "background_only", "crs_source": "GCJ-02→WGS84 近似转换（误差数米）", "precision_note": "高德 POI 点位为背景参考，位置精度数米级；覆盖不代表完整，缺漏不代表不存在"}, "geometry": {"type": "Point", "coordinates": [116.362101, 39.966742]}}, {"type": "Feature", "properties": {"layer": "GAODE_FACILITY_POI", "gaode_poiid": "B0FFKEYOW6", "name": "北京市海淀区学院路街道二里庄社区卫生服务站", "type": "医疗保健服务;医疗保健服务场所;医疗保健服务场所", "address": "志新西路二里庄5号楼一层", "category": "medical", "source": "DATA-SRC-GAODE-FACILITY-POI-20260814", "official_boundary": false, "usable_for_formal": "background_only", "crs_source": "GCJ-02→WGS84 近似转换（误差数米）", "precision_note": "高德 POI 点位为背景参考，位置精度数米级；覆盖不代表完整，缺漏不代表不存在"}, "geometry": {"type": "Point", "coordinates": [116.360569, 39.996773]}}, {"type": "Feature", "properties": {"layer": "GAODE_FACILITY_POI", "gaode_poiid": "B0LDHRL29B", "name": "北大医疗健康管理中心-体检中心(北三环店)", "type": "医疗保健服务;医疗保健服务场所;医疗保健服务场所", "address": "城建大厦C座西门南50米(北太平庄地铁站B口步行70米)", "category": "medical", "source": "DATA-SRC-GAODE-FACILITY-POI-20260814", "official_boundary": false, "usable_for_formal": "background_only", "crs_source": "GCJ-02→WGS84 近似转换（误差数米）", "precision_note": "高德 POI 点位为背景参考，位置精度数米级；覆盖不代表完整，缺漏不代表不存在"}, "geometry": {"type": "Point", "coordinates": [116.364447, 39.967589]}}, {"type": "Feature", "properties": {"layer": "GAODE_FACILITY_POI", "gaode_poiid": "B000A85RA6", "name": "同仁堂北太平庄药店(医保定点)", "type": "医疗保健服务;医药保健销售店;药房", "address": "北太平庄路18号C101、C102-03", "category": "medical", "source": "DATA-SRC-GAODE-FACILITY-POI-20260814", "official_boundary": false, "usable_for_formal": "background_only", "crs_source": "GCJ-02→WGS84 近似转换（误差数米）", "precision_note": "高德 POI 点位为背景参考，位置精度数米级；覆盖不代表完整，缺漏不代表不存在"}, "geometry": {"type": "Point", "coordinates": [116.36439, 39.967868]}}, {"type": "Feature", "properties": {"layer": "GAODE_FACILITY_POI", "gaode_poiid": "B0K0RAMZPX", "name": "北大医疗怡健殿健康管理中心(北三环中心)", "type": "医疗保健服务;医疗保健服务场所;医疗保健服务场所", "address": "北太平庄路18号一层C甲101二层C甲201-202", "category": "medical", "source": "DATA-SRC-GAODE-FACILITY-POI-20260814", "official_boundary": false, "usable_for_formal": "background_only", "crs_source": "GCJ-02→WGS84 近似转换（误差数米）", "precision_note": "高德 POI 点位为背景参考，位置精度数米级；覆盖不代表完整，缺漏不代表不存在"}, "geometry": {"type": "Point", "coordinates": [116.36444, 39.96758]}}, {"type": "Feature", "properties": {"layer": "GAODE_FACILITY_POI", "gaode_poiid": "B0JAAAH3UG", "name": "清荷健康养生馆", "type": "医疗保健服务;医疗保健服务场所;医疗保健服务场所", "address": "牡丹园北里12号楼一楼", "category": "medical", "source": "DATA-SRC-GAODE-FACILITY-POI-20260814", "official_boundary": false, "usable_for_formal": "background_only", "crs_source": "GCJ-02→WGS84 近似转换（误差数米）", "precision_note": "高德 POI 点位为背景参考，位置精度数米级；覆盖不代表完整，缺漏不代表不存在"}, "geometry": {"type": "Point", "coordinates": [116.370933, 39.978945]}}, {"type": "Feature", "properties": {"layer": "GAODE_FACILITY_POI", "gaode_poiid": "B0IDFUSU1A", "name": "花园路社区卫生服务中心驾驶人体检医院", "type": "医疗保健服务;医疗保健服务场所;医疗保健服务场所", "address": "马甸西路月季园小区甲3号", "category": "medical", "source": "DATA-SRC-GAODE-FACILITY-POI-20260814", "official_boundary": false, "usable_for_formal": "background_only", "crs_source": "GCJ-02→WGS84 近似转换（误差数米）", "precision_note": "高德 POI 点位为背景参考，位置精度数米级；覆盖不代表完整，缺漏不代表不存在"}, "geometry": {"type": "Point", "coordinates": [116.368106, 39.971996]}}, {"type": "Feature", "properties": {"layer": "GAODE_FACILITY_POI", "gaode_poiid": "B0FFM9J0WJ", "name": "康谛尔美容养生健康管理有限公司", "type": "医疗保健服务;医疗保健服务场所;医疗保健服务场所", "address": "西王庄 5 号底商", "category": "medical", "source": "DATA-SRC-GAODE-FACILITY-POI-20260814", "official_boundary": false, "usable_for_formal": "background_only", "crs_source": "GCJ-02→WGS84 近似转换（误差数米）", "precision_note": "高德 POI 点位为背景参考，位置精度数米级；覆盖不代表完整，缺漏不代表不存在"}, "geometry": {"type": "Point", "coordinates": [116.329631, 39.995562]}}, {"type": "Feature", "properties": {"layer": "GAODE_FACILITY_POI", "gaode_poiid": "B000A85QWH", "name": "冀州堂大药房", "type": "医疗保健服务;医药保健销售店;药房", "address": "东王庄小区西门33号楼", "category": "medical", "source": "DATA-SRC-GAODE-FACILITY-POI-20260814", "official_boundary": false, "usable_for_formal": "background_only", "crs_source": "GCJ-02→WGS84 近似转换（误差数米）", "precision_note": "高德 POI 点位为背景参考，位置精度数米级；覆盖不代表完整，缺漏不代表不存在"}, "geometry": {"type": "Point", "coordinates": [116.334198, 39.997957]}}, {"type": "Feature", "properties": {"layer": "GAODE_FACILITY_POI", "gaode_poiid": "B0L6GCY7XA", "name": "头头象T头疗玩家", "type": "医疗保健服务;医疗保健服务场所;医疗保健服务场所", "address": "西王庄社区5号底商", "category": "medical", "source": "DATA-SRC-GAODE-FACILITY-POI-20260814", "official_boundary": false, "usable_for_formal": "background_only", "crs_source": "GCJ-02→WGS84 近似转换（误差数米）", "precision_note": "高德 POI 点位为背景参考，位置精度数米级；覆盖不代表完整，缺漏不代表不存在"}, "geometry": {"type": "Point", "coordinates": [116.329562, 39.995629]}}, {"type": "Feature", "properties": {"layer": "GAODE_FACILITY_POI", "gaode_poiid": "B0GR0CVPJI", "name": "北京美中宜和北三环妇儿医院", "type": "医疗保健服务;专科医院;妇科医院", "address": "新街口外大街1号(北太平庄地铁站D1口旁)", "category": "medical", "source": "DATA-SRC-GAODE-FACILITY-POI-20260814", "official_boundary": false, "usable_for_formal": "background_only", "crs_source": "GCJ-02→WGS84 近似转换（误差数米）", "precision_note": "高德 POI 点位为背景参考，位置精度数米级；覆盖不代表完整，缺漏不代表不存在"}, "geometry": {"type": "Point", "coordinates": [116.363347, 39.965845]}}, {"type": "Feature", "properties": {"layer": "GAODE_FACILITY_POI", "gaode_poiid": "B0LANAXFPX", "name": "美中宜和生殖中心(北三环院区)", "type": "医疗保健服务;医疗保健服务场所;医疗保健服务场所", "address": "新街口外大街辅路与北三环中路辅路交叉口西南60米", "category": "medical", "source": "DATA-SRC-GAODE-FACILITY-POI-20260814", "official_boundary": false, "usable_for_formal": "background_only", "crs_source": "GCJ-02→WGS84 近似转换（误差数米）", "precision_note": "高德 POI 点位为背景参考，位置精度数米级；覆盖不代表完整，缺漏不代表不存在"}, "geometry": {"type": "Point", "coordinates": [116.363349, 39.965841]}}, {"type": "Feature", "properties": {"layer": "GAODE_FACILITY_POI", "gaode_poiid": "B0HKTZ1U4D", "name": "京杏堂健康医疗", "type": "医疗保健服务;医药保健销售店;医疗保健用品", "address": "双榆树东里29号楼(东门)", "category": "medical", "source": "DATA-SRC-GAODE-FACILITY-POI-20260814", "official_boundary": false, "usable_for_formal": "background_only", "crs_source": "GCJ-02→WGS84 近似转换（误差数米）", "precision_note": "高德 POI 点位为背景参考，位置精度数米级；覆盖不代表完整，缺漏不代表不存在"}, "geometry": {"type": "Point", "coordinates": [116.327423, 39.967025]}}, {"type": "Feature", "properties": {"layer": "GAODE_FACILITY_POI", "gaode_poiid": "B000A7ZQJY", "name": "佳美口腔(清华园店)", "type": "医疗保健服务;专科医院;口腔医院", "address": "北京城区中关村东路1号院8号楼A座102单元", "category": "medical", "source": "DATA-SRC-GAODE-FACILITY-POI-20260814", "official_boundary": false, "usable_for_formal": "background_only", "crs_source": "GCJ-02→WGS84 近似转换（误差数米）", "precision_note": "高德 POI 点位为背景参考，位置精度数米级；覆盖不代表完整，缺漏不代表不存在"}, "geometry": {"type": "Point", "coordinates": [116.32436, 39.992747]}}, {"type": "Feature", "properties": {"layer": "GAODE_FACILITY_POI", "gaode_poiid": "B0IG65FA4V", "name": "易宏堂四道口诊所内科口腔科", "type": "医疗保健服务;专科医院;口腔医院|医疗保健服务;诊所;诊所", "address": "北下关华杰大厦C座底商", "category": "medical", "source": "DATA-SRC-GAODE-FACILITY-POI-20260814", "official_boundary": false, "usable_for_formal": "background_only", "crs_source": "GCJ-02→WGS84 近似转换（误差数米）", "precision_note": "高德 POI 点位为背景参考，位置精度数米级；覆盖不代表完整，缺漏不代表不存在"}, "geometry": {"type": "Point", "coordinates": [116.334355, 39.963438]}}, {"type": "Feature", "properties": {"layer": "GAODE_FACILITY_POI", "gaode_poiid": "B0L24COZJD", "name": "科大讯飞智能助听器旗舰店(大钟寺店)", "type": "医疗保健服务;医药保健销售店;医疗保健用品", "address": "华杰大厦B座-负1层A10室(瑞幸咖啡楼下)", "category": "medical", "source": "DATA-SRC-GAODE-FACILITY-POI-20260814", "official_boundary": false, "usable_for_formal": "background_only", "crs_source": "GCJ-02→WGS84 近似转换（误差数米）", "precision_note": "高德 POI 点位为背景参考，位置精度数米级；覆盖不代表完整，缺漏不代表不存在"}, "geometry": {"type": "Point", "coordinates": [116.334927, 39.963082]}}, {"type": "Feature", "properties": {"layer": "GAODE_FACILITY_POI", "gaode_poiid": "B000A8VP0A", "name": "海淀区大华社区卫生服务站", "type": "医疗保健服务;综合医院;卫生院", "address": "学院路14号院17号楼对面", "category": "medical", "source": "DATA-SRC-GAODE-FACILITY-POI-20260814", "official_boundary": false, "usable_for_formal": "background_only", "crs_source": "GCJ-02→WGS84 近似转换（误差数米）", "precision_note": "高德 POI 点位为背景参考，位置精度数米级；覆盖不代表完整，缺漏不代表不存在"}, "geometry": {"type": "Point", "coordinates": [116.343721, 40.001183]}}, {"type": "Feature", "properties": {"layer": "GAODE_FACILITY_POI", "gaode_poiid": "B000AA1EQO", "name": "海升堂大药房(联想桥店)", "type": "医疗保健服务;医药保健销售店;药房", "address": "大钟寺133号楼", "category": "medical", "source": "DATA-SRC-GAODE-FACILITY-POI-20260814", "official_boundary": false, "usable_for_formal": "background_only", "crs_source": "GCJ-02→WGS84 近似转换（误差数米）", "precision_note": "高德 POI 点位为背景参考，位置精度数米级；覆盖不代表完整，缺漏不代表不存在"}, "geometry": {"type": "Point", "coordinates": [116.33296, 39.963474]}}, {"type": "Feature", "properties": {"layer": "GAODE_FACILITY_POI", "gaode_poiid": "B0MANCQ4U7", "name": "京杏堂中医馆", "type": "医疗保健服务;诊所;诊所", "address": "中关村东路与北三环西路辅路交叉口西北80米", "category": "medical", "source": "DATA-SRC-GAODE-FACILITY-POI-20260814", "official_boundary": false, "usable_for_formal": "background_only", "crs_source": "GCJ-02→WGS84 近似转换（误差数米）", "precision_note": "高德 POI 点位为背景参考，位置精度数米级；覆盖不代表完整，缺漏不代表不存在"}, "geometry": {"type": "Point", "coordinates": [116.327371, 39.966901]}}, {"type": "Feature", "properties": {"layer": "GAODE_FACILITY_POI", "gaode_poiid": "B0L3V7ID31", "name": "叮当智慧药房(二里庄店)", "type": "医疗保健服务;医药保健销售店;药房", "address": "清华东路9号院1号楼底商(北沙滩地铁站A西北口步行420米)", "category": "medical", "source": "DATA-SRC-GAODE-FACILITY-POI-20260814", "official_boundary": false, "usable_for_formal": "background_only", "crs_source": "GCJ-02→WGS84 近似转换（误差数米）", "precision_note": "高德 POI 点位为背景参考，位置精度数米级；覆盖不代表完整，缺漏不代表不存在"}, "geometry": {"type": "Point", "coordinates": [116.356499, 40.000313]}}, {"type": "Feature", "properties": {"layer": "GAODE_FACILITY_POI", "gaode_poiid": "B0LKB5TFRB", "name": "博兴宠物医院", "type": "医疗保健服务;动物医疗场所;宠物诊所", "address": "北京城区北京城区知春路99号(科南路东南小区)", "category": "medical", "source": "DATA-SRC-GAODE-FACILITY-POI-20260814", "official_boundary": false, "usable_for_formal": "background_only", "crs_source": "GCJ-02→WGS84 近似转换（误差数米）", "precision_note": "高德 POI 点位为背景参考，位置精度数米级；覆盖不代表完整，缺漏不代表不存在"}, "geometry": {"type": "Point", "coordinates": [116.320163, 39.975383]}}, {"type": "Feature", "properties": {"layer": "GAODE_FACILITY_POI", "gaode_poiid": "B0FFFAHH1C", "name": "海淀区有研总院社区卫生服务站", "type": "医疗保健服务;综合医院;卫生院", "address": "新街口外大街3号院13号(北太平庄地铁站C口步行240米)", "category": "medical", "source": "DATA-SRC-GAODE-FACILITY-POI-20260814", "official_boundary": false, "usable_for_formal": "background_only", "crs_source": "GCJ-02→WGS84 近似转换（误差数米）", "precision_note": "高德 POI 点位为背景参考，位置精度数米级；覆盖不代表完整，缺漏不代表不存在"}, "geometry": {"type": "Point", "coordinates": [116.363102, 39.964743]}}, {"type": "Feature", "properties": {"layer": "GAODE_FACILITY_POI", "gaode_poiid": "B000A7VLCC", "name": "中国农业大学东校区社区卫生服务中心", "type": "医疗保健服务;诊所;诊所", "address": "清华东路17号中国农业大学东校区", "category": "medical", "source": "DATA-SRC-GAODE-FACILITY-POI-20260814", "official_boundary": false, "usable_for_formal": "background_only", "crs_source": "GCJ-02→WGS84 近似转换（误差数米）", "precision_note": "高德 POI 点位为背景参考，位置精度数米级；覆盖不代表完整，缺漏不代表不存在"}, "geometry": {"type": "Point", "coordinates": [116.348069, 40.002092]}}, {"type": "Feature", "properties": {"layer": "GAODE_FACILITY_POI", "gaode_poiid": "B000A8VUCN", "name": "北京诚志门诊部", "type": "医疗保健服务;医疗保健服务场所;医疗保健服务场所", "address": "清华科技园创新大厦A座B1层(清华大学东门外)", "category": "medical", "source": "DATA-SRC-GAODE-FACILITY-POI-20260814", "official_boundary": false, "usable_for_formal": "background_only", "crs_source": "GCJ-02→WGS84 近似转换（误差数米）", "precision_note": "高德 POI 点位为背景参考，位置精度数米级；覆盖不代表完整，缺漏不代表不存在"}, "geometry": {"type": "Point", "coordinates": [116.325073, 39.994464]}}, {"type": "Feature", "properties": {"layer": "GAODE_FACILITY_POI", "gaode_poiid": "B0FFFAIUA3", "name": "海淀区知春东里社区卫生服务站", "type": "医疗保健服务;综合医院;卫生院", "address": "知春东里社区9号楼109-110室", "category": "medical", "source": "DATA-SRC-GAODE-FACILITY-POI-20260814", "official_boundary": false, "usable_for_formal": "background_only", "crs_source": "GCJ-02→WGS84 近似转换（误差数米）", "precision_note": "高德 POI 点位为背景参考，位置精度数米级；覆盖不代表完整，缺漏不代表不存在"}, "geometry": {"type": "Point", "coordinates": [116.320494, 39.974453]}}, {"type": "Feature", "properties": {"layer": "GAODE_FACILITY_POI", "gaode_poiid": "B0HAZ5858K", "name": "北京卓马口腔", "type": "医疗保健服务;专科医院;口腔医院", "address": "成府路1号院文津国际公寓F1层", "category": "medical", "source": "DATA-SRC-GAODE-FACILITY-POI-20260814", "official_boundary": false, "usable_for_formal": "background_only", "crs_source": "GCJ-02→WGS84 近似转换（误差数米）", "precision_note": "高德 POI 点位为背景参考，位置精度数米级；覆盖不代表完整，缺漏不代表不存在"}, "geometry": {"type": "Point", "coordinates": [116.322204, 39.991803]}}, {"type": "Feature", "properties": {"layer": "GAODE_FACILITY_POI", "gaode_poiid": "B0L2H7AUMJ", "name": "中国移动(首享营业厅)", "type": "购物服务;家电电子卖场;手机销售|生活服务;电讯营业厅;中国移动营业厅", "address": "学院路51号首享科技大厦一层", "category": "shopping", "source": "DATA-SRC-GAODE-FACILITY-POI-20260814", "official_boundary": false, "usable_for_formal": "background_only", "crs_source": "GCJ-02→WGS84 近似转换（误差数米）", "precision_note": "高德 POI 点位为背景参考，位置精度数米级；覆盖不代表完整，缺漏不代表不存在"}, "geometry": {"type": "Point", "coordinates": [116.346775, 39.976734]}}, {"type": "Feature", "properties": {"layer": "GAODE_FACILITY_POI", "gaode_poiid": "B0K60A1SM9", "name": "京徽阁·地道徽菜(学院桥店)", "type": "购物服务;综合市场;农副产品市场|餐饮服务;餐饮相关场所;餐饮相关", "address": "北四环中路辅路与学院桥交叉口西140米", "category": "shopping", "source": "DATA-SRC-GAODE-FACILITY-POI-20260814", "official_boundary": false, "usable_for_formal": "background_only", "crs_source": "GCJ-02→WGS84 近似转换（误差数米）", "precision_note": "高德 POI 点位为背景参考，位置精度数米级；覆盖不代表完整，缺漏不代表不存在"}, "geometry": {"type": "Point", "coordinates": [116.345104, 39.985868]}}, {"type": "Feature", "properties": {"layer": "GAODE_FACILITY_POI", "gaode_poiid": "B0LGXDDL6W", "name": "中国移动", "type": "购物服务;家电电子卖场;手机销售", "address": "学院路40号二区2号平房第二间", "category": "shopping", "source": "DATA-SRC-GAODE-FACILITY-POI-20260814", "official_boundary": false, "usable_for_formal": "background_only", "crs_source": "GCJ-02→WGS84 近似转换（误差数米）", "precision_note": "高德 POI 点位为背景参考，位置精度数米级；覆盖不代表完整，缺漏不代表不存在"}, "geometry": {"type": "Point", "coordinates": [116.352362, 39.980048]}}, {"type": "Feature", "properties": {"layer": "GAODE_FACILITY_POI", "gaode_poiid": "B0FFHFMXLS", "name": "小牛电动(海淀店)", "type": "购物服务;专卖店;自行车专卖店", "address": "北四环中路248-1号", "category": "shopping", "source": "DATA-SRC-GAODE-FACILITY-POI-20260814", "official_boundary": false, "usable_for_formal": "background_only", "crs_source": "GCJ-02→WGS84 近似转换（误差数米）", "precision_note": "高德 POI 点位为背景参考，位置精度数米级；覆盖不代表完整，缺漏不代表不存在"}, "geometry": {"type": "Point", "coordinates": [116.340092, 39.984856]}}, {"type": "Feature", "properties": {"layer": "GAODE_FACILITY_POI", "gaode_poiid": "B000A7SQD7", "name": "超市发(北航店)", "type": "购物服务;超级市场;超市", "address": "学院路37号北京航空航天大学院内", "category": "shopping", "source": "DATA-SRC-GAODE-FACILITY-POI-20260814", "official_boundary": false, "usable_for_formal": "background_only", "crs_source": "GCJ-02→WGS84 近似转换（误差数米）", "precision_note": "高德 POI 点位为背景参考，位置精度数米级；覆盖不代表完整，缺漏不代表不存在"}, "geometry": {"type": "Point", "coordinates": [116.337896, 39.980764]}}, {"type": "Feature", "properties": {"layer": "GAODE_FACILITY_POI", "gaode_poiid": "B000A833SP", "name": "超市发(朗秋园店)", "type": "购物服务;超级市场;超市", "address": "花园北路甲44号(塔院朗秋园北门旁)", "category": "shopping", "source": "DATA-SRC-GAODE-FACILITY-POI-20260814", "official_boundary": false, "usable_for_formal": "background_only", "crs_source": "GCJ-02→WGS84 近似转换（误差数米）", "precision_note": "高德 POI 点位为背景参考，位置精度数米级；覆盖不代表完整，缺漏不代表不存在"}, "geometry": {"type": "Point", "coordinates": [116.35462, 39.980112]}}, {"type": "Feature", "properties": {"layer": "GAODE_FACILITY_POI", "gaode_poiid": "B0K11HQM3A", "name": "阿波罗眼镜北航店(蔡司依视路折扣店)", "type": "购物服务;专卖店;眼镜店", "address": "北京城区学院路37号院北京航空航天大学校内家属区302住宅楼1单元101号", "category": "shopping", "source": "DATA-SRC-GAODE-FACILITY-POI-20260814", "official_boundary": false, "usable_for_formal": "background_only", "crs_source": "GCJ-02→WGS84 近似转换（误差数米）", "precision_note": "高德 POI 点位为背景参考，位置精度数米级；覆盖不代表完整，缺漏不代表不存在"}, "geometry": {"type": "Point", "coordinates": [116.337888, 39.980384]}}, {"type": "Feature", "properties": {"layer": "GAODE_FACILITY_POI", "gaode_poiid": "B0FFJZKYII", "name": "7-ELEVEn(知春嘉园店)", "type": "购物服务;便民商店/便利店;7-ELEVEn便利店", "address": "知春路17号商业车库一层005", "category": "shopping", "source": "DATA-SRC-GAODE-FACILITY-POI-20260814", "official_boundary": false, "usable_for_formal": "background_only", "crs_source": "GCJ-02→WGS84 近似转换（误差数米）", "precision_note": "高德 POI 点位为背景参考，位置精度数米级；覆盖不代表完整，缺漏不代表不存在"}, "geometry": {"type": "Point", "coordinates": [116.341373, 39.975447]}}, {"type": "Feature", "properties": {"layer": "GAODE_FACILITY_POI", "gaode_poiid": "B000A8W9KS", "name": "美利达自行车(北航店)", "type": "购物服务;专卖店;自行车专卖店", "address": "北四环中路北航北门向东100米", "category": "shopping", "source": "DATA-SRC-GAODE-FACILITY-POI-20260814", "official_boundary": false, "usable_for_formal": "background_only", "crs_source": "GCJ-02→WGS84 近似转换（误差数米）", "precision_note": "高德 POI 点位为背景参考，位置精度数米级；覆盖不代表完整，缺漏不代表不存在"}, "geometry": {"type": "Point", "coordinates": [116.338615, 39.984787]}}, {"type": "Feature", "properties": {"layer": "GAODE_FACILITY_POI", "gaode_poiid": "B0FFHHSL17", "name": "莫奇(五道口店)", "type": "生活服务;美容美发店;美容美发店|购物服务;服装鞋帽皮具店;服装鞋帽皮具店", "address": "海淀区北四环中路辅路252-2号莫奇造型(北航店)", "category": "shopping", "source": "DATA-SRC-GAODE-FACILITY-POI-20260814", "official_boundary": false, "usable_for_formal": "background_only", "crs_source": "GCJ-02→WGS84 近似转换（误差数米）", "precision_note": "高德 POI 点位为背景参考，位置精度数米级；覆盖不代表完整，缺漏不代表不存在"}, "geometry": {"type": "Point", "coordinates": [116.338855, 39.984801]}}, {"type": "Feature", "properties": {"layer": "GAODE_FACILITY_POI", "gaode_poiid": "B0FFK6DBY8", "name": "便利蜂(量子银座店)", "type": "购物服务;便民商店/便利店;便民商店/便利店", "address": "学院路(知春路地铁站F东北口步行370米)", "category": "shopping", "source": "DATA-SRC-GAODE-FACILITY-POI-20260814", "official_boundary": false, "usable_for_formal": "background_only", "crs_source": "GCJ-02→WGS84 近似转换（误差数米）", "precision_note": "高德 POI 点位为背景参考，位置精度数米级；覆盖不代表完整，缺漏不代表不存在"}, "geometry": {"type": "Point", "coordinates": [116.339528, 39.976235]}}, {"type": "Feature", "properties": {"layer": "GAODE_FACILITY_POI", "gaode_poiid": "B000A7BIXV", "name": "宝岛眼镜(北京大运村店)", "type": "购物服务;专卖店;眼镜店", "address": "知春路17号商业车库1层031", "category": "shopping", "source": "DATA-SRC-GAODE-FACILITY-POI-20260814", "official_boundary": false, "usable_for_formal": "background_only", "crs_source": "GCJ-02→WGS84 近似转换（误差数米）", "precision_note": "高德 POI 点位为背景参考，位置精度数米级；覆盖不代表完整，缺漏不代表不存在"}, "geometry": {"type": "Point", "coordinates": [116.340533, 39.975399]}}, {"type": "Feature", "properties": {"layer": "GAODE_FACILITY_POI", "gaode_poiid": "B0FFIPT5WH", "name": "花媞flower创意空间", "type": "购物服务;花鸟鱼虫市场;花卉市场|生活服务;美容美发店;美容美发店", "address": "知春路25号7号楼一层6号", "category": "shopping", "source": "DATA-SRC-GAODE-FACILITY-POI-20260814", "official_boundary": false, "usable_for_formal": "background_only", "crs_source": "GCJ-02→WGS84 近似转换（误差数米）", "precision_note": "高德 POI 点位为背景参考，位置精度数米级；覆盖不代表完整，缺漏不代表不存在"}, "geometry": {"type": "Point", "coordinates": [116.339189, 39.97625]}}, {"type": "Feature", "properties": {"layer": "GAODE_FACILITY_POI", "gaode_poiid": "B0FFFAHLX1", "name": "中国移动(锦秋国际营业厅)", "type": "生活服务;电讯营业厅;中国移动营业厅|购物服务;家电电子卖场;手机销售", "address": "知春路6号1层01A02号", "category": "shopping", "source": "DATA-SRC-GAODE-FACILITY-POI-20260814", "official_boundary": false, "usable_for_formal": "background_only", "crs_source": "GCJ-02→WGS84 近似转换（误差数米）", "precision_note": "高德 POI 点位为背景参考，位置精度数米级；覆盖不代表完整，缺漏不代表不存在"}, "geometry": {"type": "Point", "coordinates": [116.342417, 39.97429]}}, {"type": "Feature", "properties": {"layer": "GAODE_FACILITY_POI", "gaode_poiid": "B000A27D63", "name": "塔院邮政所", "type": "生活服务;邮局;邮局|购物服务;便民商店/便利店;便民商店/便利店|公共设施;报刊亭;报刊亭", "address": "塔院迎春园8号楼(西土城地铁站C东南口步行440米)", "category": "shopping", "source": "DATA-SRC-GAODE-FACILITY-POI-20260814", "official_boundary": false, "usable_for_formal": "background_only", "crs_source": "GCJ-02→WGS84 近似转换（误差数米）", "precision_note": "高德 POI 点位为背景参考，位置精度数米级；覆盖不代表完整，缺漏不代表不存在"}, "geometry": {"type": "Point", "coordinates": [116.352788, 39.975464]}}, {"type": "Feature", "properties": {"layer": "GAODE_FACILITY_POI", "gaode_poiid": "B0GR6U098O", "name": "贵州茅台专卖(知春路店)", "type": "购物服务;专卖店;烟酒专卖店", "address": "北京城区知春路丽亭华苑酒店内大堂1层", "category": "shopping", "source": "DATA-SRC-GAODE-FACILITY-POI-20260814", "official_boundary": false, "usable_for_formal": "background_only", "crs_source": "GCJ-02→WGS84 近似转换（误差数米）", "precision_note": "高德 POI 点位为背景参考，位置精度数米级；覆盖不代表完整，缺漏不代表不存在"}, "geometry": {"type": "Point", "coordinates": [116.338778, 39.975923]}}, {"type": "Feature", "properties": {"layer": "GAODE_FACILITY_POI", "gaode_poiid": "B0G0D9C8LS", "name": "幸福365生鲜超市(塔院店)", "type": "购物服务;超级市场;超市", "address": "迎春园1号楼", "category": "shopping", "source": "DATA-SRC-GAODE-FACILITY-POI-20260814", "official_boundary": false, "usable_for_formal": "background_only", "crs_source": "GCJ-02→WGS84 近似转换（误差数米）", "precision_note": "高德 POI 点位为背景参考，位置精度数米级；覆盖不代表完整，缺漏不代表不存在"}, "geometry": {"type": "Point", "coordinates": [116.354058, 39.975788]}}, {"type": "Feature", "properties": {"layer": "GAODE_FACILITY_POI", "gaode_poiid": "B0FFIUVLO8", "name": "大地书院", "type": "购物服务;专卖店;书店|科教文化服务;科教文化场所;科教文化场所", "address": "学院路31号地质出版社旁", "category": "shopping", "source": "DATA-SRC-GAODE-FACILITY-POI-20260814", "official_boundary": false, "usable_for_formal": "background_only", "crs_source": "GCJ-02→WGS84 近似转换（误差数米）", "precision_note": "高德 POI 点位为背景参考，位置精度数米级；覆盖不代表完整，缺漏不代表不存在"}, "geometry": {"type": "Point", "coordinates": [116.339962, 39.987586]}}, {"type": "Feature", "properties": {"layer": "GAODE_FACILITY_POI", "gaode_poiid": "B000A7OI63", "name": "宝岛眼镜(北京北医三院店)", "type": "购物服务;专卖店;眼镜店", "address": "花园北路甲45号", "category": "shopping", "source": "DATA-SRC-GAODE-FACILITY-POI-20260814", "official_boundary": false, "usable_for_formal": "background_only", "crs_source": "GCJ-02→WGS84 近似转换（误差数米）", "precision_note": "高德 POI 点位为背景参考，位置精度数米级；覆盖不代表完整，缺漏不代表不存在"}, "geometry": {"type": "Point", "coordinates": [116.357083, 39.980558]}}, {"type": "Feature", "properties": {"layer": "GAODE_FACILITY_POI", "gaode_poiid": "B000AA1F67", "name": "捷安特自行车(北四环中路店)", "type": "购物服务;专卖店;自行车专卖店", "address": "北四环中路279号学院桥向西500米辅路", "category": "shopping", "source": "DATA-SRC-GAODE-FACILITY-POI-20260814", "official_boundary": false, "usable_for_formal": "background_only", "crs_source": "GCJ-02→WGS84 近似转换（误差数米）", "precision_note": "高德 POI 点位为背景参考，位置精度数米级；覆盖不代表完整，缺漏不代表不存在"}, "geometry": {"type": "Point", "coordinates": [116.337007, 39.98569]}}, {"type": "Feature", "properties": {"layer": "GAODE_FACILITY_POI", "gaode_poiid": "B0J2BCP8ML", "name": "手机维修中国移动", "type": "购物服务;家电电子卖场;手机销售|生活服务;生活服务场所;生活服务场所", "address": "北京城区花园北路甲40号", "category": "shopping", "source": "DATA-SRC-GAODE-FACILITY-POI-20260814", "official_boundary": false, "usable_for_formal": "background_only", "crs_source": "GCJ-02→WGS84 近似转换（误差数米）", "precision_note": "高德 POI 点位为背景参考，位置精度数米级；覆盖不代表完整，缺漏不代表不存在"}, "geometry": {"type": "Point", "coordinates": [116.357142, 39.980212]}}, {"type": "Feature", "properties": {"layer": "GAODE_FACILITY_POI", "gaode_poiid": "B0FFIRCMD9", "name": "7-ELEVEn(西土城路店)", "type": "购物服务;便民商店/便利店;7-ELEVEn便利店", "address": "西土城路1号院蓟门壹号底商", "category": "shopping", "source": "DATA-SRC-GAODE-FACILITY-POI-20260814", "official_boundary": false, "usable_for_formal": "background_only", "crs_source": "GCJ-02→WGS84 近似转换（误差数米）", "precision_note": "高德 POI 点位为背景参考，位置精度数米级；覆盖不代表完整，缺漏不代表不存在"}, "geometry": {"type": "Point", "coordinates": [116.346393, 39.972556]}}, {"type": "Feature", "properties": {"layer": "GAODE_FACILITY_POI", "gaode_poiid": "B000A80CGD", "name": "物美便利店(北科大店)", "type": "购物服务;便民商店/便利店;便民商店/便利店", "address": "学园路30号北京科技大学院内操场南3号公寓B1层", "category": "shopping", "source": "DATA-SRC-GAODE-FACILITY-POI-20260814", "official_boundary": false, "usable_for_formal": "background_only", "crs_source": "GCJ-02→WGS84 近似转换（误差数米）", "precision_note": "高德 POI 点位为背景参考，位置精度数米级；覆盖不代表完整，缺漏不代表不存在"}, "geometry": {"type": "Point", "coordinates": [116.353413, 39.987697]}}, {"type": "Feature", "properties": {"layer": "GAODE_FACILITY_POI", "gaode_poiid": "B0G0HBG8RS", "name": "名烟名酒名茶北四环中路店", "type": "购物服务;便民商店/便利店;便民商店/便利店", "address": "北四环中路279-2号附近", "category": "shopping", "source": "DATA-SRC-GAODE-FACILITY-POI-20260814", "official_boundary": false, "usable_for_formal": "background_only", "crs_source": "GCJ-02→WGS84 近似转换（误差数米）", "precision_note": "高德 POI 点位为背景参考，位置精度数米级；覆盖不代表完整，缺漏不代表不存在"}, "geometry": {"type": "Point", "coordinates": [116.336836, 39.985598]}}, {"type": "Feature", "properties": {"layer": "GAODE_FACILITY_POI", "gaode_poiid": "B0KUH7JEL8", "name": "福苗小骆驼(知春路店)", "type": "购物服务;专卖店;专营店", "address": "知春路29号2幢10号楼2层", "category": "shopping", "source": "DATA-SRC-GAODE-FACILITY-POI-20260814", "official_boundary": false, "usable_for_formal": "background_only", "crs_source": "GCJ-02→WGS84 近似转换（误差数米）", "precision_note": "高德 POI 点位为背景参考，位置精度数米级；覆盖不代表完整，缺漏不代表不存在"}, "geometry": {"type": "Point", "coordinates": [116.337421, 39.975426]}}, {"type": "Feature", "properties": {"layer": "GAODE_FACILITY_POI", "gaode_poiid": "B0FFG0YFO1", "name": "布符(牡丹园店)", "type": "购物服务;服装鞋帽皮具店;服装鞋帽皮具店", "address": "学院路38号北医三院家属区小区", "category": "shopping", "source": "DATA-SRC-GAODE-FACILITY-POI-20260814", "official_boundary": false, "usable_for_formal": "background_only", "crs_source": "GCJ-02→WGS84 近似转换（误差数米）", "precision_note": "高德 POI 点位为背景参考，位置精度数米级；覆盖不代表完整，缺漏不代表不存在"}, "geometry": {"type": "Point", "coordinates": [116.357626, 39.980617]}}, {"type": "Feature", "properties": {"layer": "GAODE_FACILITY_POI", "gaode_poiid": "B0LUUHBCBR", "name": "北京润豪信诚五金(展春园小区店)", "type": "购物服务;家居建材市场;建材五金市场", "address": "北京城区暂春园17号楼南侧北四环中路279-9号", "category": "shopping", "source": "DATA-SRC-GAODE-FACILITY-POI-20260814", "official_boundary": false, "usable_for_formal": "background_only", "crs_source": "GCJ-02→WGS84 近似转换（误差数米）", "precision_note": "高德 POI 点位为背景参考，位置精度数米级；覆盖不代表完整，缺漏不代表不存在"}, "geometry": {"type": "Point", "coordinates": [116.336307, 39.98558]}}, {"type": "Feature", "properties": {"layer": "GAODE_FACILITY_POI", "gaode_poiid": "B0J15UX49L", "name": "雅迪电动车(知春路旗舰店)", "type": "购物服务;专卖店;自行车专卖店", "address": "知春路罗庄东里南平房5A号5B号", "category": "shopping", "source": "DATA-SRC-GAODE-FACILITY-POI-20260814", "official_boundary": false, "usable_for_formal": "background_only", "crs_source": "GCJ-02→WGS84 近似转换（误差数米）", "precision_note": "高德 POI 点位为背景参考，位置精度数米级；覆盖不代表完整，缺漏不代表不存在"}, "geometry": {"type": "Point", "coordinates": [116.340983, 39.972926]}}, {"type": "Feature", "properties": {"layer": "GAODE_FACILITY_POI", "gaode_poiid": "B0H37CCTOI", "name": "LAWSON罗森(花园路小区店)", "type": "购物服务;便民商店/便利店;便民商店/便利店", "address": "花园路1号", "category": "shopping", "source": "DATA-SRC-GAODE-FACILITY-POI-20260814", "official_boundary": false, "usable_for_formal": "background_only", "crs_source": "GCJ-02→WGS84 近似转换（误差数米）", "precision_note": "高德 POI 点位为背景参考，位置精度数米级；覆盖不代表完整，缺漏不代表不存在"}, "geometry": {"type": "Point", "coordinates": [116.359169, 39.980264]}}, {"type": "Feature", "properties": {"layer": "GAODE_FACILITY_POI", "gaode_poiid": "B0FFF343X6", "name": "果多美(花园路店)", "type": "购物服务;综合市场;果品市场", "address": "北京城区花园路1-23号", "category": "shopping", "source": "DATA-SRC-GAODE-FACILITY-POI-20260814", "official_boundary": false, "usable_for_formal": "background_only", "crs_source": "GCJ-02→WGS84 近似转换（误差数米）", "precision_note": "高德 POI 点位为背景参考，位置精度数米级；覆盖不代表完整，缺漏不代表不存在"}, "geometry": {"type": "Point", "coordinates": [116.35933, 39.980643]}}, {"type": "Feature", "properties": {"layer": "GAODE_FACILITY_POI", "gaode_poiid": "B0K1NRSR4J", "name": "北影五金", "type": "购物服务;家居建材市场;建材五金市场", "address": "北三环中路77号院北影小区", "category": "shopping", "source": "DATA-SRC-GAODE-FACILITY-POI-20260814", "official_boundary": false, "usable_for_formal": "background_only", "crs_source": "GCJ-02→WGS84 近似转换（误差数米）", "precision_note": "高德 POI 点位为背景参考，位置精度数米级；覆盖不代表完整，缺漏不代表不存在"}, "geometry": {"type": "Point", "coordinates": [116.35327, 39.97269]}}, {"type": "Feature", "properties": {"layer": "GAODE_FACILITY_POI", "gaode_poiid": "B000A87IO3", "name": "五道口集贸市场", "type": "购物服务;综合市场;农副产品市场", "address": "知春路36号(知春路地铁站G1东南口步行100米)", "category": "shopping", "source": "DATA-SRC-GAODE-FACILITY-POI-20260814", "official_boundary": false, "usable_for_formal": "background_only", "crs_source": "GCJ-02→WGS84 近似转换（误差数米）", "precision_note": "高德 POI 点位为背景参考，位置精度数米级；覆盖不代表完整，缺漏不代表不存在"}, "geometry": {"type": "Point", "coordinates": [116.336467, 39.973951]}}, {"type": "Feature", "properties": {"layer": "GAODE_FACILITY_POI", "gaode_poiid": "B0J3NDX8GU", "name": "都市优选生活超市(知春路店)", "type": "购物服务;超级市场;超市", "address": "罗庄西里13号楼地下一层", "category": "shopping", "source": "DATA-SRC-GAODE-FACILITY-POI-20260814", "official_boundary": false, "usable_for_formal": "background_only", "crs_source": "GCJ-02→WGS84 近似转换（误差数米）", "precision_note": "高德 POI 点位为背景参考，位置精度数米级；覆盖不代表完整，缺漏不代表不存在"}, "geometry": {"type": "Point", "coordinates": [116.339043, 39.972738]}}, {"type": "Feature", "properties": {"layer": "GAODE_FACILITY_POI", "gaode_poiid": "B0JALZYPXC", "name": "博晟百优五金建材(知春路店)", "type": "购物服务;家居建材市场;建材五金市场", "address": "知春路36号东区五道口市场北门口五金店138号", "category": "shopping", "source": "DATA-SRC-GAODE-FACILITY-POI-20260814", "official_boundary": false, "usable_for_formal": "background_only", "crs_source": "GCJ-02→WGS84 近似转换（误差数米）", "precision_note": "高德 POI 点位为背景参考，位置精度数米级；覆盖不代表完整，缺漏不代表不存在"}, "geometry": {"type": "Point", "coordinates": [116.336372, 39.974412]}}, {"type": "Feature", "properties": {"layer": "GAODE_FACILITY_POI", "gaode_poiid": "B0LU7SYB3C", "name": "湛如影视器材租赁(知春路店)", "type": "购物服务;专卖店;专营店|生活服务;生活服务场所;生活服务场所", "address": "北京城区知春路罗庄西里13号楼2层210室", "category": "shopping", "source": "DATA-SRC-GAODE-FACILITY-POI-20260814", "official_boundary": false, "usable_for_formal": "background_only", "crs_source": "GCJ-02→WGS84 近似转换（误差数米）", "precision_note": "高德 POI 点位为背景参考，位置精度数米级；覆盖不代表完整，缺漏不代表不存在"}, "geometry": {"type": "Point", "coordinates": [116.338645, 39.972588]}}, {"type": "Feature", "properties": {"layer": "GAODE_FACILITY_POI", "gaode_poiid": "B0FFF4OTMU", "name": "物美便利店(科大禾谷园店)", "type": "购物服务;便民商店/便利店;便民商店/便利店", "address": "学院路30号院北京科技大学园丁路操场北侧平房", "category": "shopping", "source": "DATA-SRC-GAODE-FACILITY-POI-20260814", "official_boundary": false, "usable_for_formal": "background_only", "crs_source": "GCJ-02→WGS84 近似转换（误差数米）", "precision_note": "高德 POI 点位为背景参考，位置精度数米级；覆盖不代表完整，缺漏不代表不存在"}, "geometry": {"type": "Point", "coordinates": [116.353182, 39.990226]}}, {"type": "Feature", "properties": {"layer": "GAODE_FACILITY_POI", "gaode_poiid": "B000A8VOF6", "name": "同观商业中心", "type": "购物服务;商场;购物中心", "address": "甲2号院4号楼通关商业中心4-3", "category": "shopping", "source": "DATA-SRC-GAODE-FACILITY-POI-20260814", "official_boundary": false, "usable_for_formal": "background_only", "crs_source": "GCJ-02→WGS84 近似转换（误差数米）", "precision_note": "高德 POI 点位为背景参考，位置精度数米级；覆盖不代表完整，缺漏不代表不存在"}, "geometry": {"type": "Point", "coordinates": [116.360223, 39.978752]}}, {"type": "Feature", "properties": {"layer": "GAODE_FACILITY_POI", "gaode_poiid": "B0HKMZ86FO", "name": "爱普生投影仪直营店", "type": "购物服务;家电电子卖场;数码电子", "address": "知春路36号碧兴园3号楼2层209室", "category": "shopping", "source": "DATA-SRC-GAODE-FACILITY-POI-20260814", "official_boundary": false, "usable_for_formal": "background_only", "crs_source": "GCJ-02→WGS84 近似转换（误差数米）", "precision_note": "高德 POI 点位为背景参考，位置精度数米级；覆盖不代表完整，缺漏不代表不存在"}, "geometry": {"type": "Point", "coordinates": [116.336816, 39.97322]}}, {"type": "Feature", "properties": {"layer": "GAODE_FACILITY_POI", "gaode_poiid": "B000A6ACC8", "name": "超市发(学院路店)", "type": "购物服务;超级市场;超市", "address": "成府路13号成府路与学院路交叉口学院路", "category": "shopping", "source": "DATA-SRC-GAODE-FACILITY-POI-20260814", "official_boundary": false, "usable_for_formal": "background_only", "crs_source": "GCJ-02→WGS84 近似转换（误差数米）", "precision_note": "高德 POI 点位为背景参考，位置精度数米级；覆盖不代表完整，缺漏不代表不存在"}, "geometry": {"type": "Point", "coordinates": [116.346125, 39.992176]}}, {"type": "Feature", "properties": {"layer": "GAODE_FACILITY_POI", "gaode_poiid": "B0FFHTX6CN", "name": "中国联通(花园路营业厅)", "type": "生活服务;电讯营业厅;中国联通营业厅|购物服务;家电电子卖场;手机销售", "address": "花园路B3号(牡丹园地铁站A西北口步行300米)", "category": "shopping", "source": "DATA-SRC-GAODE-FACILITY-POI-20260814", "official_boundary": false, "usable_for_formal": "background_only", "crs_source": "GCJ-02→WGS84 近似转换（误差数米）", "precision_note": "高德 POI 点位为背景参考，位置精度数米级；覆盖不代表完整，缺漏不代表不存在"}, "geometry": {"type": "Point", "coordinates": [116.359147, 39.976051]}}, {"type": "Feature", "properties": {"layer": "GAODE_FACILITY_POI", "gaode_poiid": "B0FFK2AACX", "name": "LAWSON罗森(超市发学院路超罗店)", "type": "购物服务;便民商店/便利店;便民商店/便利店", "address": "成府路13号1幢1001号", "category": "shopping", "source": "DATA-SRC-GAODE-FACILITY-POI-20260814", "official_boundary": false, "usable_for_formal": "background_only", "crs_source": "GCJ-02→WGS84 近似转换（误差数米）", "precision_note": "高德 POI 点位为背景参考，位置精度数米级；覆盖不代表完整，缺漏不代表不存在"}, "geometry": {"type": "Point", "coordinates": [116.346019, 39.992187]}}, {"type": "Feature", "properties": {"layer": "GAODE_FACILITY_POI", "gaode_poiid": "B0FFMCOVNS", "name": "晨光文具(牡丹园店)", "type": "购物服务;文化用品店;文化用品店", "address": "北土城西路167号底商(牡丹园地铁站A西北口步行280米)", "category": "shopping", "source": "DATA-SRC-GAODE-FACILITY-POI-20260814", "official_boundary": false, "usable_for_formal": "background_only", "crs_source": "GCJ-02→WGS84 近似转换（误差数米）", "precision_note": "高德 POI 点位为背景参考，位置精度数米级；覆盖不代表完整，缺漏不代表不存在"}, "geometry": {"type": "Point", "coordinates": [116.358674, 39.9755]}}, {"type": "Feature", "properties": {"layer": "GAODE_FACILITY_POI", "gaode_poiid": "B0MDGCRQ8L", "name": "XDS喜德盛自行车(海淀知春路专卖店)", "type": "购物服务;专卖店;自行车专卖店", "address": "中关村南五街", "category": "shopping", "source": "DATA-SRC-GAODE-FACILITY-POI-20260814", "official_boundary": false, "usable_for_formal": "background_only", "crs_source": "GCJ-02→WGS84 近似转换（误差数米）", "precision_note": "高德 POI 点位为背景参考，位置精度数米级；覆盖不代表完整，缺漏不代表不存在"}, "geometry": {"type": "Point", "coordinates": [116.331793, 39.978137]}}, {"type": "Feature", "properties": {"layer": "GAODE_FACILITY_POI", "gaode_poiid": "B0MGRBJ998", "name": "被抓住了喵猫舍", "type": "购物服务;专卖店;宠物用品店", "address": "紫金数码园2号楼103底商", "category": "shopping", "source": "DATA-SRC-GAODE-FACILITY-POI-20260814", "official_boundary": false, "usable_for_formal": "background_only", "crs_source": "GCJ-02→WGS84 近似转换（误差数米）", "precision_note": "高德 POI 点位为背景参考，位置精度数米级；覆盖不代表完整，缺漏不代表不存在"}, "geometry": {"type": "Point", "coordinates": [116.331727, 39.978141]}}, {"type": "Feature", "properties": {"layer": "GAODE_FACILITY_POI", "gaode_poiid": "B0KKKAX0CB", "name": "CAMP坎普自行车(中关村专卖店)", "type": "购物服务;专卖店;自行车专卖店", "address": "北京城区北京城区北京城区中关村南五街", "category": "shopping", "source": "DATA-SRC-GAODE-FACILITY-POI-20260814", "official_boundary": false, "usable_for_formal": "background_only", "crs_source": "GCJ-02→WGS84 近似转换（误差数米）", "precision_note": "高德 POI 点位为背景参考，位置精度数米级；覆盖不代表完整，缺漏不代表不存在"}, "geometry": {"type": "Point", "coordinates": [116.331793, 39.978137]}}, {"type": "Feature", "properties": {"layer": "GAODE_FACILITY_POI", "gaode_poiid": "B0FFJ3QQ3J", "name": "华为授权体验店(翠微牡丹园)", "type": "购物服务;家电电子卖场;手机销售", "address": "北土城西路151号翠微百货一层MD-F1-7号商铺", "category": "shopping", "source": "DATA-SRC-GAODE-FACILITY-POI-20260814", "official_boundary": false, "usable_for_formal": "background_only", "crs_source": "GCJ-02→WGS84 近似转换（误差数米）", "precision_note": "高德 POI 点位为背景参考，位置精度数米级；覆盖不代表完整，缺漏不代表不存在"}, "geometry": {"type": "Point", "coordinates": [116.360048, 39.975867]}}, {"type": "Feature", "properties": {"layer": "GAODE_FACILITY_POI", "gaode_poiid": "B000A7COFT", "name": "翠微百货(牡丹园店)", "type": "购物服务;商场;普通商场", "address": "北土城西路131号(牡丹园地铁站A西北口步行140米)", "category": "shopping", "source": "DATA-SRC-GAODE-FACILITY-POI-20260814", "official_boundary": false, "usable_for_formal": "background_only", "crs_source": "GCJ-02→WGS84 近似转换（误差数米）", "precision_note": "高德 POI 点位为背景参考，位置精度数米级；覆盖不代表完整，缺漏不代表不存在"}, "geometry": {"type": "Point", "coordinates": [116.36088, 39.976069]}}, {"type": "Feature", "properties": {"layer": "GAODE_FACILITY_POI", "gaode_poiid": "B0FFHHODAO", "name": "Apple授权专营店(海淀翠微百货店)", "type": "购物服务;家电电子卖场;数码电子", "address": "花园路2号北京牡丹园翠微百货1F118铺", "category": "shopping", "source": "DATA-SRC-GAODE-FACILITY-POI-20260814", "official_boundary": false, "usable_for_formal": "background_only", "crs_source": "GCJ-02→WGS84 近似转换（误差数米）", "precision_note": "高德 POI 点位为背景参考，位置精度数米级；覆盖不代表完整，缺漏不代表不存在"}, "geometry": {"type": "Point", "coordinates": [116.36025, 39.975874]}}, {"type": "Feature", "properties": {"layer": "GAODE_FACILITY_POI", "gaode_poiid": "B000A85HM8", "name": "彼岸书店", "type": "购物服务;专卖店;书店", "address": "花园路2号牡丹科技楼A座(牡丹园地铁站A西北口步行360米)", "category": "shopping", "source": "DATA-SRC-GAODE-FACILITY-POI-20260814", "official_boundary": false, "usable_for_formal": "background_only", "crs_source": "GCJ-02→WGS84 近似转换（误差数米）", "precision_note": "高德 POI 点位为背景参考，位置精度数米级；覆盖不代表完整，缺漏不代表不存在"}, "geometry": {"type": "Point", "coordinates": [116.360971, 39.976933]}}, {"type": "Feature", "properties": {"layer": "GAODE_FACILITY_POI", "gaode_poiid": "B0FFH0WM8M", "name": "杰科眼镜(学院路)", "type": "购物服务;专卖店;眼镜店", "address": "北京城区学院路17号1幢1层109号", "category": "shopping", "source": "DATA-SRC-GAODE-FACILITY-POI-20260814", "official_boundary": false, "usable_for_formal": "background_only", "crs_source": "GCJ-02→WGS84 近似转换（误差数米）", "precision_note": "高德 POI 点位为背景参考，位置精度数米级；覆盖不代表完整，缺漏不代表不存在"}, "geometry": {"type": "Point", "coordinates": [116.346358, 39.993034]}}, {"type": "Feature", "properties": {"layer": "GAODE_FACILITY_POI", "gaode_poiid": "B0K1USB6Z6", "name": "小米之家(海淀区牡丹园翠微百货专卖店)", "type": "购物服务;家电电子卖场;数码电子", "address": "花园路街道翠微百货(牡丹园店)", "category": "shopping", "source": "DATA-SRC-GAODE-FACILITY-POI-20260814", "official_boundary": false, "usable_for_formal": "background_only", "crs_source": "GCJ-02→WGS84 近似转换（误差数米）", "precision_note": "高德 POI 点位为背景参考，位置精度数米级；覆盖不代表完整，缺漏不代表不存在"}, "geometry": {"type": "Point", "coordinates": [116.36088, 39.976068]}}, {"type": "Feature", "properties": {"layer": "GAODE_FACILITY_POI", "gaode_poiid": "B000AA9LZG", "name": "华祥苑茗茶(北京会馆店)", "type": "购物服务;专卖店;专营店", "address": "北京城区知春路46号厦门商务会馆一层西侧", "category": "shopping", "source": "DATA-SRC-GAODE-FACILITY-POI-20260814", "official_boundary": false, "usable_for_formal": "background_only", "crs_source": "GCJ-02→WGS84 近似转换（误差数米）", "precision_note": "高德 POI 点位为背景参考，位置精度数米级；覆盖不代表完整，缺漏不代表不存在"}, "geometry": {"type": "Point", "coordinates": [116.332963, 39.974565]}}, {"type": "Feature", "properties": {"layer": "GAODE_FACILITY_POI", "gaode_poiid": "B0H3RCGYP7", "name": "张一元茶庄(牡丹园店)", "type": "购物服务;专卖店;专营店", "address": "北土城西路牡丹商业街1层107号", "category": "shopping", "source": "DATA-SRC-GAODE-FACILITY-POI-20260814", "official_boundary": false, "usable_for_formal": "background_only", "crs_source": "GCJ-02→WGS84 近似转换（误差数米）", "precision_note": "高德 POI 点位为背景参考，位置精度数米级；覆盖不代表完整，缺漏不代表不存在"}, "geometry": {"type": "Point", "coordinates": [116.361, 39.975531]}}, {"type": "Feature", "properties": {"layer": "GAODE_FACILITY_POI", "gaode_poiid": "B0GRPONM4C", "name": "海澜之家(北土城西路店)", "type": "购物服务;服装鞋帽皮具店;服装鞋帽皮具店", "address": "北土城西路113号(牡丹园地铁站A西北口步行70米)", "category": "shopping", "source": "DATA-SRC-GAODE-FACILITY-POI-20260814", "official_boundary": false, "usable_for_formal": "background_only", "crs_source": "GCJ-02→WGS84 近似转换（误差数米）", "precision_note": "高德 POI 点位为背景参考，位置精度数米级；覆盖不代表完整，缺漏不代表不存在"}, "geometry": {"type": "Point", "coordinates": [116.361112, 39.975525]}}, {"type": "Feature", "properties": {"layer": "GAODE_FACILITY_POI", "gaode_poiid": "B0K64YJVSC", "name": "物美超市(北京语言大学店)", "type": "购物服务;超级市场;超市", "address": "成府路与王庄路交叉口东420米", "category": "shopping", "source": "DATA-SRC-GAODE-FACILITY-POI-20260814", "official_boundary": false, "usable_for_formal": "background_only", "crs_source": "GCJ-02→WGS84 近似转换（误差数米）", "precision_note": "高德 POI 点位为背景参考，位置精度数米级；覆盖不代表完整，缺漏不代表不存在"}, "geometry": {"type": "Point", "coordinates": [116.338904, 39.992553]}}, {"type": "Feature", "properties": {"layer": "GAODE_FACILITY_POI", "gaode_poiid": "B0FFHPUO97", "name": "东阿阿胶(翠微百货牡丹园店)", "type": "购物服务;专卖店;专营店", "address": "北土城西路151号翠微百货(牡丹园店)1F层", "category": "shopping", "source": "DATA-SRC-GAODE-FACILITY-POI-20260814", "official_boundary": false, "usable_for_formal": "background_only", "crs_source": "GCJ-02→WGS84 近似转换（误差数米）", "precision_note": "高德 POI 点位为背景参考，位置精度数米级；覆盖不代表完整，缺漏不代表不存在"}, "geometry": {"type": "Point", "coordinates": [116.3616, 39.976053]}}, {"type": "Feature", "properties": {"layer": "GAODE_FACILITY_POI", "gaode_poiid": "B0LDNRV4HS", "name": "中国移动(牡丹园营业厅)", "type": "购物服务;家电电子卖场;手机销售", "address": "北京城区花园北路36号底商中国移动(高德大厦斜对面)", "category": "shopping", "source": "DATA-SRC-GAODE-FACILITY-POI-20260814", "official_boundary": false, "usable_for_formal": "background_only", "crs_source": "GCJ-02→WGS84 近似转换（误差数米）", "precision_note": "高德 POI 点位为背景参考，位置精度数米级；覆盖不代表完整，缺漏不代表不存在"}, "geometry": {"type": "Point", "coordinates": [116.363168, 39.980145]}}, {"type": "Feature", "properties": {"layer": "GAODE_FACILITY_POI", "gaode_poiid": "B0HUK44G1R", "name": "翠微家园超市(牡丹园翠微百货店)", "type": "购物服务;超级市场;超市", "address": "花园路2号翠微百货1层(牡丹园地铁站A西北口步行110米)", "category": "shopping", "source": "DATA-SRC-GAODE-FACILITY-POI-20260814", "official_boundary": false, "usable_for_formal": "background_only", "crs_source": "GCJ-02→WGS84 近似转换（误差数米）", "precision_note": "高德 POI 点位为背景参考，位置精度数米级；覆盖不代表完整，缺漏不代表不存在"}, "geometry": {"type": "Point", "coordinates": [116.361941, 39.975887]}}, {"type": "Feature", "properties": {"layer": "GAODE_FACILITY_POI", "gaode_poiid": "B0FFK5PYV5", "name": "小丫鲜花(牡丹园店)", "type": "购物服务;花鸟鱼虫市场;花卉市场", "address": "北京城区花园北路36号底商国安剧院对面", "category": "shopping", "source": "DATA-SRC-GAODE-FACILITY-POI-20260814", "official_boundary": false, "usable_for_formal": "background_only", "crs_source": "GCJ-02→WGS84 近似转换（误差数米）", "precision_note": "高德 POI 点位为背景参考，位置精度数米级；覆盖不代表完整，缺漏不代表不存在"}, "geometry": {"type": "Point", "coordinates": [116.363184, 39.980073]}}, {"type": "Feature", "properties": {"layer": "GAODE_FACILITY_POI", "gaode_poiid": "B0FFK1BKFD", "name": "小牛电动车(花园北路店)", "type": "购物服务;专卖店;专营店", "address": "花园北路36-15号,花园路派出所北行50米", "category": "shopping", "source": "DATA-SRC-GAODE-FACILITY-POI-20260814", "official_boundary": false, "usable_for_formal": "background_only", "crs_source": "GCJ-02→WGS84 近似转换（误差数米）", "precision_note": "高德 POI 点位为背景参考，位置精度数米级；覆盖不代表完整，缺漏不代表不存在"}, "geometry": {"type": "Point", "coordinates": [116.363184, 39.979831]}}, {"type": "Feature", "properties": {"layer": "GAODE_FACILITY_POI", "gaode_poiid": "B0HKN5RYND", "name": "中国移动", "type": "生活服务;电讯营业厅;中国移动营业厅|生活服务;维修站点;维修站点|购物服务;购物相关场所;购物相关场所", "address": "北京城区花园北路36-6号底商(高德大厦斜对面)", "category": "shopping", "source": "DATA-SRC-GAODE-FACILITY-POI-20260814", "official_boundary": false, "usable_for_formal": "background_only", "crs_source": "GCJ-02→WGS84 近似转换（误差数米）", "precision_note": "高德 POI 点位为背景参考，位置精度数米级；覆盖不代表完整，缺漏不代表不存在"}, "geometry": {"type": "Point", "coordinates": [116.363242, 39.979968]}}, {"type": "Feature", "properties": {"layer": "GAODE_FACILITY_POI", "gaode_poiid": "B0FFG74XGP", "name": "7-ELEVEn(牡丹园店)", "type": "购物服务;便民商店/便利店;7-ELEVEn便利店", "address": "北土城西路牡丹商业街一层140室", "category": "shopping", "source": "DATA-SRC-GAODE-FACILITY-POI-20260814", "official_boundary": false, "usable_for_formal": "background_only", "crs_source": "GCJ-02→WGS84 近似转换（误差数米）", "precision_note": "高德 POI 点位为背景参考，位置精度数米级；覆盖不代表完整，缺漏不代表不存在"}, "geometry": {"type": "Point", "coordinates": [116.361853, 39.975503]}}, {"type": "Feature", "properties": {"layer": "GAODE_FACILITY_POI", "gaode_poiid": "B0FFK6NBZK", "name": "Hi花店(实体店)", "type": "购物服务;花鸟鱼虫市场;花卉市场", "address": "花园路6号(北京应物会议中心对面)", "category": "shopping", "source": "DATA-SRC-GAODE-FACILITY-POI-20260814", "official_boundary": false, "usable_for_formal": "background_only", "crs_source": "GCJ-02→WGS84 近似转换（误差数米）", "precision_note": "高德 POI 点位为背景参考，位置精度数米级；覆盖不代表完整，缺漏不代表不存在"}, "geometry": {"type": "Point", "coordinates": [116.359314, 39.97242]}}, {"type": "Feature", "properties": {"layer": "GAODE_FACILITY_POI", "gaode_poiid": "B0K095QW2C", "name": "美宜佳(盈都大厦店)", "type": "购物服务;便民商店/便利店;便民商店/便利店", "address": "知春路甲48盈都大厦A座F1层", "category": "shopping", "source": "DATA-SRC-GAODE-FACILITY-POI-20260814", "official_boundary": false, "usable_for_formal": "background_only", "crs_source": "GCJ-02→WGS84 近似转换（误差数米）", "precision_note": "高德 POI 点位为背景参考，位置精度数米级；覆盖不代表完整，缺漏不代表不存在"}, "geometry": {"type": "Point", "coordinates": [116.332409, 39.973591]}}, {"type": "Feature", "properties": {"layer": "GAODE_FACILITY_POI", "gaode_poiid": "B000A80D2Q", "name": "五道口购物中心", "type": "购物服务;商场;购物中心", "address": "成府路28号", "category": "shopping", "source": "DATA-SRC-GAODE-FACILITY-POI-20260814", "official_boundary": false, "usable_for_formal": "background_only", "crs_source": "GCJ-02→WGS84 近似转换（误差数米）", "precision_note": "高德 POI 点位为背景参考，位置精度数米级；覆盖不代表完整，缺漏不代表不存在"}, "geometry": {"type": "Point", "coordinates": [116.333166, 39.990586]}}, {"type": "Feature", "properties": {"layer": "GAODE_FACILITY_POI", "gaode_poiid": "B0JAFUCEI8", "name": "fudi+精选超市(五道口购物中心店)", "type": "购物服务;超级市场;超市", "address": "成府路28号五道口购物中心B1层", "category": "shopping", "source": "DATA-SRC-GAODE-FACILITY-POI-20260814", "official_boundary": false, "usable_for_formal": "background_only", "crs_source": "GCJ-02→WGS84 近似转换（误差数米）", "precision_note": "高德 POI 点位为背景参考，位置精度数米级；覆盖不代表完整，缺漏不代表不存在"}, "geometry": {"type": "Point", "coordinates": [116.333236, 39.990241]}}, {"type": "Feature", "properties": {"layer": "GAODE_FACILITY_POI", "gaode_poiid": "B0FFIA3LJP", "name": "大圣音乐平台吉他维修店乐器培训", "type": "科教文化服务;培训机构;培训机构|购物服务;专卖店;专营店", "address": "五道口东升园11楼一层底商2室", "category": "shopping", "source": "DATA-SRC-GAODE-FACILITY-POI-20260814", "official_boundary": false, "usable_for_formal": "background_only", "crs_source": "GCJ-02→WGS84 近似转换（误差数米）", "precision_note": "高德 POI 点位为背景参考，位置精度数米级；覆盖不代表完整，缺漏不代表不存在"}, "geometry": {"type": "Point", "coordinates": [116.331196, 39.987773]}}, {"type": "Feature", "properties": {"layer": "GAODE_FACILITY_POI", "gaode_poiid": "B0J3SU7JEZ", "name": "万圣书园(五道口购物中心店)", "type": "购物服务;专卖店;书店", "address": "成府路28号五道口购物中心3F层(北门进入直行30m,扶梯上到3F可见)", "category": "shopping", "source": "DATA-SRC-GAODE-FACILITY-POI-20260814", "official_boundary": false, "usable_for_formal": "background_only", "crs_source": "GCJ-02→WGS84 近似转换（误差数米）", "precision_note": "高德 POI 点位为背景参考，位置精度数米级；覆盖不代表完整，缺漏不代表不存在"}, "geometry": {"type": "Point", "coordinates": [116.333425, 39.99068]}}, {"type": "Feature", "properties": {"layer": "GAODE_FACILITY_POI", "gaode_poiid": "B0KRU11D6J", "name": "小米之家(海淀区五道口购物中心专卖店)", "type": "购物服务;家电电子卖场;数码电子", "address": "学院路街道北京市海淀区成府路28号五道口购物中心南区一层扶梯对面", "category": "shopping", "source": "DATA-SRC-GAODE-FACILITY-POI-20260814", "official_boundary": false, "usable_for_formal": "background_only", "crs_source": "GCJ-02→WGS84 近似转换（误差数米）", "precision_note": "高德 POI 点位为背景参考，位置精度数米级；覆盖不代表完整，缺漏不代表不存在"}, "geometry": {"type": "Point", "coordinates": [116.333394, 39.990367]}}, {"type": "Feature", "properties": {"layer": "GAODE_FACILITY_POI", "gaode_poiid": "B0FFHDSAHD", "name": "中国移动(牡丹园营业厅)", "type": "购物服务;家电电子卖场;手机销售", "address": "花园东路16号中国社会科学院西门", "category": "shopping", "source": "DATA-SRC-GAODE-FACILITY-POI-20260814", "official_boundary": false, "usable_for_formal": "background_only", "crs_source": "GCJ-02→WGS84 近似转换（误差数米）", "precision_note": "高德 POI 点位为背景参考，位置精度数米级；覆盖不代表完整，缺漏不代表不存在"}, "geometry": {"type": "Point", "coordinates": [116.363826, 39.979135]}}, {"type": "Feature", "properties": {"layer": "GAODE_FACILITY_POI", "gaode_poiid": "B0KAGSPKAO", "name": "乐诚大头眼镜(北京店)", "type": "购物服务;购物相关场所;购物相关场所", "address": "学院路街道成府路28号五道口优盛大厦D座10楼1002乐诚大头眼镜店", "category": "shopping", "source": "DATA-SRC-GAODE-FACILITY-POI-20260814", "official_boundary": false, "usable_for_formal": "background_only", "crs_source": "GCJ-02→WGS84 近似转换（误差数米）", "precision_note": "高德 POI 点位为背景参考，位置精度数米级；覆盖不代表完整，缺漏不代表不存在"}, "geometry": {"type": "Point", "coordinates": [116.332943, 39.990157]}}, {"type": "Feature", "properties": {"layer": "GAODE_FACILITY_POI", "gaode_poiid": "B0MAFLUNQK", "name": "唐巢宠物五道口店", "type": "购物服务;专卖店;宠物用品店", "address": "中关村东路甲3号", "category": "shopping", "source": "DATA-SRC-GAODE-FACILITY-POI-20260814", "official_boundary": false, "usable_for_formal": "background_only", "crs_source": "GCJ-02→WGS84 近似转换（误差数米）", "precision_note": "高德 POI 点位为背景参考，位置精度数米级；覆盖不代表完整，缺漏不代表不存在"}, "geometry": {"type": "Point", "coordinates": [116.330508, 39.98702]}}, {"type": "Feature", "properties": {"layer": "GAODE_FACILITY_POI", "gaode_poiid": "B0LA7UVBER", "name": "优衣库(五道口购物中心店)", "type": "购物服务;购物相关场所;购物相关场所", "address": "学院路街道成府路28号五道口购物中心L1-52/53/54", "category": "shopping", "source": "DATA-SRC-GAODE-FACILITY-POI-20260814", "official_boundary": false, "usable_for_formal": "background_only", "crs_source": "GCJ-02→WGS84 近似转换（误差数米）", "precision_note": "高德 POI 点位为背景参考，位置精度数米级；覆盖不代表完整，缺漏不代表不存在"}, "geometry": {"type": "Point", "coordinates": [116.333147, 39.990645]}}, {"type": "Feature", "properties": {"layer": "GAODE_FACILITY_POI", "gaode_poiid": "B0FFLJ5WB2", "name": "便利蜂(庚坊国际发展中心店)", "type": "购物服务;便民商店/便利店;便民商店/便利店", "address": "花园路甲13号院庚坊国际发展中心写字楼F1层", "category": "shopping", "source": "DATA-SRC-GAODE-FACILITY-POI-20260814", "official_boundary": false, "usable_for_formal": "background_only", "crs_source": "GCJ-02→WGS84 近似转换（误差数米）", "precision_note": "高德 POI 点位为背景参考，位置精度数米级；覆盖不代表完整，缺漏不代表不存在"}, "geometry": {"type": "Point", "coordinates": [116.358585, 39.971291]}}, {"type": "Feature", "properties": {"layer": "GAODE_FACILITY_POI", "gaode_poiid": "B0HAJU6CO5", "name": "爱玛电动车(五道口店)", "type": "购物服务;专卖店;自行车专卖店", "address": "东升园公寓1号楼底商(五道口地铁站B南口步行410米)", "category": "shopping", "source": "DATA-SRC-GAODE-FACILITY-POI-20260814", "official_boundary": false, "usable_for_formal": "background_only", "crs_source": "GCJ-02→WGS84 近似转换（误差数米）", "precision_note": "高德 POI 点位为背景参考，位置精度数米级；覆盖不代表完整，缺漏不代表不存在"}, "geometry": {"type": "Point", "coordinates": [116.331163, 39.988386]}}, {"type": "Feature", "properties": {"layer": "GAODE_FACILITY_POI", "gaode_poiid": "B0LG4CBNA7", "name": "野人先生现做冰淇淋(北京五道口店)", "type": "购物服务;服装鞋帽皮具店;服装鞋帽皮具店|餐饮服务;餐饮相关场所;餐饮相关", "address": "北京城区成府路28号五道口购物中心B1-40-1", "category": "shopping", "source": "DATA-SRC-GAODE-FACILITY-POI-20260814", "official_boundary": false, "usable_for_formal": "background_only", "crs_source": "GCJ-02→WGS84 近似转换（误差数米）", "precision_note": "高德 POI 点位为背景参考，位置精度数米级；覆盖不代表完整，缺漏不代表不存在"}, "geometry": {"type": "Point", "coordinates": [116.333144, 39.990589]}}, {"type": "Feature", "properties": {"layer": "GAODE_FACILITY_POI", "gaode_poiid": "B0J3P5999I", "name": "聚宝源(五道口店)", "type": "购物服务;专卖店;专营店", "address": "北京城区成府路28号五道口购物中心5F层", "category": "shopping", "source": "DATA-SRC-GAODE-FACILITY-POI-20260814", "official_boundary": false, "usable_for_formal": "background_only", "crs_source": "GCJ-02→WGS84 近似转换（误差数米）", "precision_note": "高德 POI 点位为背景参考，位置精度数米级；覆盖不代表完整，缺漏不代表不存在"}, "geometry": {"type": "Point", "coordinates": [116.333078, 39.990819]}}, {"type": "Feature", "properties": {"layer": "GAODE_FACILITY_POI", "gaode_poiid": "B0H3J75QS6", "name": "便利蜂(五道口购物中心店)", "type": "购物服务;便民商店/便利店;便民商店/便利店", "address": "成府路28号五道口购物中心1F层(西门附近)", "category": "shopping", "source": "DATA-SRC-GAODE-FACILITY-POI-20260814", "official_boundary": false, "usable_for_formal": "background_only", "crs_source": "GCJ-02→WGS84 近似转换（误差数米）", "precision_note": "高德 POI 点位为背景参考，位置精度数米级；覆盖不代表完整，缺漏不代表不存在"}, "geometry": {"type": "Point", "coordinates": [116.33288, 39.990346]}}, {"type": "Feature", "properties": {"layer": "GAODE_FACILITY_POI", "gaode_poiid": "B0HBR643ZT", "name": "耐克Nike(五道口购物中心店)", "type": "购物服务;体育用品店;耐克专卖店", "address": "成府路28号五道口购物中心2F层L2-01(北门进入直行30m,扶梯上到2F可见)", "category": "shopping", "source": "DATA-SRC-GAODE-FACILITY-POI-20260814", "official_boundary": false, "usable_for_formal": "background_only", "crs_source": "GCJ-02→WGS84 近似转换（误差数米）", "precision_note": "高德 POI 点位为背景参考，位置精度数米级；覆盖不代表完整，缺漏不代表不存在"}, "geometry": {"type": "Point", "coordinates": [116.33331, 39.990698]}}, {"type": "Feature", "properties": {"layer": "GAODE_FACILITY_POI", "gaode_poiid": "B0JRBSLN8A", "name": "源本造物(中关村店)", "type": "购物服务;购物相关场所;购物相关场所", "address": "中关村南二条2号(桃丝酒店院内)", "category": "shopping", "source": "DATA-SRC-GAODE-FACILITY-POI-20260814", "official_boundary": false, "usable_for_formal": "background_only", "crs_source": "GCJ-02→WGS84 近似转换（误差数米）", "precision_note": "高德 POI 点位为背景参考，位置精度数米级；覆盖不代表完整，缺漏不代表不存在"}, "geometry": {"type": "Point", "coordinates": [116.328286, 39.98119]}}, {"type": "Feature", "properties": {"layer": "GAODE_FACILITY_POI", "gaode_poiid": "B0HRCCLSQ3", "name": "G-STEPS街舞工作室(五道口购物中心店)", "type": "科教文化服务;培训机构;培训机构|购物服务;服装鞋帽皮具店;服装鞋帽皮具店", "address": "五道口购物中心3层301(五道口地铁站B南口步行190米)", "category": "shopping", "source": "DATA-SRC-GAODE-FACILITY-POI-20260814", "official_boundary": false, "usable_for_formal": "background_only", "crs_source": "GCJ-02→WGS84 近似转换（误差数米）", "precision_note": "高德 POI 点位为背景参考，位置精度数米级；覆盖不代表完整，缺漏不代表不存在"}, "geometry": {"type": "Point", "coordinates": [116.33297, 39.990922]}}, {"type": "Feature", "properties": {"layer": "GAODE_FACILITY_POI", "gaode_poiid": "B0G2AC4PQ9", "name": "7-ELEVEn(花园东路店)", "type": "购物服务;便民商店/便利店;7-ELEVEn便利店", "address": "牡丹园西里11-16号部分用房", "category": "shopping", "source": "DATA-SRC-GAODE-FACILITY-POI-20260814", "official_boundary": false, "usable_for_formal": "background_only", "crs_source": "GCJ-02→WGS84 近似转换（误差数米）", "precision_note": "高德 POI 点位为背景参考，位置精度数米级；覆盖不代表完整，缺漏不代表不存在"}, "geometry": {"type": "Point", "coordinates": [116.364044, 39.977877]}}, {"type": "Feature", "properties": {"layer": "GAODE_FACILITY_POI", "gaode_poiid": "B0KR57W25D", "name": "联想百应电脑维修销售(智商务五道口店)", "type": "购物服务;家电电子卖场;数码电子", "address": "成府路28号五道口购物中心1层101室14号", "category": "shopping", "source": "DATA-SRC-GAODE-FACILITY-POI-20260814", "official_boundary": false, "usable_for_formal": "background_only", "crs_source": "GCJ-02→WGS84 近似转换（误差数米）", "precision_note": "高德 POI 点位为背景参考，位置精度数米级；覆盖不代表完整，缺漏不代表不存在"}, "geometry": {"type": "Point", "coordinates": [116.333018, 39.99092]}}, {"type": "Feature", "properties": {"layer": "GAODE_FACILITY_POI", "gaode_poiid": "B0J0ACBLAM", "name": "果多美(牡丹园店)", "type": "购物服务;综合市场;果品市场", "address": "牡丹园西里小区西门旁(牡丹园地铁站F口步行110米)", "category": "shopping", "source": "DATA-SRC-GAODE-FACILITY-POI-20260814", "official_boundary": false, "usable_for_formal": "background_only", "crs_source": "GCJ-02→WGS84 近似转换（误差数米）", "precision_note": "高德 POI 点位为背景参考，位置精度数米级；覆盖不代表完整，缺漏不代表不存在"}, "geometry": {"type": "Point", "coordinates": [116.364047, 39.977308]}}, {"type": "Feature", "properties": {"layer": "GAODE_FACILITY_POI", "gaode_poiid": "B0FFJN6OOF", "name": "华为授权体验店(五道口购物中心)", "type": "购物服务;家电电子卖场;手机销售", "address": "成府路28号五道口购物中心1F层L1-10&21(北门附近)", "category": "shopping", "source": "DATA-SRC-GAODE-FACILITY-POI-20260814", "official_boundary": false, "usable_for_formal": "background_only", "crs_source": "GCJ-02→WGS84 近似转换（误差数米）", "precision_note": "高德 POI 点位为背景参考，位置精度数米级；覆盖不代表完整，缺漏不代表不存在"}, "geometry": {"type": "Point", "coordinates": [116.333017, 39.991099]}}, {"type": "Feature", "properties": {"layer": "GAODE_FACILITY_POI", "gaode_poiid": "B0FFGYN55R", "name": "Hotwind热风(五道口购物中心店)", "type": "购物服务;服装鞋帽皮具店;品牌服装店", "address": "成府路28号五道口购物中心3F层L3-07", "category": "shopping", "source": "DATA-SRC-GAODE-FACILITY-POI-20260814", "official_boundary": false, "usable_for_formal": "background_only", "crs_source": "GCJ-02→WGS84 近似转换（误差数米）", "precision_note": "高德 POI 点位为背景参考，位置精度数米级；覆盖不代表完整，缺漏不代表不存在"}, "geometry": {"type": "Point", "coordinates": [116.333399, 39.991111]}}, {"type": "Feature", "properties": {"layer": "GAODE_FACILITY_POI", "gaode_poiid": "B0FFKXKJ3Q", "name": "五金机电水暖阀门保温防水(声声五金建材店)", "type": "购物服务;家居建材市场;建材五金市场", "address": "志新北里16号院15号楼一层底商(志路西路)", "category": "shopping", "source": "DATA-SRC-GAODE-FACILITY-POI-20260814", "official_boundary": false, "usable_for_formal": "background_only", "crs_source": "GCJ-02→WGS84 近似转换（误差数米）", "precision_note": "高德 POI 点位为背景参考，位置精度数米级；覆盖不代表完整，缺漏不代表不存在"}, "geometry": {"type": "Point", "coordinates": [116.359209, 39.991132]}}, {"type": "Feature", "properties": {"layer": "GAODE_FACILITY_POI", "gaode_poiid": "B0HD7HOM8L", "name": "POP MART泡泡玛特(五道口购物中心店)", "type": "购物服务;专卖店;专营店", "address": "成府路28号五道口购物中心1F层L1-18(北门进入直行30m,扶梯附近)", "category": "shopping", "source": "DATA-SRC-GAODE-FACILITY-POI-20260814", "official_boundary": false, "usable_for_formal": "background_only", "crs_source": "GCJ-02→WGS84 近似转换（误差数米）", "precision_note": "高德 POI 点位为背景参考，位置精度数米级；覆盖不代表完整，缺漏不代表不存在"}, "geometry": {"type": "Point", "coordinates": [116.332866, 39.990849]}}, {"type": "Feature", "properties": {"layer": "GAODE_FACILITY_POI", "gaode_poiid": "B0FFF6XKYE", "name": "屈臣氏(五道口购物中心店)", "type": "购物服务;超级市场;屈臣氏", "address": "成府路28号五道口购物中心2F层L2-07", "category": "shopping", "source": "DATA-SRC-GAODE-FACILITY-POI-20260814", "official_boundary": false, "usable_for_formal": "background_only", "crs_source": "GCJ-02→WGS84 近似转换（误差数米）", "precision_note": "高德 POI 点位为背景参考，位置精度数米级；覆盖不代表完整，缺漏不代表不存在"}, "geometry": {"type": "Point", "coordinates": [116.333318, 39.991097]}}, {"type": "Feature", "properties": {"layer": "GAODE_FACILITY_POI", "gaode_poiid": "B0FFGYN55K", "name": "名创优品(五道口购物中心店)", "type": "购物服务;家居建材市场;家居建材市场", "address": "成府路中段五道口购物中心三层L3-09", "category": "shopping", "source": "DATA-SRC-GAODE-FACILITY-POI-20260814", "official_boundary": false, "usable_for_formal": "background_only", "crs_source": "GCJ-02→WGS84 近似转换（误差数米）", "precision_note": "高德 POI 点位为背景参考，位置精度数米级；覆盖不代表完整，缺漏不代表不存在"}, "geometry": {"type": "Point", "coordinates": [116.333, 39.991108]}}, {"type": "Feature", "properties": {"layer": "GAODE_FACILITY_POI", "gaode_poiid": "B000A8WWEQ", "name": "6IXTY 8IGTY(五道口购物中心店)", "type": "购物服务;服装鞋帽皮具店;品牌服装店", "address": "成府路28号五道口购物中心3F层L3-08", "category": "shopping", "source": "DATA-SRC-GAODE-FACILITY-POI-20260814", "official_boundary": false, "usable_for_formal": "background_only", "crs_source": "GCJ-02→WGS84 近似转换（误差数米）", "precision_note": "高德 POI 点位为背景参考，位置精度数米级；覆盖不代表完整，缺漏不代表不存在"}, "geometry": {"type": "Point", "coordinates": [116.333125, 39.99109]}}, {"type": "Feature", "properties": {"layer": "GAODE_FACILITY_POI", "gaode_poiid": "B0IR1SVUIA", "name": "九号电动车(中关村东路店)", "type": "购物服务;专卖店;自行车专卖店", "address": "中关村东路90之", "category": "shopping", "source": "DATA-SRC-GAODE-FACILITY-POI-20260814", "official_boundary": false, "usable_for_formal": "background_only", "crs_source": "GCJ-02→WGS84 近似转换（误差数米）", "precision_note": "高德 POI 点位为背景参考，位置精度数米级；覆盖不代表完整，缺漏不代表不存在"}, "geometry": {"type": "Point", "coordinates": [116.327713, 39.978681]}}, {"type": "Feature", "properties": {"layer": "GAODE_FACILITY_POI", "gaode_poiid": "B0HA6UBT70", "name": "PAGEONE(五道口店)", "type": "购物服务;专卖店;书店", "address": "成府路28号五道口购物中心西侧", "category": "shopping", "source": "DATA-SRC-GAODE-FACILITY-POI-20260814", "official_boundary": false, "usable_for_formal": "background_only", "crs_source": "GCJ-02→WGS84 近似转换（误差数米）", "precision_note": "高德 POI 点位为背景参考，位置精度数米级；覆盖不代表完整，缺漏不代表不存在"}, "geometry": {"type": "Point", "coordinates": [116.332366, 39.991162]}}, {"type": "Feature", "properties": {"layer": "GAODE_FACILITY_POI", "gaode_poiid": "B0KD3SSYFY", "name": "速比特(蓟门桥专卖店)", "type": "购物服务;专卖店;自行车专卖店", "address": "北三环西路辅路与蓟门桥交叉口北60米", "category": "shopping", "source": "DATA-SRC-GAODE-FACILITY-POI-20260814", "official_boundary": false, "usable_for_formal": "background_only", "crs_source": "GCJ-02→WGS84 近似转换（误差数米）", "precision_note": "高德 POI 点位为背景参考，位置精度数米级；覆盖不代表完整，缺漏不代表不存在"}, "geometry": {"type": "Point", "coordinates": [116.346108, 39.966699]}}, {"type": "Feature", "properties": {"layer": "GAODE_FACILITY_POI", "gaode_poiid": "B0FFK5C58Y", "name": "便利蜂(世纪科贸大厦2店)", "type": "购物服务;便民商店/便利店;便民商店/便利店", "address": "中关村东路66号世纪科贸大厦1号楼1层商业5", "category": "shopping", "source": "DATA-SRC-GAODE-FACILITY-POI-20260814", "official_boundary": false, "usable_for_formal": "background_only", "crs_source": "GCJ-02→WGS84 近似转换（误差数米）", "precision_note": "高德 POI 点位为背景参考，位置精度数米级；覆盖不代表完整，缺漏不代表不存在"}, "geometry": {"type": "Point", "coordinates": [116.32762, 39.982852]}}, {"type": "Feature", "properties": {"layer": "GAODE_FACILITY_POI", "gaode_poiid": "B0HD0AWK1A", "name": "卓弈台球用品", "type": "购物服务;服装鞋帽皮具店;服装鞋帽皮具店|购物服务;体育用品店;体育用品店", "address": "北三环西路5号蓟门桥西北角(蓟门桥地铁站A口步行150米)", "category": "shopping", "source": "DATA-SRC-GAODE-FACILITY-POI-20260814", "official_boundary": false, "usable_for_formal": "background_only", "crs_source": "GCJ-02→WGS84 近似转换（误差数米）", "precision_note": "高德 POI 点位为背景参考，位置精度数米级；覆盖不代表完整，缺漏不代表不存在"}, "geometry": {"type": "Point", "coordinates": [116.345057, 39.96673]}}, {"type": "Feature", "properties": {"layer": "GAODE_FACILITY_POI", "gaode_poiid": "B0JD7R8GU0", "name": "绿源电动车(中关村店)", "type": "购物服务;专卖店;自行车专卖店", "address": "城区北京城区城区中关村甲331楼90-5房间", "category": "shopping", "source": "DATA-SRC-GAODE-FACILITY-POI-20260814", "official_boundary": false, "usable_for_formal": "background_only", "crs_source": "GCJ-02→WGS84 近似转换（误差数米）", "precision_note": "高德 POI 点位为背景参考，位置精度数米级；覆盖不代表完整，缺漏不代表不存在"}, "geometry": {"type": "Point", "coordinates": [116.327686, 39.978603]}}, {"type": "Feature", "properties": {"layer": "GAODE_FACILITY_POI", "gaode_poiid": "B000A7VT28", "name": "中国移动(保福寺营业厅)", "type": "生活服务;电讯营业厅;中国移动营业厅|购物服务;家电电子卖场;手机销售", "address": "中关村路10号银谷大厦一层", "category": "shopping", "source": "DATA-SRC-GAODE-FACILITY-POI-20260814", "official_boundary": false, "usable_for_formal": "background_only", "crs_source": "GCJ-02→WGS84 近似转换（误差数米）", "precision_note": "高德 POI 点位为背景参考，位置精度数米级；覆盖不代表完整，缺漏不代表不存在"}, "geometry": {"type": "Point", "coordinates": [116.328224, 39.985779]}}, {"type": "Feature", "properties": {"layer": "GAODE_FACILITY_POI", "gaode_poiid": "B0IAP5QAMC", "name": "19分贝门窗(北三环店)", "type": "购物服务;家居建材市场;建材五金市场|公司企业;公司企业;公司企业", "address": "蓟门桥西北角炫视界眼镜店2楼(蓟门桥地铁站A口步行60米)", "category": "shopping", "source": "DATA-SRC-GAODE-FACILITY-POI-20260814", "official_boundary": false, "usable_for_formal": "background_only", "crs_source": "GCJ-02→WGS84 近似转换（误差数米）", "precision_note": "高德 POI 点位为背景参考，位置精度数米级；覆盖不代表完整，缺漏不代表不存在"}, "geometry": {"type": "Point", "coordinates": [116.345934, 39.966677]}}, {"type": "Feature", "properties": {"layer": "GAODE_FACILITY_POI", "gaode_poiid": "B0K2NU5OER", "name": "小牛电动(中关村东路店)", "type": "购物服务;专卖店;自行车专卖店", "address": "中关村东路甲311楼A座90-6", "category": "shopping", "source": "DATA-SRC-GAODE-FACILITY-POI-20260814", "official_boundary": false, "usable_for_formal": "background_only", "crs_source": "GCJ-02→WGS84 近似转换（误差数米）", "precision_note": "高德 POI 点位为背景参考，位置精度数米级；覆盖不代表完整，缺漏不代表不存在"}, "geometry": {"type": "Point", "coordinates": [116.32767, 39.978495]}}, {"type": "Feature", "properties": {"layer": "GAODE_FACILITY_POI", "gaode_poiid": "B0HAJA6VZZ", "name": "目田客栈(北京五道口地铁站店)", "type": "住宿服务;旅馆招待所;旅馆招待所|购物服务;购物相关场所;购物相关场所", "address": "五道口东升园华清嘉园13号楼1A、1B、1C", "category": "shopping", "source": "DATA-SRC-GAODE-FACILITY-POI-20260814", "official_boundary": false, "usable_for_formal": "background_only", "crs_source": "GCJ-02→WGS84 近似转换（误差数米）", "precision_note": "高德 POI 点位为背景参考，位置精度数米级；覆盖不代表完整，缺漏不代表不存在"}, "geometry": {"type": "Point", "coordinates": [116.330858, 39.990088]}}, {"type": "Feature", "properties": {"layer": "GAODE_FACILITY_POI", "gaode_poiid": "B0H14RTCEU", "name": "宇宙酒馆(五道口店)", "type": "购物服务;购物相关场所;购物相关场所", "address": "荷清路华清嘉园东区13号楼底商13-5", "category": "shopping", "source": "DATA-SRC-GAODE-FACILITY-POI-20260814", "official_boundary": false, "usable_for_formal": "background_only", "crs_source": "GCJ-02→WGS84 近似转换（误差数米）", "precision_note": "高德 POI 点位为背景参考，位置精度数米级；覆盖不代表完整，缺漏不代表不存在"}, "geometry": {"type": "Point", "coordinates": [116.330838, 39.990108]}}, {"type": "Feature", "properties": {"layer": "GAODE_FACILITY_POI", "gaode_poiid": "B0LK9HAMMT", "name": "INTERSPORT茵特体育(五道口地铁站店)", "type": "购物服务;购物相关场所;购物相关场所", "address": "成府路27号(五道口地铁站A北口步行140米)", "category": "shopping", "source": "DATA-SRC-GAODE-FACILITY-POI-20260814", "official_boundary": false, "usable_for_formal": "background_only", "crs_source": "GCJ-02→WGS84 近似转换（误差数米）", "precision_note": "高德 POI 点位为背景参考，位置精度数米级；覆盖不代表完整，缺漏不代表不存在"}, "geometry": {"type": "Point", "coordinates": [116.332957, 39.991716]}}, {"type": "Feature", "properties": {"layer": "GAODE_FACILITY_POI", "gaode_poiid": "B000A80A2A", "name": "星球地图出版社读者服务部", "type": "科教文化服务;传媒机构;出版社|购物服务;专卖店;书店", "address": "花园路17号", "category": "shopping", "source": "DATA-SRC-GAODE-FACILITY-POI-20260814", "official_boundary": false, "usable_for_formal": "background_only", "crs_source": "GCJ-02→WGS84 近似转换（误差数米）", "precision_note": "高德 POI 点位为背景参考，位置精度数米级；覆盖不代表完整，缺漏不代表不存在"}, "geometry": {"type": "Point", "coordinates": [116.359176, 39.97006]}}, {"type": "Feature", "properties": {"layer": "GAODE_FACILITY_POI", "gaode_poiid": "B0FFIF9CTR", "name": "陈明威眼镜(仰源大厦店)", "type": "购物服务;专卖店;眼镜店", "address": "北京城区花园东路甲32号仰源大厦B座4层401", "category": "shopping", "source": "DATA-SRC-GAODE-FACILITY-POI-20260814", "official_boundary": false, "usable_for_formal": "background_only", "crs_source": "GCJ-02→WGS84 近似转换（误差数米）", "precision_note": "高德 POI 点位为背景参考，位置精度数米级；覆盖不代表完整，缺漏不代表不存在"}, "geometry": {"type": "Point", "coordinates": [116.364274, 39.975762]}}, {"type": "Feature", "properties": {"layer": "GAODE_FACILITY_POI", "gaode_poiid": "B0FFG8VU12", "name": "韩国服饰城", "type": "购物服务;服装鞋帽皮具店;服装鞋帽皮具店", "address": "成府路29号五道口国际食尚苑B1层", "category": "shopping", "source": "DATA-SRC-GAODE-FACILITY-POI-20260814", "official_boundary": false, "usable_for_formal": "background_only", "crs_source": "GCJ-02→WGS84 近似转换（误差数米）", "precision_note": "高德 POI 点位为背景参考，位置精度数米级；覆盖不代表完整，缺漏不代表不存在"}, "geometry": {"type": "Point", "coordinates": [116.332624, 39.991803]}}, {"type": "Feature", "properties": {"layer": "GAODE_FACILITY_POI", "gaode_poiid": "B0JA1ZMTGW", "name": "呦步3D定制鞋垫矫正鞋垫服务中心(牡丹园店)", "type": "购物服务;体育用品店;体育用品店", "address": "花园路街道花园东路甲32号仰源大厦B座1315室", "category": "shopping", "source": "DATA-SRC-GAODE-FACILITY-POI-20260814", "official_boundary": false, "usable_for_formal": "background_only", "crs_source": "GCJ-02→WGS84 近似转换（误差数米）", "precision_note": "高德 POI 点位为背景参考，位置精度数米级；覆盖不代表完整，缺漏不代表不存在"}, "geometry": {"type": "Point", "coordinates": [116.364622, 39.976025]}}, {"type": "Feature", "properties": {"layer": "GAODE_FACILITY_POI", "gaode_poiid": "B0KRVUDLI8", "name": "万事利丝巾丝绸(知春路店)", "type": "购物服务;家居建材市场;布艺市场", "address": "中关村街道大钟寺东路9号京仪科技大厦一层", "category": "shopping", "source": "DATA-SRC-GAODE-FACILITY-POI-20260814", "official_boundary": false, "usable_for_formal": "background_only", "crs_source": "GCJ-02→WGS84 近似转换（误差数米）", "precision_note": "高德 POI 点位为背景参考，位置精度数米级；覆盖不代表完整，缺漏不代表不存在"}, "geometry": {"type": "Point", "coordinates": [116.332016, 39.970821]}}, {"type": "Feature", "properties": {"layer": "GAODE_FACILITY_POI", "gaode_poiid": "B0K2L7E9AX", "name": "杳無书店", "type": "购物服务;专卖店;书店", "address": "中关村街道龙湖唐宁ONE2号楼122底商", "category": "shopping", "source": "DATA-SRC-GAODE-FACILITY-POI-20260814", "official_boundary": false, "usable_for_formal": "background_only", "crs_source": "GCJ-02→WGS84 近似转换（误差数米）", "precision_note": "高德 POI 点位为背景参考，位置精度数米级；覆盖不代表完整，缺漏不代表不存在"}, "geometry": {"type": "Point", "coordinates": [116.32872, 39.987999]}}, {"type": "Feature", "properties": {"layer": "GAODE_FACILITY_POI", "gaode_poiid": "B0FFFONLVS", "name": "天域联达", "type": "购物服务;家电电子卖场;家电电子卖场", "address": "财智国际大厦B1808", "category": "shopping", "source": "DATA-SRC-GAODE-FACILITY-POI-20260814", "official_boundary": false, "usable_for_formal": "background_only", "crs_source": "GCJ-02→WGS84 近似转换（误差数米）", "precision_note": "高德 POI 点位为背景参考，位置精度数米级；覆盖不代表完整，缺漏不代表不存在"}, "geometry": {"type": "Point", "coordinates": [116.327773, 39.986775]}}, {"type": "Feature", "properties": {"layer": "GAODE_FACILITY_POI", "gaode_poiid": "B0FFHCA6TW", "name": "火鬼PYRO(五道口店)", "type": "购物服务;专卖店;专营店", "address": "北京城区五道口华清嘉园12号楼04号房地下一层", "category": "shopping", "source": "DATA-SRC-GAODE-FACILITY-POI-20260814", "official_boundary": false, "usable_for_formal": "background_only", "crs_source": "GCJ-02→WGS84 近似转换（误差数米）", "precision_note": "高德 POI 点位为背景参考，位置精度数米级；覆盖不代表完整，缺漏不代表不存在"}, "geometry": {"type": "Point", "coordinates": [116.330689, 39.990667]}}, {"type": "Feature", "properties": {"layer": "GAODE_FACILITY_POI", "gaode_poiid": "B0FFG9S042", "name": "果多美(志新路店)", "type": "购物服务;综合市场;果品市场", "address": "北京城区志新路16号二层商业用房102室", "category": "shopping", "source": "DATA-SRC-GAODE-FACILITY-POI-20260814", "official_boundary": false, "usable_for_formal": "background_only", "crs_source": "GCJ-02→WGS84 近似转换（误差数米）", "precision_note": "高德 POI 点位为背景参考，位置精度数米级；覆盖不代表完整，缺漏不代表不存在"}, "geometry": {"type": "Point", "coordinates": [116.360114, 39.992151]}}, {"type": "Feature", "properties": {"layer": "GAODE_FACILITY_POI", "gaode_poiid": "B0KA2LI1HM", "name": "索尼专卖店(北京总店)", "type": "购物服务;家电电子卖场;数码电子", "address": "五道口财智国际大厦B座17层1702室", "category": "shopping", "source": "DATA-SRC-GAODE-FACILITY-POI-20260814", "official_boundary": false, "usable_for_formal": "background_only", "crs_source": "GCJ-02→WGS84 近似转换（误差数米）", "precision_note": "高德 POI 点位为背景参考，位置精度数米级；覆盖不代表完整，缺漏不代表不存在"}, "geometry": {"type": "Point", "coordinates": [116.327827, 39.986807]}}, {"type": "Feature", "properties": {"layer": "GAODE_FACILITY_POI", "gaode_poiid": "B0FFKOSJUJ", "name": "便利蜂(华清嘉园店)", "type": "购物服务;便民商店/便利店;便民商店/便利店", "address": "华清嘉园东区东北1门旁(五道口地铁站B南口步行180米)", "category": "shopping", "source": "DATA-SRC-GAODE-FACILITY-POI-20260814", "official_boundary": false, "usable_for_formal": "background_only", "crs_source": "GCJ-02→WGS84 近似转换（误差数米）", "precision_note": "高德 POI 点位为背景参考，位置精度数米级；覆盖不代表完整，缺漏不代表不存在"}, "geometry": {"type": "Point", "coordinates": [116.330696, 39.990619]}}, {"type": "Feature", "properties": {"layer": "GAODE_FACILITY_POI", "gaode_poiid": "B0FFM901I2", "name": "办公家具厂家定制文件柜铁皮柜档案柜办公桌办公椅工位", "type": "购物服务;购物相关场所;购物相关场所", "address": "漷县镇漷兴一街1344号北四环西路9号", "category": "shopping", "source": "DATA-SRC-GAODE-FACILITY-POI-20260814", "official_boundary": false, "usable_for_formal": "background_only", "crs_source": "GCJ-02→WGS84 近似转换（误差数米）", "precision_note": "高德 POI 点位为背景参考，位置精度数米级；覆盖不代表完整，缺漏不代表不存在"}, "geometry": {"type": "Point", "coordinates": [116.327535, 39.986005]}}, {"type": "Feature", "properties": {"layer": "GAODE_FACILITY_POI", "gaode_poiid": "B0KARRI167", "name": "富士相机(北京总店)", "type": "购物服务;家电电子卖场;数码电子", "address": "北京城区五道口财智国际大厦B座17层1702室", "category": "shopping", "source": "DATA-SRC-GAODE-FACILITY-POI-20260814", "official_boundary": false, "usable_for_formal": "background_only", "crs_source": "GCJ-02→WGS84 近似转换（误差数米）", "precision_note": "高德 POI 点位为背景参考，位置精度数米级；覆盖不代表完整，缺漏不代表不存在"}, "geometry": {"type": "Point", "coordinates": [116.32779, 39.986885]}}, {"type": "Feature", "properties": {"layer": "GAODE_FACILITY_POI", "gaode_poiid": "B0K1NGDSOF", "name": "具象Concrete salon(五道口店)", "type": "购物服务;服装鞋帽皮具店;服装鞋帽皮具店", "address": "中关村东路18号财智国际大厦A座20层2006号", "category": "shopping", "source": "DATA-SRC-GAODE-FACILITY-POI-20260814", "official_boundary": false, "usable_for_formal": "background_only", "crs_source": "GCJ-02→WGS84 近似转换（误差数米）", "precision_note": "高德 POI 点位为背景参考，位置精度数米级；覆盖不代表完整，缺漏不代表不存在"}, "geometry": {"type": "Point", "coordinates": [116.327718, 39.986449]}}, {"type": "Feature", "properties": {"layer": "GAODE_FACILITY_POI", "gaode_poiid": "B0K2VS99N7", "name": "绿洲酒店(北京鸟巢科技大学店)", "type": "购物服务;购物相关场所;购物相关场所|住宿服务;住宿服务相关;住宿服务相关", "address": "志新东路甲8号7号楼", "category": "shopping", "source": "DATA-SRC-GAODE-FACILITY-POI-20260814", "official_boundary": false, "usable_for_formal": "background_only", "crs_source": "GCJ-02→WGS84 近似转换（误差数米）", "precision_note": "高德 POI 点位为背景参考，位置精度数米级；覆盖不代表完整，缺漏不代表不存在"}, "geometry": {"type": "Point", "coordinates": [116.36326, 39.989789]}}, {"type": "Feature", "properties": {"layer": "GAODE_FACILITY_POI", "gaode_poiid": "B0K2JRTOOR", "name": "达宝利·西昊·永艺·保友·赫曼米勒·Ergomax人体工学椅电脑椅线下体验店(财智国际大厦店)", "type": "购物服务;购物相关场所;购物相关场所", "address": "中关村东路18号财智国际大厦B座8层802", "category": "shopping", "source": "DATA-SRC-GAODE-FACILITY-POI-20260814", "official_boundary": false, "usable_for_formal": "background_only", "crs_source": "GCJ-02→WGS84 近似转换（误差数米）", "precision_note": "高德 POI 点位为背景参考，位置精度数米级；覆盖不代表完整，缺漏不代表不存在"}, "geometry": {"type": "Point", "coordinates": [116.327644, 39.986796]}}, {"type": "Feature", "properties": {"layer": "GAODE_FACILITY_POI", "gaode_poiid": "B0KAXCBLIO", "name": "尼康专卖店(北京总店)", "type": "购物服务;家电电子卖场;数码电子", "address": "五道口财智国际大厦B座17层1702室", "category": "shopping", "source": "DATA-SRC-GAODE-FACILITY-POI-20260814", "official_boundary": false, "usable_for_formal": "background_only", "crs_source": "GCJ-02→WGS84 近似转换（误差数米）", "precision_note": "高德 POI 点位为背景参考，位置精度数米级；覆盖不代表完整，缺漏不代表不存在"}, "geometry": {"type": "Point", "coordinates": [116.32779, 39.986885]}}, {"type": "Feature", "properties": {"layer": "GAODE_FACILITY_POI", "gaode_poiid": "B0KA2CDLZ9", "name": "佳能专卖店(北京总店)", "type": "购物服务;家电电子卖场;数码电子", "address": "北京城区五道口财智国际大厦B座17层1702", "category": "shopping", "source": "DATA-SRC-GAODE-FACILITY-POI-20260814", "official_boundary": false, "usable_for_formal": "background_only", "crs_source": "GCJ-02→WGS84 近似转换（误差数米）", "precision_note": "高德 POI 点位为背景参考，位置精度数米级；覆盖不代表完整，缺漏不代表不存在"}, "geometry": {"type": "Point", "coordinates": [116.327658, 39.986821]}}, {"type": "Feature", "properties": {"layer": "GAODE_FACILITY_POI", "gaode_poiid": "B0JBSSNCR1", "name": "优医视平价眼镜(五道口店)", "type": "购物服务;购物相关场所;购物相关场所", "address": "北京城区中关村东路18号财智大厦C座11层1107室", "category": "shopping", "source": "DATA-SRC-GAODE-FACILITY-POI-20260814", "official_boundary": false, "usable_for_formal": "background_only", "crs_source": "GCJ-02→WGS84 近似转换（误差数米）", "precision_note": "高德 POI 点位为背景参考，位置精度数米级；覆盖不代表完整，缺漏不代表不存在"}, "geometry": {"type": "Point", "coordinates": [116.327498, 39.986726]}}, {"type": "Feature", "properties": {"layer": "GAODE_FACILITY_POI", "gaode_poiid": "B0I23CVI65", "name": "觅棠花舍(五道口店)", "type": "购物服务;花鸟鱼虫市场;花卉市场", "address": "北京城区华清嘉园1号楼小区外面底商2层-2(五道口鲍师傅楼上)", "category": "shopping", "source": "DATA-SRC-GAODE-FACILITY-POI-20260814", "official_boundary": false, "usable_for_formal": "background_only", "crs_source": "GCJ-02→WGS84 近似转换（误差数米）", "precision_note": "高德 POI 点位为背景参考，位置精度数米级；覆盖不代表完整，缺漏不代表不存在"}, "geometry": {"type": "Point", "coordinates": [116.330497, 39.991125]}}, {"type": "Feature", "properties": {"layer": "GAODE_FACILITY_POI", "gaode_poiid": "B000A8WBVT", "name": "幸福荣耀超市(学院路店)", "type": "购物服务;超级市场;超市", "address": "学院路9号学府大厦苏宁电器B1-B2", "category": "shopping", "source": "DATA-SRC-GAODE-FACILITY-POI-20260814", "official_boundary": false, "usable_for_formal": "background_only", "crs_source": "GCJ-02→WGS84 近似转换（误差数米）", "precision_note": "高德 POI 点位为背景参考，位置精度数米级；覆盖不代表完整，缺漏不代表不存在"}, "geometry": {"type": "Point", "coordinates": [116.345975, 39.997063]}}, {"type": "Feature", "properties": {"layer": "GAODE_FACILITY_POI", "gaode_poiid": "B0GUDSRNQW", "name": "宝岛眼镜(五道口店)", "type": "购物服务;专卖店;眼镜店", "address": "五道口华清嘉园1号楼(五道口地铁站B南口步行110米)", "category": "shopping", "source": "DATA-SRC-GAODE-FACILITY-POI-20260814", "official_boundary": false, "usable_for_formal": "background_only", "crs_source": "GCJ-02→WGS84 近似转换（误差数米）", "precision_note": "高德 POI 点位为背景参考，位置精度数米级；覆盖不代表完整，缺漏不代表不存在"}, "geometry": {"type": "Point", "coordinates": [116.330449, 39.991143]}}, {"type": "Feature", "properties": {"layer": "GAODE_FACILITY_POI", "gaode_poiid": "B000A7QR7E", "name": "物美超市(志新店)", "type": "购物服务;超级市场;超市", "address": "志新北里小区16号楼", "category": "shopping", "source": "DATA-SRC-GAODE-FACILITY-POI-20260814", "official_boundary": false, "usable_for_formal": "background_only", "crs_source": "GCJ-02→WGS84 近似转换（误差数米）", "precision_note": "高德 POI 点位为背景参考，位置精度数米级；覆盖不代表完整，缺漏不代表不存在"}, "geometry": {"type": "Point", "coordinates": [116.361933, 39.991932]}}, {"type": "Feature", "properties": {"layer": "GAODE_FACILITY_POI", "gaode_poiid": "B0FFHK26AS", "name": "北京海房供热有限公司", "type": "购物服务;家居建材市场;建材五金市场", "address": "志新西路14号", "category": "shopping", "source": "DATA-SRC-GAODE-FACILITY-POI-20260814", "official_boundary": false, "usable_for_formal": "background_only", "crs_source": "GCJ-02→WGS84 近似转换（误差数米）", "precision_note": "高德 POI 点位为背景参考，位置精度数米级；覆盖不代表完整，缺漏不代表不存在"}, "geometry": {"type": "Point", "coordinates": [116.359085, 39.993469]}}, {"type": "Feature", "properties": {"layer": "GAODE_FACILITY_POI", "gaode_poiid": "B0KG0UL447", "name": "BLUE HOUSE不止是花(五道口店)", "type": "购物服务;花鸟鱼虫市场;花卉市场", "address": "中关村东路16号院龙湖熙典华庭西门一层底商", "category": "shopping", "source": "DATA-SRC-GAODE-FACILITY-POI-20260814", "official_boundary": false, "usable_for_formal": "background_only", "crs_source": "GCJ-02→WGS84 近似转换（误差数米）", "precision_note": "高德 POI 点位为背景参考，位置精度数米级；覆盖不代表完整，缺漏不代表不存在"}, "geometry": {"type": "Point", "coordinates": [116.327381, 39.987544]}}, {"type": "Feature", "properties": {"layer": "GAODE_FACILITY_POI", "gaode_poiid": "B0JA5UJSCJ", "name": "雅迪电动车(五道口店)", "type": "购物服务;专卖店;自行车专卖店", "address": "北京城区中关村东路18号110底商", "category": "shopping", "source": "DATA-SRC-GAODE-FACILITY-POI-20260814", "official_boundary": false, "usable_for_formal": "background_only", "crs_source": "GCJ-02→WGS84 近似转换（误差数米）", "precision_note": "高德 POI 点位为背景参考，位置精度数米级；覆盖不代表完整，缺漏不代表不存在"}, "geometry": {"type": "Point", "coordinates": [116.327381, 39.988081]}}, {"type": "Feature", "properties": {"layer": "GAODE_FACILITY_POI", "gaode_poiid": "B0L0NCRUJP", "name": "孰师傅现烤巴斯克芝士蛋糕&甜品", "type": "餐饮服务;糕饼店;糕饼店|购物服务;购物相关场所;购物相关场所", "address": "中关村东路16号院1号楼1层101", "category": "shopping", "source": "DATA-SRC-GAODE-FACILITY-POI-20260814", "official_boundary": false, "usable_for_formal": "background_only", "crs_source": "GCJ-02→WGS84 近似转换（误差数米）", "precision_note": "高德 POI 点位为背景参考，位置精度数米级；覆盖不代表完整，缺漏不代表不存在"}, "geometry": {"type": "Point", "coordinates": [116.327446, 39.988314]}}, {"type": "Feature", "properties": {"layer": "GAODE_FACILITY_POI", "gaode_poiid": "B000A8ZHYB", "name": "小孙车行爱玛电动车", "type": "购物服务;专卖店;自行车专卖店|摩托车服务;摩托车服务相关;摩托车服务相关", "address": "北京城区金谷园小区4号楼底商", "category": "shopping", "source": "DATA-SRC-GAODE-FACILITY-POI-20260814", "official_boundary": false, "usable_for_formal": "background_only", "crs_source": "GCJ-02→WGS84 近似转换（误差数米）", "precision_note": "高德 POI 点位为背景参考，位置精度数米级；覆盖不代表完整，缺漏不代表不存在"}, "geometry": {"type": "Point", "coordinates": [116.32799, 39.973334]}}, {"type": "Feature", "properties": {"layer": "GAODE_FACILITY_POI", "gaode_poiid": "B0LKDRNX8S", "name": "雨虹防水五金水暖(北三环西路店)", "type": "购物服务;家居建材市场;家居建材市场", "address": "明光西路与明光路交叉口西140米", "category": "shopping", "source": "DATA-SRC-GAODE-FACILITY-POI-20260814", "official_boundary": false, "usable_for_formal": "background_only", "crs_source": "GCJ-02→WGS84 近似转换（误差数米）", "precision_note": "高德 POI 点位为背景参考，位置精度数米级；覆盖不代表完整，缺漏不代表不存在"}, "geometry": {"type": "Point", "coordinates": [116.339881, 39.965854]}}, {"type": "Feature", "properties": {"layer": "GAODE_FACILITY_POI", "gaode_poiid": "B0G0FU8C0M", "name": "墙地砖木地板", "type": "购物服务;家居建材市场;建材五金市场", "address": "北三环西路辅路与明光路交叉口西140米", "category": "shopping", "source": "DATA-SRC-GAODE-FACILITY-POI-20260814", "official_boundary": false, "usable_for_formal": "background_only", "crs_source": "GCJ-02→WGS84 近似转换（误差数米）", "precision_note": "高德 POI 点位为背景参考，位置精度数米级；覆盖不代表完整，缺漏不代表不存在"}, "geometry": {"type": "Point", "coordinates": [116.339621, 39.965871]}}, {"type": "Feature", "properties": {"layer": "GAODE_FACILITY_POI", "gaode_poiid": "B0I0BDDSWS", "name": "纪菜园生鲜超市(华清嘉园东区店)", "type": "购物服务;综合市场;农副产品市场", "address": "华清嘉园东区北2门西60米(五道口地铁站B南口步行220米)", "category": "shopping", "source": "DATA-SRC-GAODE-FACILITY-POI-20260814", "official_boundary": false, "usable_for_formal": "background_only", "crs_source": "GCJ-02→WGS84 近似转换（误差数米）", "precision_note": "高德 POI 点位为背景参考，位置精度数米级；覆盖不代表完整，缺漏不代表不存在"}, "geometry": {"type": "Point", "coordinates": [116.329462, 39.991187]}}, {"type": "Feature", "properties": {"layer": "GAODE_FACILITY_POI", "gaode_poiid": "B0LRA6Z0JX", "name": "张一元茶庄(五道口店)", "type": "购物服务;专卖店;专营店", "address": "北京城区华清嘉园东区北2门旁(五道口地铁站B南口步行170米)", "category": "shopping", "source": "DATA-SRC-GAODE-FACILITY-POI-20260814", "official_boundary": false, "usable_for_formal": "background_only", "crs_source": "GCJ-02→WGS84 近似转换（误差数米）", "precision_note": "高德 POI 点位为背景参考，位置精度数米级；覆盖不代表完整，缺漏不代表不存在"}, "geometry": {"type": "Point", "coordinates": [116.329901, 39.991356]}}, {"type": "Feature", "properties": {"layer": "GAODE_FACILITY_POI", "gaode_poiid": "B0FFHQJCKH", "name": "多点商城(志新物美超市店)", "type": "购物服务;超级市场;超市", "address": "物美大卖场(志新店)二层", "category": "shopping", "source": "DATA-SRC-GAODE-FACILITY-POI-20260814", "official_boundary": false, "usable_for_formal": "background_only", "crs_source": "GCJ-02→WGS84 近似转换（误差数米）", "precision_note": "高德 POI 点位为背景参考，位置精度数米级；覆盖不代表完整，缺漏不代表不存在"}, "geometry": {"type": "Point", "coordinates": [116.361805, 39.992045]}}, {"type": "Feature", "properties": {"layer": "GAODE_FACILITY_POI", "gaode_poiid": "B0FFHD446X", "name": "晨光文具(五道口店)", "type": "购物服务;文化用品店;文化用品店", "address": "五道口华清嘉园甲五号楼底商二层", "category": "shopping", "source": "DATA-SRC-GAODE-FACILITY-POI-20260814", "official_boundary": false, "usable_for_formal": "background_only", "crs_source": "GCJ-02→WGS84 近似转换（误差数米）", "precision_note": "高德 POI 点位为背景参考，位置精度数米级；覆盖不代表完整，缺漏不代表不存在"}, "geometry": {"type": "Point", "coordinates": [116.329357, 39.9912]}}, {"type": "Feature", "properties": {"layer": "GAODE_FACILITY_POI", "gaode_poiid": "B0K3XH0QSW", "name": "X²花艺工作室", "type": "购物服务;花鸟鱼虫市场;花卉市场", "address": "北京城区龙翔路15号北京辰茂鸿翔酒店1号平房02号", "category": "shopping", "source": "DATA-SRC-GAODE-FACILITY-POI-20260814", "official_boundary": false, "usable_for_formal": "background_only", "crs_source": "GCJ-02→WGS84 近似转换（误差数米）", "precision_note": "高德 POI 点位为背景参考，位置精度数米级；覆盖不代表完整，缺漏不代表不存在"}, "geometry": {"type": "Point", "coordinates": [116.367752, 39.980941]}}, {"type": "Feature", "properties": {"layer": "GAODE_FACILITY_POI", "gaode_poiid": "B0FFIKYP2S", "name": "昀熹逆龄抗衰妮子会所(北三环中路43号院店)", "type": "生活服务;美容美发店;美容美发店|购物服务;购物相关场所;购物相关场所", "address": "北太平庄桥北三环中路43号院3号板楼", "category": "shopping", "source": "DATA-SRC-GAODE-FACILITY-POI-20260814", "official_boundary": false, "usable_for_formal": "background_only", "crs_source": "GCJ-02→WGS84 近似转换（误差数米）", "precision_note": "高德 POI 点位为背景参考，位置精度数米级；覆盖不代表完整，缺漏不代表不存在"}, "geometry": {"type": "Point", "coordinates": [116.364218, 39.971853]}}, {"type": "Feature", "properties": {"layer": "GAODE_FACILITY_POI", "gaode_poiid": "B000A85KVI", "name": "好邻居便利店(北太平庄西店)", "type": "购物服务;购物相关场所;购物相关场所", "address": "花园路街道北太平庄25号(牡丹园地铁站D西南口步行500米)", "category": "shopping", "source": "DATA-SRC-GAODE-FACILITY-POI-20260814", "official_boundary": false, "usable_for_formal": "background_only", "crs_source": "GCJ-02→WGS84 近似转换（误差数米）", "precision_note": "高德 POI 点位为背景参考，位置精度数米级；覆盖不代表完整，缺漏不代表不存在"}, "geometry": {"type": "Point", "coordinates": [116.363414, 39.97126]}}, {"type": "Feature", "properties": {"layer": "GAODE_FACILITY_POI", "gaode_poiid": "B0FFL1UBYX", "name": "中国电信(五道口营业厅)", "type": "生活服务;电讯营业厅;中国电信营业厅|购物服务;家电电子卖场;手机销售", "address": "成府路132号", "category": "shopping", "source": "DATA-SRC-GAODE-FACILITY-POI-20260814", "official_boundary": false, "usable_for_formal": "background_only", "crs_source": "GCJ-02→WGS84 近似转换（误差数米）", "precision_note": "高德 POI 点位为背景参考，位置精度数米级；覆盖不代表完整，缺漏不代表不存在"}, "geometry": {"type": "Point", "coordinates": [116.328579, 39.991212]}}, {"type": "Feature", "properties": {"layer": "GAODE_FACILITY_POI", "gaode_poiid": "B0LDH7LK0B", "name": "黄金名表奢侈品回收典当(牡丹园店)", "type": "购物服务;购物相关场所;购物相关场所", "address": "北太平庄街道北三环中路44号1层5号", "category": "shopping", "source": "DATA-SRC-GAODE-FACILITY-POI-20260814", "official_boundary": false, "usable_for_formal": "background_only", "crs_source": "GCJ-02→WGS84 近似转换（误差数米）", "precision_note": "高德 POI 点位为背景参考，位置精度数米级；覆盖不代表完整，缺漏不代表不存在"}, "geometry": {"type": "Point", "coordinates": [116.354385, 39.965648]}}, {"type": "Feature", "properties": {"layer": "GAODE_FACILITY_POI", "gaode_poiid": "B0K0RMNU7Q", "name": "展望眼镜(五道口总店)", "type": "购物服务;专卖店;眼镜店", "address": "北京城区华清嘉园6号楼二店商业5-1", "category": "shopping", "source": "DATA-SRC-GAODE-FACILITY-POI-20260814", "official_boundary": false, "usable_for_formal": "background_only", "crs_source": "GCJ-02→WGS84 近似转换（误差数米）", "precision_note": "高德 POI 点位为背景参考，位置精度数米级；覆盖不代表完整，缺漏不代表不存在"}, "geometry": {"type": "Point", "coordinates": [116.328477, 39.991106]}}, {"type": "Feature", "properties": {"layer": "GAODE_FACILITY_POI", "gaode_poiid": "B0ID7RUFPR", "name": "京惠生鲜超市(北太平庄店)", "type": "购物服务;综合市场;农副产品市场", "address": "北三环中路43号院北2号板楼一层105号", "category": "shopping", "source": "DATA-SRC-GAODE-FACILITY-POI-20260814", "official_boundary": false, "usable_for_formal": "background_only", "crs_source": "GCJ-02→WGS84 近似转换（误差数米）", "precision_note": "高德 POI 点位为背景参考，位置精度数米级；覆盖不代表完整，缺漏不代表不存在"}, "geometry": {"type": "Point", "coordinates": [116.36404, 39.971191]}}, {"type": "Feature", "properties": {"layer": "GAODE_FACILITY_POI", "gaode_poiid": "B0FFIQFC5Z", "name": "华清快印(五道口店)", "type": "生活服务;摄影冲印店;摄影冲印|购物服务;文化用品店;文化用品店", "address": "成府路与中关村东路辅路交叉口东140米", "category": "shopping", "source": "DATA-SRC-GAODE-FACILITY-POI-20260814", "official_boundary": false, "usable_for_formal": "background_only", "crs_source": "GCJ-02→WGS84 近似转换（误差数米）", "precision_note": "高德 POI 点位为背景参考，位置精度数米级；覆盖不代表完整，缺漏不代表不存在"}, "geometry": {"type": "Point", "coordinates": [116.328524, 39.991009]}}, {"type": "Feature", "properties": {"layer": "GAODE_FACILITY_POI", "gaode_poiid": "B0MA2CSJ7V", "name": "好想来零食乐园(北京海淀区北京师范大学店)", "type": "购物服务;专卖店;专营店", "address": "杏坛路44号(蓟门桥地铁站C口步行480米)", "category": "shopping", "source": "DATA-SRC-GAODE-FACILITY-POI-20260814", "official_boundary": false, "usable_for_formal": "background_only", "crs_source": "GCJ-02→WGS84 近似转换（误差数米）", "precision_note": "高德 POI 点位为背景参考，位置精度数米级；覆盖不代表完整，缺漏不代表不存在"}, "geometry": {"type": "Point", "coordinates": [116.354422, 39.965354]}}, {"type": "Feature", "properties": {"layer": "GAODE_FACILITY_POI", "gaode_poiid": "B0KARUD9OT", "name": "URIDE友滑(1733商业空间店)", "type": "购物服务;购物相关场所;购物相关场所", "address": "1733商业中心B2层东侧", "category": "shopping", "source": "DATA-SRC-GAODE-FACILITY-POI-20260814", "official_boundary": false, "usable_for_formal": "background_only", "crs_source": "GCJ-02→WGS84 近似转换（误差数米）", "precision_note": "高德 POI 点位为背景参考，位置精度数米级；覆盖不代表完整，缺漏不代表不存在"}, "geometry": {"type": "Point", "coordinates": [116.337781, 39.965321]}}, {"type": "Feature", "properties": {"layer": "GAODE_FACILITY_POI", "gaode_poiid": "B0LG4HDFFR", "name": "Sournice咖啡(大钟寺店)", "type": "购物服务;服装鞋帽皮具店;服装鞋帽皮具店", "address": "北三环西路甲18号院大钟寺广场2号楼B2层", "category": "shopping", "source": "DATA-SRC-GAODE-FACILITY-POI-20260814", "official_boundary": false, "usable_for_formal": "background_only", "crs_source": "GCJ-02→WGS84 近似转换（误差数米）", "precision_note": "高德 POI 点位为背景参考，位置精度数米级；覆盖不代表完整，缺漏不代表不存在"}, "geometry": {"type": "Point", "coordinates": [116.3366, 39.965733]}}, {"type": "Feature", "properties": {"layer": "GAODE_FACILITY_POI", "gaode_poiid": "B0J3LC9HDP", "name": "1733山谷食集", "type": "购物服务;购物相关场所;购物相关场所|餐饮服务;餐饮相关场所;餐饮相关", "address": "北三环西路甲18号院大钟寺广场2号", "category": "shopping", "source": "DATA-SRC-GAODE-FACILITY-POI-20260814", "official_boundary": false, "usable_for_formal": "background_only", "crs_source": "GCJ-02→WGS84 近似转换（误差数米）", "precision_note": "高德 POI 点位为背景参考，位置精度数米级；覆盖不代表完整，缺漏不代表不存在"}, "geometry": {"type": "Point", "coordinates": [116.336211, 39.965116]}}, {"type": "Feature", "properties": {"layer": "GAODE_FACILITY_POI", "gaode_poiid": "B0KD95Y440", "name": "卡泥巴拉·陶艺DIY(五道口店)", "type": "体育休闲服务;休闲场所;休闲场所|购物服务;购物相关场所;购物相关场所", "address": "华清商务会馆7号楼1207C卡泥巴拉陶艺馆", "category": "shopping", "source": "DATA-SRC-GAODE-FACILITY-POI-20260814", "official_boundary": false, "usable_for_formal": "background_only", "crs_source": "GCJ-02→WGS84 近似转换（误差数米）", "precision_note": "高德 POI 点位为背景参考，位置精度数米级；覆盖不代表完整，缺漏不代表不存在"}, "geometry": {"type": "Point", "coordinates": [116.327797, 39.991157]}}, {"type": "Feature", "properties": {"layer": "GAODE_FACILITY_POI", "gaode_poiid": "B0G0C5YAO3", "name": "天空之镜眼镜店(五道口店)", "type": "购物服务;专卖店;眼镜店", "address": "成府路35号华清嘉园7号楼华清商务会馆5层503B", "category": "shopping", "source": "DATA-SRC-GAODE-FACILITY-POI-20260814", "official_boundary": false, "usable_for_formal": "background_only", "crs_source": "GCJ-02→WGS84 近似转换（误差数米）", "precision_note": "高德 POI 点位为背景参考，位置精度数米级；覆盖不代表完整，缺漏不代表不存在"}, "geometry": {"type": "Point", "coordinates": [116.327625, 39.991052]}}, {"type": "Feature", "properties": {"layer": "GAODE_FACILITY_POI", "gaode_poiid": "B0H1DUN92Y", "name": "Boundary(五道口店)", "type": "购物服务;专卖店;专营店", "address": "中关村街道成府路108号华清商务会馆10层1005室", "category": "shopping", "source": "DATA-SRC-GAODE-FACILITY-POI-20260814", "official_boundary": false, "usable_for_formal": "background_only", "crs_source": "GCJ-02→WGS84 近似转换（误差数米）", "precision_note": "高德 POI 点位为背景参考，位置精度数米级；覆盖不代表完整，缺漏不代表不存在"}, "geometry": {"type": "Point", "coordinates": [116.32765, 39.99113]}}, {"type": "Feature", "properties": {"layer": "GAODE_FACILITY_POI", "gaode_poiid": "B0FFHVDXLN", "name": "BarTender酒吧(华清商务会馆店)", "type": "购物服务;购物相关场所;购物相关场所", "address": "成府路五道口华清商务会馆8层802C室", "category": "shopping", "source": "DATA-SRC-GAODE-FACILITY-POI-20260814", "official_boundary": false, "usable_for_formal": "background_only", "crs_source": "GCJ-02→WGS84 近似转换（误差数米）", "precision_note": "高德 POI 点位为背景参考，位置精度数米级；覆盖不代表完整，缺漏不代表不存在"}, "geometry": {"type": "Point", "coordinates": [116.327514, 39.991092]}}, {"type": "Feature", "properties": {"layer": "GAODE_FACILITY_POI", "gaode_poiid": "B000A83IWR", "name": "二里庄邮政所", "type": "生活服务;邮局;邮局|购物服务;便民商店/便利店;便民商店/便利店", "address": "志新西路10号二里庄小区53号", "category": "shopping", "source": "DATA-SRC-GAODE-FACILITY-POI-20260814", "official_boundary": false, "usable_for_formal": "background_only", "crs_source": "GCJ-02→WGS84 近似转换（误差数米）", "precision_note": "高德 POI 点位为背景参考，位置精度数米级；覆盖不代表完整，缺漏不代表不存在"}, "geometry": {"type": "Point", "coordinates": [116.361793, 39.993991]}}, {"type": "Feature", "properties": {"layer": "GAODE_FACILITY_POI", "gaode_poiid": "B0LAGAT6H7", "name": "青久耳饰", "type": "购物服务;购物相关场所;购物相关场所", "address": "中关村街道中关村东路10号华清商务会馆15层1505B", "category": "shopping", "source": "DATA-SRC-GAODE-FACILITY-POI-20260814", "official_boundary": false, "usable_for_formal": "background_only", "crs_source": "GCJ-02→WGS84 近似转换（误差数米）", "precision_note": "高德 POI 点位为背景参考，位置精度数米级；覆盖不代表完整，缺漏不代表不存在"}, "geometry": {"type": "Point", "coordinates": [116.327279, 39.99108]}}, {"type": "Feature", "properties": {"layer": "GAODE_FACILITY_POI", "gaode_poiid": "B0KRMM1T8Y", "name": "那时花开鲜花店", "type": "购物服务;花鸟鱼虫市场;花卉市场", "address": "中关村路118号", "category": "shopping", "source": "DATA-SRC-GAODE-FACILITY-POI-20260814", "official_boundary": false, "usable_for_formal": "background_only", "crs_source": "GCJ-02→WGS84 近似转换（误差数米）", "precision_note": "高德 POI 点位为背景参考，位置精度数米级；覆盖不代表完整，缺漏不代表不存在"}, "geometry": {"type": "Point", "coordinates": [116.329322, 39.969317]}}, {"type": "Feature", "properties": {"layer": "GAODE_FACILITY_POI", "gaode_poiid": "B0KDVKHLOK", "name": "7-ELEVEn(清华园店)", "type": "购物服务;便民商店/便利店;7-ELEVEn便利店", "address": "中关村东路8号东升大厦B座一层SA-133单元", "category": "shopping", "source": "DATA-SRC-GAODE-FACILITY-POI-20260814", "official_boundary": false, "usable_for_formal": "background_only", "crs_source": "GCJ-02→WGS84 近似转换（误差数米）", "precision_note": "高德 POI 点位为背景参考，位置精度数米级；覆盖不代表完整，缺漏不代表不存在"}, "geometry": {"type": "Point", "coordinates": [116.328113, 39.992156]}}, {"type": "Feature", "properties": {"layer": "GAODE_FACILITY_POI", "gaode_poiid": "B0KR67ZLNP", "name": "雅迪电动车学院路旗舰店", "type": "购物服务;专卖店;自行车专卖店", "address": "学院路6号富润家园底商1号楼1层101", "category": "shopping", "source": "DATA-SRC-GAODE-FACILITY-POI-20260814", "official_boundary": false, "usable_for_formal": "background_only", "crs_source": "GCJ-02→WGS84 近似转换（误差数米）", "precision_note": "高德 POI 点位为背景参考，位置精度数米级；覆盖不代表完整，缺漏不代表不存在"}, "geometry": {"type": "Point", "coordinates": [116.347299, 39.998751]}}, {"type": "Feature", "properties": {"layer": "GAODE_FACILITY_POI", "gaode_poiid": "B0FFM5UKSA", "name": "新日电动车(大钟寺北路店)", "type": "购物服务;购物相关场所;购物相关场所", "address": "大钟寺北路与大钟寺西路交叉口西120米", "category": "shopping", "source": "DATA-SRC-GAODE-FACILITY-POI-20260814", "official_boundary": false, "usable_for_formal": "background_only", "crs_source": "GCJ-02→WGS84 近似转换（误差数米）", "precision_note": "高德 POI 点位为背景参考，位置精度数米级；覆盖不代表完整，缺漏不代表不存在"}, "geometry": {"type": "Point", "coordinates": [116.329396, 39.969114]}}, {"type": "Feature", "properties": {"layer": "GAODE_FACILITY_POI", "gaode_poiid": "B0M6ZU2E8Q", "name": "花经雨曦花植小屋", "type": "购物服务;花鸟鱼虫市场;花卉市场", "address": "北京城区学院路7号1层116室", "category": "shopping", "source": "DATA-SRC-GAODE-FACILITY-POI-20260814", "official_boundary": false, "usable_for_formal": "background_only", "crs_source": "GCJ-02→WGS84 近似转换（误差数米）", "precision_note": "高德 POI 点位为背景参考，位置精度数米级；覆盖不代表完整，缺漏不代表不存在"}, "geometry": {"type": "Point", "coordinates": [116.345499, 39.9989]}}, {"type": "Feature", "properties": {"layer": "GAODE_FACILITY_POI", "gaode_poiid": "B0HUMUV3IV", "name": "盒马鲜生(大钟寺店)", "type": "购物服务;综合市场;水产海鲜市场|购物服务;超级市场;超市", "address": "四道口北街36号4号楼1层", "category": "shopping", "source": "DATA-SRC-GAODE-FACILITY-POI-20260814", "official_boundary": false, "usable_for_formal": "background_only", "crs_source": "GCJ-02→WGS84 近似转换（误差数米）", "precision_note": "高德 POI 点位为背景参考，位置精度数米级；覆盖不代表完整，缺漏不代表不存在"}, "geometry": {"type": "Point", "coordinates": [116.337962, 39.964054]}}, {"type": "Feature", "properties": {"layer": "GAODE_FACILITY_POI", "gaode_poiid": "B0JA6LH31H", "name": "DAHON大行自行车(联想桥专卖店)", "type": "购物服务;专卖店;自行车专卖店", "address": "中关村东路118号", "category": "shopping", "source": "DATA-SRC-GAODE-FACILITY-POI-20260814", "official_boundary": false, "usable_for_formal": "background_only", "crs_source": "GCJ-02→WGS84 近似转换（误差数米）", "precision_note": "高德 POI 点位为背景参考，位置精度数米级；覆盖不代表完整，缺漏不代表不存在"}, "geometry": {"type": "Point", "coordinates": [116.328656, 39.969293]}}, {"type": "Feature", "properties": {"layer": "GAODE_FACILITY_POI", "gaode_poiid": "B0MAGCZGL4", "name": "好想来零食乐园(北京海淀区五道口店)", "type": "购物服务;专卖店;专营店", "address": "华清嘉园西区东门旁", "category": "shopping", "source": "DATA-SRC-GAODE-FACILITY-POI-20260814", "official_boundary": false, "usable_for_formal": "background_only", "crs_source": "GCJ-02→WGS84 近似转换（误差数米）", "precision_note": "高德 POI 点位为背景参考，位置精度数米级；覆盖不代表完整，缺漏不代表不存在"}, "geometry": {"type": "Point", "coordinates": [116.32651, 39.9907]}}, {"type": "Feature", "properties": {"layer": "GAODE_FACILITY_POI", "gaode_poiid": "B000A32CA8", "name": "中国联通(二里庄营业厅(苹果授权厅))", "type": "生活服务;电讯营业厅;中国联通营业厅|购物服务;购物相关场所;购物相关场所", "address": "志新路11号", "category": "shopping", "source": "DATA-SRC-GAODE-FACILITY-POI-20260814", "official_boundary": false, "usable_for_formal": "background_only", "crs_source": "GCJ-02→WGS84 近似转换（误差数米）", "precision_note": "高德 POI 点位为背景参考，位置精度数米级；覆盖不代表完整，缺漏不代表不存在"}, "geometry": {"type": "Point", "coordinates": [116.364503, 39.992794]}}, {"type": "Feature", "properties": {"layer": "GAODE_FACILITY_POI", "gaode_poiid": "B0LDK7PZ79", "name": "ANA", "type": "购物服务;购物相关场所;购物相关场所", "address": "中关村东路8号东升大厦AB座1层配楼4单元", "category": "shopping", "source": "DATA-SRC-GAODE-FACILITY-POI-20260814", "official_boundary": false, "usable_for_formal": "background_only", "crs_source": "GCJ-02→WGS84 近似转换（误差数米）", "precision_note": "高德 POI 点位为背景参考，位置精度数米级；覆盖不代表完整，缺漏不代表不存在"}, "geometry": {"type": "Point", "coordinates": [116.327726, 39.992681]}}, {"type": "Feature", "properties": {"layer": "GAODE_FACILITY_POI", "gaode_poiid": "B000A80V46", "name": "大明豪眼镜·LINDBERG林德伯格(北三环店)", "type": "购物服务;专卖店;眼镜店", "address": "北京城区北三环中路36-4号(北太平庄地铁站A口步行450米)", "category": "shopping", "source": "DATA-SRC-GAODE-FACILITY-POI-20260814", "official_boundary": false, "usable_for_formal": "background_only", "crs_source": "GCJ-02→WGS84 近似转换（误差数米）", "precision_note": "高德 POI 点位为背景参考，位置精度数米级；覆盖不代表完整，缺漏不代表不存在"}, "geometry": {"type": "Point", "coordinates": [116.360086, 39.966029]}}, {"type": "Feature", "properties": {"layer": "GAODE_FACILITY_POI", "gaode_poiid": "B0FFIIPDHX", "name": "粒上皇(北京海淀北太平庄店)", "type": "购物服务;综合市场;果品市场|餐饮服务;餐饮相关场所;餐饮相关", "address": "北三环中路67号102-1(北太平庄地铁站A口步行320米)", "category": "shopping", "source": "DATA-SRC-GAODE-FACILITY-POI-20260814", "official_boundary": false, "usable_for_formal": "background_only", "crs_source": "GCJ-02→WGS84 近似转换（误差数米）", "precision_note": "高德 POI 点位为背景参考，位置精度数米级；覆盖不代表完整，缺漏不代表不存在"}, "geometry": {"type": "Point", "coordinates": [116.361037, 39.966827]}}, {"type": "Feature", "properties": {"layer": "GAODE_FACILITY_POI", "gaode_poiid": "B0J3XAY9PQ", "name": "台铃电动车(海淀区青云北路店)", "type": "购物服务;专卖店;自行车专卖店", "address": "中关村街道北青云路青云北小区对面底商", "category": "shopping", "source": "DATA-SRC-GAODE-FACILITY-POI-20260814", "official_boundary": false, "usable_for_formal": "background_only", "crs_source": "GCJ-02→WGS84 近似转换（误差数米）", "precision_note": "高德 POI 点位为背景参考，位置精度数米级；覆盖不代表完整，缺漏不代表不存在"}, "geometry": {"type": "Point", "coordinates": [116.32549, 39.972298]}}, {"type": "Feature", "properties": {"layer": "GAODE_FACILITY_POI", "gaode_poiid": "B0LG552W0P", "name": "李宁羽毛球(师大北路店)", "type": "购物服务;体育用品店;李宁专卖店", "address": "北京城区师大北路21号院", "category": "shopping", "source": "DATA-SRC-GAODE-FACILITY-POI-20260814", "official_boundary": false, "usable_for_formal": "background_only", "crs_source": "GCJ-02→WGS84 近似转换（误差数米）", "precision_note": "高德 POI 点位为背景参考，位置精度数米级；覆盖不代表完整，缺漏不代表不存在"}, "geometry": {"type": "Point", "coordinates": [116.354579, 39.96396]}}, {"type": "Feature", "properties": {"layer": "GAODE_FACILITY_POI", "gaode_poiid": "B0K6HREE7B", "name": "中关村智造大街", "type": "购物服务;特色商业街;特色商业街", "address": "成府路45号(五道口地铁站A北口步行490米)", "category": "shopping", "source": "DATA-SRC-GAODE-FACILITY-POI-20260814", "official_boundary": false, "usable_for_formal": "background_only", "crs_source": "GCJ-02→WGS84 近似转换（误差数米）", "precision_note": "高德 POI 点位为背景参考，位置精度数米级；覆盖不代表完整，缺漏不代表不存在"}, "geometry": {"type": "Point", "coordinates": [116.328287, 39.99356]}}, {"type": "Feature", "properties": {"layer": "GAODE_FACILITY_POI", "gaode_poiid": "B0FFFN3IGB", "name": "99优选酒店(北京中关村大钟寺地铁站店)", "type": "住宿服务;宾馆酒店;经济型连锁酒店|购物服务;购物相关场所;购物相关场所", "address": "中关村东路123号院5号楼", "category": "shopping", "source": "DATA-SRC-GAODE-FACILITY-POI-20260814", "official_boundary": false, "usable_for_formal": "background_only", "crs_source": "GCJ-02→WGS84 近似转换（误差数米）", "precision_note": "高德 POI 点位为背景参考，位置精度数米级；覆盖不代表完整，缺漏不代表不存在"}, "geometry": {"type": "Point", "coordinates": [116.327559, 39.969389]}}, {"type": "Feature", "properties": {"layer": "GAODE_FACILITY_POI", "gaode_poiid": "B0GK3ZSZTM", "name": "雅迪电动车(北太平庄店)", "type": "购物服务;专卖店;自行车专卖店", "address": "北太平庄街道北三环中路36-7号", "category": "shopping", "source": "DATA-SRC-GAODE-FACILITY-POI-20260814", "official_boundary": false, "usable_for_formal": "background_only", "crs_source": "GCJ-02→WGS84 近似转换（误差数米）", "precision_note": "高德 POI 点位为背景参考，位置精度数米级；覆盖不代表完整，缺漏不代表不存在"}, "geometry": {"type": "Point", "coordinates": [116.359799, 39.966044]}}, {"type": "Feature", "properties": {"layer": "GAODE_FACILITY_POI", "gaode_poiid": "B000A7Q6BD", "name": "北京青松日盛五金建材", "type": "购物服务;家居建材市场;建材五金市场", "address": "中关村南路保福寺54号", "category": "shopping", "source": "DATA-SRC-GAODE-FACILITY-POI-20260814", "official_boundary": false, "usable_for_formal": "background_only", "crs_source": "GCJ-02→WGS84 近似转换（误差数米）", "precision_note": "高德 POI 点位为背景参考，位置精度数米级；覆盖不代表完整，缺漏不代表不存在"}, "geometry": {"type": "Point", "coordinates": [116.322163, 39.979872]}}, {"type": "Feature", "properties": {"layer": "GAODE_FACILITY_POI", "gaode_poiid": "B0FFM6IS64", "name": "金五星购物广场", "type": "购物服务;商场;普通商场|购物服务;商场;购物中心", "address": "中关村东路118号", "category": "shopping", "source": "DATA-SRC-GAODE-FACILITY-POI-20260814", "official_boundary": false, "usable_for_formal": "background_only", "crs_source": "GCJ-02→WGS84 近似转换（误差数米）", "precision_note": "高德 POI 点位为背景参考，位置精度数米级；覆盖不代表完整，缺漏不代表不存在"}, "geometry": {"type": "Point", "coordinates": [116.329112, 39.967343]}}, {"type": "Feature", "properties": {"layer": "GAODE_FACILITY_POI", "gaode_poiid": "B0H0V72GD6", "name": "BOM嘻番里", "type": "购物服务;商场;购物中心", "address": "学清路38号金码大厦B座(六道口地铁站B东北口步行110米)", "category": "shopping", "source": "DATA-SRC-GAODE-FACILITY-POI-20260814", "official_boundary": false, "usable_for_formal": "background_only", "crs_source": "GCJ-02→WGS84 近似转换（误差数米）", "precision_note": "高德 POI 点位为背景参考，位置精度数米级；覆盖不代表完整，缺漏不代表不存在"}, "geometry": {"type": "Point", "coordinates": [116.347629, 40.000408]}}, {"type": "Feature", "properties": {"layer": "GAODE_FACILITY_POI", "gaode_poiid": "B0HAMD2G4D", "name": "九号电动车(北太平庄店)", "type": "购物服务;专卖店;自行车专卖店", "address": "北三环中路59号(北太平庄地铁站A口步行220米)", "category": "shopping", "source": "DATA-SRC-GAODE-FACILITY-POI-20260814", "official_boundary": false, "usable_for_formal": "background_only", "crs_source": "GCJ-02→WGS84 近似转换（误差数米）", "precision_note": "高德 POI 点位为背景参考，位置精度数米级；覆盖不代表完整，缺漏不代表不存在"}, "geometry": {"type": "Point", "coordinates": [116.362245, 39.96688]}}, {"type": "Feature", "properties": {"layer": "GAODE_FACILITY_POI", "gaode_poiid": "B0FFG6RA72", "name": "Suning Pro苏宁易购(北京联想桥店)", "type": "购物服务;家电电子卖场;苏宁", "address": "中关村东路118号", "category": "shopping", "source": "DATA-SRC-GAODE-FACILITY-POI-20260814", "official_boundary": false, "usable_for_formal": "background_only", "crs_source": "GCJ-02→WGS84 近似转换（误差数米）", "precision_note": "高德 POI 点位为背景参考，位置精度数米级；覆盖不代表完整，缺漏不代表不存在"}, "geometry": {"type": "Point", "coordinates": [116.328527, 39.967706]}}, {"type": "Feature", "properties": {"layer": "GAODE_FACILITY_POI", "gaode_poiid": "B000A7S9H0", "name": "中国移动(学清路营业厅)", "type": "生活服务;电讯营业厅;中国移动营业厅|购物服务;家电电子卖场;手机销售", "address": "学院路38号金码大厦B座1层A2区", "category": "shopping", "source": "DATA-SRC-GAODE-FACILITY-POI-20260814", "official_boundary": false, "usable_for_formal": "background_only", "crs_source": "GCJ-02→WGS84 近似转换（误差数米）", "precision_note": "高德 POI 点位为背景参考，位置精度数米级；覆盖不代表完整，缺漏不代表不存在"}, "geometry": {"type": "Point", "coordinates": [116.347671, 40.000066]}}, {"type": "Feature", "properties": {"layer": "GAODE_FACILITY_POI", "gaode_poiid": "B0IBM5LRM7", "name": "一直娱POP研究所(BOM嘻番里店)", "type": "购物服务;购物相关场所;购物相关场所", "address": "金码大厦BOM嘻番里商场2F-230", "category": "shopping", "source": "DATA-SRC-GAODE-FACILITY-POI-20260814", "official_boundary": false, "usable_for_formal": "background_only", "crs_source": "GCJ-02→WGS84 近似转换（误差数米）", "precision_note": "高德 POI 点位为背景参考，位置精度数米级；覆盖不代表完整，缺漏不代表不存在"}, "geometry": {"type": "Point", "coordinates": [116.347454, 40.000143]}}, {"type": "Feature", "properties": {"layer": "GAODE_FACILITY_POI", "gaode_poiid": "B0K0JO3EID", "name": "回收名酒虫草礼品国酒收藏馆", "type": "购物服务;购物相关场所;购物相关场所", "address": "北京城区北京城区北三环中路59号一层102", "category": "shopping", "source": "DATA-SRC-GAODE-FACILITY-POI-20260814", "official_boundary": false, "usable_for_formal": "background_only", "crs_source": "GCJ-02→WGS84 近似转换（误差数米）", "precision_note": "高德 POI 点位为背景参考，位置精度数米级；覆盖不代表完整，缺漏不代表不存在"}, "geometry": {"type": "Point", "coordinates": [116.362218, 39.966708]}}, {"type": "Feature", "properties": {"layer": "GAODE_FACILITY_POI", "gaode_poiid": "B000A8ZHQX", "name": "物美超市(联想桥店)", "type": "购物服务;超级市场;超市", "address": "中关村东路118号金五星购物广场2层", "category": "shopping", "source": "DATA-SRC-GAODE-FACILITY-POI-20260814", "official_boundary": false, "usable_for_formal": "background_only", "crs_source": "GCJ-02→WGS84 近似转换（误差数米）", "precision_note": "高德 POI 点位为背景参考，位置精度数米级；覆盖不代表完整，缺漏不代表不存在"}, "geometry": {"type": "Point", "coordinates": [116.328459, 39.967499]}}, {"type": "Feature", "properties": {"layer": "GAODE_FACILITY_POI", "gaode_poiid": "B0G2S9MIFC", "name": "三星授权体验店(联想桥苏宁店)", "type": "购物服务;家电电子卖场;家电电子卖场", "address": "中关村东路118号金五星购物广场F1层", "category": "shopping", "source": "DATA-SRC-GAODE-FACILITY-POI-20260814", "official_boundary": false, "usable_for_formal": "background_only", "crs_source": "GCJ-02→WGS84 近似转换（误差数米）", "precision_note": "高德 POI 点位为背景参考，位置精度数米级；覆盖不代表完整，缺漏不代表不存在"}, "geometry": {"type": "Point", "coordinates": [116.329176, 39.967331]}}, {"type": "Feature", "properties": {"layer": "GAODE_FACILITY_POI", "gaode_poiid": "B0GKT5P57V", "name": "盒马鲜生(双清路店)", "type": "购物服务;超级市场;超市", "address": "双清路88号B1", "category": "shopping", "source": "DATA-SRC-GAODE-FACILITY-POI-20260814", "official_boundary": false, "usable_for_formal": "background_only", "crs_source": "GCJ-02→WGS84 近似转换（误差数米）", "precision_note": "高德 POI 点位为背景参考，位置精度数米级；覆盖不代表完整，缺漏不代表不存在"}, "geometry": {"type": "Point", "coordinates": [116.32831, 39.99491]}}, {"type": "Feature", "properties": {"layer": "GAODE_FACILITY_POI", "gaode_poiid": "B000AAA86X", "name": "物美超市(北太平庄店)", "type": "购物服务;超级市场;超市|购物服务;便民商店/便利店;便民商店/便利店", "address": "北太平庄路18号(北太平庄地铁站B口步行90米)", "category": "shopping", "source": "DATA-SRC-GAODE-FACILITY-POI-20260814", "official_boundary": false, "usable_for_formal": "background_only", "crs_source": "GCJ-02→WGS84 近似转换（误差数米）", "precision_note": "高德 POI 点位为背景参考，位置精度数米级；覆盖不代表完整，缺漏不代表不存在"}, "geometry": {"type": "Point", "coordinates": [116.364387, 39.967635]}}, {"type": "Feature", "properties": {"layer": "GAODE_FACILITY_POI", "gaode_poiid": "B0KA7L65AW", "name": "GOODSLOVE(BOM嘻番里店)", "type": "购物服务;购物相关场所;购物相关场所", "address": "学清路甲38号金码大厦B座北京BOM嘻番里2层", "category": "shopping", "source": "DATA-SRC-GAODE-FACILITY-POI-20260814", "official_boundary": false, "usable_for_formal": "background_only", "crs_source": "GCJ-02→WGS84 近似转换（误差数米）", "precision_note": "高德 POI 点位为背景参考，位置精度数米级；覆盖不代表完整，缺漏不代表不存在"}, "geometry": {"type": "Point", "coordinates": [116.347611, 40.000423]}}, {"type": "Feature", "properties": {"layer": "GAODE_FACILITY_POI", "gaode_poiid": "B0FFJ911B3", "name": "便利蜂(东升大厦店)", "type": "购物服务;便民商店/便利店;便民商店/便利店", "address": "中关村东路8号东升大厦C座SA02单元", "category": "shopping", "source": "DATA-SRC-GAODE-FACILITY-POI-20260814", "official_boundary": false, "usable_for_formal": "background_only", "crs_source": "GCJ-02→WGS84 近似转换（误差数米）", "precision_note": "高德 POI 点位为背景参考，位置精度数米级；覆盖不代表完整，缺漏不代表不存在"}, "geometry": {"type": "Point", "coordinates": [116.326968, 39.993204]}}, {"type": "Feature", "properties": {"layer": "GAODE_FACILITY_POI", "gaode_poiid": "B0KD1SE0H9", "name": "三万院长SWDOLL(BOM嘻番里店)", "type": "购物服务;购物相关场所;购物相关场所", "address": "学清路甲38号BOM嘻番里2层38号铺", "category": "shopping", "source": "DATA-SRC-GAODE-FACILITY-POI-20260814", "official_boundary": false, "usable_for_formal": "background_only", "crs_source": "GCJ-02→WGS84 近似转换（误差数米）", "precision_note": "高德 POI 点位为背景参考，位置精度数米级；覆盖不代表完整，缺漏不代表不存在"}, "geometry": {"type": "Point", "coordinates": [116.347614, 40.00045]}}, {"type": "Feature", "properties": {"layer": "GAODE_FACILITY_POI", "gaode_poiid": "B0FFM92P8W", "name": "雅迪电动车(联想桥旗舰店)", "type": "购物服务;专卖店;自行车专卖店", "address": "中关村东路123号D座一层北侧", "category": "shopping", "source": "DATA-SRC-GAODE-FACILITY-POI-20260814", "official_boundary": false, "usable_for_formal": "background_only", "crs_source": "GCJ-02→WGS84 近似转换（误差数米）", "precision_note": "高德 POI 点位为背景参考，位置精度数米级；覆盖不代表完整，缺漏不代表不存在"}, "geometry": {"type": "Point", "coordinates": [116.327467, 39.968514]}}, {"type": "Feature", "properties": {"layer": "GAODE_FACILITY_POI", "gaode_poiid": "B0KR9UD6IJ", "name": "天堂超市(BOM嘻番里店)", "type": "购物服务;便民商店/便利店;便民商店/便利店|购物服务;超级市场;超市", "address": "学清路38号BOM嘻番里F3层(六道口地铁站B东北口旁)", "category": "shopping", "source": "DATA-SRC-GAODE-FACILITY-POI-20260814", "official_boundary": false, "usable_for_formal": "background_only", "crs_source": "GCJ-02→WGS84 近似转换（误差数米）", "precision_note": "高德 POI 点位为背景参考，位置精度数米级；覆盖不代表完整，缺漏不代表不存在"}, "geometry": {"type": "Point", "coordinates": [116.347056, 40.000551]}}, {"type": "Feature", "properties": {"layer": "GAODE_FACILITY_POI", "gaode_poiid": "B0HU51Q9HP", "name": "防护栏不锈钢防盗门断桥铝门窗(知春路八十二号院店)", "type": "购物服务;家居建材市场;建材五金市场", "address": "知春路82号院南门底商(知春里地铁站D西南口步行480米)", "category": "shopping", "source": "DATA-SRC-GAODE-FACILITY-POI-20260814", "official_boundary": false, "usable_for_formal": "background_only", "crs_source": "GCJ-02→WGS84 近似转换（误差数米）", "precision_note": "高德 POI 点位为背景参考，位置精度数米级；覆盖不代表完整，缺漏不代表不存在"}, "geometry": {"type": "Point", "coordinates": [116.324053, 39.972333]}}, {"type": "Feature", "properties": {"layer": "GAODE_FACILITY_POI", "gaode_poiid": "B0LD612IQR", "name": "苏宁易购(金五星购物广场店)", "type": "购物服务;家电电子卖场;苏宁", "address": "中关村东路118号金五星购物广场", "category": "shopping", "source": "DATA-SRC-GAODE-FACILITY-POI-20260814", "official_boundary": false, "usable_for_formal": "background_only", "crs_source": "GCJ-02→WGS84 近似转换（误差数米）", "precision_note": "高德 POI 点位为背景参考，位置精度数米级；覆盖不代表完整，缺漏不代表不存在"}, "geometry": {"type": "Point", "coordinates": [116.328468, 39.967449]}}, {"type": "Feature", "properties": {"layer": "GAODE_FACILITY_POI", "gaode_poiid": "B0JGN9YRD7", "name": "北京锦绣窗帘定做(大钟寺店)", "type": "购物服务;家居建材市场;布艺市场", "address": "西土城路31号院3号楼3单元501室", "category": "shopping", "source": "DATA-SRC-GAODE-FACILITY-POI-20260814", "official_boundary": false, "usable_for_formal": "background_only", "crs_source": "GCJ-02→WGS84 近似转换（误差数米）", "precision_note": "高德 POI 点位为背景参考，位置精度数米级；覆盖不代表完整，缺漏不代表不存在"}, "geometry": {"type": "Point", "coordinates": [116.345748, 39.961815]}}, {"type": "Feature", "properties": {"layer": "GAODE_FACILITY_POI", "gaode_poiid": "B0H6RU8UUP", "name": "联想专卖店(金五星购物广场店)", "type": "购物服务;家电电子卖场;数码电子", "address": "中关村街道中关村东路118号金五星购物广场F1层", "category": "shopping", "source": "DATA-SRC-GAODE-FACILITY-POI-20260814", "official_boundary": false, "usable_for_formal": "background_only", "crs_source": "GCJ-02→WGS84 近似转换（误差数米）", "precision_note": "高德 POI 点位为背景参考，位置精度数米级；覆盖不代表完整，缺漏不代表不存在"}, "geometry": {"type": "Point", "coordinates": [116.329035, 39.967094]}}, {"type": "Feature", "properties": {"layer": "GAODE_FACILITY_POI", "gaode_poiid": "B0FFKP415S", "name": "钟书阁(融科资讯中心店)", "type": "购物服务;专卖店;书店", "address": "科学院南路6号融科资讯中心B座负二层", "category": "shopping", "source": "DATA-SRC-GAODE-FACILITY-POI-20260814", "official_boundary": false, "usable_for_formal": "background_only", "crs_source": "GCJ-02→WGS84 近似转换（误差数米）", "precision_note": "高德 POI 点位为背景参考，位置精度数米级；覆盖不代表完整，缺漏不代表不存在"}, "geometry": {"type": "Point", "coordinates": [116.320634, 39.982899]}}, {"type": "Feature", "properties": {"layer": "GAODE_FACILITY_POI", "gaode_poiid": "B0M6CHUENI", "name": "恒洁卫浴(苏宁易购联想桥店)", "type": "购物服务;家居建材市场;家居建材市场", "address": "北京城区北京城区中关村东路118号金五星购物广场F1层", "category": "shopping", "source": "DATA-SRC-GAODE-FACILITY-POI-20260814", "official_boundary": false, "usable_for_formal": "background_only", "crs_source": "GCJ-02→WGS84 近似转换（误差数米）", "precision_note": "高德 POI 点位为背景参考，位置精度数米级；覆盖不代表完整，缺漏不代表不存在"}, "geometry": {"type": "Point", "coordinates": [116.329182, 39.967056]}}, {"type": "Feature", "properties": {"layer": "GAODE_FACILITY_POI", "gaode_poiid": "B0H26C2KVL", "name": "航天视光", "type": "购物服务;专卖店;眼镜店", "address": "中关村街道知春路82号院2号", "category": "shopping", "source": "DATA-SRC-GAODE-FACILITY-POI-20260814", "official_boundary": false, "usable_for_formal": "background_only", "crs_source": "GCJ-02→WGS84 近似转换（误差数米）", "precision_note": "高德 POI 点位为背景参考，位置精度数米级；覆盖不代表完整，缺漏不代表不存在"}, "geometry": {"type": "Point", "coordinates": [116.322578, 39.974811]}}, {"type": "Feature", "properties": {"layer": "GAODE_FACILITY_POI", "gaode_poiid": "B000A7Q89M", "name": "融科资讯中心C座北楼", "type": "购物服务;商场;购物中心", "address": "科学院南路2号", "category": "shopping", "source": "DATA-SRC-GAODE-FACILITY-POI-20260814", "official_boundary": false, "usable_for_formal": "background_only", "crs_source": "GCJ-02→WGS84 近似转换（误差数米）", "precision_note": "高德 POI 点位为背景参考，位置精度数米级；覆盖不代表完整，缺漏不代表不存在"}, "geometry": {"type": "Point", "coordinates": [116.320359, 39.98212]}}, {"type": "Feature", "properties": {"layer": "GAODE_FACILITY_POI", "gaode_poiid": "B000A807SD", "name": "阿目眼镜(清华科技园旗舰店)", "type": "购物服务;专卖店;眼镜店", "address": "中关村东路1号院启迪科技大厦D座B1层", "category": "shopping", "source": "DATA-SRC-GAODE-FACILITY-POI-20260814", "official_boundary": false, "usable_for_formal": "background_only", "crs_source": "GCJ-02→WGS84 近似转换（误差数米）", "precision_note": "高德 POI 点位为背景参考，位置精度数米级；覆盖不代表完整，缺漏不代表不存在"}, "geometry": {"type": "Point", "coordinates": [116.325038, 39.991903]}}, {"type": "Feature", "properties": {"layer": "GAODE_FACILITY_POI", "gaode_poiid": "B0K13B2CWO", "name": "壳牌充电汽车充电站(壳牌充电北京航空航天大学IRC充电站)", "type": "汽车服务;充电站;专用充电站", "address": "科技园路航空航天大学IRC大楼停车场", "category": "charging", "source": "DATA-SRC-GAODE-FACILITY-POI-20260814", "official_boundary": false, "usable_for_formal": "background_only", "crs_source": "GCJ-02→WGS84 近似转换（误差数米）", "precision_note": "高德 POI 点位为背景参考，位置精度数米级；覆盖不代表完整，缺漏不代表不存在"}, "geometry": {"type": "Point", "coordinates": [116.343588, 39.978415]}}, {"type": "Feature", "properties": {"layer": "GAODE_FACILITY_POI", "gaode_poiid": "B0I1NS773U", "name": "特斯拉超级充电站(北京科大天工大厦)", "type": "汽车服务;充电站;专用充电站", "address": "学院路30号科大天工大厦地上停车场/入口学院路", "category": "charging", "source": "DATA-SRC-GAODE-FACILITY-POI-20260814", "official_boundary": false, "usable_for_formal": "background_only", "crs_source": "GCJ-02→WGS84 近似转换（误差数米）", "precision_note": "高德 POI 点位为背景参考，位置精度数米级；覆盖不代表完整，缺漏不代表不存在"}, "geometry": {"type": "Point", "coordinates": [116.348255, 39.986834]}}, {"type": "Feature", "properties": {"layer": "GAODE_FACILITY_POI", "gaode_poiid": "B0FFGG5WX9", "name": "国家电网汽车充电站(塔院小区)", "type": "汽车服务;充电站;充电站", "address": "花园路3号塔院小区晴冬园3号楼东侧地面停车场", "category": "charging", "source": "DATA-SRC-GAODE-FACILITY-POI-20260814", "official_boundary": false, "usable_for_formal": "background_only", "crs_source": "GCJ-02→WGS84 近似转换（误差数米）", "precision_note": "高德 POI 点位为背景参考，位置精度数米级；覆盖不代表完整，缺漏不代表不存在"}, "geometry": {"type": "Point", "coordinates": [116.354126, 39.978382]}}, {"type": "Feature", "properties": {"layer": "GAODE_FACILITY_POI", "gaode_poiid": "B0FFI885L6", "name": "国家电网汽车充电站(花园路学区管理中心西北)", "type": "汽车服务;充电站;充电站", "address": "花园路3号塔院小区晴冬园3号楼东侧", "category": "charging", "source": "DATA-SRC-GAODE-FACILITY-POI-20260814", "official_boundary": false, "usable_for_formal": "background_only", "crs_source": "GCJ-02→WGS84 近似转换（误差数米）", "precision_note": "高德 POI 点位为背景参考，位置精度数米级；覆盖不代表完整，缺漏不代表不存在"}, "geometry": {"type": "Point", "coordinates": [116.354175, 39.978299]}}, {"type": "Feature", "properties": {"layer": "GAODE_FACILITY_POI", "gaode_poiid": "B0K13BU3NH", "name": "壳牌充电汽车充电站(壳牌充电北京航空航天大学校医院地面充电站)", "type": "汽车服务;充电站;充电站", "address": "学院路37号院413号", "category": "charging", "source": "DATA-SRC-GAODE-FACILITY-POI-20260814", "official_boundary": false, "usable_for_formal": "background_only", "crs_source": "GCJ-02→WGS84 近似转换（误差数米）", "precision_note": "高德 POI 点位为背景参考，位置精度数米级；覆盖不代表完整，缺漏不代表不存在"}, "geometry": {"type": "Point", "coordinates": [116.336961, 39.979062]}}, {"type": "Feature", "properties": {"layer": "GAODE_FACILITY_POI", "gaode_poiid": "B0JA6SJINW", "name": "驿充电充电站(北京航空航天大学本校校医院西侧)", "type": "汽车服务;充电站;充电站", "address": "学院路37号航空航天大学校医院西侧", "category": "charging", "source": "DATA-SRC-GAODE-FACILITY-POI-20260814", "official_boundary": false, "usable_for_formal": "background_only", "crs_source": "GCJ-02→WGS84 近似转换（误差数米）", "precision_note": "高德 POI 点位为背景参考，位置精度数米级；覆盖不代表完整，缺漏不代表不存在"}, "geometry": {"type": "Point", "coordinates": [116.336954, 39.979067]}}, {"type": "Feature", "properties": {"layer": "GAODE_FACILITY_POI", "gaode_poiid": "B0FFM0R50S", "name": "汽车充电站(卡丘充电-泰富酒店)", "type": "汽车服务;充电站;充电站", "address": "北太平庄街道西土城路1号院1号楼地库B2", "category": "charging", "source": "DATA-SRC-GAODE-FACILITY-POI-20260814", "official_boundary": false, "usable_for_formal": "background_only", "crs_source": "GCJ-02→WGS84 近似转换（误差数米）", "precision_note": "高德 POI 点位为背景参考，位置精度数米级；覆盖不代表完整，缺漏不代表不存在"}, "geometry": {"type": "Point", "coordinates": [116.346252, 39.973299]}}, {"type": "Feature", "properties": {"layer": "GAODE_FACILITY_POI", "gaode_poiid": "B0M6UANR7S", "name": "5斋地下停车场充电桩(校内)", "type": "汽车服务;充电站;充电站", "address": "学院路30号北京科技大学五斋地下停车场", "category": "charging", "source": "DATA-SRC-GAODE-FACILITY-POI-20260814", "official_boundary": false, "usable_for_formal": "background_only", "crs_source": "GCJ-02→WGS84 近似转换（误差数米）", "precision_note": "高德 POI 点位为背景参考，位置精度数米级；覆盖不代表完整，缺漏不代表不存在"}, "geometry": {"type": "Point", "coordinates": [116.35522, 39.986581]}}, {"type": "Feature", "properties": {"layer": "GAODE_FACILITY_POI", "gaode_poiid": "B0MDXGXM40", "name": "星星充电汽车充电站(内部专用星星充电-海淀-保利海德公园充电站)", "type": "汽车服务;充电站;专用充电站", "address": "北太平庄街道蓟门里北路蓟门壹号", "category": "charging", "source": "DATA-SRC-GAODE-FACILITY-POI-20260814", "official_boundary": false, "usable_for_formal": "background_only", "crs_source": "GCJ-02→WGS84 近似转换（误差数米）", "precision_note": "高德 POI 点位为背景参考，位置精度数米级；覆盖不代表完整，缺漏不代表不存在"}, "geometry": {"type": "Point", "coordinates": [116.346074, 39.972018]}}, {"type": "Feature", "properties": {"layer": "GAODE_FACILITY_POI", "gaode_poiid": "B0K6SG6UYR", "name": "小桔充电汽车充电站(首发能源静态交通大运村停车楼充电站)", "type": "汽车服务;充电站;充电站", "address": "知春路辅路与罗庄西路交叉口西160米", "category": "charging", "source": "DATA-SRC-GAODE-FACILITY-POI-20260814", "official_boundary": false, "usable_for_formal": "background_only", "crs_source": "GCJ-02→WGS84 近似转换（误差数米）", "precision_note": "高德 POI 点位为背景参考，位置精度数米级；覆盖不代表完整，缺漏不代表不存在"}, "geometry": {"type": "Point", "coordinates": [116.336115, 39.975622]}}, {"type": "Feature", "properties": {"layer": "GAODE_FACILITY_POI", "gaode_poiid": "B0MGRUKSN9", "name": "万秀园电动自行车充电桩", "type": "汽车服务;充电站;充电站", "address": "学院路30号北京科技大学万秀园旁电动自行车充电桩", "category": "charging", "source": "DATA-SRC-GAODE-FACILITY-POI-20260814", "official_boundary": false, "usable_for_formal": "background_only", "crs_source": "GCJ-02→WGS84 近似转换（误差数米）", "precision_note": "高德 POI 点位为背景参考，位置精度数米级；覆盖不代表完整，缺漏不代表不存在"}, "geometry": {"type": "Point", "coordinates": [116.356226, 39.987615]}}, {"type": "Feature", "properties": {"layer": "GAODE_FACILITY_POI", "gaode_poiid": "B0LBAD8T7E", "name": "汽车充电站(大圣健康智谷站)", "type": "汽车服务;充电站;充电站", "address": "健康智谷停车场", "category": "charging", "source": "DATA-SRC-GAODE-FACILITY-POI-20260814", "official_boundary": false, "usable_for_formal": "background_only", "crs_source": "GCJ-02→WGS84 近似转换（误差数米）", "precision_note": "高德 POI 点位为背景参考，位置精度数米级；覆盖不代表完整，缺漏不代表不存在"}, "geometry": {"type": "Point", "coordinates": [116.359888, 39.981137]}}, {"type": "Feature", "properties": {"layer": "GAODE_FACILITY_POI", "gaode_poiid": "B0KUUZS1AH", "name": "北影小区汽车充电站", "type": "汽车服务;充电站;充电站", "address": "健安西路与黄亭子路交叉口东南240米", "category": "charging", "source": "DATA-SRC-GAODE-FACILITY-POI-20260814", "official_boundary": false, "usable_for_formal": "background_only", "crs_source": "GCJ-02→WGS84 近似转换（误差数米）", "precision_note": "高德 POI 点位为背景参考，位置精度数米级；覆盖不代表完整，缺漏不代表不存在"}, "geometry": {"type": "Point", "coordinates": [116.352421, 39.971955]}}, {"type": "Feature", "properties": {"layer": "GAODE_FACILITY_POI", "gaode_poiid": "B0MGRULFNV", "name": "小物美电动自行车充电桩", "type": "汽车服务;充电站;充电站", "address": "学院路30号北京科技大学小物美后电动自行车充电桩", "category": "charging", "source": "DATA-SRC-GAODE-FACILITY-POI-20260814", "official_boundary": false, "usable_for_formal": "background_only", "crs_source": "GCJ-02→WGS84 近似转换（误差数米）", "precision_note": "高德 POI 点位为背景参考，位置精度数米级；覆盖不代表完整，缺漏不代表不存在"}, "geometry": {"type": "Point", "coordinates": [116.35343, 39.99039]}}, {"type": "Feature", "properties": {"layer": "GAODE_FACILITY_POI", "gaode_poiid": "B0FFHRWM7C", "name": "普天充电站(北京电影学院)", "type": "汽车服务;充电站;充电站", "address": "羊坊店街道健安西路新华社皇亭子社区西南方向", "category": "charging", "source": "DATA-SRC-GAODE-FACILITY-POI-20260814", "official_boundary": false, "usable_for_formal": "background_only", "crs_source": "GCJ-02→WGS84 近似转换（误差数米）", "precision_note": "高德 POI 点位为背景参考，位置精度数米级；覆盖不代表完整，缺漏不代表不存在"}, "geometry": {"type": "Point", "coordinates": [116.349784, 39.970967]}}, {"type": "Feature", "properties": {"layer": "GAODE_FACILITY_POI", "gaode_poiid": "B0I0KL0F5T", "name": "蔚景云汽车充电站(北科大体育馆地上充电站)", "type": "汽车服务;充电站;充电站", "address": "学院路街道北京科技大学", "category": "charging", "source": "DATA-SRC-GAODE-FACILITY-POI-20260814", "official_boundary": false, "usable_for_formal": "background_only", "crs_source": "GCJ-02→WGS84 近似转换（误差数米）", "precision_note": "高德 POI 点位为背景参考，位置精度数米级；覆盖不代表完整，缺漏不代表不存在"}, "geometry": {"type": "Point", "coordinates": [116.354904, 39.989862]}}, {"type": "Feature", "properties": {"layer": "GAODE_FACILITY_POI", "gaode_poiid": "B0M65ZGYXM", "name": "体育馆北汽车充电桩", "type": "汽车服务;充电站;充电站", "address": "学院路30号北京科技大学体育馆北侧汽车充电桩", "category": "charging", "source": "DATA-SRC-GAODE-FACILITY-POI-20260814", "official_boundary": false, "usable_for_formal": "background_only", "crs_source": "GCJ-02→WGS84 近似转换（误差数米）", "precision_note": "高德 POI 点位为背景参考，位置精度数米级；覆盖不代表完整，缺漏不代表不存在"}, "geometry": {"type": "Point", "coordinates": [116.355753, 39.989969]}}, {"type": "Feature", "properties": {"layer": "GAODE_FACILITY_POI", "gaode_poiid": "B0FFGHLNIV", "name": "国家电网汽车充电站(翠微商场)", "type": "汽车服务;充电站;充电站", "address": "花园路2号翠微百货西门入口左侧", "category": "charging", "source": "DATA-SRC-GAODE-FACILITY-POI-20260814", "official_boundary": false, "usable_for_formal": "background_only", "crs_source": "GCJ-02→WGS84 近似转换（误差数米）", "precision_note": "高德 POI 点位为背景参考，位置精度数米级；覆盖不代表完整，缺漏不代表不存在"}, "geometry": {"type": "Point", "coordinates": [116.359658, 39.975579]}}, {"type": "Feature", "properties": {"layer": "GAODE_FACILITY_POI", "gaode_poiid": "B0MBNNRUH8", "name": "吉事能源充电站(五道口嘉园)", "type": "汽车服务;充电站;充电站", "address": "五道口镇展春园西路3号院", "category": "charging", "source": "DATA-SRC-GAODE-FACILITY-POI-20260814", "official_boundary": false, "usable_for_formal": "background_only", "crs_source": "GCJ-02→WGS84 近似转换（误差数米）", "precision_note": "高德 POI 点位为背景参考，位置精度数米级；覆盖不代表完整，缺漏不代表不存在"}, "geometry": {"type": "Point", "coordinates": [116.334193, 39.98829]}}, {"type": "Feature", "properties": {"layer": "GAODE_FACILITY_POI", "gaode_poiid": "B0HK1LC3AN", "name": "北京辽宁大厦(简单冲)", "type": "汽车服务;充电站;充电站", "address": "辽宁大厦停车场", "category": "charging", "source": "DATA-SRC-GAODE-FACILITY-POI-20260814", "official_boundary": false, "usable_for_formal": "background_only", "crs_source": "GCJ-02→WGS84 近似转换（误差数米）", "precision_note": "高德 POI 点位为背景参考，位置精度数米级；覆盖不代表完整，缺漏不代表不存在"}, "geometry": {"type": "Point", "coordinates": [116.331604, 39.984322]}}, {"type": "Feature", "properties": {"layer": "GAODE_FACILITY_POI", "gaode_poiid": "B0I15HWENN", "name": "蔚景云汽车充电站(吉事充五道口嘉园)", "type": "汽车服务;充电站;充电站", "address": "学院路街道暂安处2号院五道口嘉园地面停车场", "category": "charging", "source": "DATA-SRC-GAODE-FACILITY-POI-20260814", "official_boundary": false, "usable_for_formal": "background_only", "crs_source": "GCJ-02→WGS84 近似转换（误差数米）", "precision_note": "高德 POI 点位为背景参考，位置精度数米级；覆盖不代表完整，缺漏不代表不存在"}, "geometry": {"type": "Point", "coordinates": [116.334119, 39.98841]}}, {"type": "Feature", "properties": {"layer": "GAODE_FACILITY_POI", "gaode_poiid": "B0MGRULFNM", "name": "清华附中志新学校西门电动自行车充电桩", "type": "汽车服务;充电站;充电站", "address": "学院路30号北京科技大学清华附中志新学校西门旁电动自行车充电桩", "category": "charging", "source": "DATA-SRC-GAODE-FACILITY-POI-20260814", "official_boundary": false, "usable_for_formal": "background_only", "crs_source": "GCJ-02→WGS84 近似转换（误差数米）", "precision_note": "高德 POI 点位为背景参考，位置精度数米级；覆盖不代表完整，缺漏不代表不存在"}, "geometry": {"type": "Point", "coordinates": [116.355111, 39.99129]}}, {"type": "Feature", "properties": {"layer": "GAODE_FACILITY_POI", "gaode_poiid": "B0FFKG5JQS", "name": "万城万充汽车充电站(盈都大厦充电站)", "type": "汽车服务;充电站;充电站", "address": "知春路甲48号盈都大厦地面停车场07", "category": "charging", "source": "DATA-SRC-GAODE-FACILITY-POI-20260814", "official_boundary": false, "usable_for_formal": "background_only", "crs_source": "GCJ-02→WGS84 近似转换（误差数米）", "precision_note": "高德 POI 点位为背景参考，位置精度数米级；覆盖不代表完整，缺漏不代表不存在"}, "geometry": {"type": "Point", "coordinates": [116.333178, 39.974137]}}, {"type": "Feature", "properties": {"layer": "GAODE_FACILITY_POI", "gaode_poiid": "B0FFFZY4V6", "name": "国家电网汽车充电站(中关村数字产业园)", "type": "汽车服务;充电站;充电站", "address": "牡丹园地铁站F口步行360米地面停车场", "category": "charging", "source": "DATA-SRC-GAODE-FACILITY-POI-20260814", "official_boundary": false, "usable_for_formal": "background_only", "crs_source": "GCJ-02→WGS84 近似转换（误差数米）", "precision_note": "高德 POI 点位为背景参考，位置精度数米级；覆盖不代表完整，缺漏不代表不存在"}, "geometry": {"type": "Point", "coordinates": [116.361929, 39.976869]}}, {"type": "Feature", "properties": {"layer": "GAODE_FACILITY_POI", "gaode_poiid": "B0FFHATVN2", "name": "特来电汽车充电站(首都体院社区西南)", "type": "汽车服务;充电站;充电站", "address": "罗庄南路与罗庄东路交叉口西南200米", "category": "charging", "source": "DATA-SRC-GAODE-FACILITY-POI-20260814", "official_boundary": false, "usable_for_formal": "background_only", "crs_source": "GCJ-02→WGS84 近似转换（误差数米）", "precision_note": "高德 POI 点位为背景参考，位置精度数米级；覆盖不代表完整，缺漏不代表不存在"}, "geometry": {"type": "Point", "coordinates": [116.341065, 39.969256]}}, {"type": "Feature", "properties": {"layer": "GAODE_FACILITY_POI", "gaode_poiid": "B0HKFO1CV8", "name": "快来充汽车充电站(首都体育学院本部校区)", "type": "汽车服务;充电站;充电站", "address": "北三环西路11号首都体育学院内", "category": "charging", "source": "DATA-SRC-GAODE-FACILITY-POI-20260814", "official_boundary": false, "usable_for_formal": "background_only", "crs_source": "GCJ-02→WGS84 近似转换（误差数米）", "precision_note": "高德 POI 点位为背景参考，位置精度数米级；覆盖不代表完整，缺漏不代表不存在"}, "geometry": {"type": "Point", "coordinates": [116.341018, 39.968783]}}, {"type": "Feature", "properties": {"layer": "GAODE_FACILITY_POI", "gaode_poiid": "B0LAVXBKP9", "name": "特来电超级充电站(特来电北京市海淀区五道口购物中心充电站)", "type": "汽车服务;充电站;充电站", "address": "五道口购物中心停车场(五道口地铁站B南口步行300米)", "category": "charging", "source": "DATA-SRC-GAODE-FACILITY-POI-20260814", "official_boundary": false, "usable_for_formal": "background_only", "crs_source": "GCJ-02→WGS84 近似转换（误差数米）", "precision_note": "高德 POI 点位为背景参考，位置精度数米级；覆盖不代表完整，缺漏不代表不存在"}, "geometry": {"type": "Point", "coordinates": [116.332895, 39.989781]}}, {"type": "Feature", "properties": {"layer": "GAODE_FACILITY_POI", "gaode_poiid": "B0IKJOFJGM", "name": "众福运东来汽车充电站(北二条人才公寓)", "type": "汽车服务;充电站;充电站", "address": "北京市海淀区中关村北二条人才公寓", "category": "charging", "source": "DATA-SRC-GAODE-FACILITY-POI-20260814", "official_boundary": false, "usable_for_formal": "background_only", "crs_source": "GCJ-02→WGS84 近似转换（误差数米）", "precision_note": "高德 POI 点位为背景参考，位置精度数米级；覆盖不代表完整，缺漏不代表不存在"}, "geometry": {"type": "Point", "coordinates": [116.32885, 39.983732]}}, {"type": "Feature", "properties": {"layer": "GAODE_FACILITY_POI", "gaode_poiid": "B0L1N9WK90", "name": "众充新能源充电站(中关村北二条人才公寓站)", "type": "汽车服务;充电站;充电站", "address": "北四环西路辅路与中关村东路交叉口东南160米", "category": "charging", "source": "DATA-SRC-GAODE-FACILITY-POI-20260814", "official_boundary": false, "usable_for_formal": "background_only", "crs_source": "GCJ-02→WGS84 近似转换（误差数米）", "precision_note": "高德 POI 点位为背景参考，位置精度数米级；覆盖不代表完整，缺漏不代表不存在"}, "geometry": {"type": "Point", "coordinates": [116.32885, 39.983732]}}, {"type": "Feature", "properties": {"layer": "GAODE_FACILITY_POI", "gaode_poiid": "B0LD3Z4I0Z", "name": "汽车充电站(海淀区石油化工科学研究院地上停车场公共)", "type": "汽车服务;充电站;充电站", "address": "志新路与图书馆北路交叉口西北280米", "category": "charging", "source": "DATA-SRC-GAODE-FACILITY-POI-20260814", "official_boundary": false, "usable_for_formal": "background_only", "crs_source": "GCJ-02→WGS84 近似转换（误差数米）", "precision_note": "高德 POI 点位为背景参考，位置精度数米级；覆盖不代表完整，缺漏不代表不存在"}, "geometry": {"type": "Point", "coordinates": [116.350527, 39.994438]}}, {"type": "Feature", "properties": {"layer": "GAODE_FACILITY_POI", "gaode_poiid": "B0MGO5VNN8", "name": "新电途汽车充电站(庚坊国际发展中心)", "type": "汽车服务;充电站;充电站", "address": "花园路街道花园路花园路甲13号院", "category": "charging", "source": "DATA-SRC-GAODE-FACILITY-POI-20260814", "official_boundary": false, "usable_for_formal": "background_only", "crs_source": "GCJ-02→WGS84 近似转换（误差数米）", "precision_note": "高德 POI 点位为背景参考，位置精度数米级；覆盖不代表完整，缺漏不代表不存在"}, "geometry": {"type": "Point", "coordinates": [116.35928, 39.971323]}}, {"type": "Feature", "properties": {"layer": "GAODE_FACILITY_POI", "gaode_poiid": "B0JKTH4NA4", "name": "汽车充电站(卡丘知春路52号院站)", "type": "汽车服务;充电站;充电站", "address": "知春路62号院(知春路地铁站B南口步行470米)", "category": "charging", "source": "DATA-SRC-GAODE-FACILITY-POI-20260814", "official_boundary": false, "usable_for_formal": "background_only", "crs_source": "GCJ-02→WGS84 近似转换（误差数米）", "precision_note": "高德 POI 点位为背景参考，位置精度数米级；覆盖不代表完整，缺漏不代表不存在"}, "geometry": {"type": "Point", "coordinates": [116.331545, 39.972811]}}, {"type": "Feature", "properties": {"layer": "GAODE_FACILITY_POI", "gaode_poiid": "B0I0K13QQI", "name": "广汽能源汽车充电站(广汽昊铂北京世纪科贸大厦超充站)", "type": "汽车服务;充电站;充电站", "address": "北四环保福寺桥中关村东路66号世纪科贸大厦(西门出入口)地下停车场B3层", "category": "charging", "source": "DATA-SRC-GAODE-FACILITY-POI-20260814", "official_boundary": false, "usable_for_formal": "background_only", "crs_source": "GCJ-02→WGS84 近似转换（误差数米）", "precision_note": "高德 POI 点位为背景参考，位置精度数米级；覆盖不代表完整，缺漏不代表不存在"}, "geometry": {"type": "Point", "coordinates": [116.327728, 39.983284]}}, {"type": "Feature", "properties": {"layer": "GAODE_FACILITY_POI", "gaode_poiid": "B0HK1LBPF6", "name": "北京世纪科贸大厦(简单冲)", "type": "汽车服务;充电站;充电站", "address": "北四环保福寺桥中关村东路66号", "category": "charging", "source": "DATA-SRC-GAODE-FACILITY-POI-20260814", "official_boundary": false, "usable_for_formal": "background_only", "crs_source": "GCJ-02→WGS84 近似转换（误差数米）", "precision_note": "高德 POI 点位为背景参考，位置精度数米级；覆盖不代表完整，缺漏不代表不存在"}, "geometry": {"type": "Point", "coordinates": [116.32783, 39.983206]}}, {"type": "Feature", "properties": {"layer": "GAODE_FACILITY_POI", "gaode_poiid": "B0MA3AY997", "name": "逸安启超级充电站(北京银谷大厦)", "type": "汽车服务;充电站;充电站", "address": "中关村东路36号", "category": "charging", "source": "DATA-SRC-GAODE-FACILITY-POI-20260814", "official_boundary": false, "usable_for_formal": "background_only", "crs_source": "GCJ-02→WGS84 近似转换（误差数米）", "precision_note": "高德 POI 点位为背景参考，位置精度数米级；覆盖不代表完整，缺漏不代表不存在"}, "geometry": {"type": "Point", "coordinates": [116.327659, 39.985443]}}, {"type": "Feature", "properties": {"layer": "GAODE_FACILITY_POI", "gaode_poiid": "B0LUVAD5DF", "name": "能加超充超级充电站(保福寺桥银谷大厦超充站·华为超充技术支持)", "type": "汽车服务;充电站;充电站", "address": "银谷大厦", "category": "charging", "source": "DATA-SRC-GAODE-FACILITY-POI-20260814", "official_boundary": false, "usable_for_formal": "background_only", "crs_source": "GCJ-02→WGS84 近似转换（误差数米）", "precision_note": "高德 POI 点位为背景参考，位置精度数米级；覆盖不代表完整，缺漏不代表不存在"}, "geometry": {"type": "Point", "coordinates": [116.327625, 39.985462]}}, {"type": "Feature", "properties": {"layer": "GAODE_FACILITY_POI", "gaode_poiid": "B0FFL8F2G5", "name": "依威能源汽车充电站(怡升园商务公寓)", "type": "汽车服务;充电站;充电站", "address": "北京市中关村东路90-8号附近怡升园商务公寓(西1门)", "category": "charging", "source": "DATA-SRC-GAODE-FACILITY-POI-20260814", "official_boundary": false, "usable_for_formal": "background_only", "crs_source": "GCJ-02→WGS84 近似转换（误差数米）", "precision_note": "高德 POI 点位为背景参考，位置精度数米级；覆盖不代表完整，缺漏不代表不存在"}, "geometry": {"type": "Point", "coordinates": [116.32773, 39.978369]}}, {"type": "Feature", "properties": {"layer": "GAODE_FACILITY_POI", "gaode_poiid": "B0FFGK36JP", "name": "国家电网汽车充电站(北京市海淀区中科院物理所南院)", "type": "汽车服务;充电站;充电站", "address": "中关村东路与中关村南路交叉口北60米", "category": "charging", "source": "DATA-SRC-GAODE-FACILITY-POI-20260814", "official_boundary": false, "usable_for_formal": "background_only", "crs_source": "GCJ-02→WGS84 近似转换（误差数米）", "precision_note": "高德 POI 点位为背景参考，位置精度数米级；覆盖不代表完整，缺漏不代表不存在"}, "geometry": {"type": "Point", "coordinates": [116.327004, 39.980331]}}, {"type": "Feature", "properties": {"layer": "GAODE_FACILITY_POI", "gaode_poiid": "B0FFIQWAHS", "name": "特来电充电站(北京京仪大厦)", "type": "汽车服务;充电站;充电站", "address": "大钟寺东路9号-a座-1-4楼", "category": "charging", "source": "DATA-SRC-GAODE-FACILITY-POI-20260814", "official_boundary": false, "usable_for_formal": "background_only", "crs_source": "GCJ-02→WGS84 近似转换（误差数米）", "precision_note": "高德 POI 点位为背景参考，位置精度数米级；覆盖不代表完整，缺漏不代表不存在"}, "geometry": {"type": "Point", "coordinates": [116.331947, 39.971183]}}, {"type": "Feature", "properties": {"layer": "GAODE_FACILITY_POI", "gaode_poiid": "B0FFHK0MJJ", "name": "国家电网汽车充电站(北京市海淀区中科院自动化所院外)", "type": "汽车服务;充电站;充电站", "address": "中关村南一条中国科学院自动化研究所停车场", "category": "charging", "source": "DATA-SRC-GAODE-FACILITY-POI-20260814", "official_boundary": false, "usable_for_formal": "background_only", "crs_source": "GCJ-02→WGS84 近似转换（误差数米）", "precision_note": "高德 POI 点位为背景参考，位置精度数米级；覆盖不代表完整，缺漏不代表不存在"}, "geometry": {"type": "Point", "coordinates": [116.326899, 39.978341]}}, {"type": "Feature", "properties": {"layer": "GAODE_FACILITY_POI", "gaode_poiid": "B0FFG9313N", "name": "国家电网汽车充电站(北京市海淀区石油大院生活区公共)", "type": "汽车服务;充电站;充电站", "address": "学院路20号石油大院内东侧", "category": "charging", "source": "DATA-SRC-GAODE-FACILITY-POI-20260814", "official_boundary": false, "usable_for_formal": "background_only", "crs_source": "GCJ-02→WGS84 近似转换（误差数米）", "precision_note": "高德 POI 点位为背景参考，位置精度数米级；覆盖不代表完整，缺漏不代表不存在"}, "geometry": {"type": "Point", "coordinates": [116.353337, 39.99536]}}, {"type": "Feature", "properties": {"layer": "GAODE_FACILITY_POI", "gaode_poiid": "B0L37NKPVC", "name": "能加超充超级充电站 (志新路中核中原超充站)", "type": "汽车服务;充电站;充电站", "address": "志新路11号立体停车场入口", "category": "charging", "source": "DATA-SRC-GAODE-FACILITY-POI-20260814", "official_boundary": false, "usable_for_formal": "background_only", "crs_source": "GCJ-02→WGS84 近似转换（误差数米）", "precision_note": "高德 POI 点位为背景参考，位置精度数米级；覆盖不代表完整，缺漏不代表不存在"}, "geometry": {"type": "Point", "coordinates": [116.359437, 39.992988]}}, {"type": "Feature", "properties": {"layer": "GAODE_FACILITY_POI", "gaode_poiid": "B0FFGI1TGM", "name": "国家电网汽车充电站(京仪科技大厦B座南)", "type": "汽车服务;充电站;充电站", "address": "大钟寺东路9号京仪宾馆地面停车场内", "category": "charging", "source": "DATA-SRC-GAODE-FACILITY-POI-20260814", "official_boundary": false, "usable_for_formal": "background_only", "crs_source": "GCJ-02→WGS84 近似转换（误差数米）", "precision_note": "高德 POI 点位为背景参考，位置精度数米级；覆盖不代表完整，缺漏不代表不存在"}, "geometry": {"type": "Point", "coordinates": [116.33227, 39.970071]}}, {"type": "Feature", "properties": {"layer": "GAODE_FACILITY_POI", "gaode_poiid": "B0KRPGENZV", "name": "小桔充电汽车充电站(志新路11号院充电站)", "type": "汽车服务;充电站;充电站", "address": "志新西路11号志新西路11号楼志新路11号立体停车场", "category": "charging", "source": "DATA-SRC-GAODE-FACILITY-POI-20260814", "official_boundary": false, "usable_for_formal": "background_only", "crs_source": "GCJ-02→WGS84 近似转换（误差数米）", "precision_note": "高德 POI 点位为背景参考，位置精度数米级；覆盖不代表完整，缺漏不代表不存在"}, "geometry": {"type": "Point", "coordinates": [116.359451, 39.99294]}}, {"type": "Feature", "properties": {"layer": "GAODE_FACILITY_POI", "gaode_poiid": "B0FFLAGF48", "name": "国家电网汽车充电站(北京市海淀区中航工业勘察设计研究院公共充电站SDK)", "type": "汽车服务;充电站;充电站", "address": "中关村东路白塔庵路金谷园小区56号西24号", "category": "charging", "source": "DATA-SRC-GAODE-FACILITY-POI-20260814", "official_boundary": false, "usable_for_formal": "background_only", "crs_source": "GCJ-02→WGS84 近似转换（误差数米）", "precision_note": "高德 POI 点位为背景参考，位置精度数米级；覆盖不代表完整，缺漏不代表不存在"}, "geometry": {"type": "Point", "coordinates": [116.329373, 39.972764]}}, {"type": "Feature", "properties": {"layer": "GAODE_FACILITY_POI", "gaode_poiid": "B0FFHDRJX7", "name": "聚电充电站(北京花园饭店)", "type": "汽车服务;充电站;充电站", "address": "花园东路30号(10号线牡丹园地铁站旁)", "category": "charging", "source": "DATA-SRC-GAODE-FACILITY-POI-20260814", "official_boundary": false, "usable_for_formal": "background_only", "crs_source": "GCJ-02→WGS84 近似转换（误差数米）", "precision_note": "高德 POI 点位为背景参考，位置精度数米级；覆盖不代表完整，缺漏不代表不存在"}, "geometry": {"type": "Point", "coordinates": [116.36555, 39.975556]}}, {"type": "Feature", "properties": {"layer": "GAODE_FACILITY_POI", "gaode_poiid": "B0FFJJMT2C", "name": "华商三优汽车充电站(扬招站海淀区大钟寺家居广场优易充小站)", "type": "汽车服务;充电站;专用充电站", "address": "北三环西路23-1号(大钟寺地铁站E口步行300米)", "category": "charging", "source": "DATA-SRC-GAODE-FACILITY-POI-20260814", "official_boundary": false, "usable_for_formal": "background_only", "crs_source": "GCJ-02→WGS84 近似转换（误差数米）", "precision_note": "高德 POI 点位为背景参考，位置精度数米级；覆盖不代表完整，缺漏不代表不存在"}, "geometry": {"type": "Point", "coordinates": [116.336763, 39.966726]}}, {"type": "Feature", "properties": {"layer": "GAODE_FACILITY_POI", "gaode_poiid": "B0IRYU9CX8", "name": "北京中国教育科学研究院充电站", "type": "汽车服务;充电站;充电站", "address": "中国教育科学研究院停车场(蓟门桥地铁站C口步行340米)", "category": "charging", "source": "DATA-SRC-GAODE-FACILITY-POI-20260814", "official_boundary": false, "usable_for_formal": "background_only", "crs_source": "GCJ-02→WGS84 近似转换（误差数米）", "precision_note": "高德 POI 点位为背景参考，位置精度数米级；覆盖不代表完整，缺漏不代表不存在"}, "geometry": {"type": "Point", "coordinates": [116.352023, 39.965811]}}, {"type": "Feature", "properties": {"layer": "GAODE_FACILITY_POI", "gaode_poiid": "B0JB1UEFBJ", "name": "蔚来能源目的地充电站(内部使用北京中科院物理研究所)", "type": "汽车服务;充电站;充电站", "address": "中关村南路中国科学院物理研究所内", "category": "charging", "source": "DATA-SRC-GAODE-FACILITY-POI-20260814", "official_boundary": false, "usable_for_formal": "background_only", "crs_source": "GCJ-02→WGS84 近似转换（误差数米）", "precision_note": "高德 POI 点位为背景参考，位置精度数米级；覆盖不代表完整，缺漏不代表不存在"}, "geometry": {"type": "Point", "coordinates": [116.325513, 39.980056]}}, {"type": "Feature", "properties": {"layer": "GAODE_FACILITY_POI", "gaode_poiid": "B0MU755PXC", "name": "汽车充电站(扬招站海淀区大钟寺家居广场优易充小站)", "type": "汽车服务;充电站;充电站", "address": "北三环西路21号(大钟寺地铁站E口旁)", "category": "charging", "source": "DATA-SRC-GAODE-FACILITY-POI-20260814", "official_boundary": false, "usable_for_formal": "background_only", "crs_source": "GCJ-02→WGS84 近似转换（误差数米）", "precision_note": "高德 POI 点位为背景参考，位置精度数米级；覆盖不代表完整，缺漏不代表不存在"}, "geometry": {"type": "Point", "coordinates": [116.337054, 39.966579]}}, {"type": "Feature", "properties": {"layer": "GAODE_FACILITY_POI", "gaode_poiid": "B0M66B9KCB", "name": "壳牌充电汽车充电站(壳牌充电北京海淀康拓大厦地面充电站)", "type": "汽车服务;充电站;专用充电站", "address": "知春路61号综合楼(知春里地铁站B东北口步行350米)", "category": "charging", "source": "DATA-SRC-GAODE-FACILITY-POI-20260814", "official_boundary": false, "usable_for_formal": "background_only", "crs_source": "GCJ-02→WGS84 近似转换（误差数米）", "precision_note": "高德 POI 点位为背景参考，位置精度数米级；覆盖不代表完整，缺漏不代表不存在"}, "geometry": {"type": "Point", "coordinates": [116.326542, 39.97556]}}, {"type": "Feature", "properties": {"layer": "GAODE_FACILITY_POI", "gaode_poiid": "B0FFHYBF5E", "name": "循道新能源汽车充电站", "type": "汽车服务;充电站;充电站", "address": "中关村东路与双榆树北路交叉口东120米", "category": "charging", "source": "DATA-SRC-GAODE-FACILITY-POI-20260814", "official_boundary": false, "usable_for_formal": "background_only", "crs_source": "GCJ-02→WGS84 近似转换（误差数米）", "precision_note": "高德 POI 点位为背景参考，位置精度数米级；覆盖不代表完整，缺漏不代表不存在"}, "geometry": {"type": "Point", "coordinates": [116.329094, 39.971572]}}, {"type": "Feature", "properties": {"layer": "GAODE_FACILITY_POI", "gaode_poiid": "B0FFH2CI9M", "name": "比亚迪汽车充电站(北京物科宾馆北)", "type": "汽车服务;充电站;充电站", "address": "中国科学院大学停车场", "category": "charging", "source": "DATA-SRC-GAODE-FACILITY-POI-20260814", "official_boundary": false, "usable_for_formal": "background_only", "crs_source": "GCJ-02→WGS84 近似转换（误差数米）", "precision_note": "高德 POI 点位为背景参考，位置精度数米级；覆盖不代表完整，缺漏不代表不存在"}, "geometry": {"type": "Point", "coordinates": [116.324443, 39.983205]}}, {"type": "Feature", "properties": {"layer": "GAODE_FACILITY_POI", "gaode_poiid": "B0FFJRV0YI", "name": "特来电充电站(北京太阳园)", "type": "汽车服务;充电站;充电站", "address": "中关村街道太阳园停车场入口(大钟寺地铁站D口步行440米)", "category": "charging", "source": "DATA-SRC-GAODE-FACILITY-POI-20260814", "official_boundary": false, "usable_for_formal": "background_only", "crs_source": "GCJ-02→WGS84 近似转换（误差数米）", "precision_note": "高德 POI 点位为背景参考，位置精度数米级；覆盖不代表完整，缺漏不代表不存在"}, "geometry": {"type": "Point", "coordinates": [116.333081, 39.967519]}}, {"type": "Feature", "properties": {"layer": "GAODE_FACILITY_POI", "gaode_poiid": "B0FFI8ECDU", "name": "特来电汽车充电站(特来电北京西郊宾馆充电站)", "type": "汽车服务;充电站;充电站", "address": "西郊宾馆停车场", "category": "charging", "source": "DATA-SRC-GAODE-FACILITY-POI-20260814", "official_boundary": false, "usable_for_formal": "background_only", "crs_source": "GCJ-02→WGS84 近似转换（误差数米）", "precision_note": "高德 POI 点位为背景参考，位置精度数米级；覆盖不代表完整，缺漏不代表不存在"}, "geometry": {"type": "Point", "coordinates": [116.336902, 39.996524]}}, {"type": "Feature", "properties": {"layer": "GAODE_FACILITY_POI", "gaode_poiid": "B0KB15496X", "name": "特来电汽车充电站(北京太阳园充电站)", "type": "汽车服务;充电站;充电站", "address": "中嘉大厦地下停车场(大钟寺地铁站D口步行430米)", "category": "charging", "source": "DATA-SRC-GAODE-FACILITY-POI-20260814", "official_boundary": false, "usable_for_formal": "background_only", "crs_source": "GCJ-02→WGS84 近似转换（误差数米）", "precision_note": "高德 POI 点位为背景参考，位置精度数米级；覆盖不代表完整，缺漏不代表不存在"}, "geometry": {"type": "Point", "coordinates": [116.333101, 39.967362]}}, {"type": "Feature", "properties": {"layer": "GAODE_FACILITY_POI", "gaode_poiid": "B0LDF4R88J", "name": "矿业大学充电桩", "type": "汽车服务;充电站;充电站", "address": "清华东路与静淑苑路交叉口西南380米", "category": "charging", "source": "DATA-SRC-GAODE-FACILITY-POI-20260814", "official_boundary": false, "usable_for_formal": "background_only", "crs_source": "GCJ-02→WGS84 近似转换（误差数米）", "precision_note": "高德 POI 点位为背景参考，位置精度数米级；覆盖不代表完整，缺漏不代表不存在"}, "geometry": {"type": "Point", "coordinates": [116.33932, 39.99736]}}, {"type": "Feature", "properties": {"layer": "GAODE_FACILITY_POI", "gaode_poiid": "B0I1YH5ZCU", "name": "汽车充电站(农科院8号院)", "type": "汽车服务;充电站;充电站", "address": "北四环西路辅路与中关村东路交叉口西南260米", "category": "charging", "source": "DATA-SRC-GAODE-FACILITY-POI-20260814", "official_boundary": false, "usable_for_formal": "background_only", "crs_source": "GCJ-02→WGS84 近似转换（误差数米）", "precision_note": "高德 POI 点位为背景参考，位置精度数米级；覆盖不代表完整，缺漏不代表不存在"}, "geometry": {"type": "Point", "coordinates": [116.324341, 39.983061]}}, {"type": "Feature", "properties": {"layer": "GAODE_FACILITY_POI", "gaode_poiid": "B0KUCUZAP7", "name": "驴充充汽车充电站(东王庄小区新能源)", "type": "汽车服务;充电站;充电站", "address": "王庄路18号东王庄小区", "category": "charging", "source": "DATA-SRC-GAODE-FACILITY-POI-20260814", "official_boundary": false, "usable_for_formal": "background_only", "crs_source": "GCJ-02→WGS84 近似转换（误差数米）", "precision_note": "高德 POI 点位为背景参考，位置精度数米级；覆盖不代表完整，缺漏不代表不存在"}, "geometry": {"type": "Point", "coordinates": [116.33697, 39.996806]}}, {"type": "Feature", "properties": {"layer": "GAODE_FACILITY_POI", "gaode_poiid": "B0MGTC86RL", "name": "小麦电站汽车充电站(牡丹园东里-128车位)", "type": "汽车服务;充电站;充电站", "address": "牡丹园东里13号楼一单元斜对面128号车位", "category": "charging", "source": "DATA-SRC-GAODE-FACILITY-POI-20260814", "official_boundary": false, "usable_for_formal": "background_only", "crs_source": "GCJ-02→WGS84 近似转换（误差数米）", "precision_note": "高德 POI 点位为背景参考，位置精度数米级；覆盖不代表完整，缺漏不代表不存在"}, "geometry": {"type": "Point", "coordinates": [116.367846, 39.97618]}}, {"type": "Feature", "properties": {"layer": "GAODE_FACILITY_POI", "gaode_poiid": "B0M67HXM65", "name": "富电易充充电站(海淀区志新路充电站)", "type": "汽车服务;充电站;充电站", "address": "志新西路与二里庄环巷交叉口北60米", "category": "charging", "source": "DATA-SRC-GAODE-FACILITY-POI-20260814", "official_boundary": false, "usable_for_formal": "background_only", "crs_source": "GCJ-02→WGS84 近似转换（误差数米）", "precision_note": "高德 POI 点位为背景参考，位置精度数米级；覆盖不代表完整，缺漏不代表不存在"}, "geometry": {"type": "Point", "coordinates": [116.358591, 39.995505]}}, {"type": "Feature", "properties": {"layer": "GAODE_FACILITY_POI", "gaode_poiid": "B0L1GZA92G", "name": "首程超充-卧虎桥场站", "type": "汽车服务;充电站;充电站", "address": "志新东路8号院", "category": "charging", "source": "DATA-SRC-GAODE-FACILITY-POI-20260814", "official_boundary": false, "usable_for_formal": "background_only", "crs_source": "GCJ-02→WGS84 近似转换（误差数米）", "precision_note": "高德 POI 点位为背景参考，位置精度数米级；覆盖不代表完整，缺漏不代表不存在"}, "geometry": {"type": "Point", "coordinates": [116.365708, 39.990015]}}, {"type": "Feature", "properties": {"layer": "GAODE_FACILITY_POI", "gaode_poiid": "B0M66B97FV", "name": "壳牌充电汽车充电站(壳牌充电北京海淀有色金属研究院北院新小区地面充电站)", "type": "汽车服务;充电站;充电站", "address": "北三环中路43号院19号楼", "category": "charging", "source": "DATA-SRC-GAODE-FACILITY-POI-20260814", "official_boundary": false, "usable_for_formal": "background_only", "crs_source": "GCJ-02→WGS84 近似转换（误差数米）", "precision_note": "高德 POI 点位为背景参考，位置精度数米级；覆盖不代表完整，缺漏不代表不存在"}, "geometry": {"type": "Point", "coordinates": [116.366369, 39.972972]}}, {"type": "Feature", "properties": {"layer": "GAODE_FACILITY_POI", "gaode_poiid": "B0H0FZMK9S", "name": "壳牌中央新闻纪录电影制片厂充电站(小桔充电)", "type": "汽车服务;充电站;充电站", "address": "北三环中路辅路与福东巷交叉口东北220米", "category": "charging", "source": "DATA-SRC-GAODE-FACILITY-POI-20260814", "official_boundary": false, "usable_for_formal": "background_only", "crs_source": "GCJ-02→WGS84 近似转换（误差数米）", "precision_note": "高德 POI 点位为背景参考，位置精度数米级；覆盖不代表完整，缺漏不代表不存在"}, "geometry": {"type": "Point", "coordinates": [116.361797, 39.967991]}}, {"type": "Feature", "properties": {"layer": "GAODE_FACILITY_POI", "gaode_poiid": "B0HDGCOQBF", "name": "弘彧大厦汽车直流充电站", "type": "汽车服务;充电站;充电站", "address": "学院路7号弘彧大厦地面停车场073(六道口地铁站D西南口步行110米)", "category": "charging", "source": "DATA-SRC-GAODE-FACILITY-POI-20260814", "official_boundary": false, "usable_for_formal": "background_only", "crs_source": "GCJ-02→WGS84 近似转换（误差数米）", "precision_note": "高德 POI 点位为背景参考，位置精度数米级；覆盖不代表完整，缺漏不代表不存在"}, "geometry": {"type": "Point", "coordinates": [116.344944, 39.998776]}}, {"type": "Feature", "properties": {"layer": "GAODE_FACILITY_POI", "gaode_poiid": "B0FFJ4QI13", "name": "普天新能源汽车充电站(有研新小区)", "type": "汽车服务;充电站;充电站", "address": "有色金属研究院家属院停车场(北太平庄地铁站B口步行450米)", "category": "charging", "source": "DATA-SRC-GAODE-FACILITY-POI-20260814", "official_boundary": false, "usable_for_formal": "background_only", "crs_source": "GCJ-02→WGS84 近似转换（误差数米）", "precision_note": "高德 POI 点位为背景参考，位置精度数米级；覆盖不代表完整，缺漏不代表不存在"}, "geometry": {"type": "Point", "coordinates": [116.364649, 39.970691]}}, {"type": "Feature", "properties": {"layer": "GAODE_FACILITY_POI", "gaode_poiid": "B0LGTS020P", "name": "云快充汽车充电站(弘彧大厦汽车直流充电站)", "type": "汽车服务;充电站;充电站", "address": "学院路街道学院路7号弘彧大厦停车场", "category": "charging", "source": "DATA-SRC-GAODE-FACILITY-POI-20260814", "official_boundary": false, "usable_for_formal": "background_only", "crs_source": "GCJ-02→WGS84 近似转换（误差数米）", "precision_note": "高德 POI 点位为背景参考，位置精度数米级；覆盖不代表完整，缺漏不代表不存在"}, "geometry": {"type": "Point", "coordinates": [116.344938, 39.998782]}}, {"type": "Feature", "properties": {"layer": "GAODE_FACILITY_POI", "gaode_poiid": "B0L2AR2FVC", "name": "电动车充电站", "type": "汽车服务;充电站;充电站", "address": "清华东路14号", "category": "charging", "source": "DATA-SRC-GAODE-FACILITY-POI-20260814", "official_boundary": false, "usable_for_formal": "background_only", "crs_source": "GCJ-02→WGS84 近似转换（误差数米）", "precision_note": "高德 POI 点位为背景参考，位置精度数米级；覆盖不代表完整，缺漏不代表不存在"}, "geometry": {"type": "Point", "coordinates": [116.33952, 39.998304]}}, {"type": "Feature", "properties": {"layer": "GAODE_FACILITY_POI", "gaode_poiid": "B0L3K6ASYQ", "name": "叮叮目的地充电站(中关村北二条中关村东路西100米)", "type": "汽车服务;充电站;充电站", "address": "中关村北二条", "category": "charging", "source": "DATA-SRC-GAODE-FACILITY-POI-20260814", "official_boundary": false, "usable_for_formal": "background_only", "crs_source": "GCJ-02→WGS84 近似转换（误差数米）", "precision_note": "高德 POI 点位为背景参考，位置精度数米级；覆盖不代表完整，缺漏不代表不存在"}, "geometry": {"type": "Point", "coordinates": [116.325378, 39.989179]}}, {"type": "Feature", "properties": {"layer": "GAODE_FACILITY_POI", "gaode_poiid": "B0H04H9Y8B", "name": "海淀区中科院物理所南院充电桩", "type": "汽车服务;充电站;充电站", "address": "中关村南三街8号物理所所内停车场", "category": "charging", "source": "DATA-SRC-GAODE-FACILITY-POI-20260814", "official_boundary": false, "usable_for_formal": "background_only", "crs_source": "GCJ-02→WGS84 近似转换（误差数米）", "precision_note": "高德 POI 点位为背景参考，位置精度数米级；覆盖不代表完整，缺漏不代表不存在"}, "geometry": {"type": "Point", "coordinates": [116.322973, 39.982538]}}, {"type": "Feature", "properties": {"layer": "GAODE_FACILITY_POI", "gaode_poiid": "B0H10CVPQG", "name": "金五星科技园充电站", "type": "汽车服务;充电站;充电站", "address": "中关村东路118号地面停车场", "category": "charging", "source": "DATA-SRC-GAODE-FACILITY-POI-20260814", "official_boundary": false, "usable_for_formal": "background_only", "crs_source": "GCJ-02→WGS84 近似转换（误差数米）", "precision_note": "高德 POI 点位为背景参考，位置精度数米级；覆盖不代表完整，缺漏不代表不存在"}, "geometry": {"type": "Point", "coordinates": [116.330176, 39.96735]}}, {"type": "Feature", "properties": {"layer": "GAODE_FACILITY_POI", "gaode_poiid": "B0L0RM5ECN", "name": "特来电目的地充电站(中关村体育中心充电站)", "type": "汽车服务;充电站;充电站", "address": "中关村街道中关村文化体育中心", "category": "charging", "source": "DATA-SRC-GAODE-FACILITY-POI-20260814", "official_boundary": false, "usable_for_formal": "background_only", "crs_source": "GCJ-02→WGS84 近似转换（误差数米）", "precision_note": "高德 POI 点位为背景参考，位置精度数米级；覆盖不代表完整，缺漏不代表不存在"}, "geometry": {"type": "Point", "coordinates": [116.322216, 39.981698]}}, {"type": "Feature", "properties": {"layer": "GAODE_FACILITY_POI", "gaode_poiid": "B0KUU1VR2B", "name": "星星充电汽车充电站(星星充电-海淀区-住总共享际公寓充电站)", "type": "汽车服务;充电站;充电站", "address": "学院路街道桔子酒店(北京学院路店)", "category": "charging", "source": "DATA-SRC-GAODE-FACILITY-POI-20260814", "official_boundary": false, "usable_for_formal": "background_only", "crs_source": "GCJ-02→WGS84 近似转换（误差数米）", "precision_note": "高德 POI 点位为背景参考，位置精度数米级；覆盖不代表完整，缺漏不代表不存在"}, "geometry": {"type": "Point", "coordinates": [116.357874, 39.997511]}}, {"type": "Feature", "properties": {"layer": "GAODE_FACILITY_POI", "gaode_poiid": "B0JD0UWO1C", "name": "德仕安汽车充电站(东升大厦)", "type": "汽车服务;充电站;充电站", "address": "东升镇中关村东路8号(五道口地铁站A北口步行480米)", "category": "charging", "source": "DATA-SRC-GAODE-FACILITY-POI-20260814", "official_boundary": false, "usable_for_formal": "background_only", "crs_source": "GCJ-02→WGS84 近似转换（误差数米）", "precision_note": "高德 POI 点位为背景参考，位置精度数米级；覆盖不代表完整，缺漏不代表不存在"}, "geometry": {"type": "Point", "coordinates": [116.327546, 39.992845]}}, {"type": "Feature", "properties": {"layer": "GAODE_FACILITY_POI", "gaode_poiid": "B0L1J58O6L", "name": "驴充充汽车充电站(易亨环星汽车充电站北京牡丹园)", "type": "汽车服务;充电站;充电站", "address": "花园北路14号易亨环星科创园", "category": "charging", "source": "DATA-SRC-GAODE-FACILITY-POI-20260814", "official_boundary": false, "usable_for_formal": "background_only", "crs_source": "GCJ-02→WGS84 近似转换（误差数米）", "precision_note": "高德 POI 点位为背景参考，位置精度数米级；覆盖不代表完整，缺漏不代表不存在"}, "geometry": {"type": "Point", "coordinates": [116.370583, 39.977513]}}, {"type": "Feature", "properties": {"layer": "GAODE_FACILITY_POI", "gaode_poiid": "B0I0NH5QVZ", "name": "蔚景云汽车充电站(北京金五星科技园充电站)", "type": "汽车服务;充电站;充电站", "address": "中关村街道北三环西路179号金五星购物广场地面停车场", "category": "charging", "source": "DATA-SRC-GAODE-FACILITY-POI-20260814", "official_boundary": false, "usable_for_formal": "background_only", "crs_source": "GCJ-02→WGS84 近似转换（误差数米）", "precision_note": "高德 POI 点位为背景参考，位置精度数米级；覆盖不代表完整，缺漏不代表不存在"}, "geometry": {"type": "Point", "coordinates": [116.330213, 39.967059]}}, {"type": "Feature", "properties": {"layer": "GAODE_FACILITY_POI", "gaode_poiid": "B0KR0BHBML", "name": "北京金五星科技园(简单冲)", "type": "汽车服务;充电站;充电站", "address": "中关村东路118号南门停车场", "category": "charging", "source": "DATA-SRC-GAODE-FACILITY-POI-20260814", "official_boundary": false, "usable_for_formal": "background_only", "crs_source": "GCJ-02→WGS84 近似转换（误差数米）", "precision_note": "高德 POI 点位为背景参考，位置精度数米级；覆盖不代表完整，缺漏不代表不存在"}, "geometry": {"type": "Point", "coordinates": [116.329936, 39.967144]}}, {"type": "Feature", "properties": {"layer": "GAODE_FACILITY_POI", "gaode_poiid": "B0LD2SPQD5", "name": "特斯拉超级充电站(北京搜狐网络大厦)", "type": "汽车服务;充电站;专用充电站", "address": "中关村东路1号院9号搜狐网络大厦地下停车场B2层089车位旁/入口中关村东路如车场已满,无法进场充电,请拨打,", "category": "charging", "source": "DATA-SRC-GAODE-FACILITY-POI-20260814", "official_boundary": false, "usable_for_formal": "background_only", "crs_source": "GCJ-02→WGS84 近似转换（误差数米）", "precision_note": "高德 POI 点位为背景参考，位置精度数米级；覆盖不代表完整，缺漏不代表不存在"}, "geometry": {"type": "Point", "coordinates": [116.326135, 39.992497]}}, {"type": "Feature", "properties": {"layer": "GAODE_FACILITY_POI", "gaode_poiid": "B0LBLUNLDW", "name": "德仕安汽车充电站(原点大厦地上直流)", "type": "汽车服务;充电站;充电站", "address": "东升镇中关村东路6-4号", "category": "charging", "source": "DATA-SRC-GAODE-FACILITY-POI-20260814", "official_boundary": false, "usable_for_formal": "background_only", "crs_source": "GCJ-02→WGS84 近似转换（误差数米）", "precision_note": "高德 POI 点位为背景参考，位置精度数米级；覆盖不代表完整，缺漏不代表不存在"}, "geometry": {"type": "Point", "coordinates": [116.327353, 39.993411]}}, {"type": "Feature", "properties": {"layer": "GAODE_FACILITY_POI", "gaode_poiid": "B0I1NS5PI5", "name": "特斯拉超级充电站(北京清华科技园)", "type": "汽车服务;充电站;专用充电站", "address": "中关村东路1号清华科技园阳光厅地下停车场B2层218车位旁/入口中关村东路", "category": "charging", "source": "DATA-SRC-GAODE-FACILITY-POI-20260814", "official_boundary": false, "usable_for_formal": "background_only", "crs_source": "GCJ-02→WGS84 近似转换（误差数米）", "precision_note": "高德 POI 点位为背景参考，位置精度数米级；覆盖不代表完整，缺漏不代表不存在"}, "geometry": {"type": "Point", "coordinates": [116.325884, 39.992718]}}, {"type": "Feature", "properties": {"layer": "GAODE_FACILITY_POI", "gaode_poiid": "B0M657KF79", "name": "北京迪晟新能科技有限公司汽车充电站(清华科技园快充站)", "type": "汽车服务;充电站;充电站", "address": "中关村东路1号清华科技园爱迪充充电站", "category": "charging", "source": "DATA-SRC-GAODE-FACILITY-POI-20260814", "official_boundary": false, "usable_for_formal": "background_only", "crs_source": "GCJ-02→WGS84 近似转换（误差数米）", "precision_note": "高德 POI 点位为背景参考，位置精度数米级；覆盖不代表完整，缺漏不代表不存在"}, "geometry": {"type": "Point", "coordinates": [116.32536, 39.993308]}}, {"type": "Feature", "properties": {"layer": "GAODE_FACILITY_POI", "gaode_poiid": "B0K3HUNSFF", "name": "德仕安汽车充电站(清华科技园D座直流站)", "type": "汽车服务;充电站;充电站", "address": "北京市海淀区清华园街道中关村东路1号院", "category": "charging", "source": "DATA-SRC-GAODE-FACILITY-POI-20260814", "official_boundary": false, "usable_for_formal": "background_only", "crs_source": "GCJ-02→WGS84 近似转换（误差数米）", "precision_note": "高德 POI 点位为背景参考，位置精度数米级；覆盖不代表完整，缺漏不代表不存在"}, "geometry": {"type": "Point", "coordinates": [116.325108, 39.992053]}}, {"type": "Feature", "properties": {"layer": "GAODE_FACILITY_POI", "gaode_poiid": "B0IAHL4X36", "name": "云快充汽车充电站(清华同方)", "type": "汽车服务;充电站;充电站", "address": "清华同方科技广场停车场", "category": "charging", "source": "DATA-SRC-GAODE-FACILITY-POI-20260814", "official_boundary": false, "usable_for_formal": "background_only", "crs_source": "GCJ-02→WGS84 近似转换（误差数米）", "precision_note": "高德 POI 点位为背景参考，位置精度数米级；覆盖不代表完整，缺漏不代表不存在"}, "geometry": {"type": "Point", "coordinates": [116.333185, 39.998146]}}, {"type": "Feature", "properties": {"layer": "GAODE_FACILITY_POI", "gaode_poiid": "B0IBTR5CLE", "name": "星星充电汽车充电站(内部专用星星充电-北京海淀区-北京师范大学生物园停车场)", "type": "汽车服务;充电站;专用充电站", "address": "北京师范大学生物园地面停车场92", "category": "charging", "source": "DATA-SRC-GAODE-FACILITY-POI-20260814", "official_boundary": false, "usable_for_formal": "background_only", "crs_source": "GCJ-02→WGS84 近似转换（误差数米）", "precision_note": "高德 POI 点位为背景参考，位置精度数米级；覆盖不代表完整，缺漏不代表不存在"}, "geometry": {"type": "Point", "coordinates": [116.355636, 39.962742]}}, {"type": "Feature", "properties": {"layer": "GAODE_FACILITY_POI", "gaode_poiid": "B0LBSASXUT", "name": "星星充电汽车充电站(星星充电-同方大厦超充站)", "type": "汽车服务;充电站;充电站", "address": "东升镇双清路123号同方大厦", "category": "charging", "source": "DATA-SRC-GAODE-FACILITY-POI-20260814", "official_boundary": false, "usable_for_formal": "background_only", "crs_source": "GCJ-02→WGS84 近似转换（误差数米）", "precision_note": "高德 POI 点位为背景参考，位置精度数米级；覆盖不代表完整，缺漏不代表不存在"}, "geometry": {"type": "Point", "coordinates": [116.328101, 39.995513]}}, {"type": "Feature", "properties": {"layer": "GAODE_FACILITY_POI", "gaode_poiid": "B0LGNSVB8X", "name": "爱迪充汽车充电站(清华科技园快充站)", "type": "汽车服务;充电站;充电站", "address": "中关村东路1号清华科技园", "category": "charging", "source": "DATA-SRC-GAODE-FACILITY-POI-20260814", "official_boundary": false, "usable_for_formal": "background_only", "crs_source": "GCJ-02→WGS84 近似转换（误差数米）", "precision_note": "高德 POI 点位为背景参考，位置精度数米级；覆盖不代表完整，缺漏不代表不存在"}, "geometry": {"type": "Point", "coordinates": [116.325041, 39.993292]}}, {"type": "Feature", "properties": {"layer": "GAODE_FACILITY_POI", "gaode_poiid": "B0FFH5DVO3", "name": "特来电汽车充电站(特来电中科院软件园充电站)", "type": "汽车服务;充电站;充电站", "address": "中关村南五街与星规路交叉口北240米道路停车位167", "category": "charging", "source": "DATA-SRC-GAODE-FACILITY-POI-20260814", "official_boundary": false, "usable_for_formal": "background_only", "crs_source": "GCJ-02→WGS84 近似转换（误差数米）", "precision_note": "高德 POI 点位为背景参考，位置精度数米级；覆盖不代表完整，缺漏不代表不存在"}, "geometry": {"type": "Point", "coordinates": [116.331069, 39.979078]}}, {"type": "Feature", "properties": {"layer": "GAODE_FACILITY_POI", "gaode_poiid": "B0FFIA9O6M", "name": "星星充电汽车充电站(庚坊国际移动储能设备)(暂停营业)", "type": "汽车服务;充电站;充电站", "address": "花园路与健安西路交叉口南320米", "category": "charging", "source": "DATA-SRC-GAODE-FACILITY-POI-20260814", "official_boundary": false, "usable_for_formal": "background_only", "crs_source": "GCJ-02→WGS84 近似转换（误差数米）", "precision_note": "高德 POI 点位为背景参考，位置精度数米级；覆盖不代表完整，缺漏不代表不存在"}, "geometry": {"type": "Point", "coordinates": [116.358385, 39.970882]}}, {"type": "Feature", "properties": {"layer": "GAODE_FACILITY_POI", "gaode_poiid": "B0LA1P3VCG", "name": "爱迪充汽车充电站(北京启迪科技大厦快充站)", "type": "汽车服务;充电站;充电站", "address": "清华园街道中关村东路1号启迪科技大厦", "category": "charging", "source": "DATA-SRC-GAODE-FACILITY-POI-20260814", "official_boundary": false, "usable_for_formal": "background_only", "crs_source": "GCJ-02→WGS84 近似转换（误差数米）", "precision_note": "高德 POI 点位为背景参考，位置精度数米级；覆盖不代表完整，缺漏不代表不存在"}, "geometry": {"type": "Point", "coordinates": [116.324484, 39.992554]}}, {"type": "Feature", "properties": {"layer": "GAODE_FACILITY_POI", "gaode_poiid": "B0FFM6FD6T", "name": "华商三优汽车充电站(公共站海淀区城建大厦优易充小站)", "type": "汽车服务;充电站;充电站", "address": "城建大厦地面停车场(北太平庄地铁站B口步行240米)", "category": "charging", "source": "DATA-SRC-GAODE-FACILITY-POI-20260814", "official_boundary": false, "usable_for_formal": "background_only", "crs_source": "GCJ-02→WGS84 近似转换（误差数米）", "precision_note": "高德 POI 点位为背景参考，位置精度数米级；覆盖不代表完整，缺漏不代表不存在"}, "geometry": {"type": "Point", "coordinates": [116.365572, 39.967203]}}, {"type": "Feature", "properties": {"layer": "GAODE_FACILITY_POI", "gaode_poiid": "B0LUMMC06G", "name": "北京迪晟新能科技有限公司汽车充电站(北京启迪科技大厦快充站)", "type": "汽车服务;充电站;充电站", "address": "清华园街道中关村东路1号启迪科技大厦", "category": "charging", "source": "DATA-SRC-GAODE-FACILITY-POI-20260814", "official_boundary": false, "usable_for_formal": "background_only", "crs_source": "GCJ-02→WGS84 近似转换（误差数米）", "precision_note": "高德 POI 点位为背景参考，位置精度数米级；覆盖不代表完整，缺漏不代表不存在"}, "geometry": {"type": "Point", "coordinates": [116.32422, 39.992627]}}, {"type": "Feature", "properties": {"layer": "GAODE_FACILITY_POI", "gaode_poiid": "B0GK3ARUZB", "name": "万马爱充汽车充电站(首资农业大学东校区充电站)", "type": "汽车服务;充电站;充电站", "address": "学院路街道清华东路17号(六道口地铁站B东北口步行120米)", "category": "charging", "source": "DATA-SRC-GAODE-FACILITY-POI-20260814", "official_boundary": false, "usable_for_formal": "background_only", "crs_source": "GCJ-02→WGS84 近似转换（误差数米）", "precision_note": "高德 POI 点位为背景参考，位置精度数米级；覆盖不代表完整，缺漏不代表不存在"}, "geometry": {"type": "Point", "coordinates": [116.346834, 40.001443]}}, {"type": "Feature", "properties": {"layer": "GAODE_FACILITY_POI", "gaode_poiid": "B0L61685VK", "name": "蔚来能源目的地充电站(北京海淀融科资讯中心B座)", "type": "汽车服务;充电站;充电站", "address": "中关村南三街融科资讯中心地下停车场", "category": "charging", "source": "DATA-SRC-GAODE-FACILITY-POI-20260814", "official_boundary": false, "usable_for_formal": "background_only", "crs_source": "GCJ-02→WGS84 近似转换（误差数米）", "precision_note": "高德 POI 点位为背景参考，位置精度数米级；覆盖不代表完整，缺漏不代表不存在"}, "geometry": {"type": "Point", "coordinates": [116.319741, 39.983675]}}, {"type": "Feature", "properties": {"layer": "GAODE_FACILITY_POI", "gaode_poiid": "B0JBXLQVEL", "name": "小鹏汽车汽车充电站(北京启迪科技大厦小鹏超充站)", "type": "汽车服务;充电站;充电站", "address": "清华园街道中关村东路1号院启迪科技大厦", "category": "charging", "source": "DATA-SRC-GAODE-FACILITY-POI-20260814", "official_boundary": false, "usable_for_formal": "background_only", "crs_source": "GCJ-02→WGS84 近似转换（误差数米）", "precision_note": "高德 POI 点位为背景参考，位置精度数米级；覆盖不代表完整，缺漏不代表不存在"}, "geometry": {"type": "Point", "coordinates": [116.324365, 39.99297]}}, {"type": "Feature", "properties": {"layer": "GAODE_FACILITY_POI", "gaode_poiid": "B0LUXCO27D", "name": "爱迪充汽车充电站(北京学研大厦直流站)(内部专用)", "type": "汽车服务;充电站;专用充电站", "address": "学研大厦停车场(内部专用)", "category": "charging", "source": "DATA-SRC-GAODE-FACILITY-POI-20260814", "official_boundary": false, "usable_for_formal": "background_only", "crs_source": "GCJ-02→WGS84 近似转换（误差数米）", "precision_note": "高德 POI 点位为背景参考，位置精度数米级；覆盖不代表完整，缺漏不代表不存在"}, "geometry": {"type": "Point", "coordinates": [116.329883, 39.997258]}}, {"type": "Feature", "properties": {"layer": "GAODE_FACILITY_POI", "gaode_poiid": "B0FFFWM837", "name": "国家电网汽车充电站(清华科技园店)", "type": "汽车服务;充电站;充电站", "address": "中关村东路1号院科建大厦(南门)附近", "category": "charging", "source": "DATA-SRC-GAODE-FACILITY-POI-20260814", "official_boundary": false, "usable_for_formal": "background_only", "crs_source": "GCJ-02→WGS84 近似转换（误差数米）", "precision_note": "高德 POI 点位为背景参考，位置精度数米级；覆盖不代表完整，缺漏不代表不存在"}, "geometry": {"type": "Point", "coordinates": [116.323573, 39.992424]}}, {"type": "Feature", "properties": {"layer": "GAODE_FACILITY_POI", "gaode_poiid": "B0HK1LBPFA", "name": "北京华业大厦(简单冲)", "type": "汽车服务;充电站;充电站", "address": "清华大学东门华业大厦", "category": "charging", "source": "DATA-SRC-GAODE-FACILITY-POI-20260814", "official_boundary": false, "usable_for_formal": "background_only", "crs_source": "GCJ-02→WGS84 近似转换（误差数米）", "precision_note": "高德 POI 点位为背景参考，位置精度数米级；覆盖不代表完整，缺漏不代表不存在"}, "geometry": {"type": "Point", "coordinates": [116.327428, 39.995861]}}, {"type": "Feature", "properties": {"layer": "GAODE_FACILITY_POI", "gaode_poiid": "B0FFI08SZ5", "name": "国家电网汽车充电站(威盛大厦西北)", "type": "汽车服务;充电站;充电站", "address": "中关村东路1号谷歌大厦门口地面停车场0015", "category": "charging", "source": "DATA-SRC-GAODE-FACILITY-POI-20260814", "official_boundary": false, "usable_for_formal": "background_only", "crs_source": "GCJ-02→WGS84 近似转换（误差数米）", "precision_note": "高德 POI 点位为背景参考，位置精度数米级；覆盖不代表完整，缺漏不代表不存在"}, "geometry": {"type": "Point", "coordinates": [116.323222, 39.992245]}}, {"type": "Feature", "properties": {"layer": "GAODE_FACILITY_POI", "gaode_poiid": "B0LASU4BX2", "name": "德仕安汽车充电站(清华科技园D座B3)", "type": "汽车服务;充电站;充电站", "address": "清华园街道中关村东路1号院", "category": "charging", "source": "DATA-SRC-GAODE-FACILITY-POI-20260814", "official_boundary": false, "usable_for_formal": "background_only", "crs_source": "GCJ-02→WGS84 近似转换（误差数米）", "precision_note": "高德 POI 点位为背景参考，位置精度数米级；覆盖不代表完整，缺漏不代表不存在"}, "geometry": {"type": "Point", "coordinates": [116.324559, 39.993194]}}, {"type": "Feature", "properties": {"layer": "GAODE_FACILITY_POI", "gaode_poiid": "B0LBLUNGC2", "name": "德仕安汽车充电站(清华科技园阳光厅地下二层)", "type": "汽车服务;充电站;充电站", "address": "清华园街道中关村东路1号院", "category": "charging", "source": "DATA-SRC-GAODE-FACILITY-POI-20260814", "official_boundary": false, "usable_for_formal": "background_only", "crs_source": "GCJ-02→WGS84 近似转换（误差数米）", "precision_note": "高德 POI 点位为背景参考，位置精度数米级；覆盖不代表完整，缺漏不代表不存在"}, "geometry": {"type": "Point", "coordinates": [116.324559, 39.993194]}}, {"type": "Feature", "properties": {"layer": "GAODE_FACILITY_POI", "gaode_poiid": "B0HK1LBPF5", "name": "北京学研大厦(简单冲)(内部专用)", "type": "汽车服务;充电站;专用充电站", "address": "双清路30号清华大学东门", "category": "charging", "source": "DATA-SRC-GAODE-FACILITY-POI-20260814", "official_boundary": false, "usable_for_formal": "background_only", "crs_source": "GCJ-02→WGS84 近似转换（误差数米）", "precision_note": "高德 POI 点位为背景参考，位置精度数米级；覆盖不代表完整，缺漏不代表不存在"}, "geometry": {"type": "Point", "coordinates": [116.330039, 39.997662]}}, {"type": "Feature", "properties": {"layer": "GAODE_FACILITY_POI", "gaode_poiid": "B0J0JGDIJU", "name": "国家电网汽车充电站(北京市海淀区清华科技园公共充电站SDK)", "type": "汽车服务;充电站;充电站", "address": "地面停车场", "category": "charging", "source": "DATA-SRC-GAODE-FACILITY-POI-20260814", "official_boundary": false, "usable_for_formal": "background_only", "crs_source": "GCJ-02→WGS84 近似转换（误差数米）", "precision_note": "高德 POI 点位为背景参考，位置精度数米级；覆盖不代表完整，缺漏不代表不存在"}, "geometry": {"type": "Point", "coordinates": [116.323451, 39.992274]}}, {"type": "Feature", "properties": {"layer": "GAODE_FACILITY_POI", "gaode_poiid": "B0IDFHOVCC", "name": "汽车充电站(海淀区中航广场地下停车场公共)", "type": "汽车服务;充电站;充电站", "address": "北三环西路43号(海淀区中航广场地下停车场B1层)", "category": "charging", "source": "DATA-SRC-GAODE-FACILITY-POI-20260814", "official_boundary": false, "usable_for_formal": "background_only", "crs_source": "GCJ-02→WGS84 近似转换（误差数米）", "precision_note": "高德 POI 点位为背景参考，位置精度数米级；覆盖不代表完整，缺漏不代表不存在"}, "geometry": {"type": "Point", "coordinates": [116.322767, 39.970696]}}, {"type": "Feature", "properties": {"layer": "GAODE_FACILITY_POI", "gaode_poiid": "B0FFFDZM8Q", "name": "北京电动汽车充电站(昌平路)(暂停营业)", "type": "汽车服务;充电站;充电站", "address": "g6京藏高速与g6京藏高速出口交叉口东50米北京创业大厦", "category": "charging", "source": "DATA-SRC-GAODE-FACILITY-POI-20260814", "official_boundary": false, "usable_for_formal": "background_only", "crs_source": "GCJ-02→WGS84 近似转换（误差数米）", "precision_note": "高德 POI 点位为背景参考，位置精度数米级；覆盖不代表完整，缺漏不代表不存在"}, "geometry": {"type": "Point", "coordinates": [116.371148, 39.990982]}}, {"type": "Feature", "properties": {"layer": "GAODE_FACILITY_POI", "gaode_poiid": "B0L247P6V6", "name": "汽车充电站(宝马站)", "type": "汽车服务;充电站;充电站", "address": "中关村北一条与中关村北二街交叉口西120米", "category": "charging", "source": "DATA-SRC-GAODE-FACILITY-POI-20260814", "official_boundary": false, "usable_for_formal": "background_only", "crs_source": "GCJ-02→WGS84 近似转换（误差数米）", "precision_note": "高德 POI 点位为背景参考，位置精度数米级；覆盖不代表完整，缺漏不代表不存在"}, "geometry": {"type": "Point", "coordinates": [116.319803, 39.987075]}}, {"type": "Feature", "properties": {"layer": "GAODE_FACILITY_POI", "gaode_poiid": "B0JRPKGDV1", "name": "云快充目的地充电站(北京海淀文林大厦充电站)", "type": "汽车服务;充电站;充电站", "address": "文林大厦停车场", "category": "charging", "source": "DATA-SRC-GAODE-FACILITY-POI-20260814", "official_boundary": false, "usable_for_formal": "background_only", "crs_source": "GCJ-02→WGS84 近似转换（误差数米）", "precision_note": "高德 POI 点位为背景参考，位置精度数米级；覆盖不代表完整，缺漏不代表不存在"}, "geometry": {"type": "Point", "coordinates": [116.336246, 39.961141]}}, {"type": "Feature", "properties": {"layer": "GAODE_FACILITY_POI", "gaode_poiid": "B0KK0BCNFL", "name": "理想超级充电站(理想超充站北京清华科技园创业大厦)", "type": "汽车服务;充电站;充电站", "address": "清华科技园·创业大厦北侧停车场", "category": "charging", "source": "DATA-SRC-GAODE-FACILITY-POI-20260814", "official_boundary": false, "usable_for_formal": "background_only", "crs_source": "GCJ-02→WGS84 近似转换（误差数米）", "precision_note": "高德 POI 点位为背景参考，位置精度数米级；覆盖不代表完整，缺漏不代表不存在"}, "geometry": {"type": "Point", "coordinates": [116.322974, 39.994099]}}, {"type": "Feature", "properties": {"layer": "GAODE_FACILITY_POI", "gaode_poiid": "B0FFIY0MJC", "name": "依威能源汽车充电站(祁家豁子甲2号)", "type": "汽车服务;充电站;充电站", "address": "健德商务楼北地面停车场0022(健德门地铁站D西南口步行110米)", "category": "charging", "source": "DATA-SRC-GAODE-FACILITY-POI-20260814", "official_boundary": false, "usable_for_formal": "background_only", "crs_source": "GCJ-02→WGS84 近似转换（误差数米）", "precision_note": "高德 POI 点位为背景参考，位置精度数米级；覆盖不代表完整，缺漏不代表不存在"}, "geometry": {"type": "Point", "coordinates": [116.373699, 39.975134]}}, {"type": "Feature", "properties": {"layer": "GAODE_FACILITY_POI", "gaode_poiid": "B0MG5GXOJD", "name": "优易充充电站(北京市西城区有研大厦内部充电站)", "type": "汽车服务;充电站;充电站", "address": "北三环中路辅路与北三环中路入口交叉口南60米", "category": "charging", "source": "DATA-SRC-GAODE-FACILITY-POI-20260814", "official_boundary": false, "usable_for_formal": "background_only", "crs_source": "GCJ-02→WGS84 近似转换（误差数米）", "precision_note": "高德 POI 点位为背景参考，位置精度数米级；覆盖不代表完整，缺漏不代表不存在"}, "geometry": {"type": "Point", "coordinates": [116.366784, 39.965968]}}, {"type": "Feature", "properties": {"layer": "GAODE_FACILITY_POI", "gaode_poiid": "B0HK1LC39U", "name": "北京文津地下(简单冲)", "type": "汽车服务;充电站;充电站", "address": "中关村东路一号院5号楼B3停车场", "category": "charging", "source": "DATA-SRC-GAODE-FACILITY-POI-20260814", "official_boundary": false, "usable_for_formal": "background_only", "crs_source": "GCJ-02→WGS84 近似转换（误差数米）", "precision_note": "高德 POI 点位为背景参考，位置精度数米级；覆盖不代表完整，缺漏不代表不存在"}, "geometry": {"type": "Point", "coordinates": [116.32137, 39.991974]}}, {"type": "Feature", "properties": {"layer": "GAODE_FACILITY_POI", "gaode_poiid": "B0FFGZI63G", "name": "国家电网汽车充电站(北京市海淀区北京师范大学公共超级充电站)", "type": "汽车服务;充电站;充电站", "address": "新街口外大街19号(北太平庄地铁站C口步行450米)", "category": "charging", "source": "DATA-SRC-GAODE-FACILITY-POI-20260814", "official_boundary": false, "usable_for_formal": "background_only", "crs_source": "GCJ-02→WGS84 近似转换（误差数米）", "precision_note": "高德 POI 点位为背景参考，位置精度数米级；覆盖不代表完整，缺漏不代表不存在"}, "geometry": {"type": "Point", "coordinates": [116.363434, 39.962706]}}, {"type": "Feature", "properties": {"layer": "GAODE_FACILITY_POI", "gaode_poiid": "B0L6CPFFLM", "name": "星星充电汽车充电站(健德商务楼店)", "type": "汽车服务;充电站;充电站", "address": "北土城西路辅路与G6辅路交叉口西南60米", "category": "charging", "source": "DATA-SRC-GAODE-FACILITY-POI-20260814", "official_boundary": false, "usable_for_formal": "background_only", "crs_source": "GCJ-02→WGS84 近似转换（误差数米）", "precision_note": "高德 POI 点位为背景参考，位置精度数米级；覆盖不代表完整，缺漏不代表不存在"}, "geometry": {"type": "Point", "coordinates": [116.374392, 39.974999]}}, {"type": "Feature", "properties": {"layer": "GAODE_FACILITY_POI", "gaode_poiid": "B0FFI0YO92", "name": "高陆通充电站(文津国际公寓)", "type": "汽车服务;充电站;充电站", "address": "中关村东路1号院5号楼文津国际公寓停车场", "category": "charging", "source": "DATA-SRC-GAODE-FACILITY-POI-20260814", "official_boundary": false, "usable_for_formal": "background_only", "crs_source": "GCJ-02→WGS84 近似转换（误差数米）", "precision_note": "高德 POI 点位为背景参考，位置精度数米级；覆盖不代表完整，缺漏不代表不存在"}, "geometry": {"type": "Point", "coordinates": [116.321216, 39.992264]}}, {"type": "Feature", "properties": {"layer": "GAODE_FACILITY_POI", "gaode_poiid": "B0I0KL2FRM", "name": "蔚景云汽车充电站(北京文津地下充电站)", "type": "汽车服务;充电站;充电站", "address": "清华园街道中关村东路1号院5号楼文津国际公寓地下停车场", "category": "charging", "source": "DATA-SRC-GAODE-FACILITY-POI-20260814", "official_boundary": false, "usable_for_formal": "background_only", "crs_source": "GCJ-02→WGS84 近似转换（误差数米）", "precision_note": "高德 POI 点位为背景参考，位置精度数米级；覆盖不代表完整，缺漏不代表不存在"}, "geometry": {"type": "Point", "coordinates": [116.320892, 39.992124]}}, {"type": "Feature", "properties": {"layer": "GAODE_FACILITY_POI", "gaode_poiid": "B0J3CN6VCU", "name": "依威能源汽车充电站(科育社区47号楼)", "type": "汽车服务;充电站;充电站", "address": "北京市中关村街道知春路科育社区47号楼", "category": "charging", "source": "DATA-SRC-GAODE-FACILITY-POI-20260814", "official_boundary": false, "usable_for_formal": "background_only", "crs_source": "GCJ-02→WGS84 近似转换（误差数米）", "precision_note": "高德 POI 点位为背景参考，位置精度数米级；覆盖不代表完整，缺漏不代表不存在"}, "geometry": {"type": "Point", "coordinates": [116.317247, 39.983347]}}, {"type": "Feature", "properties": {"layer": "GAODE_FACILITY_POI", "gaode_poiid": "B0G39KJ9UE", "name": "中国科学院文献情报中心大楼电动汽车充电站", "type": "汽车服务;充电站;充电站", "address": "科院北一街与中关村北一条交叉口南80米", "category": "charging", "source": "DATA-SRC-GAODE-FACILITY-POI-20260814", "official_boundary": false, "usable_for_formal": "background_only", "crs_source": "GCJ-02→WGS84 近似转换（误差数米）", "precision_note": "高德 POI 点位为背景参考，位置精度数米级；覆盖不代表完整，缺漏不代表不存在"}, "geometry": {"type": "Point", "coordinates": [116.317298, 39.985877]}}, {"type": "Feature", "properties": {"layer": "GAODE_FACILITY_POI", "gaode_poiid": "B0J13ZJJT5", "name": "驿充电汽车充电站(不对外北京市海淀区师范大学科技楼西侧停车场)", "type": "汽车服务;充电站;充电站", "address": "北京师范大学内部地面停车场", "category": "charging", "source": "DATA-SRC-GAODE-FACILITY-POI-20260814", "official_boundary": false, "usable_for_formal": "background_only", "crs_source": "GCJ-02→WGS84 近似转换（误差数米）", "precision_note": "高德 POI 点位为背景参考，位置精度数米级；覆盖不代表完整，缺漏不代表不存在"}, "geometry": {"type": "Point", "coordinates": [116.358677, 39.960259]}}, {"type": "Feature", "properties": {"layer": "GAODE_FACILITY_POI", "gaode_poiid": "B0MA2CS3KH", "name": "EC动力中交建筑设计院充电站", "type": "汽车服务;充电站;充电站", "address": "安翔北路辅路与安翔里西路交叉口西120米", "category": "charging", "source": "DATA-SRC-GAODE-FACILITY-POI-20260814", "official_boundary": false, "usable_for_formal": "background_only", "crs_source": "GCJ-02→WGS84 近似转换（误差数米）", "precision_note": "高德 POI 点位为背景参考，位置精度数米级；覆盖不代表完整，缺漏不代表不存在"}, "geometry": {"type": "Point", "coordinates": [116.372883, 39.992279]}}, {"type": "Feature", "properties": {"layer": "GAODE_FACILITY_POI", "gaode_poiid": "B0FFL6BVY2", "name": "依威能源汽车充电站(科育社区46号楼)", "type": "汽车服务;充电站;充电站", "address": "北京市中关村南一街科育社区46号楼", "category": "charging", "source": "DATA-SRC-GAODE-FACILITY-POI-20260814", "official_boundary": false, "usable_for_formal": "background_only", "crs_source": "GCJ-02→WGS84 近似转换（误差数米）", "precision_note": "高德 POI 点位为背景参考，位置精度数米级；覆盖不代表完整，缺漏不代表不存在"}, "geometry": {"type": "Point", "coordinates": [116.315463, 39.983295]}}, {"type": "Feature", "properties": {"layer": "GAODE_FACILITY_POI", "gaode_poiid": "B0L36N911Q", "name": "小桔充电汽车充电站(天潮能充冠军城超充站)", "type": "汽车服务;充电站;充电站", "address": "丰收物业集中办公区北门西110米", "category": "charging", "source": "DATA-SRC-GAODE-FACILITY-POI-20260814", "official_boundary": false, "usable_for_formal": "background_only", "crs_source": "GCJ-02→WGS84 近似转换（误差数米）", "precision_note": "高德 POI 点位为背景参考，位置精度数米级；覆盖不代表完整，缺漏不代表不存在"}, "geometry": {"type": "Point", "coordinates": [116.366255, 39.999843]}}, {"type": "Feature", "properties": {"layer": "GAODE_FACILITY_POI", "gaode_poiid": "B0HK1LBPER", "name": "北京京果商厦(简单冲)", "type": "汽车服务;充电站;充电站", "address": "京果商厦地面停车场", "category": "charging", "source": "DATA-SRC-GAODE-FACILITY-POI-20260814", "official_boundary": false, "usable_for_formal": "background_only", "crs_source": "GCJ-02→WGS84 近似转换（误差数米）", "precision_note": "高德 POI 点位为背景参考，位置精度数米级；覆盖不代表完整，缺漏不代表不存在"}, "geometry": {"type": "Point", "coordinates": [116.339997, 39.957909]}}, {"type": "Feature", "properties": {"layer": "GAODE_FACILITY_POI", "gaode_poiid": "B0FFMEDLDB", "name": "华商三优汽车充电站(海淀区皂君庙路东侧40016充电扬招站)", "type": "汽车服务;充电站;专用充电站", "address": "皂君庙路道路东侧,交大附中西门南侧", "category": "charging", "source": "DATA-SRC-GAODE-FACILITY-POI-20260814", "official_boundary": false, "usable_for_formal": "background_only", "crs_source": "GCJ-02→WGS84 近似转换（误差数米）", "precision_note": "高德 POI 点位为背景参考，位置精度数米级；覆盖不代表完整，缺漏不代表不存在"}, "geometry": {"type": "Point", "coordinates": [116.328883, 39.960945]}}, {"type": "Feature", "properties": {"layer": "GAODE_FACILITY_POI", "gaode_poiid": "B0MUAD1AW3", "name": "汽车充电站(扬招站海淀区皂君庙路东侧40016优易充小站)", "type": "汽车服务;充电站;充电站", "address": "皂君庙路道路东侧,交大附中西门南侧", "category": "charging", "source": "DATA-SRC-GAODE-FACILITY-POI-20260814", "official_boundary": false, "usable_for_formal": "background_only", "crs_source": "GCJ-02→WGS84 近似转换（误差数米）", "precision_note": "高德 POI 点位为背景参考，位置精度数米级；覆盖不代表完整，缺漏不代表不存在"}, "geometry": {"type": "Point", "coordinates": [116.329013, 39.961079]}}, {"type": "Feature", "properties": {"layer": "GAODE_FACILITY_POI", "gaode_poiid": "B0G25DTG53", "name": "华商三优汽车充电站(海淀区皂君庙路东侧40017充电扬招站)", "type": "汽车服务;充电站;充电站", "address": "皂君庙路道路东侧,交大附中前", "category": "charging", "source": "DATA-SRC-GAODE-FACILITY-POI-20260814", "official_boundary": false, "usable_for_formal": "background_only", "crs_source": "GCJ-02→WGS84 近似转换（误差数米）", "precision_note": "高德 POI 点位为背景参考，位置精度数米级；覆盖不代表完整，缺漏不代表不存在"}, "geometry": {"type": "Point", "coordinates": [116.328143, 39.961502]}}, {"type": "Feature", "properties": {"layer": "GAODE_FACILITY_POI", "gaode_poiid": "B0LRDD7667", "name": "国家电网汽车充电站(海淀区学院南路33号充电站)", "type": "汽车服务;充电站;充电站", "address": "康福瑞连锁酒店(学院南路店)停车场", "category": "charging", "source": "DATA-SRC-GAODE-FACILITY-POI-20260814", "official_boundary": false, "usable_for_formal": "background_only", "crs_source": "GCJ-02→WGS84 近似转换（误差数米）", "precision_note": "高德 POI 点位为背景参考，位置精度数米级；覆盖不代表完整，缺漏不代表不存在"}, "geometry": {"type": "Point", "coordinates": [116.340518, 39.957122]}}, {"type": "Feature", "properties": {"layer": "GAODE_FACILITY_POI", "gaode_poiid": "B0HKFO2DGV", "name": "华商三优汽车充电站(公共站海淀区邮电大学瑞智充小站)", "type": "汽车服务;充电站;专用充电站", "address": "学院南路", "category": "charging", "source": "DATA-SRC-GAODE-FACILITY-POI-20260814", "official_boundary": false, "usable_for_formal": "background_only", "crs_source": "GCJ-02→WGS84 近似转换（误差数米）", "precision_note": "高德 POI 点位为背景参考，位置精度数米级；覆盖不代表完整，缺漏不代表不存在"}, "geometry": {"type": "Point", "coordinates": [116.345062, 39.957355]}}, {"type": "Feature", "properties": {"layer": "GAODE_FACILITY_POI", "gaode_poiid": "B0MU7C68TZ", "name": "汽车充电站(扬招站海淀区皂君庙路东侧40017优易充小站)", "type": "汽车服务;充电站;充电站", "address": "皂君庙路道路东侧,交大附中前", "category": "charging", "source": "DATA-SRC-GAODE-FACILITY-POI-20260814", "official_boundary": false, "usable_for_formal": "background_only", "crs_source": "GCJ-02→WGS84 近似转换（误差数米）", "precision_note": "高德 POI 点位为背景参考，位置精度数米级；覆盖不代表完整，缺漏不代表不存在"}, "geometry": {"type": "Point", "coordinates": [116.328143, 39.961503]}}, {"type": "Feature", "properties": {"layer": "GAODE_FACILITY_POI", "gaode_poiid": "B0HA1ADNUB", "name": "小桔汽车充电站(北京海淀银网中心充电站)", "type": "汽车服务;充电站;充电站", "address": "中关村街道知春路113号银网中心地下二层", "category": "charging", "source": "DATA-SRC-GAODE-FACILITY-POI-20260814", "official_boundary": false, "usable_for_formal": "background_only", "crs_source": "GCJ-02→WGS84 近似转换（误差数米）", "precision_note": "高德 POI 点位为背景参考，位置精度数米级；覆盖不代表完整，缺漏不代表不存在"}, "geometry": {"type": "Point", "coordinates": [116.314823, 39.975104]}}, {"type": "Feature", "properties": {"layer": "GAODE_FACILITY_POI", "gaode_poiid": "B0FFL5JQQN", "name": "依威能源汽车充电站(科育社区95号楼)", "type": "汽车服务;充电站;充电站", "address": "中关村南路科育社区95号楼地面停车场", "category": "charging", "source": "DATA-SRC-GAODE-FACILITY-POI-20260814", "official_boundary": false, "usable_for_formal": "background_only", "crs_source": "GCJ-02→WGS84 近似转换（误差数米）", "precision_note": "高德 POI 点位为背景参考，位置精度数米级；覆盖不代表完整，缺漏不代表不存在"}, "geometry": {"type": "Point", "coordinates": [116.314936, 39.980905]}}, {"type": "Feature", "properties": {"layer": "GAODE_FACILITY_POI", "gaode_poiid": "B0IRYUAFG6", "name": "驿充电汽车充电站(已撤北京师范大学海淀校区充电站2605)", "type": "汽车服务;充电站;专用充电站", "address": "新街口外大街19号师范大学校区内图书馆北侧停车场", "category": "charging", "source": "DATA-SRC-GAODE-FACILITY-POI-20260814", "official_boundary": false, "usable_for_formal": "background_only", "crs_source": "GCJ-02→WGS84 近似转换（误差数米）", "precision_note": "高德 POI 点位为背景参考，位置精度数米级；覆盖不代表完整，缺漏不代表不存在"}, "geometry": {"type": "Point", "coordinates": [116.361789, 39.959966]}}, {"type": "Feature", "properties": {"layer": "GAODE_FACILITY_POI", "gaode_poiid": "B0H2NRIJCE", "name": "特瓦特超级充电站(北沙滩)(暂停营业)", "type": "汽车服务;充电站;充电站", "address": "北沙滩1号北四环红星美凯龙地面停车场", "category": "charging", "source": "DATA-SRC-GAODE-FACILITY-POI-20260814", "official_boundary": false, "usable_for_formal": "background_only", "crs_source": "GCJ-02→WGS84 近似转换（误差数米）", "precision_note": "高德 POI 点位为背景参考，位置精度数米级；覆盖不代表完整，缺漏不代表不存在"}, "geometry": {"type": "Point", "coordinates": [116.363293, 40.001559]}}, {"type": "Feature", "properties": {"layer": "GAODE_FACILITY_POI", "gaode_poiid": "B0FFHSYRZS", "name": "庞大集团汽车充电站", "type": "汽车服务;充电站;充电站", "address": "中国农业大学东校区北停车场", "category": "charging", "source": "DATA-SRC-GAODE-FACILITY-POI-20260814", "official_boundary": false, "usable_for_formal": "background_only", "crs_source": "GCJ-02→WGS84 近似转换（误差数米）", "precision_note": "高德 POI 点位为背景参考，位置精度数米级；覆盖不代表完整，缺漏不代表不存在"}, "geometry": {"type": "Point", "coordinates": [116.350275, 40.005205]}}, {"type": "Feature", "properties": {"layer": "GAODE_FACILITY_POI", "gaode_poiid": "B0KBMN1LUA", "name": "依威能源汽车充电站(科春社区80号楼)", "type": "汽车服务;充电站;充电站", "address": "北京市中关村南路科春社区80号楼", "category": "charging", "source": "DATA-SRC-GAODE-FACILITY-POI-20260814", "official_boundary": false, "usable_for_formal": "background_only", "crs_source": "GCJ-02→WGS84 近似转换（误差数米）", "precision_note": "高德 POI 点位为背景参考，位置精度数米级；覆盖不代表完整，缺漏不代表不存在"}, "geometry": {"type": "Point", "coordinates": [116.31444, 39.980352]}}, {"type": "Feature", "properties": {"layer": "GAODE_FACILITY_POI", "gaode_poiid": "B0LRXHYZTA", "name": "万城万充汽车充电站(清华大学南门蓝旗营充电站)", "type": "汽车服务;充电站;充电站", "address": "北京市清华园街道成府路121号", "category": "charging", "source": "DATA-SRC-GAODE-FACILITY-POI-20260814", "official_boundary": false, "usable_for_formal": "background_only", "crs_source": "GCJ-02→WGS84 近似转换（误差数米）", "precision_note": "高德 POI 点位为背景参考，位置精度数米级；覆盖不代表完整，缺漏不代表不存在"}, "geometry": {"type": "Point", "coordinates": [116.316972, 39.991425]}}, {"type": "Feature", "properties": {"layer": "GAODE_FACILITY_POI", "gaode_poiid": "B0HKFO1CY3", "name": "依威能源汽车充电站(科育社区90号楼)", "type": "汽车服务;充电站;充电站", "address": "中关村南路科育社区90号楼地面停车场468", "category": "charging", "source": "DATA-SRC-GAODE-FACILITY-POI-20260814", "official_boundary": false, "usable_for_formal": "background_only", "crs_source": "GCJ-02→WGS84 近似转换（误差数米）", "precision_note": "高德 POI 点位为背景参考，位置精度数米级；覆盖不代表完整，缺漏不代表不存在"}, "geometry": {"type": "Point", "coordinates": [116.314562, 39.980359]}}, {"type": "Feature", "properties": {"layer": "GAODE_FACILITY_POI", "gaode_poiid": "B0LD5MSXIM", "name": "客户中心营业厅充电站", "type": "汽车服务;充电站;充电站", "address": "双榆树南里二区八号", "category": "charging", "source": "DATA-SRC-GAODE-FACILITY-POI-20260814", "official_boundary": false, "usable_for_formal": "background_only", "crs_source": "GCJ-02→WGS84 近似转换（误差数米）", "precision_note": "高德 POI 点位为背景参考，位置精度数米级；覆盖不代表完整，缺漏不代表不存在"}, "geometry": {"type": "Point", "coordinates": [116.323513, 39.964107]}}, {"type": "Feature", "properties": {"layer": "GAODE_FACILITY_POI", "gaode_poiid": "B0FFFOF055", "name": "双安东充电站", "type": "汽车服务;充电站;充电站", "address": "北三环西路36号(人民大学地铁站F口步行300米)", "category": "charging", "source": "DATA-SRC-GAODE-FACILITY-POI-20260814", "official_boundary": false, "usable_for_formal": "background_only", "crs_source": "GCJ-02→WGS84 近似转换（误差数米）", "precision_note": "高德 POI 点位为背景参考，位置精度数米级；覆盖不代表完整，缺漏不代表不存在"}, "geometry": {"type": "Point", "coordinates": [116.320345, 39.965551]}}, {"type": "Feature", "properties": {"layer": "GAODE_FACILITY_POI", "gaode_poiid": "B0FFK7CTV7", "name": "依威能源汽车充电站(中和家园)", "type": "汽车服务;充电站;个人充电站", "address": "北沙滩大屯路甲1号中和家园地面停车场电3", "category": "charging", "source": "DATA-SRC-GAODE-FACILITY-POI-20260814", "official_boundary": false, "usable_for_formal": "background_only", "crs_source": "GCJ-02→WGS84 近似转换（误差数米）", "precision_note": "高德 POI 点位为背景参考，位置精度数米级；覆盖不代表完整，缺漏不代表不存在"}, "geometry": {"type": "Point", "coordinates": [116.368641, 39.999093]}}, {"type": "Feature", "properties": {"layer": "GAODE_FACILITY_POI", "gaode_poiid": "B0FFM0QZ09", "name": "华商三优汽车充电站(扬招站海淀区北京邮电大学优易充小站)", "type": "汽车服务;充电站;专用充电站", "address": "学院南路1号", "category": "charging", "source": "DATA-SRC-GAODE-FACILITY-POI-20260814", "official_boundary": false, "usable_for_formal": "background_only", "crs_source": "GCJ-02→WGS84 近似转换（误差数米）", "precision_note": "高德 POI 点位为背景参考，位置精度数米级；覆盖不代表完整，缺漏不代表不存在"}, "geometry": {"type": "Point", "coordinates": [116.353945, 39.956873]}}, {"type": "Feature", "properties": {"layer": "GAODE_FACILITY_POI", "gaode_poiid": "B0KAOCX9QY", "name": "立牌共享充电站(社区生活广场店)", "type": "汽车服务;充电站;充电站", "address": "安翔路社区生活广场", "category": "charging", "source": "DATA-SRC-GAODE-FACILITY-POI-20260814", "official_boundary": false, "usable_for_formal": "background_only", "crs_source": "GCJ-02→WGS84 近似转换（误差数米）", "precision_note": "高德 POI 点位为背景参考，位置精度数米级；覆盖不代表完整，缺漏不代表不存在"}, "geometry": {"type": "Point", "coordinates": [116.377449, 39.98888]}}, {"type": "Feature", "properties": {"layer": "GAODE_FACILITY_POI", "gaode_poiid": "B0L03ACVDP", "name": "新电途汽车充电站(双安东充电站)", "type": "汽车服务;充电站;充电站", "address": "北下关街道北三环西路甲36号双安商场", "category": "charging", "source": "DATA-SRC-GAODE-FACILITY-POI-20260814", "official_boundary": false, "usable_for_formal": "background_only", "crs_source": "GCJ-02→WGS84 近似转换（误差数米）", "precision_note": "高德 POI 点位为背景参考，位置精度数米级；覆盖不代表完整，缺漏不代表不存在"}, "geometry": {"type": "Point", "coordinates": [116.320145, 39.965548]}}, {"type": "Feature", "properties": {"layer": "GAODE_FACILITY_POI", "gaode_poiid": "B0GUB7OBBG", "name": "星星充电汽车充电站(星星充电-朝阳-科学园南里充电站)", "type": "汽车服务;充电站;专用充电站", "address": "科学园南里人才公寓", "category": "charging", "source": "DATA-SRC-GAODE-FACILITY-POI-20260814", "official_boundary": false, "usable_for_formal": "background_only", "crs_source": "GCJ-02→WGS84 近似转换（误差数米）", "precision_note": "高德 POI 点位为背景参考，位置精度数米级；覆盖不代表完整，缺漏不代表不存在"}, "geometry": {"type": "Point", "coordinates": [116.372787, 39.996422]}}, {"type": "Feature", "properties": {"layer": "GAODE_FACILITY_POI", "gaode_poiid": "B0KA5473D5", "name": "小桔充电汽车充电站(北京老故事五零三停车场充电站)", "type": "汽车服务;充电站;充电站", "address": "亚运村街道安翔北路辅路老故事503文创园", "category": "charging", "source": "DATA-SRC-GAODE-FACILITY-POI-20260814", "official_boundary": false, "usable_for_formal": "background_only", "crs_source": "GCJ-02→WGS84 近似转换（误差数米）", "precision_note": "高德 POI 点位为背景参考，位置精度数米级；覆盖不代表完整，缺漏不代表不存在"}, "geometry": {"type": "Point", "coordinates": [116.377379, 39.991944]}}, {"type": "Feature", "properties": {"layer": "GAODE_FACILITY_POI", "gaode_poiid": "B0FFL0YZDJ", "name": "依威能源汽车充电站(科春社区32号楼)", "type": "汽车服务;充电站;充电站", "address": "中关村南一街科育社区32号楼地面停车场423", "category": "charging", "source": "DATA-SRC-GAODE-FACILITY-POI-20260814", "official_boundary": false, "usable_for_formal": "background_only", "crs_source": "GCJ-02→WGS84 近似转换（误差数米）", "precision_note": "高德 POI 点位为背景参考，位置精度数米级；覆盖不代表完整，缺漏不代表不存在"}, "geometry": {"type": "Point", "coordinates": [116.313077, 39.983755]}}, {"type": "Feature", "properties": {"layer": "GAODE_FACILITY_POI", "gaode_poiid": "B0L69PZHWS", "name": "国家电网汽车充电站(北京市海淀区双安商场公共充电站)", "type": "汽车服务;充电站;充电站", "address": "双安商场(人民大学地铁站F口步行200米)", "category": "charging", "source": "DATA-SRC-GAODE-FACILITY-POI-20260814", "official_boundary": false, "usable_for_formal": "background_only", "crs_source": "GCJ-02→WGS84 近似转换（误差数米）", "precision_note": "高德 POI 点位为背景参考，位置精度数米级；覆盖不代表完整，缺漏不代表不存在"}, "geometry": {"type": "Point", "coordinates": [116.319245, 39.965537]}}, {"type": "Feature", "properties": {"layer": "GAODE_FACILITY_POI", "gaode_poiid": "B0H6PBM4GU", "name": "特来电充电站(北京华润华亭嘉园)", "type": "汽车服务;充电站;充电站", "address": "亚运村街道北四环中路6号华亭嘉园地下停车场", "category": "charging", "source": "DATA-SRC-GAODE-FACILITY-POI-20260814", "official_boundary": false, "usable_for_formal": "background_only", "crs_source": "GCJ-02→WGS84 近似转换（误差数米）", "precision_note": "高德 POI 点位为背景参考，位置精度数米级；覆盖不代表完整，缺漏不代表不存在"}, "geometry": {"type": "Point", "coordinates": [116.379779, 39.984634]}}, {"type": "Feature", "properties": {"layer": "GAODE_FACILITY_POI", "gaode_poiid": "B0I1NS8N8T", "name": "特斯拉超级充电站(北京双清大厦)", "type": "汽车服务;充电站;专用充电站", "address": "东升镇双清路77号双清大厦地下停车场B2层/入口双清路", "category": "charging", "source": "DATA-SRC-GAODE-FACILITY-POI-20260814", "official_boundary": false, "usable_for_formal": "background_only", "crs_source": "GCJ-02→WGS84 近似转换（误差数米）", "precision_note": "高德 POI 点位为背景参考，位置精度数米级；覆盖不代表完整，缺漏不代表不存在"}, "geometry": {"type": "Point", "coordinates": [116.334285, 40.006001]}}, {"type": "Feature", "properties": {"layer": "GAODE_FACILITY_POI", "gaode_poiid": "B0FFHDS35A", "name": "依威能源充电站(北土城西路)", "type": "汽车服务;充电站;充电站", "address": "北京市北土城西路7号国恒基业大厦地面停车场", "category": "charging", "source": "DATA-SRC-GAODE-FACILITY-POI-20260814", "official_boundary": false, "usable_for_formal": "background_only", "crs_source": "GCJ-02→WGS84 近似转换（误差数米）", "precision_note": "高德 POI 点位为背景参考，位置精度数米级；覆盖不代表完整，缺漏不代表不存在"}, "geometry": {"type": "Point", "coordinates": [116.379825, 39.975881]}}, {"type": "Feature", "properties": {"layer": "GAODE_FACILITY_POI", "gaode_poiid": "B0MACNUXRJ", "name": "滴滴充电汽车充电站(华庭嘉园地上停车场充电站)", "type": "汽车服务;充电站;充电站", "address": "亚运村街道民族园西路1-8号云景地面停车场", "category": "charging", "source": "DATA-SRC-GAODE-FACILITY-POI-20260814", "official_boundary": false, "usable_for_formal": "background_only", "crs_source": "GCJ-02→WGS84 近似转换（误差数米）", "precision_note": "高德 POI 点位为背景参考，位置精度数米级；覆盖不代表完整，缺漏不代表不存在"}, "geometry": {"type": "Point", "coordinates": [116.380472, 39.984988]}}, {"type": "Feature", "properties": {"layer": "GAODE_FACILITY_POI", "gaode_poiid": "B0LRJZGOSZ", "name": "巧克力换电站(朝阳安翔路站)", "type": "汽车服务;充电站;充电站", "address": "亚运村", "category": "charging", "source": "DATA-SRC-GAODE-FACILITY-POI-20260814", "official_boundary": false, "usable_for_formal": "background_only", "crs_source": "GCJ-02→WGS84 近似转换（误差数米）", "precision_note": "高德 POI 点位为背景参考，位置精度数米级；覆盖不代表完整，缺漏不代表不存在"}, "geometry": {"type": "Point", "coordinates": [116.377959, 39.992094]}}, {"type": "Feature", "properties": {"layer": "GAODE_FACILITY_POI", "gaode_poiid": "B0FFJI9MF4", "name": "开迈斯汽车充电站(北京市海淀文化艺术大厦站)", "type": "汽车服务;充电站;充电站", "address": "中关村街道知春路海淀剧院中关村大街与知春路交叉口东侧108米地面停车场9", "category": "charging", "source": "DATA-SRC-GAODE-FACILITY-POI-20260814", "official_boundary": false, "usable_for_formal": "background_only", "crs_source": "GCJ-02→WGS84 近似转换（误差数米）", "precision_note": "高德 POI 点位为背景参考，位置精度数米级；覆盖不代表完整，缺漏不代表不存在"}, "geometry": {"type": "Point", "coordinates": [116.312504, 39.975129]}}, {"type": "Feature", "properties": {"layer": "GAODE_FACILITY_POI", "gaode_poiid": "B0MA16DCRJ", "name": "星星充电汽车充电站(学院8号超级充电站)", "type": "汽车服务;充电站;充电站", "address": "学院路街道中央芭蕾舞团中芭艺蕾中关村示范基地如家商旅酒店", "category": "charging", "source": "DATA-SRC-GAODE-FACILITY-POI-20260814", "official_boundary": false, "usable_for_formal": "background_only", "crs_source": "GCJ-02→WGS84 近似转换（误差数米）", "precision_note": "高德 POI 点位为背景参考，位置精度数米级；覆盖不代表完整，缺漏不代表不存在"}, "geometry": {"type": "Point", "coordinates": [116.346642, 40.008191]}}, {"type": "Feature", "properties": {"layer": "GAODE_FACILITY_POI", "gaode_poiid": "B0KULBESL9", "name": "捷顺充汽车充电站(中国文联)", "type": "汽车服务;充电站;充电站", "address": "奥运村街道中国文联大楼", "category": "charging", "source": "DATA-SRC-GAODE-FACILITY-POI-20260814", "official_boundary": false, "usable_for_formal": "background_only", "crs_source": "GCJ-02→WGS84 近似转换（误差数米）", "precision_note": "高德 POI 点位为背景参考，位置精度数米级；覆盖不代表完整，缺漏不代表不存在"}, "geometry": {"type": "Point", "coordinates": [116.368762, 40.001053]}}, {"type": "Feature", "properties": {"layer": "GAODE_FACILITY_POI", "gaode_poiid": "B0M6X6N54J", "name": "民族园蔚来换电站", "type": "汽车服务;充电站;充电站", "address": "民族园西路1-8号", "category": "charging", "source": "DATA-SRC-GAODE-FACILITY-POI-20260814", "official_boundary": false, "usable_for_formal": "background_only", "crs_source": "GCJ-02→WGS84 近似转换（误差数米）", "precision_note": "高德 POI 点位为背景参考，位置精度数米级；覆盖不代表完整，缺漏不代表不存在"}, "geometry": {"type": "Point", "coordinates": [116.380748, 39.984717]}}, {"type": "Feature", "properties": {"layer": "GAODE_FACILITY_POI", "gaode_poiid": "B0L3LUQE38", "name": "汽车换电站(北汽朝阳北辰西路站)", "type": "汽车服务;充电站;充电站", "address": "民族园西路1-8号云景地面停车场", "category": "charging", "source": "DATA-SRC-GAODE-FACILITY-POI-20260814", "official_boundary": false, "usable_for_formal": "background_only", "crs_source": "GCJ-02→WGS84 近似转换（误差数米）", "precision_note": "高德 POI 点位为背景参考，位置精度数米级；覆盖不代表完整，缺漏不代表不存在"}, "geometry": {"type": "Point", "coordinates": [116.380858, 39.984707]}}, {"type": "Feature", "properties": {"layer": "GAODE_FACILITY_POI", "gaode_poiid": "B0LKV54A70", "name": "bp pulse汽车充电站(北京铸诚大厦)", "type": "汽车服务;充电站;充电站", "address": "铸诚大厦地面停车场", "category": "charging", "source": "DATA-SRC-GAODE-FACILITY-POI-20260814", "official_boundary": false, "usable_for_formal": "background_only", "crs_source": "GCJ-02→WGS84 近似转换（误差数米）", "precision_note": "高德 POI 点位为背景参考，位置精度数米级；覆盖不代表完整，缺漏不代表不存在"}, "geometry": {"type": "Point", "coordinates": [116.319342, 39.963367]}}, {"type": "Feature", "properties": {"layer": "GAODE_FACILITY_POI", "gaode_poiid": "B0M6DA5ML5", "name": "巧克力换电站(朝阳北辰西路站)", "type": "汽车服务;充电站;充电站", "address": "华严北里小区", "category": "charging", "source": "DATA-SRC-GAODE-FACILITY-POI-20260814", "official_boundary": false, "usable_for_formal": "background_only", "crs_source": "GCJ-02→WGS84 近似转换（误差数米）", "precision_note": "高德 POI 点位为背景参考，位置精度数米级；覆盖不代表完整，缺漏不代表不存在"}, "geometry": {"type": "Point", "coordinates": [116.381086, 39.984391]}}, {"type": "Feature", "properties": {"layer": "GAODE_FACILITY_POI", "gaode_poiid": "B0KBCNLXMO", "name": "依威能源汽车充电站(华展国际公寓)", "type": "汽车服务;充电站;个人充电站", "address": "北京市裕民路12号华展国际公寓", "category": "charging", "source": "DATA-SRC-GAODE-FACILITY-POI-20260814", "official_boundary": false, "usable_for_formal": "background_only", "crs_source": "GCJ-02→WGS84 近似转换（误差数米）", "precision_note": "高德 POI 点位为背景参考，位置精度数米级；覆盖不代表完整，缺漏不代表不存在"}, "geometry": {"type": "Point", "coordinates": [116.378455, 39.97132]}}, {"type": "Feature", "properties": {"layer": "GAODE_FACILITY_POI", "gaode_poiid": "B0MG1NRGVV", "name": "小桔充电汽车充电站(华亭家园小区充电站)", "type": "汽车服务;充电站;充电站", "address": "北辰西路辅路与华亭南街交叉口北60米", "category": "charging", "source": "DATA-SRC-GAODE-FACILITY-POI-20260814", "official_boundary": false, "usable_for_formal": "background_only", "crs_source": "GCJ-02→WGS84 近似转换（误差数米）", "precision_note": "高德 POI 点位为背景参考，位置精度数米级；覆盖不代表完整，缺漏不代表不存在"}, "geometry": {"type": "Point", "coordinates": [116.381095, 39.985007]}}, {"type": "Feature", "properties": {"layer": "GAODE_FACILITY_POI", "gaode_poiid": "B0M6KZBWQC", "name": "蔚景云汽车充电站(国电投大厦充电站)", "type": "汽车服务;充电站;充电站", "address": "德胜街道首创·北环国际中心国家电投大厦", "category": "charging", "source": "DATA-SRC-GAODE-FACILITY-POI-20260814", "official_boundary": false, "usable_for_formal": "background_only", "crs_source": "GCJ-02→WGS84 近似转换（误差数米）", "precision_note": "高德 POI 点位为背景参考，位置精度数米级；覆盖不代表完整，缺漏不代表不存在"}, "geometry": {"type": "Point", "coordinates": [116.377217, 39.967877]}}, {"type": "Feature", "properties": {"layer": "GAODE_FACILITY_POI", "gaode_poiid": "B0HDFUGV8P", "name": "特斯拉超级充电站(北京中关村资本大厦)", "type": "汽车服务;充电站;充电站", "address": "学院南路62号地上停车场", "category": "charging", "source": "DATA-SRC-GAODE-FACILITY-POI-20260814", "official_boundary": false, "usable_for_formal": "background_only", "crs_source": "GCJ-02→WGS84 近似转换（误差数米）", "precision_note": "高德 POI 点位为背景参考，位置精度数米级；覆盖不代表完整，缺漏不代表不存在"}, "geometry": {"type": "Point", "coordinates": [116.332259, 39.955637]}}, {"type": "Feature", "properties": {"layer": "GAODE_FACILITY_POI", "gaode_poiid": "B0M6V5J8MX", "name": "北京车联网汽车充电站(中关村e世界)(暂停营业)", "type": "汽车服务;充电站;充电站", "address": "海淀街道中关村大街24号(中关村地铁站D西南口步行260米)", "category": "charging", "source": "DATA-SRC-GAODE-FACILITY-POI-20260814", "official_boundary": false, "usable_for_formal": "background_only", "crs_source": "GCJ-02→WGS84 近似转换（误差数米）", "precision_note": "高德 POI 点位为背景参考，位置精度数米级；覆盖不代表完整，缺漏不代表不存在"}, "geometry": {"type": "Point", "coordinates": [116.309814, 39.980119]}}, {"type": "Feature", "properties": {"layer": "GAODE_FACILITY_POI", "gaode_poiid": "B0KR7LJVAY", "name": "极氪能源超级充电站(北京中关村e世界财富中心极充站)(暂停营业)", "type": "汽车服务;充电站;充电站", "address": "中关村大街11号e世界财富中心地面停车位", "category": "charging", "source": "DATA-SRC-GAODE-FACILITY-POI-20260814", "official_boundary": false, "usable_for_formal": "background_only", "crs_source": "GCJ-02→WGS84 近似转换（误差数米）", "precision_note": "高德 POI 点位为背景参考，位置精度数米级；覆盖不代表完整，缺漏不代表不存在"}, "geometry": {"type": "Point", "coordinates": [116.309918, 39.980722]}}, {"type": "Feature", "properties": {"layer": "GAODE_FACILITY_POI", "gaode_poiid": "B0GDV57M7E", "name": "特来电汽车充电站(中关村资本大厦)", "type": "汽车服务;充电站;充电站", "address": "北下关街道学院南路60号院5号楼资本大厦后院地下室", "category": "charging", "source": "DATA-SRC-GAODE-FACILITY-POI-20260814", "official_boundary": false, "usable_for_formal": "background_only", "crs_source": "GCJ-02→WGS84 近似转换（误差数米）", "precision_note": "高德 POI 点位为背景参考，位置精度数米级；覆盖不代表完整，缺漏不代表不存在"}, "geometry": {"type": "Point", "coordinates": [116.332191, 39.955587]}}, {"type": "Feature", "properties": {"layer": "GAODE_FACILITY_POI", "gaode_poiid": "B0L04PWFQ3", "name": "星星充电汽车充电站(星星充电-民族园路8号院)", "type": "汽车服务;充电站;充电站", "address": "民族园路8号", "category": "charging", "source": "DATA-SRC-GAODE-FACILITY-POI-20260814", "official_boundary": false, "usable_for_formal": "background_only", "crs_source": "GCJ-02→WGS84 近似转换（误差数米）", "precision_note": "高德 POI 点位为背景参考，位置精度数米级；覆盖不代表完整，缺漏不代表不存在"}, "geometry": {"type": "Point", "coordinates": [116.382541, 39.981541]}}, {"type": "Feature", "properties": {"layer": "GAODE_FACILITY_POI", "gaode_poiid": "B0K2Z7XV10", "name": "特来电汽车充电站(特来电人大文化科技园充电站)", "type": "汽车服务;充电站;充电站", "address": "海淀街道文化大厦中国人民大学文化科技园地面及B1停车场", "category": "charging", "source": "DATA-SRC-GAODE-FACILITY-POI-20260814", "official_boundary": false, "usable_for_formal": "background_only", "crs_source": "GCJ-02→WGS84 近似转换（误差数米）", "precision_note": "高德 POI 点位为背景参考，位置精度数米级；覆盖不代表完整，缺漏不代表不存在"}, "geometry": {"type": "Point", "coordinates": [116.312699, 39.969857]}}, {"type": "Feature", "properties": {"layer": "GAODE_FACILITY_POI", "gaode_poiid": "B0LK3CZJHZ", "name": "理想超级充电站(理想超充站北京数码大厦A座)", "type": "汽车服务;充电站;充电站", "address": "数码大厦地面停车场(人民大学地铁站F口步行110米)", "category": "charging", "source": "DATA-SRC-GAODE-FACILITY-POI-20260814", "official_boundary": false, "usable_for_formal": "background_only", "crs_source": "GCJ-02→WGS84 近似转换（误差数米）", "precision_note": "高德 POI 点位为背景参考，位置精度数米级；覆盖不代表完整，缺漏不代表不存在"}, "geometry": {"type": "Point", "coordinates": [116.316462, 39.964725]}}, {"type": "Feature", "properties": {"layer": "GAODE_FACILITY_POI", "gaode_poiid": "B0HK3CQLF8", "name": "云快充汽车充电站(中关村资本大厦充电站)", "type": "汽车服务;充电站;充电站", "address": "学院南路62号中关村资本大厦停车场", "category": "charging", "source": "DATA-SRC-GAODE-FACILITY-POI-20260814", "official_boundary": false, "usable_for_formal": "background_only", "crs_source": "GCJ-02→WGS84 近似转换（误差数米）", "precision_note": "高德 POI 点位为背景参考，位置精度数米级；覆盖不代表完整，缺漏不代表不存在"}, "geometry": {"type": "Point", "coordinates": [116.332049, 39.955578]}}, {"type": "Feature", "properties": {"layer": "GAODE_FACILITY_POI", "gaode_poiid": "B0JB1UCXNR", "name": "蔚来能源目的地充电站(内部使用北京产学研成果转化基地)", "type": "汽车服务;充电站;充电站", "address": "中国产学研成果转化基地(学知园地铁站C口步行460米)", "category": "charging", "source": "DATA-SRC-GAODE-FACILITY-POI-20260814", "official_boundary": false, "usable_for_formal": "background_only", "crs_source": "GCJ-02→WGS84 近似转换（误差数米）", "precision_note": "高德 POI 点位为背景参考，位置精度数米级；覆盖不代表完整，缺漏不代表不存在"}, "geometry": {"type": "Point", "coordinates": [116.346738, 40.009065]}}, {"type": "Feature", "properties": {"layer": "GAODE_FACILITY_POI", "gaode_poiid": "B0FFH1EUID", "name": "宜维之家汽车充电站", "type": "汽车服务;充电站;充电站", "address": "中关村南大街2号A座附近数码大厦", "category": "charging", "source": "DATA-SRC-GAODE-FACILITY-POI-20260814", "official_boundary": false, "usable_for_formal": "background_only", "crs_source": "GCJ-02→WGS84 近似转换（误差数米）", "precision_note": "高德 POI 点位为背景参考，位置精度数米级；覆盖不代表完整，缺漏不代表不存在"}, "geometry": {"type": "Point", "coordinates": [116.316634, 39.964928]}}, {"type": "Feature", "properties": {"layer": "GAODE_FACILITY_POI", "gaode_poiid": "B0KU6B1SVW", "name": "中国石化汽车充电站(中国石化奥林匹克P2停车场充电站)", "type": "汽车服务;充电站;充电站", "address": "天辰西路奥林匹克公园中心区水立方停车场", "category": "charging", "source": "DATA-SRC-GAODE-FACILITY-POI-20260814", "official_boundary": false, "usable_for_formal": "background_only", "crs_source": "GCJ-02→WGS84 近似转换（误差数米）", "precision_note": "高德 POI 点位为背景参考，位置精度数米级；覆盖不代表完整，缺漏不代表不存在"}, "geometry": {"type": "Point", "coordinates": [116.381429, 39.99203]}}, {"type": "Feature", "properties": {"layer": "GAODE_FACILITY_POI", "gaode_poiid": "B0KB155PBU", "name": "特来电汽车充电站(特来电北京市科学院南里五区充电站)", "type": "汽车服务;充电站;充电站", "address": "奥运村街道风林绿洲社区居委会", "category": "charging", "source": "DATA-SRC-GAODE-FACILITY-POI-20260814", "official_boundary": false, "usable_for_formal": "background_only", "crs_source": "GCJ-02→WGS84 近似转换（误差数米）", "precision_note": "高德 POI 点位为背景参考，位置精度数米级；覆盖不代表完整，缺漏不代表不存在"}, "geometry": {"type": "Point", "coordinates": [116.376335, 39.99761]}}, {"type": "Feature", "properties": {"layer": "GAODE_FACILITY_POI", "gaode_poiid": "B0MG7UHOP4", "name": "中电建千方超级充电站(北京水立方站)", "type": "汽车服务;充电站;充电站", "address": "科荟路33号奥林匹克公园中心区西南角(地上)", "category": "charging", "source": "DATA-SRC-GAODE-FACILITY-POI-20260814", "official_boundary": false, "usable_for_formal": "background_only", "crs_source": "GCJ-02→WGS84 近似转换（误差数米）", "precision_note": "高德 POI 点位为背景参考，位置精度数米级；覆盖不代表完整，缺漏不代表不存在"}, "geometry": {"type": "Point", "coordinates": [116.382169, 39.990375]}}, {"type": "Feature", "properties": {"layer": "GAODE_FACILITY_POI", "gaode_poiid": "B0JKVHM75B", "name": "枫蓝国际充电站", "type": "汽车服务;充电站;充电站", "address": "西直门北大街32院", "category": "charging", "source": "DATA-SRC-GAODE-FACILITY-POI-20260814", "official_boundary": false, "usable_for_formal": "background_only", "crs_source": "GCJ-02→WGS84 近似转换（误差数米）", "precision_note": "高德 POI 点位为背景参考，位置精度数米级；覆盖不代表完整，缺漏不代表不存在"}, "geometry": {"type": "Point", "coordinates": [116.349433, 39.95251]}}, {"type": "Feature", "properties": {"layer": "GAODE_FACILITY_POI", "gaode_poiid": "B0L3UNFZRC", "name": "新电途汽车充电站(北京市农村经济研究中心)", "type": "汽车服务;充电站;充电站", "address": "北沙滩7号院", "category": "charging", "source": "DATA-SRC-GAODE-FACILITY-POI-20260814", "official_boundary": false, "usable_for_formal": "background_only", "crs_source": "GCJ-02→WGS84 近似转换（误差数米）", "precision_note": "高德 POI 点位为背景参考，位置精度数米级；覆盖不代表完整，缺漏不代表不存在"}, "geometry": {"type": "Point", "coordinates": [116.365296, 40.005238]}}, {"type": "Feature", "properties": {"layer": "GAODE_FACILITY_POI", "gaode_poiid": "B0HK1LC3AW", "name": "北京中电信息大厦(简单冲)", "type": "汽车服务;充电站;充电站", "address": "中关村南大街6号中电信息大厦地下停车场", "category": "charging", "source": "DATA-SRC-GAODE-FACILITY-POI-20260814", "official_boundary": false, "usable_for_formal": "background_only", "crs_source": "GCJ-02→WGS84 近似转换（误差数米）", "precision_note": "高德 POI 点位为背景参考，位置精度数米级；覆盖不代表完整，缺漏不代表不存在"}, "geometry": {"type": "Point", "coordinates": [116.317471, 39.963338]}}, {"type": "Feature", "properties": {"layer": "GAODE_FACILITY_POI", "gaode_poiid": "B0MD5SVVIN", "name": "蔚景云汽车充电站(北京大学化学与分子工程学院)", "type": "汽车服务;充电站;充电站", "address": "燕园街道北京大学化学与分子工程学院", "category": "charging", "source": "DATA-SRC-GAODE-FACILITY-POI-20260814", "official_boundary": false, "usable_for_formal": "background_only", "crs_source": "GCJ-02→WGS84 近似转换（误差数米）", "precision_note": "高德 POI 点位为背景参考，位置精度数米级；覆盖不代表完整，缺漏不代表不存在"}, "geometry": {"type": "Point", "coordinates": [116.31128, 39.989855]}}, {"type": "Feature", "properties": {"layer": "GAODE_FACILITY_POI", "gaode_poiid": "B0MAL78585", "name": "小绿人电动自行车充电桩", "type": "汽车服务;充电站;充电站", "address": "中关村南大街81号(人民大学地铁站A1西北口步行100米)", "category": "charging", "source": "DATA-SRC-GAODE-FACILITY-POI-20260814", "official_boundary": false, "usable_for_formal": "background_only", "crs_source": "GCJ-02→WGS84 近似转换（误差数米）", "precision_note": "高德 POI 点位为背景参考，位置精度数米级；覆盖不代表完整，缺漏不代表不存在"}, "geometry": {"type": "Point", "coordinates": [116.314167, 39.965903]}}, {"type": "Feature", "properties": {"layer": "GAODE_FACILITY_POI", "gaode_poiid": "B0GKSHKE52", "name": "开迈斯汽车充电站(北京市朝阳西奥中心地下站)", "type": "汽车服务;充电站;充电站", "address": "风林绿洲I甲、乙号楼西奥中心B1停车场", "category": "charging", "source": "DATA-SRC-GAODE-FACILITY-POI-20260814", "official_boundary": false, "usable_for_formal": "background_only", "crs_source": "GCJ-02→WGS84 近似转换（误差数米）", "precision_note": "高德 POI 点位为背景参考，位置精度数米级；覆盖不代表完整，缺漏不代表不存在"}, "geometry": {"type": "Point", "coordinates": [116.374938, 39.999562]}}, {"type": "Feature", "properties": {"layer": "GAODE_FACILITY_POI", "gaode_poiid": "B0IKF54D87", "name": "小鹏汽车充电站(北京西奥中心小鹏超充站)", "type": "汽车服务;充电站;充电站", "address": "西奥中心地面停车场07(科学园南里中街入口)", "category": "charging", "source": "DATA-SRC-GAODE-FACILITY-POI-20260814", "official_boundary": false, "usable_for_formal": "background_only", "crs_source": "GCJ-02→WGS84 近似转换（误差数米）", "precision_note": "高德 POI 点位为背景参考，位置精度数米级；覆盖不代表完整，缺漏不代表不存在"}, "geometry": {"type": "Point", "coordinates": [116.375105, 39.999872]}}, {"type": "Feature", "properties": {"layer": "GAODE_FACILITY_POI", "gaode_poiid": "B0LB3U7VTD", "name": "汽车充电站(隆瑞三优中海电子快充站)(暂停营业)", "type": "汽车服务;充电站;充电站", "address": "北京大学王克桢楼东侧(中关村地铁站A1西北口步行430米)", "category": "charging", "source": "DATA-SRC-GAODE-FACILITY-POI-20260814", "official_boundary": false, "usable_for_formal": "background_only", "crs_source": "GCJ-02→WGS84 近似转换（误差数米）", "precision_note": "高德 POI 点位为背景参考，位置精度数米级；覆盖不代表完整，缺漏不代表不存在"}, "geometry": {"type": "Point", "coordinates": [116.309026, 39.984736]}}, {"type": "Feature", "properties": {"layer": "GAODE_FACILITY_POI", "gaode_poiid": "B0MBPH1KAE", "name": "汽车充电站(中电建千方北京水立方站)", "type": "汽车服务;充电站;充电站", "address": "天辰东路11号", "category": "charging", "source": "DATA-SRC-GAODE-FACILITY-POI-20260814", "official_boundary": false, "usable_for_formal": "background_only", "crs_source": "GCJ-02→WGS84 近似转换（误差数米）", "precision_note": "高德 POI 点位为背景参考，位置精度数米级；覆盖不代表完整，缺漏不代表不存在"}, "geometry": {"type": "Point", "coordinates": [116.38258, 39.990287]}}, {"type": "Feature", "properties": {"layer": "GAODE_FACILITY_POI", "gaode_poiid": "B0K2D41WJQ", "name": "广汽能源汽车充电站(广汽昊铂北京奥林匹克水立方超充站)", "type": "汽车服务;充电站;充电站", "address": "奥运村街道北辰西路奥林匹克公园中心区水立方停车场", "category": "charging", "source": "DATA-SRC-GAODE-FACILITY-POI-20260814", "official_boundary": false, "usable_for_formal": "background_only", "crs_source": "GCJ-02→WGS84 近似转换（误差数米）", "precision_note": "高德 POI 点位为背景参考，位置精度数米级；覆盖不代表完整，缺漏不代表不存在"}, "geometry": {"type": "Point", "coordinates": [116.38157, 39.992215]}}, {"type": "Feature", "properties": {"layer": "GAODE_FACILITY_POI", "gaode_poiid": "B0LRXGXY3X", "name": "简单充中电信息大厦汽车充电站", "type": "汽车服务;充电站;充电站", "address": "中关村南大街6号中电信息大厦B2", "category": "charging", "source": "DATA-SRC-GAODE-FACILITY-POI-20260814", "official_boundary": false, "usable_for_formal": "background_only", "crs_source": "GCJ-02→WGS84 近似转换（误差数米）", "precision_note": "高德 POI 点位为背景参考，位置精度数米级；覆盖不代表完整，缺漏不代表不存在"}, "geometry": {"type": "Point", "coordinates": [116.317364, 39.963302]}}, {"type": "Feature", "properties": {"layer": "GAODE_FACILITY_POI", "gaode_poiid": "B0LKF6SJXB", "name": "依威能源汽车充电站(海淀机电研究所)", "type": "汽车服务;充电站;个人充电站", "address": "北京市学院路街道学清路78号(学知园地铁站D口步行400米)", "category": "charging", "source": "DATA-SRC-GAODE-FACILITY-POI-20260814", "official_boundary": false, "usable_for_formal": "background_only", "crs_source": "GCJ-02→WGS84 近似转换（误差数米）", "precision_note": "高德 POI 点位为背景参考，位置精度数米级；覆盖不代表完整，缺漏不代表不存在"}, "geometry": {"type": "Point", "coordinates": [116.346618, 40.009659]}}, {"type": "Feature", "properties": {"layer": "GAODE_FACILITY_POI", "gaode_poiid": "B0L3UBG1L2", "name": "蔚来能源超级充电站(北京水立方)", "type": "汽车服务;充电站;充电站", "address": "天辰东路11号国家游泳中心", "category": "charging", "source": "DATA-SRC-GAODE-FACILITY-POI-20260814", "official_boundary": false, "usable_for_formal": "background_only", "crs_source": "GCJ-02→WGS84 近似转换（误差数米）", "precision_note": "高德 POI 点位为背景参考，位置精度数米级；覆盖不代表完整，缺漏不代表不存在"}, "geometry": {"type": "Point", "coordinates": [116.38148, 39.992379]}}, {"type": "Feature", "properties": {"layer": "GAODE_FACILITY_POI", "gaode_poiid": "B0LGXADAN8", "name": "北京大学蔚来换电站", "type": "汽车服务;充电站;充电站", "address": "海淀路与中关村北大街交叉口西100米", "category": "charging", "source": "DATA-SRC-GAODE-FACILITY-POI-20260814", "official_boundary": false, "usable_for_formal": "background_only", "crs_source": "GCJ-02→WGS84 近似转换（误差数米）", "precision_note": "高德 POI 点位为背景参考，位置精度数米级；覆盖不代表完整，缺漏不代表不存在"}, "geometry": {"type": "Point", "coordinates": [116.308923, 39.984925]}}, {"type": "Feature", "properties": {"layer": "GAODE_FACILITY_POI", "gaode_poiid": "B000A7BD6C", "name": "清华大学", "type": "科教文化服务;学校;高等院校", "address": "双清路30号", "category": "school", "source": "DATA-SRC-GAODE-FACILITY-POI-20260815", "official_boundary": false, "usable_for_formal": "background_only", "crs_source": "GCJ-02→WGS84 近似转换（误差数米）", "precision_note": "高德 POI 点位为背景参考，位置精度数米级；覆盖不代表完整，缺漏不代表不存在"}, "geometry": {"type": "Point", "coordinates": [116.320793, 40.0019]}}, {"type": "Feature", "properties": {"layer": "GAODE_FACILITY_POI", "gaode_poiid": "B000A830XU", "name": "北京航空航天大学(学院路校区)", "type": "科教文化服务;学校;高等院校", "address": "学院路37号", "category": "school", "source": "DATA-SRC-GAODE-FACILITY-POI-20260815", "official_boundary": false, "usable_for_formal": "background_only", "crs_source": "GCJ-02→WGS84 近似转换（误差数米）", "precision_note": "高德 POI 点位为背景参考，位置精度数米级；覆盖不代表完整，缺漏不代表不存在"}, "geometry": {"type": "Point", "coordinates": [116.341039, 39.980862]}}, {"type": "Feature", "properties": {"layer": "GAODE_FACILITY_POI", "gaode_poiid": "B000A83JHK", "name": "北京师范大学", "type": "科教文化服务;学校;高等院校", "address": "北太平庄街道新街口外大街19号", "category": "school", "source": "DATA-SRC-GAODE-FACILITY-POI-20260815", "official_boundary": false, "usable_for_formal": "background_only", "crs_source": "GCJ-02→WGS84 近似转换（误差数米）", "precision_note": "高德 POI 点位为背景参考，位置精度数米级；覆盖不代表完整，缺漏不代表不存在"}, "geometry": {"type": "Point", "coordinates": [116.35928, 39.959702]}}, {"type": "Feature", "properties": {"layer": "GAODE_FACILITY_POI", "gaode_poiid": "B000A7I3OJ", "name": "北京科技大学", "type": "科教文化服务;学校;高等院校", "address": "学院路30号", "category": "school", "source": "DATA-SRC-GAODE-FACILITY-POI-20260815", "official_boundary": false, "usable_for_formal": "background_only", "crs_source": "GCJ-02→WGS84 近似转换（误差数米）", "precision_note": "高德 POI 点位为背景参考，位置精度数米级；覆盖不代表完整，缺漏不代表不存在"}, "geometry": {"type": "Point", "coordinates": [116.353053, 39.989013]}}, {"type": "Feature", "properties": {"layer": "GAODE_FACILITY_POI", "gaode_poiid": "B000A81K18", "name": "北京交通大学", "type": "科教文化服务;学校;高等院校", "address": "西直门外上园村3号", "category": "school", "source": "DATA-SRC-GAODE-FACILITY-POI-20260815", "official_boundary": false, "usable_for_formal": "background_only", "crs_source": "GCJ-02→WGS84 近似转换（误差数米）", "precision_note": "高德 POI 点位为背景参考，位置精度数米级；覆盖不代表完整，缺漏不代表不存在"}, "geometry": {"type": "Point", "coordinates": [116.336584, 39.95097]}}, {"type": "Feature", "properties": {"layer": "GAODE_FACILITY_POI", "gaode_poiid": "B000A19285", "name": "北京大学口腔医院", "type": "科教文化服务;学校;高等院校", "address": "中关村南大街22号", "category": "school", "source": "DATA-SRC-GAODE-FACILITY-POI-20260815", "official_boundary": false, "usable_for_formal": "background_only", "crs_source": "GCJ-02→WGS84 近似转换（误差数米）", "precision_note": "高德 POI 点位为背景参考，位置精度数米级；覆盖不代表完整，缺漏不代表不存在"}, "geometry": {"type": "Point", "coordinates": [116.31908, 39.951038]}}, {"type": "Feature", "properties": {"layer": "GAODE_FACILITY_POI", "gaode_poiid": "B000A81I2U", "name": "北京体育大学", "type": "科教文化服务;学校;高等院校", "address": "信息路48号", "category": "school", "source": "DATA-SRC-GAODE-FACILITY-POI-20260815", "official_boundary": false, "usable_for_formal": "background_only", "crs_source": "GCJ-02→WGS84 近似转换（误差数米）", "precision_note": "高德 POI 点位为背景参考，位置精度数米级；覆盖不代表完整，缺漏不代表不存在"}, "geometry": {"type": "Point", "coordinates": [116.312618, 40.02323]}}, {"type": "Feature", "properties": {"layer": "GAODE_FACILITY_POI", "gaode_poiid": "B000A82ZEF", "name": "中国农业大学(东校区)", "type": "科教文化服务;学校;高等院校", "address": "清华东路17号", "category": "school", "source": "DATA-SRC-GAODE-FACILITY-POI-20260815", "official_boundary": false, "usable_for_formal": "background_only", "crs_source": "GCJ-02→WGS84 近似转换（误差数米）", "precision_note": "高德 POI 点位为背景参考，位置精度数米级；覆盖不代表完整，缺漏不代表不存在"}, "geometry": {"type": "Point", "coordinates": [116.351013, 40.003115]}}, {"type": "Feature", "properties": {"layer": "GAODE_FACILITY_POI", "gaode_poiid": "B000A7CPWG", "name": "北京邮电大学(海淀校区)", "type": "科教文化服务;学校;高等院校", "address": "西土城路10号", "category": "school", "source": "DATA-SRC-GAODE-FACILITY-POI-20260815", "official_boundary": false, "usable_for_formal": "background_only", "crs_source": "GCJ-02→WGS84 近似转换（误差数米）", "precision_note": "高德 POI 点位为背景参考，位置精度数米级；覆盖不代表完整，缺漏不代表不存在"}, "geometry": {"type": "Point", "coordinates": [116.351898, 39.960186]}}, {"type": "Feature", "properties": {"layer": "GAODE_FACILITY_POI", "gaode_poiid": "B000A82ZE2", "name": "中国地质大学(北京)", "type": "科教文化服务;学校;高等院校", "address": "学院路29号(学院桥地铁站A口步行350米)", "category": "school", "source": "DATA-SRC-GAODE-FACILITY-POI-20260815", "official_boundary": false, "usable_for_formal": "background_only", "crs_source": "GCJ-02→WGS84 近似转换（误差数米）", "precision_note": "高德 POI 点位为背景参考，位置精度数米级；覆盖不代表完整，缺漏不代表不存在"}, "geometry": {"type": "Point", "coordinates": [116.343012, 39.989916]}}, {"type": "Feature", "properties": {"layer": "GAODE_FACILITY_POI", "gaode_poiid": "B000A830DN", "name": "北京林业大学", "type": "科教文化服务;学校;高等院校", "address": "清华东路35号", "category": "school", "source": "DATA-SRC-GAODE-FACILITY-POI-20260815", "official_boundary": false, "usable_for_formal": "background_only", "crs_source": "GCJ-02→WGS84 近似转换（误差数米）", "precision_note": "高德 POI 点位为背景参考，位置精度数米级；覆盖不代表完整，缺漏不代表不存在"}, "geometry": {"type": "Point", "coordinates": [116.341287, 40.004549]}}, {"type": "Feature", "properties": {"layer": "GAODE_FACILITY_POI", "gaode_poiid": "B000A761D9", "name": "中央民族大学", "type": "科教文化服务;学校;高等院校", "address": "中关村南大街27号", "category": "school", "source": "DATA-SRC-GAODE-FACILITY-POI-20260815", "official_boundary": false, "usable_for_formal": "background_only", "crs_source": "GCJ-02→WGS84 近似转换（误差数米）", "precision_note": "高德 POI 点位为背景参考，位置精度数米级；覆盖不代表完整，缺漏不代表不存在"}, "geometry": {"type": "Point", "coordinates": [116.314369, 39.94928]}}, {"type": "Feature", "properties": {"layer": "GAODE_FACILITY_POI", "gaode_poiid": "B0FFFGXI5R", "name": "北京语言大学", "type": "科教文化服务;学校;高等院校", "address": "学院路15号", "category": "school", "source": "DATA-SRC-GAODE-FACILITY-POI-20260815", "official_boundary": false, "usable_for_formal": "background_only", "crs_source": "GCJ-02→WGS84 近似转换（误差数米）", "precision_note": "高德 POI 点位为背景参考，位置精度数米级；覆盖不代表完整，缺漏不代表不存在"}, "geometry": {"type": "Point", "coordinates": [116.340292, 39.993579]}}, {"type": "Feature", "properties": {"layer": "GAODE_FACILITY_POI", "gaode_poiid": "B000A7CDQ4", "name": "北京大学(学院路校区)", "type": "科教文化服务;学校;高等院校", "address": "学院路38号", "category": "school", "source": "DATA-SRC-GAODE-FACILITY-POI-20260815", "official_boundary": false, "usable_for_formal": "background_only", "crs_source": "GCJ-02→WGS84 近似转换（误差数米）", "precision_note": "高德 POI 点位为背景参考，位置精度数米级；覆盖不代表完整，缺漏不代表不存在"}, "geometry": {"type": "Point", "coordinates": [116.35162, 39.983442]}}, {"type": "Feature", "properties": {"layer": "GAODE_FACILITY_POI", "gaode_poiid": "B000A68FF8", "name": "中国矿业大学(北京)学院路校区", "type": "科教文化服务;学校;高等院校", "address": "学院路丁11号院中国矿业大学内", "category": "school", "source": "DATA-SRC-GAODE-FACILITY-POI-20260815", "official_boundary": false, "usable_for_formal": "background_only", "crs_source": "GCJ-02→WGS84 近似转换（误差数米）", "precision_note": "高德 POI 点位为背景参考，位置精度数米级；覆盖不代表完整，缺漏不代表不存在"}, "geometry": {"type": "Point", "coordinates": [116.342446, 39.99669]}}, {"type": "Feature", "properties": {"layer": "GAODE_FACILITY_POI", "gaode_poiid": "B000A6EA36", "name": "中央财经大学", "type": "科教文化服务;学校;高等院校", "address": "学院南路39号", "category": "school", "source": "DATA-SRC-GAODE-FACILITY-POI-20260815", "official_boundary": false, "usable_for_formal": "background_only", "crs_source": "GCJ-02→WGS84 近似转换（误差数米）", "precision_note": "高德 POI 点位为背景参考，位置精度数米级；覆盖不代表完整，缺漏不代表不存在"}, "geometry": {"type": "Point", "coordinates": [116.336192, 39.958147]}}, {"type": "Feature", "properties": {"layer": "GAODE_FACILITY_POI", "gaode_poiid": "B000A6664A", "name": "中国政法大学(海淀校区)", "type": "科教文化服务;学校;高等院校", "address": "西土城路25号(蓟门桥地铁站E口步行250米)", "category": "school", "source": "DATA-SRC-GAODE-FACILITY-POI-20260815", "official_boundary": false, "usable_for_formal": "background_only", "crs_source": "GCJ-02→WGS84 近似转换（误差数米）", "precision_note": "高德 POI 点位为背景参考，位置精度数米级；覆盖不代表完整，缺漏不代表不存在"}, "geometry": {"type": "Point", "coordinates": [116.345026, 39.96396]}}, {"type": "Feature", "properties": {"layer": "GAODE_FACILITY_POI", "gaode_poiid": "B000A21FD7", "name": "首都体育学院", "type": "科教文化服务;学校;高等院校", "address": "北三环西路11号", "category": "school", "source": "DATA-SRC-GAODE-FACILITY-POI-20260815", "official_boundary": false, "usable_for_formal": "background_only", "crs_source": "GCJ-02→WGS84 近似转换（误差数米）", "precision_note": "高德 POI 点位为背景参考，位置精度数米级；覆盖不代表完整，缺漏不代表不存在"}, "geometry": {"type": "Point", "coordinates": [116.341363, 39.968795]}}, {"type": "Feature", "properties": {"layer": "GAODE_FACILITY_POI", "gaode_poiid": "B000A88EEF", "name": "北京舞蹈学院", "type": "科教文化服务;学校;高等院校", "address": "万寿寺路1号", "category": "school", "source": "DATA-SRC-GAODE-FACILITY-POI-20260815", "official_boundary": false, "usable_for_formal": "background_only", "crs_source": "GCJ-02→WGS84 近似转换（误差数米）", "precision_note": "高德 POI 点位为背景参考，位置精度数米级；覆盖不代表完整，缺漏不代表不存在"}, "geometry": {"type": "Point", "coordinates": [116.313084, 39.945752]}}, {"type": "Feature", "properties": {"layer": "GAODE_FACILITY_POI", "gaode_poiid": "B000A7CYFU", "name": "北京电影学院", "type": "科教文化服务;学校;高等院校", "address": "西土城路4号", "category": "school", "source": "DATA-SRC-GAODE-FACILITY-POI-20260815", "official_boundary": false, "usable_for_formal": "background_only", "crs_source": "GCJ-02→WGS84 近似转换（误差数米）", "precision_note": "高德 POI 点位为背景参考，位置精度数米级；覆盖不代表完整，缺漏不代表不存在"}, "geometry": {"type": "Point", "coordinates": [116.349559, 39.970246]}}, {"type": "Feature", "properties": {"layer": "GAODE_FACILITY_POI", "gaode_poiid": "B000A69FC0", "name": "清华大学附属中学", "type": "科教文化服务;学校;中学", "address": "中关村大街清华大学北侧", "category": "school", "source": "DATA-SRC-GAODE-FACILITY-POI-20260815", "official_boundary": false, "usable_for_formal": "background_only", "crs_source": "GCJ-02→WGS84 近似转换（误差数米）", "precision_note": "高德 POI 点位为背景参考，位置精度数米级；覆盖不代表完整，缺漏不代表不存在"}, "geometry": {"type": "Point", "coordinates": [116.314583, 40.00809]}}, {"type": "Feature", "properties": {"layer": "GAODE_FACILITY_POI", "gaode_poiid": "B000A7YZU9", "name": "北京大学附属中学", "type": "科教文化服务;学校;中学", "address": "黄庄大泥湾甲82号(海淀黄庄地铁站B东北口步行320米)", "category": "school", "source": "DATA-SRC-GAODE-FACILITY-POI-20260815", "official_boundary": false, "usable_for_formal": "background_only", "crs_source": "GCJ-02→WGS84 近似转换（误差数米）", "precision_note": "高德 POI 点位为背景参考，位置精度数米级；覆盖不代表完整，缺漏不代表不存在"}, "geometry": {"type": "Point", "coordinates": [116.314226, 39.976878]}}, {"type": "Feature", "properties": {"layer": "GAODE_FACILITY_POI", "gaode_poiid": "B000A182F5", "name": "北京市中关村中学", "type": "科教文化服务;学校;中学", "address": "科学院南路甲14号(知春里地铁站A西北口步行330米)", "category": "school", "source": "DATA-SRC-GAODE-FACILITY-POI-20260815", "official_boundary": false, "usable_for_formal": "background_only", "crs_source": "GCJ-02→WGS84 近似转换（误差数米）", "precision_note": "高德 POI 点位为背景参考，位置精度数米级；覆盖不代表完整，缺漏不代表不存在"}, "geometry": {"type": "Point", "coordinates": [116.320709, 39.977235]}}, {"type": "Feature", "properties": {"layer": "GAODE_FACILITY_POI", "gaode_poiid": "B000A4EBC7", "name": "北京交通大学东校区", "type": "科教文化服务;学校;高等院校", "address": "高粱桥斜街44号", "category": "school", "source": "DATA-SRC-GAODE-FACILITY-POI-20260815", "official_boundary": false, "usable_for_formal": "background_only", "crs_source": "GCJ-02→WGS84 近似转换（误差数米）", "precision_note": "高德 POI 点位为背景参考，位置精度数米级；覆盖不代表完整，缺漏不代表不存在"}, "geometry": {"type": "Point", "coordinates": [116.34104, 39.945981]}}, {"type": "Feature", "properties": {"layer": "GAODE_FACILITY_POI", "gaode_poiid": "B000A7Q3E4", "name": "北京培黎职业学院", "type": "科教文化服务;学校;高等院校", "address": "双清路一号", "category": "school", "source": "DATA-SRC-GAODE-FACILITY-POI-20260815", "official_boundary": false, "usable_for_formal": "background_only", "crs_source": "GCJ-02→WGS84 近似转换（误差数米）", "precision_note": "高德 POI 点位为背景参考，位置精度数米级；覆盖不代表完整，缺漏不代表不存在"}, "geometry": {"type": "Point", "coordinates": [116.339083, 40.019685]}}, {"type": "Feature", "properties": {"layer": "GAODE_FACILITY_POI", "gaode_poiid": "B000A85D7V", "name": "北京联合大学应用文理学院", "type": "科教文化服务;学校;高等院校", "address": "北土城西路197号", "category": "school", "source": "DATA-SRC-GAODE-FACILITY-POI-20260815", "official_boundary": false, "usable_for_formal": "background_only", "crs_source": "GCJ-02→WGS84 近似转换（误差数米）", "precision_note": "高德 POI 点位为背景参考，位置精度数米级；覆盖不代表完整，缺漏不代表不存在"}, "geometry": {"type": "Point", "coordinates": [116.349265, 39.97614]}}, {"type": "Feature", "properties": {"layer": "GAODE_FACILITY_POI", "gaode_poiid": "B000A7330B", "name": "北京交通大学附属中学(北校区)", "type": "科教文化服务;学校;中学", "address": "皂君庙12号", "category": "school", "source": "DATA-SRC-GAODE-FACILITY-POI-20260815", "official_boundary": false, "usable_for_formal": "background_only", "crs_source": "GCJ-02→WGS84 近似转换（误差数米）", "precision_note": "高德 POI 点位为背景参考，位置精度数米级；覆盖不代表完整，缺漏不代表不存在"}, "geometry": {"type": "Point", "coordinates": [116.329728, 39.961462]}}, {"type": "Feature", "properties": {"layer": "GAODE_FACILITY_POI", "gaode_poiid": "B000A8VSQ0", "name": "北京开放大学(北校区)", "type": "科教文化服务;学校;高等院校", "address": "大钟寺东路白塔庵5号", "category": "school", "source": "DATA-SRC-GAODE-FACILITY-POI-20260815", "official_boundary": false, "usable_for_formal": "background_only", "crs_source": "GCJ-02→WGS84 近似转换（误差数米）", "precision_note": "高德 POI 点位为背景参考，位置精度数米级；覆盖不代表完整，缺漏不代表不存在"}, "geometry": {"type": "Point", "coordinates": [116.331225, 39.972299]}}, {"type": "Feature", "properties": {"layer": "GAODE_FACILITY_POI", "gaode_poiid": "B0FFFAIPBR", "name": "北京师范大学(南院)", "type": "科教文化服务;学校;高等院校", "address": "学院南路12号京师科技大厦E座附近", "category": "school", "source": "DATA-SRC-GAODE-FACILITY-POI-20260815", "official_boundary": false, "usable_for_formal": "background_only", "crs_source": "GCJ-02→WGS84 近似转换（误差数米）", "precision_note": "高德 POI 点位为背景参考，位置精度数米级；覆盖不代表完整，缺漏不代表不存在"}, "geometry": {"type": "Point", "coordinates": [116.357278, 39.955648]}}, {"type": "Feature", "properties": {"layer": "GAODE_FACILITY_POI", "gaode_poiid": "B000AA0WVO", "name": "清华大学舜德楼", "type": "科教文化服务;学校;学校", "address": "双清路30号清华大学", "category": "school", "source": "DATA-SRC-GAODE-FACILITY-POI-20260815", "official_boundary": false, "usable_for_formal": "background_only", "crs_source": "GCJ-02→WGS84 近似转换（误差数米）", "precision_note": "高德 POI 点位为背景参考，位置精度数米级；覆盖不代表完整，缺漏不代表不存在"}, "geometry": {"type": "Point", "coordinates": [116.324574, 39.998257]}}, {"type": "Feature", "properties": {"layer": "GAODE_FACILITY_POI", "gaode_poiid": "B000A7J9SD", "name": "清华附中学院路学校", "type": "科教文化服务;学校;中学", "address": "学院路31号", "category": "school", "source": "DATA-SRC-GAODE-FACILITY-POI-20260815", "official_boundary": false, "usable_for_formal": "background_only", "crs_source": "GCJ-02→WGS84 近似转换（误差数米）", "precision_note": "高德 POI 点位为背景参考，位置精度数米级；覆盖不代表完整，缺漏不代表不存在"}, "geometry": {"type": "Point", "coordinates": [116.338887, 39.986877]}}, {"type": "Feature", "properties": {"layer": "GAODE_FACILITY_POI", "gaode_poiid": "B000A7Z0PZ", "name": "清华附中志新学校", "type": "科教文化服务;学校;中学", "address": "志新路36号", "category": "school", "source": "DATA-SRC-GAODE-FACILITY-POI-20260815", "official_boundary": false, "usable_for_formal": "background_only", "crs_source": "GCJ-02→WGS84 近似转换（误差数米）", "precision_note": "高德 POI 点位为背景参考，位置精度数米级；覆盖不代表完整，缺漏不代表不存在"}, "geometry": {"type": "Point", "coordinates": [116.357103, 39.991613]}}, {"type": "Feature", "properties": {"layer": "GAODE_FACILITY_POI", "gaode_poiid": "B0FFICYOFP", "name": "中国科学院大学中关村校区教学楼", "type": "科教文化服务;学校;高等院校", "address": "中关村南一条", "category": "school", "source": "DATA-SRC-GAODE-FACILITY-POI-20260815", "official_boundary": false, "usable_for_formal": "background_only", "crs_source": "GCJ-02→WGS84 近似转换（误差数米）", "precision_note": "高德 POI 点位为背景参考，位置精度数米级；覆盖不代表完整，缺漏不代表不存在"}, "geometry": {"type": "Point", "coordinates": [116.323958, 39.980877]}}, {"type": "Feature", "properties": {"layer": "GAODE_FACILITY_POI", "gaode_poiid": "B000AA4XZY", "name": "国家开放大学", "type": "科教文化服务;学校;高等院校", "address": "魏公村路2(魏公村地铁站D西南口步行190米)", "category": "school", "source": "DATA-SRC-GAODE-FACILITY-POI-20260815", "official_boundary": false, "usable_for_formal": "background_only", "crs_source": "GCJ-02→WGS84 近似转换（误差数米）", "precision_note": "高德 POI 点位为背景参考，位置精度数米级；覆盖不代表完整，缺漏不代表不存在"}, "geometry": {"type": "Point", "coordinates": [116.315832, 39.955223]}}, {"type": "Feature", "properties": {"layer": "GAODE_FACILITY_POI", "gaode_poiid": "B0FFF5V0P2", "name": "清华大学五道口金融学院", "type": "科教文化服务;学校;高等院校", "address": "北京市海淀区成府路43号(五道口地铁站A北口步行210米)", "category": "school", "source": "DATA-SRC-GAODE-FACILITY-POI-20260815", "official_boundary": false, "usable_for_formal": "background_only", "crs_source": "GCJ-02→WGS84 近似转换（误差数米）", "precision_note": "高德 POI 点位为背景参考，位置精度数米级；覆盖不代表完整，缺漏不代表不存在"}, "geometry": {"type": "Point", "coordinates": [116.329449, 39.992283]}}, {"type": "Feature", "properties": {"layer": "GAODE_FACILITY_POI", "gaode_poiid": "B0H3RCH6NE", "name": "北京大学医学科技楼", "type": "科教文化服务;学校;学校", "address": "学院路38号(学院桥地铁站C2口步行470米)", "category": "school", "source": "DATA-SRC-GAODE-FACILITY-POI-20260815", "official_boundary": false, "usable_for_formal": "background_only", "crs_source": "GCJ-02→WGS84 近似转换（误差数米）", "precision_note": "高德 POI 点位为背景参考，位置精度数米级；覆盖不代表完整，缺漏不代表不存在"}, "geometry": {"type": "Point", "coordinates": [116.349205, 39.984364]}}, {"type": "Feature", "properties": {"layer": "GAODE_FACILITY_POI", "gaode_poiid": "B000A81JYA", "name": "中国人民大学附属中学分校", "type": "科教文化服务;学校;中学", "address": "双榆树南里二区3号", "category": "school", "source": "DATA-SRC-GAODE-FACILITY-POI-20260815", "official_boundary": false, "usable_for_formal": "background_only", "crs_source": "GCJ-02→WGS84 近似转换（误差数米）", "precision_note": "高德 POI 点位为背景参考，位置精度数米级；覆盖不代表完整，缺漏不代表不存在"}, "geometry": {"type": "Point", "coordinates": [116.321733, 39.964812]}}, {"type": "Feature", "properties": {"layer": "GAODE_FACILITY_POI", "gaode_poiid": "B0FFFQ6UZP", "name": "中国科学院大学中关村校区", "type": "科教文化服务;学校;高等院校", "address": "中关村东路80号", "category": "school", "source": "DATA-SRC-GAODE-FACILITY-POI-20260815", "official_boundary": false, "usable_for_formal": "background_only", "crs_source": "GCJ-02→WGS84 近似转换（误差数米）", "precision_note": "高德 POI 点位为背景参考，位置精度数米级；覆盖不代表完整，缺漏不代表不存在"}, "geometry": {"type": "Point", "coordinates": [116.329929, 39.982249]}}, {"type": "Feature", "properties": {"layer": "GAODE_FACILITY_POI", "gaode_poiid": "B000A7X56X", "name": "北京师范大学第三附属中学", "type": "科教文化服务;学校;中学", "address": "北三环中路甲36号(北太平庄地铁站D2口步行410米)", "category": "school", "source": "DATA-SRC-GAODE-FACILITY-POI-20260815", "official_boundary": false, "usable_for_formal": "background_only", "crs_source": "GCJ-02→WGS84 近似转换（误差数米）", "precision_note": "高德 POI 点位为背景参考，位置精度数米级；覆盖不代表完整，缺漏不代表不存在"}, "geometry": {"type": "Point", "coordinates": [116.359626, 39.964143]}}, {"type": "Feature", "properties": {"layer": "GAODE_FACILITY_POI", "gaode_poiid": "B000A85CAQ", "name": "北京大学物理学院", "type": "科教文化服务;学校;高等院校", "address": "颐和园路5号北京大学(北京大学东门地铁站B东北口旁)", "category": "school", "source": "DATA-SRC-GAODE-FACILITY-POI-20260815", "official_boundary": false, "usable_for_formal": "background_only", "crs_source": "GCJ-02→WGS84 近似转换（误差数米）", "precision_note": "高德 POI 点位为背景参考，位置精度数米级；覆盖不代表完整，缺漏不代表不存在"}, "geometry": {"type": "Point", "coordinates": [116.310986, 39.991843]}}, {"type": "Feature", "properties": {"layer": "GAODE_FACILITY_POI", "gaode_poiid": "B0FFFAIBDX", "name": "清华大学美术学院", "type": "科教文化服务;学校;高等院校", "address": "双清路30号清华大学校内", "category": "school", "source": "DATA-SRC-GAODE-FACILITY-POI-20260815", "official_boundary": false, "usable_for_formal": "background_only", "crs_source": "GCJ-02→WGS84 近似转换（误差数米）", "precision_note": "高德 POI 点位为背景参考，位置精度数米级；覆盖不代表完整，缺漏不代表不存在"}, "geometry": {"type": "Point", "coordinates": [116.329601, 39.998358]}}, {"type": "Feature", "properties": {"layer": "GAODE_FACILITY_POI", "gaode_poiid": "B0FFFAM0RK", "name": "清华大学郑裕彤医学楼", "type": "科教文化服务;学校;学校", "address": "清华园6区3", "category": "school", "source": "DATA-SRC-GAODE-FACILITY-POI-20260815", "official_boundary": false, "usable_for_formal": "background_only", "crs_source": "GCJ-02→WGS84 近似转换（误差数米）", "precision_note": "高德 POI 点位为背景参考，位置精度数米级；覆盖不代表完整，缺漏不代表不存在"}, "geometry": {"type": "Point", "coordinates": [116.311759, 40.002566]}}, {"type": "Feature", "properties": {"layer": "GAODE_FACILITY_POI", "gaode_poiid": "B0FFG7TMHR", "name": "北京交通大学附属中学第二分校", "type": "科教文化服务;学校;中学", "address": "高梁桥斜街3号", "category": "school", "source": "DATA-SRC-GAODE-FACILITY-POI-20260815", "official_boundary": false, "usable_for_formal": "background_only", "crs_source": "GCJ-02→WGS84 近似转换（误差数米）", "precision_note": "高德 POI 点位为背景参考，位置精度数米级；覆盖不代表完整，缺漏不代表不存在"}, "geometry": {"type": "Point", "coordinates": [116.328907, 39.950225]}}, {"type": "Feature", "properties": {"layer": "GAODE_FACILITY_POI", "gaode_poiid": "B000A7CKJQ", "name": "北京大学化学与分子工程学院", "type": "科教文化服务;学校;高等院校", "address": "颐和园路5号北京大学(北京大学东门地铁站C东南口步行50米)", "category": "school", "source": "DATA-SRC-GAODE-FACILITY-POI-20260815", "official_boundary": false, "usable_for_formal": "background_only", "crs_source": "GCJ-02→WGS84 近似转换（误差数米）", "precision_note": "高德 POI 点位为背景参考，位置精度数米级；覆盖不代表完整，缺漏不代表不存在"}, "geometry": {"type": "Point", "coordinates": [116.311275, 39.989854]}}, {"type": "Feature", "properties": {"layer": "GAODE_FACILITY_POI", "gaode_poiid": "B0FFKR78YP", "name": "北京101中石油分校", "type": "科教文化服务;学校;中学", "address": "学院路20号", "category": "school", "source": "DATA-SRC-GAODE-FACILITY-POI-20260815", "official_boundary": false, "usable_for_formal": "background_only", "crs_source": "GCJ-02→WGS84 近似转换（误差数米）", "precision_note": "高德 POI 点位为背景参考，位置精度数米级；覆盖不代表完整，缺漏不代表不存在"}, "geometry": {"type": "Point", "coordinates": [116.356448, 39.997597]}}, {"type": "Feature", "properties": {"layer": "GAODE_FACILITY_POI", "gaode_poiid": "B0IA3ZRKFO", "name": "清华大学经济管理学院建华楼", "type": "科教文化服务;学校;高等院校", "address": "双清路63号", "category": "school", "source": "DATA-SRC-GAODE-FACILITY-POI-20260815", "official_boundary": false, "usable_for_formal": "background_only", "crs_source": "GCJ-02→WGS84 近似转换（误差数米）", "precision_note": "高德 POI 点位为背景参考，位置精度数米级；覆盖不代表完整，缺漏不代表不存在"}, "geometry": {"type": "Point", "coordinates": [116.322716, 39.998832]}}, {"type": "Feature", "properties": {"layer": "GAODE_FACILITY_POI", "gaode_poiid": "B0FFLQ0280", "name": "中国科学院大学", "type": "科教文化服务;学校;高等院校", "address": "中国科学院物理研究所南门西200米", "category": "school", "source": "DATA-SRC-GAODE-FACILITY-POI-20260815", "official_boundary": false, "usable_for_formal": "background_only", "crs_source": "GCJ-02→WGS84 近似转换（误差数米）", "precision_note": "高德 POI 点位为背景参考，位置精度数米级；覆盖不代表完整，缺漏不代表不存在"}, "geometry": {"type": "Point", "coordinates": [116.324056, 39.979843]}}, {"type": "Feature", "properties": {"layer": "GAODE_FACILITY_POI", "gaode_poiid": "B000A7CMX3", "name": "中关村第一小学", "type": "科教文化服务;学校;小学", "address": "中关村南二街5号", "category": "school", "source": "DATA-SRC-GAODE-FACILITY-POI-20260815", "official_boundary": false, "usable_for_formal": "background_only", "crs_source": "GCJ-02→WGS84 近似转换（误差数米）", "precision_note": "高德 POI 点位为背景参考，位置精度数米级；覆盖不代表完整，缺漏不代表不存在"}, "geometry": {"type": "Point", "coordinates": [116.315876, 39.982549]}}, {"type": "Feature", "properties": {"layer": "GAODE_FACILITY_POI", "gaode_poiid": "B000A8U5M5", "name": "北京航空航天大学学院路校区实验学校(中学部)", "type": "科教文化服务;学校;中学", "address": "学院路37号", "category": "school", "source": "DATA-SRC-GAODE-FACILITY-POI-20260815", "official_boundary": false, "usable_for_formal": "background_only", "crs_source": "GCJ-02→WGS84 近似转换（误差数米）", "precision_note": "高德 POI 点位为背景参考，位置精度数米级；覆盖不代表完整，缺漏不代表不存在"}, "geometry": {"type": "Point", "coordinates": [116.338219, 39.97751]}}, {"type": "Feature", "properties": {"layer": "GAODE_FACILITY_POI", "gaode_poiid": "B0I3Z5UR33", "name": "清华大学生物医学馆", "type": "科教文化服务;学校;高等院校", "address": "双清路30号清华大学", "category": "school", "source": "DATA-SRC-GAODE-FACILITY-POI-20260815", "official_boundary": false, "usable_for_formal": "background_only", "crs_source": "GCJ-02→WGS84 近似转换（误差数米）", "precision_note": "高德 POI 点位为背景参考，位置精度数米级；覆盖不代表完整，缺漏不代表不存在"}, "geometry": {"type": "Point", "coordinates": [116.314339, 40.005777]}}, {"type": "Feature", "properties": {"layer": "GAODE_FACILITY_POI", "gaode_poiid": "B0FFJHC1DB", "name": "北京大学中关新园2号楼", "type": "科教文化服务;学校;学校|商务住宅;产业园区;产业园区", "address": "北京市海淀区中关村北大街北京大学中关新园", "category": "school", "source": "DATA-SRC-GAODE-FACILITY-POI-20260815", "official_boundary": false, "usable_for_formal": "background_only", "crs_source": "GCJ-02→WGS84 近似转换（误差数米）", "precision_note": "高德 POI 点位为背景参考，位置精度数米级；覆盖不代表完整，缺漏不代表不存在"}, "geometry": {"type": "Point", "coordinates": [116.311587, 39.988824]}}, {"type": "Feature", "properties": {"layer": "GAODE_FACILITY_POI", "gaode_poiid": "B0HRRDTMDI", "name": "北京一零一中(矿大分校)", "type": "科教文化服务;学校;中学", "address": "学院路丁11号中国矿业大学内", "category": "school", "source": "DATA-SRC-GAODE-FACILITY-POI-20260815", "official_boundary": false, "usable_for_formal": "background_only", "crs_source": "GCJ-02→WGS84 近似转换（误差数米）", "precision_note": "高德 POI 点位为背景参考，位置精度数米级；覆盖不代表完整，缺漏不代表不存在"}, "geometry": {"type": "Point", "coordinates": [116.341043, 39.997517]}}, {"type": "Feature", "properties": {"layer": "GAODE_FACILITY_POI", "gaode_poiid": "B000A830D7", "name": "清华大学公共管理学院", "type": "科教文化服务;学校;高等院校", "address": "双清路30号清华大学", "category": "school", "source": "DATA-SRC-GAODE-FACILITY-POI-20260815", "official_boundary": false, "usable_for_formal": "background_only", "crs_source": "GCJ-02→WGS84 近似转换（误差数米）", "precision_note": "高德 POI 点位为背景参考，位置精度数米级；覆盖不代表完整，缺漏不代表不存在"}, "geometry": {"type": "Point", "coordinates": [116.325222, 39.997417]}}, {"type": "Feature", "properties": {"layer": "GAODE_FACILITY_POI", "gaode_poiid": "B0FFLOZC1C", "name": "清华大学第五教室楼", "type": "科教文化服务;学校;高等院校", "address": "双清路30号清华大学", "category": "school", "source": "DATA-SRC-GAODE-FACILITY-POI-20260815", "official_boundary": false, "usable_for_formal": "background_only", "crs_source": "GCJ-02→WGS84 近似转换（误差数米）", "precision_note": "高德 POI 点位为背景参考，位置精度数米级；覆盖不代表完整，缺漏不代表不存在"}, "geometry": {"type": "Point", "coordinates": [116.320492, 40.001263]}}, {"type": "Feature", "properties": {"layer": "GAODE_FACILITY_POI", "gaode_poiid": "B0FFFPD48E", "name": "北京大学工学院", "type": "科教文化服务;学校;高等院校", "address": "中关村北大街32号(北京大学东门地铁站B东北口步行360米)", "category": "school", "source": "DATA-SRC-GAODE-FACILITY-POI-20260815", "official_boundary": false, "usable_for_formal": "background_only", "crs_source": "GCJ-02→WGS84 近似转换（误差数米）", "precision_note": "高德 POI 点位为背景参考，位置精度数米级；覆盖不代表完整，缺漏不代表不存在"}, "geometry": {"type": "Point", "coordinates": [116.311119, 39.993202]}}, {"type": "Feature", "properties": {"layer": "GAODE_FACILITY_POI", "gaode_poiid": "B000A7DDUK", "name": "清华大学经济管理学院", "type": "科教文化服务;学校;高等院校", "address": "双清路30号清华大学", "category": "school", "source": "DATA-SRC-GAODE-FACILITY-POI-20260815", "official_boundary": false, "usable_for_formal": "background_only", "crs_source": "GCJ-02→WGS84 近似转换（误差数米）", "precision_note": "高德 POI 点位为背景参考，位置精度数米级；覆盖不代表完整，缺漏不代表不存在"}, "geometry": {"type": "Point", "coordinates": [116.324331, 39.998327]}}, {"type": "Feature", "properties": {"layer": "GAODE_FACILITY_POI", "gaode_poiid": "B000A7LYYZ", "name": "北京交通大学附属中学(东校区)", "type": "科教文化服务;学校;中学", "address": "马甸西路2号", "category": "school", "source": "DATA-SRC-GAODE-FACILITY-POI-20260815", "official_boundary": false, "usable_for_formal": "background_only", "crs_source": "GCJ-02→WGS84 近似转换（误差数米）", "precision_note": "高德 POI 点位为背景参考，位置精度数米级；覆盖不代表完整，缺漏不代表不存在"}, "geometry": {"type": "Point", "coordinates": [116.368338, 39.96862]}}, {"type": "Feature", "properties": {"layer": "GAODE_FACILITY_POI", "gaode_poiid": "B0FFFCIS01", "name": "清华大学建筑馆报告厅", "type": "科教文化服务;学校;高等院校", "address": "双清路30号清华大学", "category": "school", "source": "DATA-SRC-GAODE-FACILITY-POI-20260815", "official_boundary": false, "usable_for_formal": "background_only", "crs_source": "GCJ-02→WGS84 近似转换（误差数米）", "precision_note": "高德 POI 点位为背景参考，位置精度数米级；覆盖不代表完整，缺漏不代表不存在"}, "geometry": {"type": "Point", "coordinates": [116.327844, 39.998495]}}, {"type": "Feature", "properties": {"layer": "GAODE_FACILITY_POI", "gaode_poiid": "B000A7FZQ6", "name": "北京大学附属小学", "type": "科教文化服务;学校;小学", "address": "颐和园路5号北京大学燕东园内", "category": "school", "source": "DATA-SRC-GAODE-FACILITY-POI-20260815", "official_boundary": false, "usable_for_formal": "background_only", "crs_source": "GCJ-02→WGS84 近似转换（误差数米）", "precision_note": "高德 POI 点位为背景参考，位置精度数米级；覆盖不代表完整，缺漏不代表不存在"}, "geometry": {"type": "Point", "coordinates": [116.312759, 39.993997]}}, {"type": "Feature", "properties": {"layer": "GAODE_FACILITY_POI", "gaode_poiid": "B000A8345A", "name": "中国国家铁路集团有限公司党校", "type": "科教文化服务;学校;学校", "address": "北太平庄路27号(北太平庄地铁站A口步行290米)", "category": "school", "source": "DATA-SRC-GAODE-FACILITY-POI-20260815", "official_boundary": false, "usable_for_formal": "background_only", "crs_source": "GCJ-02→WGS84 近似转换（误差数米）", "precision_note": "高德 POI 点位为背景参考，位置精度数米级；覆盖不代表完整，缺漏不代表不存在"}, "geometry": {"type": "Point", "coordinates": [116.362322, 39.969831]}}, {"type": "Feature", "properties": {"layer": "GAODE_FACILITY_POI", "gaode_poiid": "B0FFHW62XN", "name": "北京市中关村中学(知春分校)", "type": "科教文化服务;学校;中学", "address": "知春东里12号楼", "category": "school", "source": "DATA-SRC-GAODE-FACILITY-POI-20260815", "official_boundary": false, "usable_for_formal": "background_only", "crs_source": "GCJ-02→WGS84 近似转换（误差数米）", "precision_note": "高德 POI 点位为背景参考，位置精度数米级；覆盖不代表完整，缺漏不代表不存在"}, "geometry": {"type": "Point", "coordinates": [116.321938, 39.972802]}}, {"type": "Feature", "properties": {"layer": "GAODE_FACILITY_POI", "gaode_poiid": "B000A87H7P", "name": "北京市中关村中学(清华园校区)", "type": "科教文化服务;学校;中学", "address": "中关村东路1号", "category": "school", "source": "DATA-SRC-GAODE-FACILITY-POI-20260815", "official_boundary": false, "usable_for_formal": "background_only", "crs_source": "GCJ-02→WGS84 近似转换（误差数米）", "precision_note": "高德 POI 点位为背景参考，位置精度数米级；覆盖不代表完整，缺漏不代表不存在"}, "geometry": {"type": "Point", "coordinates": [116.321628, 39.992853]}}, {"type": "Feature", "properties": {"layer": "GAODE_FACILITY_POI", "gaode_poiid": "B0IAJ4OK3T", "name": "北京大学附属中学北医分校", "type": "科教文化服务;学校;中学", "address": "花园北路40号", "category": "school", "source": "DATA-SRC-GAODE-FACILITY-POI-20260815", "official_boundary": false, "usable_for_formal": "background_only", "crs_source": "GCJ-02→WGS84 近似转换（误差数米）", "precision_note": "高德 POI 点位为背景参考，位置精度数米级；覆盖不代表完整，缺漏不代表不存在"}, "geometry": {"type": "Point", "coordinates": [116.356582, 39.979524]}}, {"type": "Feature", "properties": {"layer": "GAODE_FACILITY_POI", "gaode_poiid": "B000A844HB", "name": "清华大学何添楼", "type": "科教文化服务;学校;学校", "address": "双清路30号清华大学", "category": "school", "source": "DATA-SRC-GAODE-FACILITY-POI-20260815", "official_boundary": false, "usable_for_formal": "background_only", "crs_source": "GCJ-02→WGS84 近似转换（误差数米）", "precision_note": "高德 POI 点位为背景参考，位置精度数米级；覆盖不代表完整，缺漏不代表不存在"}, "geometry": {"type": "Point", "coordinates": [116.314138, 40.004955]}}, {"type": "Feature", "properties": {"layer": "GAODE_FACILITY_POI", "gaode_poiid": "B000A81K0B", "name": "北京市海淀区民族小学", "type": "科教文化服务;学校;小学", "address": "马甸后黑寺甲1号", "category": "school", "source": "DATA-SRC-GAODE-FACILITY-POI-20260815", "official_boundary": false, "usable_for_formal": "background_only", "crs_source": "GCJ-02→WGS84 近似转换（误差数米）", "precision_note": "高德 POI 点位为背景参考，位置精度数米级；覆盖不代表完整，缺漏不代表不存在"}, "geometry": {"type": "Point", "coordinates": [116.369931, 39.971122]}}, {"type": "Feature", "properties": {"layer": "GAODE_FACILITY_POI", "gaode_poiid": "B0J2Y7PCMV", "name": "清华大学蒙民伟楼", "type": "科教文化服务;学校;高等院校", "address": "双清路30号", "category": "school", "source": "DATA-SRC-GAODE-FACILITY-POI-20260815", "official_boundary": false, "usable_for_formal": "background_only", "crs_source": "GCJ-02→WGS84 近似转换（误差数米）", "precision_note": "高德 POI 点位为背景参考，位置精度数米级；覆盖不代表完整，缺漏不代表不存在"}, "geometry": {"type": "Point", "coordinates": [116.315216, 40.002889]}}, {"type": "Feature", "properties": {"layer": "GAODE_FACILITY_POI", "gaode_poiid": "B000A8487V", "name": "清华大学环境学院", "type": "科教文化服务;学校;高等院校", "address": "双清路30号清华园清华大学", "category": "school", "source": "DATA-SRC-GAODE-FACILITY-POI-20260815", "official_boundary": false, "usable_for_formal": "background_only", "crs_source": "GCJ-02→WGS84 近似转换（误差数米）", "precision_note": "高德 POI 点位为背景参考，位置精度数米级；覆盖不代表完整，缺漏不代表不存在"}, "geometry": {"type": "Point", "coordinates": [116.328724, 39.996837]}}, {"type": "Feature", "properties": {"layer": "GAODE_FACILITY_POI", "gaode_poiid": "B000A43326", "name": "北京市海淀区第二实验小学橡树校区", "type": "科教文化服务;学校;小学", "address": "学府树家园四区1号楼", "category": "school", "source": "DATA-SRC-GAODE-FACILITY-POI-20260815", "official_boundary": false, "usable_for_formal": "background_only", "crs_source": "GCJ-02→WGS84 近似转换（误差数米）", "precision_note": "高德 POI 点位为背景参考，位置精度数米级；覆盖不代表完整，缺漏不代表不存在"}, "geometry": {"type": "Point", "coordinates": [116.324767, 40.02878]}}, {"type": "Feature", "properties": {"layer": "GAODE_FACILITY_POI", "gaode_poiid": "B000A7QAH5", "name": "清华大学附属中学上地学校", "type": "科教文化服务;学校;中学", "address": "中关村北大街2号", "category": "school", "source": "DATA-SRC-GAODE-FACILITY-POI-20260815", "official_boundary": false, "usable_for_formal": "background_only", "crs_source": "GCJ-02→WGS84 近似转换（误差数米）", "precision_note": "高德 POI 点位为背景参考，位置精度数米级；覆盖不代表完整，缺漏不代表不存在"}, "geometry": {"type": "Point", "coordinates": [116.312472, 40.016383]}}, {"type": "Feature", "properties": {"layer": "GAODE_FACILITY_POI", "gaode_poiid": "B0FFKBST9G", "name": "清华大学蒙民伟科技大楼南楼", "type": "科教文化服务;学校;学校", "address": "至善路与明德路交叉口东180米", "category": "school", "source": "DATA-SRC-GAODE-FACILITY-POI-20260815", "official_boundary": false, "usable_for_formal": "background_only", "crs_source": "GCJ-02→WGS84 近似转换（误差数米）", "precision_note": "高德 POI 点位为背景参考，位置精度数米级；覆盖不代表完整，缺漏不代表不存在"}, "geometry": {"type": "Point", "coordinates": [116.329796, 40.004711]}}, {"type": "Feature", "properties": {"layer": "GAODE_FACILITY_POI", "gaode_poiid": "B0LR7UIXXS", "name": "清华大学附属小学清河分校朱房校区", "type": "科教文化服务;学校;学校", "address": "朱房路76号(西门)", "category": "school", "source": "DATA-SRC-GAODE-FACILITY-POI-20260815", "official_boundary": false, "usable_for_formal": "background_only", "crs_source": "GCJ-02→WGS84 近似转换（误差数米）", "precision_note": "高德 POI 点位为背景参考，位置精度数米级；覆盖不代表完整，缺漏不代表不存在"}, "geometry": {"type": "Point", "coordinates": [116.331872, 40.027161]}}, {"type": "Feature", "properties": {"layer": "GAODE_FACILITY_POI", "gaode_poiid": "B0FFF62PWV", "name": "清华大学苏世民书院", "type": "科教文化服务;学校;高等院校", "address": "双清路30号清华大学", "category": "school", "source": "DATA-SRC-GAODE-FACILITY-POI-20260815", "official_boundary": false, "usable_for_formal": "background_only", "crs_source": "GCJ-02→WGS84 近似转换（误差数米）", "precision_note": "高德 POI 点位为背景参考，位置精度数米级；覆盖不代表完整，缺漏不代表不存在"}, "geometry": {"type": "Point", "coordinates": [116.323478, 40.00631]}}, {"type": "Feature", "properties": {"layer": "GAODE_FACILITY_POI", "gaode_poiid": "B0FFG4LU8O", "name": "学院路18号20号楼", "type": "科教文化服务;学校;学校", "address": "石科院生活区学院路18号20号楼", "category": "school", "source": "DATA-SRC-GAODE-FACILITY-POI-20260815", "official_boundary": false, "usable_for_formal": "background_only", "crs_source": "GCJ-02→WGS84 近似转换（误差数米）", "precision_note": "高德 POI 点位为背景参考，位置精度数米级；覆盖不代表完整，缺漏不代表不存在"}, "geometry": {"type": "Point", "coordinates": [116.355493, 39.997713]}}, {"type": "Feature", "properties": {"layer": "GAODE_FACILITY_POI", "gaode_poiid": "B000A87K84", "name": "北京理工大学中关村校区信息科学实验楼", "type": "科教文化服务;学校;学校", "address": "中关村南大街5号北京理工大学中关村校区", "category": "school", "source": "DATA-SRC-GAODE-FACILITY-POI-20260815", "official_boundary": false, "usable_for_formal": "background_only", "crs_source": "GCJ-02→WGS84 近似转换（误差数米）", "precision_note": "高德 POI 点位为背景参考，位置精度数米级；覆盖不代表完整，缺漏不代表不存在"}, "geometry": {"type": "Point", "coordinates": [116.313104, 39.956431]}}, {"type": "Feature", "properties": {"layer": "GAODE_FACILITY_POI", "gaode_poiid": "B000A88E87", "name": "清华大学能科楼", "type": "科教文化服务;学校;高等院校", "address": "双清路30号清华大学", "category": "school", "source": "DATA-SRC-GAODE-FACILITY-POI-20260815", "official_boundary": false, "usable_for_formal": "background_only", "crs_source": "GCJ-02→WGS84 近似转换（误差数米）", "precision_note": "高德 POI 点位为背景参考，位置精度数米级；覆盖不代表完整，缺漏不代表不存在"}, "geometry": {"type": "Point", "coordinates": [116.323102, 39.99632]}}, {"type": "Feature", "properties": {"layer": "GAODE_FACILITY_POI", "gaode_poiid": "B000A7Q6HB", "name": "清华大学精仪系", "type": "科教文化服务;学校;高等院校", "address": "双清路30号清华大学", "category": "school", "source": "DATA-SRC-GAODE-FACILITY-POI-20260815", "official_boundary": false, "usable_for_formal": "background_only", "crs_source": "GCJ-02→WGS84 近似转换（误差数米）", "precision_note": "高德 POI 点位为背景参考，位置精度数米级；覆盖不代表完整，缺漏不代表不存在"}, "geometry": {"type": "Point", "coordinates": [116.324664, 39.99662]}}, {"type": "Feature", "properties": {"layer": "GAODE_FACILITY_POI", "gaode_poiid": "B000A84HDK", "name": "清华大学第六教学楼A区", "type": "科教文化服务;学校;学校", "address": "双清路30号清华大学", "category": "school", "source": "DATA-SRC-GAODE-FACILITY-POI-20260815", "official_boundary": false, "usable_for_formal": "background_only", "crs_source": "GCJ-02→WGS84 近似转换（误差数米）", "precision_note": "高德 POI 点位为背景参考，位置精度数米级；覆盖不代表完整，缺漏不代表不存在"}, "geometry": {"type": "Point", "coordinates": [116.324024, 40.001422]}}, {"type": "Feature", "properties": {"layer": "GAODE_FACILITY_POI", "gaode_poiid": "B000A80BRI", "name": "北京交通大学附属中学(南校区)", "type": "科教文化服务;学校;中学", "address": "上园村北方交通大学", "category": "school", "source": "DATA-SRC-GAODE-FACILITY-POI-20260815", "official_boundary": false, "usable_for_formal": "background_only", "crs_source": "GCJ-02→WGS84 近似转换（误差数米）", "precision_note": "高德 POI 点位为背景参考，位置精度数米级；覆盖不代表完整，缺漏不代表不存在"}, "geometry": {"type": "Point", "coordinates": [116.338107, 39.953554]}}, {"type": "Feature", "properties": {"layer": "GAODE_FACILITY_POI", "gaode_poiid": "B0FFGBHHSM", "name": "北京开放大学(南校区)", "type": "科教文化服务;学校;成人教育", "address": "皂君庙东路甲4号", "category": "school", "source": "DATA-SRC-GAODE-FACILITY-POI-20260815", "official_boundary": false, "usable_for_formal": "background_only", "crs_source": "GCJ-02→WGS84 近似转换（误差数米）", "precision_note": "高德 POI 点位为背景参考，位置精度数米级；覆盖不代表完整，缺漏不代表不存在"}, "geometry": {"type": "Point", "coordinates": [116.33448, 39.960253]}}, {"type": "Feature", "properties": {"layer": "GAODE_FACILITY_POI", "gaode_poiid": "B0FFF38MXB", "name": "清华大学综合科研1号楼", "type": "科教文化服务;学校;学校", "address": "双清路30号清华大学", "category": "school", "source": "DATA-SRC-GAODE-FACILITY-POI-20260815", "official_boundary": false, "usable_for_formal": "background_only", "crs_source": "GCJ-02→WGS84 近似转换（误差数米）", "precision_note": "高德 POI 点位为背景参考，位置精度数米级；覆盖不代表完整，缺漏不代表不存在"}, "geometry": {"type": "Point", "coordinates": [116.329776, 40.005012]}}, {"type": "Feature", "properties": {"layer": "GAODE_FACILITY_POI", "gaode_poiid": "B000A3C401", "name": "北京市志清中学", "type": "科教文化服务;学校;中学|体育休闲服务;体育休闲服务场所;体育休闲服务场所", "address": "清华志清中学北侧", "category": "school", "source": "DATA-SRC-GAODE-FACILITY-POI-20260815", "official_boundary": false, "usable_for_formal": "background_only", "crs_source": "GCJ-02→WGS84 近似转换（误差数米）", "precision_note": "高德 POI 点位为背景参考，位置精度数米级；覆盖不代表完整，缺漏不代表不存在"}, "geometry": {"type": "Point", "coordinates": [116.318664, 40.017414]}}, {"type": "Feature", "properties": {"layer": "GAODE_FACILITY_POI", "gaode_poiid": "B0FFHDSK46", "name": "北京市信息管理学校(花园路校区)", "type": "科教文化服务;学校;职业技术学校", "address": "花园路街道北土城西路169号", "category": "school", "source": "DATA-SRC-GAODE-FACILITY-POI-20260815", "official_boundary": false, "usable_for_formal": "background_only", "crs_source": "GCJ-02→WGS84 近似转换（误差数米）", "precision_note": "高德 POI 点位为背景参考，位置精度数米级；覆盖不代表完整，缺漏不代表不存在"}, "geometry": {"type": "Point", "coordinates": [116.356861, 39.975993]}}, {"type": "Feature", "properties": {"layer": "GAODE_FACILITY_POI", "gaode_poiid": "B000A8VXBJ", "name": "北京交通大学逸夫教学楼", "type": "科教文化服务;学校;高等院校", "address": "西直门外上园村3号", "category": "school", "source": "DATA-SRC-GAODE-FACILITY-POI-20260815", "official_boundary": false, "usable_for_formal": "background_only", "crs_source": "GCJ-02→WGS84 近似转换（误差数米）", "precision_note": "高德 POI 点位为背景参考，位置精度数米级；覆盖不代表完整，缺漏不代表不存在"}, "geometry": {"type": "Point", "coordinates": [116.339004, 39.950348]}}, {"type": "Feature", "properties": {"layer": "GAODE_FACILITY_POI", "gaode_poiid": "B000A7VGYK", "name": "北京航空航天大学为民楼", "type": "科教文化服务;学校;学校", "address": "学院路37号北京航空航天大学", "category": "school", "source": "DATA-SRC-GAODE-FACILITY-POI-20260815", "official_boundary": false, "usable_for_formal": "background_only", "crs_source": "GCJ-02→WGS84 近似转换（误差数米）", "precision_note": "高德 POI 点位为背景参考，位置精度数米级；覆盖不代表完整，缺漏不代表不存在"}, "geometry": {"type": "Point", "coordinates": [116.343365, 39.977452]}}, {"type": "Feature", "properties": {"layer": "GAODE_FACILITY_POI", "gaode_poiid": "B0FFFW9B1D", "name": "北京一零一中双榆树校区", "type": "科教文化服务;学校;中学", "address": "双榆树东里35号", "category": "school", "source": "DATA-SRC-GAODE-FACILITY-POI-20260815", "official_boundary": false, "usable_for_formal": "background_only", "crs_source": "GCJ-02→WGS84 近似转换（误差数米）", "precision_note": "高德 POI 点位为背景参考，位置精度数米级；覆盖不代表完整，缺漏不代表不存在"}, "geometry": {"type": "Point", "coordinates": [116.321555, 39.967527]}}, {"type": "Feature", "properties": {"layer": "GAODE_FACILITY_POI", "gaode_poiid": "B0FFFDPDLJ", "name": "清华大学罗姆楼", "type": "科教文化服务;学校;学校", "address": "双清路30号清华大学", "category": "school", "source": "DATA-SRC-GAODE-FACILITY-POI-20260815", "official_boundary": false, "usable_for_formal": "background_only", "crs_source": "GCJ-02→WGS84 近似转换（误差数米）", "precision_note": "高德 POI 点位为背景参考，位置精度数米级；覆盖不代表完整，缺漏不代表不存在"}, "geometry": {"type": "Point", "coordinates": [116.330078, 40.004399]}}, {"type": "Feature", "properties": {"layer": "GAODE_FACILITY_POI", "gaode_poiid": "B000A7C326", "name": "清华大学附属小学", "type": "科教文化服务;学校;小学", "address": "双清路30号清华大学", "category": "school", "source": "DATA-SRC-GAODE-FACILITY-POI-20260815", "official_boundary": false, "usable_for_formal": "background_only", "crs_source": "GCJ-02→WGS84 近似转换（误差数米）", "precision_note": "高德 POI 点位为背景参考，位置精度数米级；覆盖不代表完整，缺漏不代表不存在"}, "geometry": {"type": "Point", "coordinates": [116.316919, 39.994361]}}, {"type": "Feature", "properties": {"layer": "GAODE_FACILITY_POI", "gaode_poiid": "B000A84LFG", "name": "中关村第二小学(华清校区)", "type": "科教文化服务;学校;小学", "address": "五道口地铁站B南口步行470米", "category": "school", "source": "DATA-SRC-GAODE-FACILITY-POI-20260815", "official_boundary": false, "usable_for_formal": "background_only", "crs_source": "GCJ-02→WGS84 近似转换（误差数米）", "precision_note": "高德 POI 点位为背景参考，位置精度数米级；覆盖不代表完整，缺漏不代表不存在"}, "geometry": {"type": "Point", "coordinates": [116.327675, 39.989789]}}, {"type": "Feature", "properties": {"layer": "GAODE_FACILITY_POI", "gaode_poiid": "B000A2CB95", "name": "中关村第二小学(中关村校区)", "type": "科教文化服务;学校;小学", "address": "中关村北大街与海淀路交叉口北90米", "category": "school", "source": "DATA-SRC-GAODE-FACILITY-POI-20260815", "official_boundary": false, "usable_for_formal": "background_only", "crs_source": "GCJ-02→WGS84 近似转换（误差数米）", "precision_note": "高德 POI 点位为背景参考，位置精度数米级；覆盖不代表完整，缺漏不代表不存在"}, "geometry": {"type": "Point", "coordinates": [116.311093, 39.985849]}}, {"type": "Feature", "properties": {"layer": "GAODE_FACILITY_POI", "gaode_poiid": "B000A7CQYU", "name": "中关村第四小学", "type": "科教文化服务;学校;小学", "address": "太阳园14号院", "category": "school", "source": "DATA-SRC-GAODE-FACILITY-POI-20260815", "official_boundary": false, "usable_for_formal": "background_only", "crs_source": "GCJ-02→WGS84 近似转换（误差数米）", "precision_note": "高德 POI 点位为背景参考，位置精度数米级；覆盖不代表完整，缺漏不代表不存在"}, "geometry": {"type": "Point", "coordinates": [116.333451, 39.968103]}}, {"type": "Feature", "properties": {"layer": "GAODE_FACILITY_POI", "gaode_poiid": "B0I2NZMJ7L", "name": "清华大学附属小学(双清苑校区)", "type": "科教文化服务;学校;小学", "address": "双清路19号", "category": "school", "source": "DATA-SRC-GAODE-FACILITY-POI-20260815", "official_boundary": false, "usable_for_formal": "background_only", "crs_source": "GCJ-02→WGS84 近似转换（误差数米）", "precision_note": "高德 POI 点位为背景参考，位置精度数米级；覆盖不代表完整，缺漏不代表不存在"}, "geometry": {"type": "Point", "coordinates": [116.335416, 40.008734]}}, {"type": "Feature", "properties": {"layer": "GAODE_FACILITY_POI", "gaode_poiid": "B000A88E6L", "name": "中国农业科学院附属小学", "type": "科教文化服务;学校;小学", "address": "学院南路(中国农业科学院内)", "category": "school", "source": "DATA-SRC-GAODE-FACILITY-POI-20260815", "official_boundary": false, "usable_for_formal": "background_only", "crs_source": "GCJ-02→WGS84 近似转换（误差数米）", "precision_note": "高德 POI 点位为背景参考，位置精度数米级；覆盖不代表完整，缺漏不代表不存在"}, "geometry": {"type": "Point", "coordinates": [116.322244, 39.956416]}}, {"type": "Feature", "properties": {"layer": "GAODE_FACILITY_POI", "gaode_poiid": "B000A7BU5X", "name": "北京市海淀区双榆树中心小学", "type": "科教文化服务;学校;小学", "address": "双榆树西里36号(人民大学地铁站E口步行370米)", "category": "school", "source": "DATA-SRC-GAODE-FACILITY-POI-20260815", "official_boundary": false, "usable_for_formal": "background_only", "crs_source": "GCJ-02→WGS84 近似转换（误差数米）", "precision_note": "高德 POI 点位为背景参考，位置精度数米级；覆盖不代表完整，缺漏不代表不存在"}, "geometry": {"type": "Point", "coordinates": [116.31744, 39.967705]}}, {"type": "Feature", "properties": {"layer": "GAODE_FACILITY_POI", "gaode_poiid": "B000A7CCWN", "name": "北京市海淀区双榆树第一小学", "type": "科教文化服务;学校;小学", "address": "双榆树东里32号", "category": "school", "source": "DATA-SRC-GAODE-FACILITY-POI-20260815", "official_boundary": false, "usable_for_formal": "background_only", "crs_source": "GCJ-02→WGS84 近似转换（误差数米）", "precision_note": "高德 POI 点位为背景参考，位置精度数米级；覆盖不代表完整，缺漏不代表不存在"}, "geometry": {"type": "Point", "coordinates": [116.321101, 39.968918]}}, {"type": "Feature", "properties": {"layer": "GAODE_FACILITY_POI", "gaode_poiid": "B000A7QCKW", "name": "北京石油学院附属小学石油校区", "type": "科教文化服务;学校;小学", "address": "志新西路石油大院后面", "category": "school", "source": "DATA-SRC-GAODE-FACILITY-POI-20260815", "official_boundary": false, "usable_for_formal": "background_only", "crs_source": "GCJ-02→WGS84 近似转换（误差数米）", "precision_note": "高德 POI 点位为背景参考，位置精度数米级；覆盖不代表完整，缺漏不代表不存在"}, "geometry": {"type": "Point", "coordinates": [116.357415, 39.993539]}}, {"type": "Feature", "properties": {"layer": "GAODE_FACILITY_POI", "gaode_poiid": "B000A7BP03", "name": "北京师范大学实验小学", "type": "科教文化服务;学校;小学", "address": "新街口外大街19号北京师范大学", "category": "school", "source": "DATA-SRC-GAODE-FACILITY-POI-20260815", "official_boundary": false, "usable_for_formal": "background_only", "crs_source": "GCJ-02→WGS84 近似转换（误差数米）", "precision_note": "高德 POI 点位为背景参考，位置精度数米级；覆盖不代表完整，缺漏不代表不存在"}, "geometry": {"type": "Point", "coordinates": [116.362356, 39.961851]}}, {"type": "Feature", "properties": {"layer": "GAODE_FACILITY_POI", "gaode_poiid": "B000A7P7VJ", "name": "民族小学北校区", "type": "科教文化服务;学校;小学", "address": "花园北路26号", "category": "school", "source": "DATA-SRC-GAODE-FACILITY-POI-20260815", "official_boundary": false, "usable_for_formal": "background_only", "crs_source": "GCJ-02→WGS84 近似转换（误差数米）", "precision_note": "高德 POI 点位为背景参考，位置精度数米级；覆盖不代表完整，缺漏不代表不存在"}, "geometry": {"type": "Point", "coordinates": [116.367827, 39.978652]}}, {"type": "Feature", "properties": {"layer": "GAODE_FACILITY_POI", "gaode_poiid": "B000A7CD59", "name": "星火小学", "type": "科教文化服务;学校;小学", "address": "新外大街23号", "category": "school", "source": "DATA-SRC-GAODE-FACILITY-POI-20260815", "official_boundary": false, "usable_for_formal": "background_only", "crs_source": "GCJ-02→WGS84 近似转换（误差数米）", "precision_note": "高德 POI 点位为背景参考，位置精度数米级；覆盖不代表完整，缺漏不代表不存在"}, "geometry": {"type": "Point", "coordinates": [116.36078, 39.951917]}}, {"type": "Feature", "properties": {"layer": "GAODE_FACILITY_POI", "gaode_poiid": "B0FFFVD26W", "name": "中国农业大学附属实验小学", "type": "科教文化服务;学校;小学", "address": "学清路32号(六道口地铁站B东北口步行240米)", "category": "school", "source": "DATA-SRC-GAODE-FACILITY-POI-20260815", "official_boundary": false, "usable_for_formal": "background_only", "crs_source": "GCJ-02→WGS84 近似转换（误差数米）", "precision_note": "高德 POI 点位为背景参考，位置精度数米级；覆盖不代表完整，缺漏不代表不存在"}, "geometry": {"type": "Point", "coordinates": [116.347265, 40.002208]}}, {"type": "Feature", "properties": {"layer": "GAODE_FACILITY_POI", "gaode_poiid": "B000A7H359", "name": "北京医科大学附属小学花园路校区", "type": "科教文化服务;学校;小学", "address": "花园路甲3号", "category": "school", "source": "DATA-SRC-GAODE-FACILITY-POI-20260815", "official_boundary": false, "usable_for_formal": "background_only", "crs_source": "GCJ-02→WGS84 近似转换（误差数米）", "precision_note": "高德 POI 点位为背景参考，位置精度数米级；覆盖不代表完整，缺漏不代表不存在"}, "geometry": {"type": "Point", "coordinates": [116.357831, 39.983923]}}, {"type": "Feature", "properties": {"layer": "GAODE_FACILITY_POI", "gaode_poiid": "B000A7Y6LA", "name": "北京市海淀区实验小学九一分校(西校区)", "type": "科教文化服务;学校;小学", "address": "花园路1号北京市海淀区实验小学九一分校西校区附近", "category": "school", "source": "DATA-SRC-GAODE-FACILITY-POI-20260815", "official_boundary": false, "usable_for_formal": "background_only", "crs_source": "GCJ-02→WGS84 近似转换（误差数米）", "precision_note": "高德 POI 点位为背景参考，位置精度数米级；覆盖不代表完整，缺漏不代表不存在"}, "geometry": {"type": "Point", "coordinates": [116.355326, 39.977959]}}, {"type": "Feature", "properties": {"layer": "GAODE_FACILITY_POI", "gaode_poiid": "B0FFHC5LOA", "name": "北京交通大学附属小学(东校区)", "type": "科教文化服务;学校;小学", "address": "交大东路22号院", "category": "school", "source": "DATA-SRC-GAODE-FACILITY-POI-20260815", "official_boundary": false, "usable_for_formal": "background_only", "crs_source": "GCJ-02→WGS84 近似转换（误差数米）", "precision_note": "高德 POI 点位为背景参考，位置精度数米级；覆盖不代表完整，缺漏不代表不存在"}, "geometry": {"type": "Point", "coordinates": [116.342183, 39.951749]}}, {"type": "Feature", "properties": {"layer": "GAODE_FACILITY_POI", "gaode_poiid": "B000A18993", "name": "中国农业科学院附属小学(学院南路校区)", "type": "科教文化服务;学校;小学", "address": "皂君庙甲38号", "category": "school", "source": "DATA-SRC-GAODE-FACILITY-POI-20260815", "official_boundary": false, "usable_for_formal": "background_only", "crs_source": "GCJ-02→WGS84 近似转换（误差数米）", "precision_note": "高德 POI 点位为背景参考，位置精度数米级；覆盖不代表完整，缺漏不代表不存在"}, "geometry": {"type": "Point", "coordinates": [116.330853, 39.958714]}}, {"type": "Feature", "properties": {"layer": "GAODE_FACILITY_POI", "gaode_poiid": "B000A65A8F", "name": "北京市海淀区前进小学", "type": "科教文化服务;学校;小学", "address": "健安西路32号", "category": "school", "source": "DATA-SRC-GAODE-FACILITY-POI-20260815", "official_boundary": false, "usable_for_formal": "background_only", "crs_source": "GCJ-02→WGS84 近似转换（误差数米）", "precision_note": "高德 POI 点位为背景参考，位置精度数米级；覆盖不代表完整，缺漏不代表不存在"}, "geometry": {"type": "Point", "coordinates": [116.353765, 39.973014]}}, {"type": "Feature", "properties": {"layer": "GAODE_FACILITY_POI", "gaode_poiid": "B000A62814", "name": "北京科技大学附属小学", "type": "科教文化服务;学校;小学", "address": "学院路30号北京科技大学内", "category": "school", "source": "DATA-SRC-GAODE-FACILITY-POI-20260815", "official_boundary": false, "usable_for_formal": "background_only", "crs_source": "GCJ-02→WGS84 近似转换（误差数米）", "precision_note": "高德 POI 点位为背景参考，位置精度数米级；覆盖不代表完整，缺漏不代表不存在"}, "geometry": {"type": "Point", "coordinates": [116.358026, 39.990701]}}, {"type": "Feature", "properties": {"layer": "GAODE_FACILITY_POI", "gaode_poiid": "B000AA1CL7", "name": "北京医科大学附属小学牡丹园校区", "type": "科教文化服务;学校;小学", "address": "牡丹园东里2号", "category": "school", "source": "DATA-SRC-GAODE-FACILITY-POI-20260815", "official_boundary": false, "usable_for_formal": "background_only", "crs_source": "GCJ-02→WGS84 近似转换（误差数米）", "precision_note": "高德 POI 点位为背景参考，位置精度数米级；覆盖不代表完整，缺漏不代表不存在"}, "geometry": {"type": "Point", "coordinates": [116.371026, 39.976337]}}, {"type": "Feature", "properties": {"layer": "GAODE_FACILITY_POI", "gaode_poiid": "B0FFHEEPRQ", "name": "北京邮电大学附属小学(今典校区)", "type": "科教文化服务;学校;小学", "address": "学院南路红联北村83号", "category": "school", "source": "DATA-SRC-GAODE-FACILITY-POI-20260815", "official_boundary": false, "usable_for_formal": "background_only", "crs_source": "GCJ-02→WGS84 近似转换（误差数米）", "precision_note": "高德 POI 点位为背景参考，位置精度数米级；覆盖不代表完整，缺漏不代表不存在"}, "geometry": {"type": "Point", "coordinates": [116.353948, 39.954118]}}, {"type": "Feature", "properties": {"layer": "GAODE_FACILITY_POI", "gaode_poiid": "B0G2PSIQWH", "name": "清华大学附属小学清河分校强佑校区", "type": "科教文化服务;学校;小学", "address": "毛纺东路与清河中街交叉口东南120米", "category": "school", "source": "DATA-SRC-GAODE-FACILITY-POI-20260815", "official_boundary": false, "usable_for_formal": "background_only", "crs_source": "GCJ-02→WGS84 近似转换（误差数米）", "precision_note": "高德 POI 点位为背景参考，位置精度数米级；覆盖不代表完整，缺漏不代表不存在"}, "geometry": {"type": "Point", "coordinates": [116.337382, 40.028464]}}, {"type": "Feature", "properties": {"layer": "GAODE_FACILITY_POI", "gaode_poiid": "B0FFH996J7", "name": "海淀区第三实验小学", "type": "科教文化服务;学校;小学", "address": "王庄路42号(五道口地铁站A北口步行350米)", "category": "school", "source": "DATA-SRC-GAODE-FACILITY-POI-20260815", "official_boundary": false, "usable_for_formal": "background_only", "crs_source": "GCJ-02→WGS84 近似转换（误差数米）", "precision_note": "高德 POI 点位为背景参考，位置精度数米级；覆盖不代表完整，缺漏不代表不存在"}, "geometry": {"type": "Point", "coordinates": [116.334738, 39.992574]}}, {"type": "Feature", "properties": {"layer": "GAODE_FACILITY_POI", "gaode_poiid": "B0FFL5TKIB", "name": "北医附小", "type": "科教文化服务;学校;小学", "address": "花园北路26号(健德门地铁站A西北口步行390米)", "category": "school", "source": "DATA-SRC-GAODE-FACILITY-POI-20260815", "official_boundary": false, "usable_for_formal": "background_only", "crs_source": "GCJ-02→WGS84 近似转换（误差数米）", "precision_note": "高德 POI 点位为背景参考，位置精度数米级；覆盖不代表完整，缺漏不代表不存在"}, "geometry": {"type": "Point", "coordinates": [116.372208, 39.976737]}}, {"type": "Feature", "properties": {"layer": "GAODE_FACILITY_POI", "gaode_poiid": "B0GKMXW2GC", "name": "清华大学附属中学上地小学", "type": "科教文化服务;学校;小学", "address": "圆明园东路北京体育大学家属院内", "category": "school", "source": "DATA-SRC-GAODE-FACILITY-POI-20260815", "official_boundary": false, "usable_for_formal": "background_only", "crs_source": "GCJ-02→WGS84 近似转换（误差数米）", "precision_note": "高德 POI 点位为背景参考，位置精度数米级；覆盖不代表完整，缺漏不代表不存在"}, "geometry": {"type": "Point", "coordinates": [116.315537, 40.015437]}}, {"type": "Feature", "properties": {"layer": "GAODE_FACILITY_POI", "gaode_poiid": "B000A85OVE", "name": "北京交通大学附属小学", "type": "科教文化服务;学校;小学", "address": "高粱桥斜街46号院1号楼", "category": "school", "source": "DATA-SRC-GAODE-FACILITY-POI-20260815", "official_boundary": false, "usable_for_formal": "background_only", "crs_source": "GCJ-02→WGS84 近似转换（误差数米）", "precision_note": "高德 POI 点位为背景参考，位置精度数米级；覆盖不代表完整，缺漏不代表不存在"}, "geometry": {"type": "Point", "coordinates": [116.342309, 39.944069]}}, {"type": "Feature", "properties": {"layer": "GAODE_FACILITY_POI", "gaode_poiid": "B0FFFACSA6", "name": "北京林业大学附属实验小学", "type": "科教文化服务;学校;小学", "address": "月泉路7号院", "category": "school", "source": "DATA-SRC-GAODE-FACILITY-POI-20260815", "official_boundary": false, "usable_for_formal": "background_only", "crs_source": "GCJ-02→WGS84 近似转换（误差数米）", "precision_note": "高德 POI 点位为背景参考，位置精度数米级；覆盖不代表完整，缺漏不代表不存在"}, "geometry": {"type": "Point", "coordinates": [116.334118, 40.014126]}}, {"type": "Feature", "properties": {"layer": "GAODE_FACILITY_POI", "gaode_poiid": "B000A7Q7MP", "name": "北京航空航天大学学院路校区实验小学(小学部)", "type": "科教文化服务;学校;小学", "address": "学院路37号(西土城地铁站A西北口步行390米)", "category": "school", "source": "DATA-SRC-GAODE-FACILITY-POI-20260815", "official_boundary": false, "usable_for_formal": "background_only", "crs_source": "GCJ-02→WGS84 近似转换（误差数米）", "precision_note": "高德 POI 点位为背景参考，位置精度数米级；覆盖不代表完整，缺漏不代表不存在"}, "geometry": {"type": "Point", "coordinates": [116.343055, 39.976392]}}, {"type": "Feature", "properties": {"layer": "GAODE_FACILITY_POI", "gaode_poiid": "B0FFG8GCV6", "name": "中国农业科学院附属小学(政法路校区)", "type": "科教文化服务;学校;小学", "address": "明光村23号", "category": "school", "source": "DATA-SRC-GAODE-FACILITY-POI-20260815", "official_boundary": false, "usable_for_formal": "background_only", "crs_source": "GCJ-02→WGS84 近似转换（误差数米）", "precision_note": "高德 POI 点位为背景参考，位置精度数米级；覆盖不代表完整，缺漏不代表不存在"}, "geometry": {"type": "Point", "coordinates": [116.344217, 39.96194]}}, {"type": "Feature", "properties": {"layer": "GAODE_FACILITY_POI", "gaode_poiid": "B0FFG70OGF", "name": "北京外国语大学附属小学魏公村校区", "type": "科教文化服务;学校;小学", "address": "魏公村小区23号楼", "category": "school", "source": "DATA-SRC-GAODE-FACILITY-POI-20260815", "official_boundary": false, "usable_for_formal": "background_only", "crs_source": "GCJ-02→WGS84 近似转换（误差数米）", "precision_note": "高德 POI 点位为背景参考，位置精度数米级；覆盖不代表完整，缺漏不代表不存在"}, "geometry": {"type": "Point", "coordinates": [116.311743, 39.952332]}}, {"type": "Feature", "properties": {"layer": "GAODE_FACILITY_POI", "gaode_poiid": "B0K02513VL", "name": "北京石油学院附属小学月华分校", "type": "科教文化服务;学校;小学", "address": "东升镇京昌路地块(小月河东路)", "category": "school", "source": "DATA-SRC-GAODE-FACILITY-POI-20260815", "official_boundary": false, "usable_for_formal": "background_only", "crs_source": "GCJ-02→WGS84 近似转换（误差数米）", "precision_note": "高德 POI 点位为背景参考，位置精度数米级；覆盖不代表完整，缺漏不代表不存在"}, "geometry": {"type": "Point", "coordinates": [116.356389, 40.004662]}}, {"type": "Feature", "properties": {"layer": "GAODE_FACILITY_POI", "gaode_poiid": "B0FFHGM4IP", "name": "中国农业科学院附属小学(气象路校区)", "type": "科教文化服务;学校;小学", "address": "太平庄路13号", "category": "school", "source": "DATA-SRC-GAODE-FACILITY-POI-20260815", "official_boundary": false, "usable_for_formal": "background_only", "crs_source": "GCJ-02→WGS84 近似转换（误差数米）", "precision_note": "高德 POI 点位为背景参考，位置精度数米级；覆盖不代表完整，缺漏不代表不存在"}, "geometry": {"type": "Point", "coordinates": [116.330286, 39.945586]}}, {"type": "Feature", "properties": {"layer": "GAODE_FACILITY_POI", "gaode_poiid": "B000A8VUJF", "name": "北京石油学院附属小学二里庄校区", "type": "科教文化服务;学校;小学", "address": "二里庄24号", "category": "school", "source": "DATA-SRC-GAODE-FACILITY-POI-20260815", "official_boundary": false, "usable_for_formal": "background_only", "crs_source": "GCJ-02→WGS84 近似转换（误差数米）", "precision_note": "高德 POI 点位为背景参考，位置精度数米级；覆盖不代表完整，缺漏不代表不存在"}, "geometry": {"type": "Point", "coordinates": [116.361777, 39.99484]}}, {"type": "Feature", "properties": {"layer": "GAODE_FACILITY_POI", "gaode_poiid": "B000A84P1C", "name": "北京林业大学附属小学", "type": "科教文化服务;学校;小学", "address": "清华东路35号北京林业大学内", "category": "school", "source": "DATA-SRC-GAODE-FACILITY-POI-20260815", "official_boundary": false, "usable_for_formal": "background_only", "crs_source": "GCJ-02→WGS84 近似转换（误差数米）", "precision_note": "高德 POI 点位为背景参考，位置精度数米级；覆盖不代表完整，缺漏不代表不存在"}, "geometry": {"type": "Point", "coordinates": [116.342239, 40.003241]}}, {"type": "Feature", "properties": {"layer": "GAODE_FACILITY_POI", "gaode_poiid": "B0FFLMHGNU", "name": "北京石油学院附属小学志新校区", "type": "科教文化服务;学校;小学", "address": "学院路街道志新村25号", "category": "school", "source": "DATA-SRC-GAODE-FACILITY-POI-20260815", "official_boundary": false, "usable_for_formal": "background_only", "crs_source": "GCJ-02→WGS84 近似转换（误差数米）", "precision_note": "高德 POI 点位为背景参考，位置精度数米级；覆盖不代表完整，缺漏不代表不存在"}, "geometry": {"type": "Point", "coordinates": [116.360959, 39.987608]}}, {"type": "Feature", "properties": {"layer": "GAODE_FACILITY_POI", "gaode_poiid": "B000A7WPF8", "name": "北京市海淀区学院路小学", "type": "科教文化服务;学校;小学", "address": "蓟门小区内", "category": "school", "source": "DATA-SRC-GAODE-FACILITY-POI-20260815", "official_boundary": false, "usable_for_formal": "background_only", "crs_source": "GCJ-02→WGS84 近似转换（误差数米）", "precision_note": "高德 POI 点位为背景参考，位置精度数米级；覆盖不代表完整，缺漏不代表不存在"}, "geometry": {"type": "Point", "coordinates": [116.345096, 39.969685]}}, {"type": "Feature", "properties": {"layer": "GAODE_FACILITY_POI", "gaode_poiid": "B000A79B51", "name": "北京市海淀区第三实验小学", "type": "科教文化服务;学校;小学", "address": "成府路20号", "category": "school", "source": "DATA-SRC-GAODE-FACILITY-POI-20260815", "official_boundary": false, "usable_for_formal": "background_only", "crs_source": "GCJ-02→WGS84 近似转换（误差数米）", "precision_note": "高德 POI 点位为背景参考，位置精度数米级；覆盖不代表完整，缺漏不代表不存在"}, "geometry": {"type": "Point", "coordinates": [116.337741, 39.990106]}}, {"type": "Feature", "properties": {"layer": "GAODE_FACILITY_POI", "gaode_poiid": "B0FFI4RB8V", "name": "北京邮电大学附属小学(文慧园校区)", "type": "科教文化服务;学校;小学", "address": "索家坟小区42号", "category": "school", "source": "DATA-SRC-GAODE-FACILITY-POI-20260815", "official_boundary": false, "usable_for_formal": "background_only", "crs_source": "GCJ-02→WGS84 近似转换（误差数米）", "precision_note": "高德 POI 点位为背景参考，位置精度数米级；覆盖不代表完整，缺漏不代表不存在"}, "geometry": {"type": "Point", "coordinates": [116.353914, 39.950194]}}, {"type": "Feature", "properties": {"layer": "GAODE_FACILITY_POI", "gaode_poiid": "B0FFHJ9AX1", "name": "北京市海淀区实验小学九一分校东校区", "type": "科教文化服务;学校;小学", "address": "塔院东街东", "category": "school", "source": "DATA-SRC-GAODE-FACILITY-POI-20260815", "official_boundary": false, "usable_for_formal": "background_only", "crs_source": "GCJ-02→WGS84 近似转换（误差数米）", "precision_note": "高德 POI 点位为背景参考，位置精度数米级；覆盖不代表完整，缺漏不代表不存在"}, "geometry": {"type": "Point", "coordinates": [116.35648, 39.97794]}}, {"type": "Feature", "properties": {"layer": "GAODE_FACILITY_POI", "gaode_poiid": "B000AA0VFJ", "name": "永泰小学清缘里校区", "type": "科教文化服务;学校;小学", "address": "清河龙岗路12号清缘里中区11号楼", "category": "school", "source": "DATA-SRC-GAODE-FACILITY-POI-20260815", "official_boundary": false, "usable_for_formal": "background_only", "crs_source": "GCJ-02→WGS84 近似转换（误差数米）", "precision_note": "高德 POI 点位为背景参考，位置精度数米级；覆盖不代表完整，缺漏不代表不存在"}, "geometry": {"type": "Point", "coordinates": [116.350683, 40.027685]}}, {"type": "Feature", "properties": {"layer": "GAODE_FACILITY_POI", "gaode_poiid": "B0H2BZKQ1C", "name": "北京市中科启元学校小学部", "type": "科教文化服务;学校;小学|科教文化服务;培训机构;培训机构", "address": "中关村北一街北二条15号", "category": "school", "source": "DATA-SRC-GAODE-FACILITY-POI-20260815", "official_boundary": false, "usable_for_formal": "background_only", "crs_source": "GCJ-02→WGS84 近似转换（误差数米）", "precision_note": "高德 POI 点位为背景参考，位置精度数米级；覆盖不代表完整，缺漏不代表不存在"}, "geometry": {"type": "Point", "coordinates": [116.315503, 39.986201]}}, {"type": "Feature", "properties": {"layer": "GAODE_FACILITY_POI", "gaode_poiid": "B0IBC7WD9G", "name": "北京邮电大学附属小学(志强校区)", "type": "科教文化服务;学校;小学", "address": "德胜门西大街甲5号院", "category": "school", "source": "DATA-SRC-GAODE-FACILITY-POI-20260815", "official_boundary": false, "usable_for_formal": "background_only", "crs_source": "GCJ-02→WGS84 近似转换（误差数米）", "precision_note": "高德 POI 点位为背景参考，位置精度数米级；覆盖不代表完整，缺漏不代表不存在"}, "geometry": {"type": "Point", "coordinates": [116.357446, 39.946509]}}, {"type": "Feature", "properties": {"layer": "GAODE_FACILITY_POI", "gaode_poiid": "B000A878EQ", "name": "海淀区第二实验小学(汇缘校区)", "type": "科教文化服务;学校;小学", "address": "G7京新高速与G7京新高速入口交叉口东南150米", "category": "school", "source": "DATA-SRC-GAODE-FACILITY-POI-20260815", "official_boundary": false, "usable_for_formal": "background_only", "crs_source": "GCJ-02→WGS84 近似转换（误差数米）", "precision_note": "高德 POI 点位为背景参考，位置精度数米级；覆盖不代表完整，缺漏不代表不存在"}, "geometry": {"type": "Point", "coordinates": [116.317615, 40.027483]}}, {"type": "Feature", "properties": {"layer": "GAODE_FACILITY_POI", "gaode_poiid": "B0J10ZCI3T", "name": "北京市海淀区第三实验小学展春校区", "type": "科教文化服务;学校;小学", "address": "展春园22号楼", "category": "school", "source": "DATA-SRC-GAODE-FACILITY-POI-20260815", "official_boundary": false, "usable_for_formal": "background_only", "crs_source": "GCJ-02→WGS84 近似转换（误差数米）", "precision_note": "高德 POI 点位为背景参考，位置精度数米级；覆盖不代表完整，缺漏不代表不存在"}, "geometry": {"type": "Point", "coordinates": [116.337423, 39.985903]}}, {"type": "Feature", "properties": {"layer": "GAODE_FACILITY_POI", "gaode_poiid": "B0FFFE3K4P", "name": "北航实验学校小学部(西门)", "type": "科教文化服务;学校;小学", "address": "学院路37号北京航空航天大学内", "category": "school", "source": "DATA-SRC-GAODE-FACILITY-POI-20260815", "official_boundary": false, "usable_for_formal": "background_only", "crs_source": "GCJ-02→WGS84 近似转换（误差数米）", "precision_note": "高德 POI 点位为背景参考，位置精度数米级；覆盖不代表完整，缺漏不代表不存在"}, "geometry": {"type": "Point", "coordinates": [116.34213, 39.976025]}}, {"type": "Feature", "properties": {"layer": "GAODE_FACILITY_POI", "gaode_poiid": "B0L0MR9Y1V", "name": "西小", "type": "科教文化服务;学校;小学", "address": "中关村北一条与中关村北二街交叉口东140米", "category": "school", "source": "DATA-SRC-GAODE-FACILITY-POI-20260815", "official_boundary": false, "usable_for_formal": "background_only", "crs_source": "GCJ-02→WGS84 近似转换（误差数米）", "precision_note": "高德 POI 点位为背景参考，位置精度数米级；覆盖不代表完整，缺漏不代表不存在"}, "geometry": {"type": "Point", "coordinates": [116.322629, 39.986859]}}, {"type": "Feature", "properties": {"layer": "GAODE_FACILITY_POI", "gaode_poiid": "B0L217TGE0", "name": "西小", "type": "科教文化服务;学校;小学", "address": "文慧园西路与慧景路交叉口北220米", "category": "school", "source": "DATA-SRC-GAODE-FACILITY-POI-20260815", "official_boundary": false, "usable_for_formal": "background_only", "crs_source": "GCJ-02→WGS84 近似转换（误差数米）", "precision_note": "高德 POI 点位为背景参考，位置精度数米级；覆盖不代表完整，缺漏不代表不存在"}, "geometry": {"type": "Point", "coordinates": [116.353115, 39.954788]}}, {"type": "Feature", "properties": {"layer": "GAODE_FACILITY_POI", "gaode_poiid": "B0MUOO65GQ", "name": "双榆树西里小学", "type": "科教文化服务;学校;小学", "address": "北三环西路辅路与科学院南路交叉口西40米", "category": "school", "source": "DATA-SRC-GAODE-FACILITY-POI-20260815", "official_boundary": false, "usable_for_formal": "background_only", "crs_source": "GCJ-02→WGS84 近似转换（误差数米）", "precision_note": "高德 POI 点位为背景参考，位置精度数米级；覆盖不代表完整，缺漏不代表不存在"}, "geometry": {"type": "Point", "coordinates": [116.31904, 39.966217]}}, {"type": "Feature", "properties": {"layer": "GAODE_FACILITY_POI", "gaode_poiid": "B000A7O0UN", "name": "清华大学洁华幼儿园", "type": "科教文化服务;学校;幼儿园", "address": "双清路30号清华大学内(近五道口)", "category": "school", "source": "DATA-SRC-GAODE-FACILITY-POI-20260815", "official_boundary": false, "usable_for_formal": "background_only", "crs_source": "GCJ-02→WGS84 近似转换（误差数米）", "precision_note": "高德 POI 点位为背景参考，位置精度数米级；覆盖不代表完整，缺漏不代表不存在"}, "geometry": {"type": "Point", "coordinates": [116.320419, 39.995751]}}, {"type": "Feature", "properties": {"layer": "GAODE_FACILITY_POI", "gaode_poiid": "B0JGLHCUDW", "name": "梧桐湾赫泽幼儿园", "type": "科教文化服务;学校;幼儿园", "address": "花园北路骏华阁小区赫泽幼儿园", "category": "school", "source": "DATA-SRC-GAODE-FACILITY-POI-20260815", "official_boundary": false, "usable_for_formal": "background_only", "crs_source": "GCJ-02→WGS84 近似转换（误差数米）", "precision_note": "高德 POI 点位为背景参考，位置精度数米级；覆盖不代表完整，缺漏不代表不存在"}, "geometry": {"type": "Point", "coordinates": [116.360561, 39.983474]}}, {"type": "Feature", "properties": {"layer": "GAODE_FACILITY_POI", "gaode_poiid": "B0FFH04KEP", "name": "中国科学院幼儿园第三幼儿园", "type": "科教文化服务;学校;幼儿园", "address": "中关村南一街2号", "category": "school", "source": "DATA-SRC-GAODE-FACILITY-POI-20260815", "official_boundary": false, "usable_for_formal": "background_only", "crs_source": "GCJ-02→WGS84 近似转换（误差数米）", "precision_note": "高德 POI 点位为背景参考，位置精度数米级；覆盖不代表完整，缺漏不代表不存在"}, "geometry": {"type": "Point", "coordinates": [116.314567, 39.982218]}}, {"type": "Feature", "properties": {"layer": "GAODE_FACILITY_POI", "gaode_poiid": "B0FFL62H9X", "name": "中国农业科学院附属小学幼儿园", "type": "科教文化服务;学校;幼儿园", "address": "明光北里13号楼南侧", "category": "school", "source": "DATA-SRC-GAODE-FACILITY-POI-20260815", "official_boundary": false, "usable_for_formal": "background_only", "crs_source": "GCJ-02→WGS84 近似转换（误差数米）", "precision_note": "高德 POI 点位为背景参考，位置精度数米级；覆盖不代表完整，缺漏不代表不存在"}, "geometry": {"type": "Point", "coordinates": [116.342515, 39.962287]}}, {"type": "Feature", "properties": {"layer": "GAODE_FACILITY_POI", "gaode_poiid": "B000A80YMS", "name": "北京明天幼稚集团第一幼儿园", "type": "科教文化服务;学校;幼儿园", "address": "塔院小区迎春园甲7号", "category": "school", "source": "DATA-SRC-GAODE-FACILITY-POI-20260815", "official_boundary": false, "usable_for_formal": "background_only", "crs_source": "GCJ-02→WGS84 近似转换（误差数米）", "precision_note": "高德 POI 点位为背景参考，位置精度数米级；覆盖不代表完整，缺漏不代表不存在"}, "geometry": {"type": "Point", "coordinates": [116.354225, 39.977537]}}, {"type": "Feature", "properties": {"layer": "GAODE_FACILITY_POI", "gaode_poiid": "B000A774DD", "name": "北京市海淀区政府机关幼儿园", "type": "科教文化服务;学校;幼儿园", "address": "知春东里14号(近知春公园)", "category": "school", "source": "DATA-SRC-GAODE-FACILITY-POI-20260815", "official_boundary": false, "usable_for_formal": "background_only", "crs_source": "GCJ-02→WGS84 近似转换（误差数米）", "precision_note": "高德 POI 点位为背景参考，位置精度数米级；覆盖不代表完整，缺漏不代表不存在"}, "geometry": {"type": "Point", "coordinates": [116.319596, 39.973368]}}, {"type": "Feature", "properties": {"layer": "GAODE_FACILITY_POI", "gaode_poiid": "B000A8W593", "name": "北京邮电大学幼儿园", "type": "科教文化服务;学校;幼儿园", "address": "西土城路10号北京邮电大学", "category": "school", "source": "DATA-SRC-GAODE-FACILITY-POI-20260815", "official_boundary": false, "usable_for_formal": "background_only", "crs_source": "GCJ-02→WGS84 近似转换（误差数米）", "precision_note": "高德 POI 点位为背景参考，位置精度数米级；覆盖不代表完整，缺漏不代表不存在"}, "geometry": {"type": "Point", "coordinates": [116.352949, 39.958167]}}, {"type": "Feature", "properties": {"layer": "GAODE_FACILITY_POI", "gaode_poiid": "B000A8WA8I", "name": "东方悦稚·未来之星实验幼儿园", "type": "科教文化服务;学校;幼儿园", "address": "学院路14号新区(六道口地铁站A2西北口步行290米)", "category": "school", "source": "DATA-SRC-GAODE-FACILITY-POI-20260815", "official_boundary": false, "usable_for_formal": "background_only", "crs_source": "GCJ-02→WGS84 近似转换（误差数米）", "precision_note": "高德 POI 点位为背景参考，位置精度数米级；覆盖不代表完整，缺漏不代表不存在"}, "geometry": {"type": "Point", "coordinates": [116.345245, 40.002168]}}, {"type": "Feature", "properties": {"layer": "GAODE_FACILITY_POI", "gaode_poiid": "B0FFJXRGIV", "name": "清华大学洁华幼儿园(双清苑分园)", "type": "科教文化服务;学校;幼儿园", "address": "东升镇双清路双清苑小区24号楼", "category": "school", "source": "DATA-SRC-GAODE-FACILITY-POI-20260815", "official_boundary": false, "usable_for_formal": "background_only", "crs_source": "GCJ-02→WGS84 近似转换（误差数米）", "precision_note": "高德 POI 点位为背景参考，位置精度数米级；覆盖不代表完整，缺漏不代表不存在"}, "geometry": {"type": "Point", "coordinates": [116.336406, 40.009861]}}, {"type": "Feature", "properties": {"layer": "GAODE_FACILITY_POI", "gaode_poiid": "B000A80A36", "name": "北京师范大学实验幼儿园(辅仁路)", "type": "科教文化服务;学校;幼儿园", "address": "新街口外大街19号", "category": "school", "source": "DATA-SRC-GAODE-FACILITY-POI-20260815", "official_boundary": false, "usable_for_formal": "background_only", "crs_source": "GCJ-02→WGS84 近似转换（误差数米）", "precision_note": "高德 POI 点位为背景参考，位置精度数米级；覆盖不代表完整，缺漏不代表不存在"}, "geometry": {"type": "Point", "coordinates": [116.359451, 39.961919]}}, {"type": "Feature", "properties": {"layer": "GAODE_FACILITY_POI", "gaode_poiid": "B000A7MUF4", "name": "中国气象局幼儿园", "type": "科教文化服务;学校;幼儿园", "address": "中关村南大街46号中国气象局南区19号楼", "category": "school", "source": "DATA-SRC-GAODE-FACILITY-POI-20260815", "official_boundary": false, "usable_for_formal": "background_only", "crs_source": "GCJ-02→WGS84 近似转换（误差数米）", "precision_note": "高德 POI 点位为背景参考，位置精度数米级；覆盖不代表完整，缺漏不代表不存在"}, "geometry": {"type": "Point", "coordinates": [116.324465, 39.945277]}}, {"type": "Feature", "properties": {"layer": "GAODE_FACILITY_POI", "gaode_poiid": "B0FFFALUMQ", "name": "爱儿坊橡树湾幼儿园", "type": "科教文化服务;学校;幼儿园", "address": "学府树家园五区3", "category": "school", "source": "DATA-SRC-GAODE-FACILITY-POI-20260815", "official_boundary": false, "usable_for_formal": "background_only", "crs_source": "GCJ-02→WGS84 近似转换（误差数米）", "precision_note": "高德 POI 点位为背景参考，位置精度数米级；覆盖不代表完整，缺漏不代表不存在"}, "geometry": {"type": "Point", "coordinates": [116.32472, 40.027436]}}, {"type": "Feature", "properties": {"layer": "GAODE_FACILITY_POI", "gaode_poiid": "B000A60F1F", "name": "北京明天幼稚集团第二幼儿园", "type": "科教文化服务;学校;幼儿园", "address": "双榆树东里36号(人民大学地铁站E口步行480米)", "category": "school", "source": "DATA-SRC-GAODE-FACILITY-POI-20260815", "official_boundary": false, "usable_for_formal": "background_only", "crs_source": "GCJ-02→WGS84 近似转换（误差数米）", "precision_note": "高德 POI 点位为背景参考，位置精度数米级；覆盖不代表完整，缺漏不代表不存在"}, "geometry": {"type": "Point", "coordinates": [116.320678, 39.967792]}}, {"type": "Feature", "properties": {"layer": "GAODE_FACILITY_POI", "gaode_poiid": "B0FFG4OFWI", "name": "北京大学医学部幼儿园", "type": "科教文化服务;学校;幼儿园", "address": "学院路38号北京大学医学部", "category": "school", "source": "DATA-SRC-GAODE-FACILITY-POI-20260815", "official_boundary": false, "usable_for_formal": "background_only", "crs_source": "GCJ-02→WGS84 近似转换（误差数米）", "precision_note": "高德 POI 点位为背景参考，位置精度数米级；覆盖不代表完整，缺漏不代表不存在"}, "geometry": {"type": "Point", "coordinates": [116.356836, 39.980911]}}, {"type": "Feature", "properties": {"layer": "GAODE_FACILITY_POI", "gaode_poiid": "B0H1LSGK4M", "name": "博雅学园幼儿园", "type": "科教文化服务;学校;幼儿园", "address": "北四环西路展春二桥北暂安路(华源公寓西门)", "category": "school", "source": "DATA-SRC-GAODE-FACILITY-POI-20260815", "official_boundary": false, "usable_for_formal": "background_only", "crs_source": "GCJ-02→WGS84 近似转换（误差数米）", "precision_note": "高德 POI 点位为背景参考，位置精度数米级；覆盖不代表完整，缺漏不代表不存在"}, "geometry": {"type": "Point", "coordinates": [116.33307, 39.986655]}}, {"type": "Feature", "properties": {"layer": "GAODE_FACILITY_POI", "gaode_poiid": "B000A85EB1", "name": "钢铁研究总院幼儿园", "type": "科教文化服务;学校;幼儿园", "address": "大慧寺路6号", "category": "school", "source": "DATA-SRC-GAODE-FACILITY-POI-20260815", "official_boundary": false, "usable_for_formal": "background_only", "crs_source": "GCJ-02→WGS84 近似转换（误差数米）", "precision_note": "高德 POI 点位为背景参考，位置精度数米级；覆盖不代表完整，缺漏不代表不存在"}, "geometry": {"type": "Point", "coordinates": [116.328554, 39.948558]}}, {"type": "Feature", "properties": {"layer": "GAODE_FACILITY_POI", "gaode_poiid": "B000A8VQZX", "name": "北京市海淀区现代睿智融合幼儿园", "type": "科教文化服务;学校;幼儿园", "address": "北太平庄街道知春路罗庄西里七号", "category": "school", "source": "DATA-SRC-GAODE-FACILITY-POI-20260815", "official_boundary": false, "usable_for_formal": "background_only", "crs_source": "GCJ-02→WGS84 近似转换（误差数米）", "precision_note": "高德 POI 点位为背景参考，位置精度数米级；覆盖不代表完整，缺漏不代表不存在"}, "geometry": {"type": "Point", "coordinates": [116.33822, 39.972247]}}, {"type": "Feature", "properties": {"layer": "GAODE_FACILITY_POI", "gaode_poiid": "B000A8XEPX", "name": "北京交大幼儿园", "type": "科教文化服务;学校;幼儿园", "address": "上园村3号北京交通大学内(近交大东路)", "category": "school", "source": "DATA-SRC-GAODE-FACILITY-POI-20260815", "official_boundary": false, "usable_for_formal": "background_only", "crs_source": "GCJ-02→WGS84 近似转换（误差数米）", "precision_note": "高德 POI 点位为背景参考，位置精度数米级；覆盖不代表完整，缺漏不代表不存在"}, "geometry": {"type": "Point", "coordinates": [116.342097, 39.946831]}}, {"type": "Feature", "properties": {"layer": "GAODE_FACILITY_POI", "gaode_poiid": "B000A87IPE", "name": "中国科学院第一幼儿园(北四环西路辅路)", "type": "科教文化服务;学校;幼儿园", "address": "科源社区中关村24楼旁", "category": "school", "source": "DATA-SRC-GAODE-FACILITY-POI-20260815", "official_boundary": false, "usable_for_formal": "background_only", "crs_source": "GCJ-02→WGS84 近似转换（误差数米）", "precision_note": "高德 POI 点位为背景参考，位置精度数米级；覆盖不代表完整，缺漏不代表不存在"}, "geometry": {"type": "Point", "coordinates": [116.311316, 39.98518]}}, {"type": "Feature", "properties": {"layer": "GAODE_FACILITY_POI", "gaode_poiid": "B000A8ZH37", "name": "北京林业大学幼儿园", "type": "科教文化服务;学校;幼儿园", "address": "清华东路35号北京林业大学", "category": "school", "source": "DATA-SRC-GAODE-FACILITY-POI-20260815", "official_boundary": false, "usable_for_formal": "background_only", "crs_source": "GCJ-02→WGS84 近似转换（误差数米）", "precision_note": "高德 POI 点位为背景参考，位置精度数米级；覆盖不代表完整，缺漏不代表不存在"}, "geometry": {"type": "Point", "coordinates": [116.335149, 40.003642]}}, {"type": "Feature", "properties": {"layer": "GAODE_FACILITY_POI", "gaode_poiid": "B000AA16G0", "name": "中国石油集团科学技术研究院有限公司幼儿园", "type": "科教文化服务;学校;幼儿园", "address": "石油大院20号", "category": "school", "source": "DATA-SRC-GAODE-FACILITY-POI-20260815", "official_boundary": false, "usable_for_formal": "background_only", "crs_source": "GCJ-02→WGS84 近似转换（误差数米）", "precision_note": "高德 POI 点位为背景参考，位置精度数米级；覆盖不代表完整，缺漏不代表不存在"}, "geometry": {"type": "Point", "coordinates": [116.356256, 39.994805]}}, {"type": "Feature", "properties": {"layer": "GAODE_FACILITY_POI", "gaode_poiid": "B0G1G5NHL7", "name": "太极艾嘉幼儿园", "type": "科教文化服务;学校;幼儿园", "address": "北京市海淀区志新东路14号", "category": "school", "source": "DATA-SRC-GAODE-FACILITY-POI-20260815", "official_boundary": false, "usable_for_formal": "background_only", "crs_source": "GCJ-02→WGS84 近似转换（误差数米）", "precision_note": "高德 POI 点位为背景参考，位置精度数米级；覆盖不代表完整，缺漏不代表不存在"}, "geometry": {"type": "Point", "coordinates": [116.364751, 39.988927]}}, {"type": "Feature", "properties": {"layer": "GAODE_FACILITY_POI", "gaode_poiid": "B000A764B6", "name": "威凯幼儿园", "type": "科教文化服务;学校;幼儿园", "address": "文慧园15-16号楼威凯体育", "category": "school", "source": "DATA-SRC-GAODE-FACILITY-POI-20260815", "official_boundary": false, "usable_for_formal": "background_only", "crs_source": "GCJ-02→WGS84 近似转换（误差数米）", "precision_note": "高德 POI 点位为背景参考，位置精度数米级；覆盖不代表完整，缺漏不代表不存在"}, "geometry": {"type": "Point", "coordinates": [116.356775, 39.948565]}}, {"type": "Feature", "properties": {"layer": "GAODE_FACILITY_POI", "gaode_poiid": "B000A80A3Y", "name": "北京航空航天大学幼儿园", "type": "科教文化服务;学校;幼儿园", "address": "学院路37号北京航空航天大学内", "category": "school", "source": "DATA-SRC-GAODE-FACILITY-POI-20260815", "official_boundary": false, "usable_for_formal": "background_only", "crs_source": "GCJ-02→WGS84 近似转换（误差数米）", "precision_note": "高德 POI 点位为背景参考，位置精度数米级；覆盖不代表完整，缺漏不代表不存在"}, "geometry": {"type": "Point", "coordinates": [116.336201, 39.98069]}}, {"type": "Feature", "properties": {"layer": "GAODE_FACILITY_POI", "gaode_poiid": "B0FFJZ7MZD", "name": "太阳幼儿园(大钟寺东路)", "type": "科教文化服务;学校;幼儿园", "address": "太阳园小区7号楼", "category": "school", "source": "DATA-SRC-GAODE-FACILITY-POI-20260815", "official_boundary": false, "usable_for_formal": "background_only", "crs_source": "GCJ-02→WGS84 近似转换（误差数米）", "precision_note": "高德 POI 点位为背景参考，位置精度数米级；覆盖不代表完整，缺漏不代表不存在"}, "geometry": {"type": "Point", "coordinates": [116.334694, 39.969871]}}, {"type": "Feature", "properties": {"layer": "GAODE_FACILITY_POI", "gaode_poiid": "B000A45D86", "name": "九一幼儿园", "type": "科教文化服务;学校;幼儿园", "address": "花园路1号", "category": "school", "source": "DATA-SRC-GAODE-FACILITY-POI-20260815", "official_boundary": false, "usable_for_formal": "background_only", "crs_source": "GCJ-02→WGS84 近似转换（误差数米）", "precision_note": "高德 POI 点位为背景参考，位置精度数米级；覆盖不代表完整，缺漏不代表不存在"}, "geometry": {"type": "Point", "coordinates": [116.357189, 39.978193]}}, {"type": "Feature", "properties": {"layer": "GAODE_FACILITY_POI", "gaode_poiid": "B0FFHEJ27Z", "name": "北京有色金属研究总院幼儿园", "type": "科教文化服务;学校;幼儿园", "address": "北三环中路43号院有研新小区", "category": "school", "source": "DATA-SRC-GAODE-FACILITY-POI-20260815", "official_boundary": false, "usable_for_formal": "background_only", "crs_source": "GCJ-02→WGS84 近似转换（误差数米）", "precision_note": "高德 POI 点位为背景参考，位置精度数米级；覆盖不代表完整，缺漏不代表不存在"}, "geometry": {"type": "Point", "coordinates": [116.367273, 39.972814]}}, {"type": "Feature", "properties": {"layer": "GAODE_FACILITY_POI", "gaode_poiid": "B000A7RC0Z", "name": "中国农业科学院幼儿园", "type": "科教文化服务;学校;幼儿园", "address": "北下关街道中关村南大街12号", "category": "school", "source": "DATA-SRC-GAODE-FACILITY-POI-20260815", "official_boundary": false, "usable_for_formal": "background_only", "crs_source": "GCJ-02→WGS84 近似转换（误差数米）", "precision_note": "高德 POI 点位为背景参考，位置精度数米级；覆盖不代表完整，缺漏不代表不存在"}, "geometry": {"type": "Point", "coordinates": [116.321968, 39.95741]}}, {"type": "Feature", "properties": {"layer": "GAODE_FACILITY_POI", "gaode_poiid": "B000A2D38F", "name": "北京师范大学实验幼儿园牡丹园分园", "type": "科教文化服务;学校;幼儿园", "address": "北土城西路牡丹园东里18号(近牡丹园东街)", "category": "school", "source": "DATA-SRC-GAODE-FACILITY-POI-20260815", "official_boundary": false, "usable_for_formal": "background_only", "crs_source": "GCJ-02→WGS84 近似转换（误差数米）", "precision_note": "高德 POI 点位为背景参考，位置精度数米级；覆盖不代表完整，缺漏不代表不存在"}, "geometry": {"type": "Point", "coordinates": [116.36723, 39.976558]}}, {"type": "Feature", "properties": {"layer": "GAODE_FACILITY_POI", "gaode_poiid": "B000A83N84", "name": "北京明天幼稚集团第四幼儿园", "type": "科教文化服务;学校;幼儿园", "address": "双榆树北路63号(海淀黄庄地铁站B东北口步行460米)", "category": "school", "source": "DATA-SRC-GAODE-FACILITY-POI-20260815", "official_boundary": false, "usable_for_formal": "background_only", "crs_source": "GCJ-02→WGS84 近似转换（误差数米）", "precision_note": "高德 POI 点位为背景参考，位置精度数米级；覆盖不代表完整，缺漏不代表不存在"}, "geometry": {"type": "Point", "coordinates": [116.314558, 39.973076]}}, {"type": "Feature", "properties": {"layer": "GAODE_FACILITY_POI", "gaode_poiid": "B0KUTUEDIU", "name": "井德幼儿园(韦伯豪园)", "type": "科教文化服务;学校;幼儿园", "address": "魏公村街1号韦伯豪家园10号楼", "category": "school", "source": "DATA-SRC-GAODE-FACILITY-POI-20260815", "official_boundary": false, "usable_for_formal": "background_only", "crs_source": "GCJ-02→WGS84 近似转换（误差数米）", "precision_note": "高德 POI 点位为背景参考，位置精度数米级；覆盖不代表完整，缺漏不代表不存在"}, "geometry": {"type": "Point", "coordinates": [116.312851, 39.952712]}}, {"type": "Feature", "properties": {"layer": "GAODE_FACILITY_POI", "gaode_poiid": "B0H1LMHL01", "name": "清华大学附属小学成志幼儿园", "type": "科教文化服务;学校;幼儿园", "address": "清河中街26号1号楼101室", "category": "school", "source": "DATA-SRC-GAODE-FACILITY-POI-20260815", "official_boundary": false, "usable_for_formal": "background_only", "crs_source": "GCJ-02→WGS84 近似转换（误差数米）", "precision_note": "高德 POI 点位为背景参考，位置精度数米级；覆盖不代表完整，缺漏不代表不存在"}, "geometry": {"type": "Point", "coordinates": [116.337508, 40.029213]}}, {"type": "Feature", "properties": {"layer": "GAODE_FACILITY_POI", "gaode_poiid": "B0FFH03FYE", "name": "北京市海淀区民族幼儿园", "type": "科教文化服务;学校;幼儿园", "address": "马甸东路", "category": "school", "source": "DATA-SRC-GAODE-FACILITY-POI-20260815", "official_boundary": false, "usable_for_formal": "background_only", "crs_source": "GCJ-02→WGS84 近似转换（误差数米）", "precision_note": "高德 POI 点位为背景参考，位置精度数米级；覆盖不代表完整，缺漏不代表不存在"}, "geometry": {"type": "Point", "coordinates": [116.371783, 39.968379]}}, {"type": "Feature", "properties": {"layer": "GAODE_FACILITY_POI", "gaode_poiid": "B0K03CQ540", "name": "熊猫宝宝", "type": "科教文化服务;学校;幼儿园", "address": "健德商务楼西南门旁(健德门地铁站D西南口步行320米)", "category": "school", "source": "DATA-SRC-GAODE-FACILITY-POI-20260815", "official_boundary": false, "usable_for_formal": "background_only", "crs_source": "GCJ-02→WGS84 近似转换（误差数米）", "precision_note": "高德 POI 点位为背景参考，位置精度数米级；覆盖不代表完整，缺漏不代表不存在"}, "geometry": {"type": "Point", "coordinates": [116.372888, 39.97422]}}, {"type": "Feature", "properties": {"layer": "GAODE_FACILITY_POI", "gaode_poiid": "B0I1USY864", "name": "中科小月河幼儿园", "type": "科教文化服务;学校;幼儿园", "address": "小月河东路与石板房南路辅路交叉口北180米", "category": "school", "source": "DATA-SRC-GAODE-FACILITY-POI-20260815", "official_boundary": false, "usable_for_formal": "background_only", "crs_source": "GCJ-02→WGS84 近似转换（误差数米）", "precision_note": "高德 POI 点位为背景参考，位置精度数米级；覆盖不代表完整，缺漏不代表不存在"}, "geometry": {"type": "Point", "coordinates": [116.353114, 40.008392]}}, {"type": "Feature", "properties": {"layer": "GAODE_FACILITY_POI", "gaode_poiid": "B000A8VP9Q", "name": "北京语言大学幼儿园", "type": "科教文化服务;学校;幼儿园", "address": "学院路15号北京语言大学", "category": "school", "source": "DATA-SRC-GAODE-FACILITY-POI-20260815", "official_boundary": false, "usable_for_formal": "background_only", "crs_source": "GCJ-02→WGS84 近似转换（误差数米）", "precision_note": "高德 POI 点位为背景参考，位置精度数米级；覆盖不代表完整，缺漏不代表不存在"}, "geometry": {"type": "Point", "coordinates": [116.335631, 39.992551]}}, {"type": "Feature", "properties": {"layer": "GAODE_FACILITY_POI", "gaode_poiid": "B000A85IZY", "name": "本真双语艺术幼稚园(二里庄环巷)", "type": "科教文化服务;学校;幼儿园", "address": "志新西路10号二里庄小区", "category": "school", "source": "DATA-SRC-GAODE-FACILITY-POI-20260815", "official_boundary": false, "usable_for_formal": "background_only", "crs_source": "GCJ-02→WGS84 近似转换（误差数米）", "precision_note": "高德 POI 点位为背景参考，位置精度数米级；覆盖不代表完整，缺漏不代表不存在"}, "geometry": {"type": "Point", "coordinates": [116.360193, 39.995343]}}, {"type": "Feature", "properties": {"layer": "GAODE_FACILITY_POI", "gaode_poiid": "B0FFGZT72O", "name": "中国铁道科学研究院幼儿园", "type": "科教文化服务;学校;幼儿园", "address": "铁道科学研究院住宅区内", "category": "school", "source": "DATA-SRC-GAODE-FACILITY-POI-20260815", "official_boundary": false, "usable_for_formal": "background_only", "crs_source": "GCJ-02→WGS84 近似转换（误差数米）", "precision_note": "高德 POI 点位为背景参考，位置精度数米级；覆盖不代表完整，缺漏不代表不存在"}, "geometry": {"type": "Point", "coordinates": [116.339787, 39.955365]}}, {"type": "Feature", "properties": {"layer": "GAODE_FACILITY_POI", "gaode_poiid": "B000A8VPOQ", "name": "英才幼儿园(海淀区城市管理监察大队学院路分队东北)", "type": "科教文化服务;学校;幼儿园", "address": "北四环中路志新村小区12号", "category": "school", "source": "DATA-SRC-GAODE-FACILITY-POI-20260815", "official_boundary": false, "usable_for_formal": "background_only", "crs_source": "GCJ-02→WGS84 近似转换（误差数米）", "precision_note": "高德 POI 点位为背景参考，位置精度数米级；覆盖不代表完整，缺漏不代表不存在"}, "geometry": {"type": "Point", "coordinates": [116.360244, 39.989824]}}, {"type": "Feature", "properties": {"layer": "GAODE_FACILITY_POI", "gaode_poiid": "B000A7X0GT", "name": "北京明天幼稚集团第三幼儿园", "type": "科教文化服务;学校;幼儿园", "address": "文慧园路志强北园内(近小西天牌楼)", "category": "school", "source": "DATA-SRC-GAODE-FACILITY-POI-20260815", "official_boundary": false, "usable_for_formal": "background_only", "crs_source": "GCJ-02→WGS84 近似转换（误差数米）", "precision_note": "高德 POI 点位为背景参考，位置精度数米级；覆盖不代表完整，缺漏不代表不存在"}, "geometry": {"type": "Point", "coordinates": [116.359318, 39.952235]}}, {"type": "Feature", "properties": {"layer": "GAODE_FACILITY_POI", "gaode_poiid": "B0JD356M99", "name": "三色幼儿园(鑫雅苑园)", "type": "科教文化服务;学校;幼儿园", "address": "皂君庙东路14号院5号楼", "category": "school", "source": "DATA-SRC-GAODE-FACILITY-POI-20260815", "official_boundary": false, "usable_for_formal": "background_only", "crs_source": "GCJ-02→WGS84 近似转换（误差数米）", "precision_note": "高德 POI 点位为背景参考，位置精度数米级；覆盖不代表完整，缺漏不代表不存在"}, "geometry": {"type": "Point", "coordinates": [116.332239, 39.960575]}}, {"type": "Feature", "properties": {"layer": "GAODE_FACILITY_POI", "gaode_poiid": "B000A80DAA", "name": "中国音乐学院附属艺术幼儿园", "type": "科教文化服务;学校;幼儿园", "address": "北四环中路209号健翔园", "category": "school", "source": "DATA-SRC-GAODE-FACILITY-POI-20260815", "official_boundary": false, "usable_for_formal": "background_only", "crs_source": "GCJ-02→WGS84 近似转换（误差数米）", "precision_note": "高德 POI 点位为背景参考，位置精度数米级；覆盖不代表完整，缺漏不代表不存在"}, "geometry": {"type": "Point", "coordinates": [116.368002, 39.988675]}}, {"type": "Feature", "properties": {"layer": "GAODE_FACILITY_POI", "gaode_poiid": "B000A8W3PY", "name": "汇佳幼儿园(长河湾园)", "type": "科教文化服务;学校;幼儿园", "address": "北下关高梁桥斜街59号", "category": "school", "source": "DATA-SRC-GAODE-FACILITY-POI-20260815", "official_boundary": false, "usable_for_formal": "background_only", "crs_source": "GCJ-02→WGS84 近似转换（误差数米）", "precision_note": "高德 POI 点位为背景参考，位置精度数米级；覆盖不代表完整，缺漏不代表不存在"}, "geometry": {"type": "Point", "coordinates": [116.340383, 39.94311]}}, {"type": "Feature", "properties": {"layer": "GAODE_FACILITY_POI", "gaode_poiid": "B0LRCDEY8E", "name": "蓝莓果幼儿园(西直门园)", "type": "科教文化服务;学校;幼儿园", "address": "红联北村北区西南门西南60米", "category": "school", "source": "DATA-SRC-GAODE-FACILITY-POI-20260815", "official_boundary": false, "usable_for_formal": "background_only", "crs_source": "GCJ-02→WGS84 近似转换（误差数米）", "precision_note": "高德 POI 点位为背景参考，位置精度数米级；覆盖不代表完整，缺漏不代表不存在"}, "geometry": {"type": "Point", "coordinates": [116.352647, 39.952684]}}, {"type": "Feature", "properties": {"layer": "GAODE_FACILITY_POI", "gaode_poiid": "B000A87KB0", "name": "中国农业大学东校区幼儿园", "type": "科教文化服务;学校;幼儿园", "address": "清华东路17号中国农业大学东校区内", "category": "school", "source": "DATA-SRC-GAODE-FACILITY-POI-20260815", "official_boundary": false, "usable_for_formal": "background_only", "crs_source": "GCJ-02→WGS84 近似转换（误差数米）", "precision_note": "高德 POI 点位为背景参考，位置精度数米级；覆盖不代表完整，缺漏不代表不存在"}, "geometry": {"type": "Point", "coordinates": [116.349507, 40.003565]}}, {"type": "Feature", "properties": {"layer": "GAODE_FACILITY_POI", "gaode_poiid": "B000AA0LP0", "name": "北京明天幼稚集团第五幼儿园分园", "type": "科教文化服务;学校;幼儿园", "address": "五道口东升园公寓5号楼(五道口地铁站A北口步行490米)", "category": "school", "source": "DATA-SRC-GAODE-FACILITY-POI-20260815", "official_boundary": false, "usable_for_formal": "background_only", "crs_source": "GCJ-02→WGS84 近似转换（误差数米）", "precision_note": "高德 POI 点位为背景参考，位置精度数米级；覆盖不代表完整，缺漏不代表不存在"}, "geometry": {"type": "Point", "coordinates": [116.330023, 39.988723]}}, {"type": "Feature", "properties": {"layer": "GAODE_FACILITY_POI", "gaode_poiid": "B0I2R5TY06", "name": "北京科技大学幼儿园(学院路分园)", "type": "科教文化服务;学校;幼儿园", "address": "学院路30号", "category": "school", "source": "DATA-SRC-GAODE-FACILITY-POI-20260815", "official_boundary": false, "usable_for_formal": "background_only", "crs_source": "GCJ-02→WGS84 近似转换（误差数米）", "precision_note": "高德 POI 点位为背景参考，位置精度数米级；覆盖不代表完整，缺漏不代表不存在"}, "geometry": {"type": "Point", "coordinates": [116.358607, 39.98886]}}, {"type": "Feature", "properties": {"layer": "GAODE_FACILITY_POI", "gaode_poiid": "B000A82V3S", "name": "北京有色金属研究总院幼儿园(总园)", "type": "科教文化服务;学校;幼儿园", "address": "新外大街3号院", "category": "school", "source": "DATA-SRC-GAODE-FACILITY-POI-20260815", "official_boundary": false, "usable_for_formal": "background_only", "crs_source": "GCJ-02→WGS84 近似转换（误差数米）", "precision_note": "高德 POI 点位为背景参考，位置精度数米级；覆盖不代表完整，缺漏不代表不存在"}, "geometry": {"type": "Point", "coordinates": [116.361408, 39.964929]}}, {"type": "Feature", "properties": {"layer": "GAODE_FACILITY_POI", "gaode_poiid": "B000AA0LNE", "name": "北京市海淀区紫竹院第二幼儿园", "type": "科教文化服务;学校;幼儿园", "address": "魏公村小区16号楼西侧", "category": "school", "source": "DATA-SRC-GAODE-FACILITY-POI-20260815", "official_boundary": false, "usable_for_formal": "background_only", "crs_source": "GCJ-02→WGS84 近似转换（误差数米）", "precision_note": "高德 POI 点位为背景参考，位置精度数米级；覆盖不代表完整，缺漏不代表不存在"}, "geometry": {"type": "Point", "coordinates": [116.310101, 39.952647]}}, {"type": "Feature", "properties": {"layer": "GAODE_FACILITY_POI", "gaode_poiid": "B0FFFLJ9TW", "name": "北京林业大学幼儿园(东门)", "type": "科教文化服务;学校;幼儿园", "address": "北京林业大学幼儿园", "category": "school", "source": "DATA-SRC-GAODE-FACILITY-POI-20260815", "official_boundary": false, "usable_for_formal": "background_only", "crs_source": "GCJ-02→WGS84 近似转换（误差数米）", "precision_note": "高德 POI 点位为背景参考，位置精度数米级；覆盖不代表完整，缺漏不代表不存在"}, "geometry": {"type": "Point", "coordinates": [116.335516, 40.003546]}}, {"type": "Feature", "properties": {"layer": "GAODE_FACILITY_POI", "gaode_poiid": "B0G0P497K5", "name": "德润未来幼儿园", "type": "科教文化服务;学校;幼儿园", "address": "中关村东路华清嘉园11号(五道口地铁站B南口步行420米)", "category": "school", "source": "DATA-SRC-GAODE-FACILITY-POI-20260815", "official_boundary": false, "usable_for_formal": "background_only", "crs_source": "GCJ-02→WGS84 近似转换（误差数米）", "precision_note": "高德 POI 点位为背景参考，位置精度数米级；覆盖不代表完整，缺漏不代表不存在"}, "geometry": {"type": "Point", "coordinates": [116.328809, 39.990529]}}, {"type": "Feature", "properties": {"layer": "GAODE_FACILITY_POI", "gaode_poiid": "B0FFKEP8Y1", "name": "中科三幼北一街分园", "type": "科教文化服务;学校;幼儿园", "address": "中关村北一街4号", "category": "school", "source": "DATA-SRC-GAODE-FACILITY-POI-20260815", "official_boundary": false, "usable_for_formal": "background_only", "crs_source": "GCJ-02→WGS84 近似转换（误差数米）", "precision_note": "高德 POI 点位为背景参考，位置精度数米级；覆盖不代表完整，缺漏不代表不存在"}, "geometry": {"type": "Point", "coordinates": [116.315886, 39.987477]}}, {"type": "Feature", "properties": {"layer": "GAODE_FACILITY_POI", "gaode_poiid": "B0LDHAL0JQ", "name": "红星幼儿园(花园路园)", "type": "科教文化服务;学校;幼儿园", "address": "花园路17号", "category": "school", "source": "DATA-SRC-GAODE-FACILITY-POI-20260815", "official_boundary": false, "usable_for_formal": "background_only", "crs_source": "GCJ-02→WGS84 近似转换（误差数米）", "precision_note": "高德 POI 点位为背景参考，位置精度数米级；覆盖不代表完整，缺漏不代表不存在"}, "geometry": {"type": "Point", "coordinates": [116.357489, 39.968568]}}, {"type": "Feature", "properties": {"layer": "GAODE_FACILITY_POI", "gaode_poiid": "B000A81FBI", "name": "北京明天幼稚集团三幼学院路园", "type": "科教文化服务;学校;幼儿园", "address": "蓟门小区", "category": "school", "source": "DATA-SRC-GAODE-FACILITY-POI-20260815", "official_boundary": false, "usable_for_formal": "background_only", "crs_source": "GCJ-02→WGS84 近似转换（误差数米）", "precision_note": "高德 POI 点位为背景参考，位置精度数米级；覆盖不代表完整，缺漏不代表不存在"}, "geometry": {"type": "Point", "coordinates": [116.345007, 39.968366]}}, {"type": "Feature", "properties": {"layer": "GAODE_FACILITY_POI", "gaode_poiid": "B000A8VRZN", "name": "展春园幼儿园", "type": "科教文化服务;学校;幼儿园", "address": "北四环中路279号(展春园小区内)", "category": "school", "source": "DATA-SRC-GAODE-FACILITY-POI-20260815", "official_boundary": false, "usable_for_formal": "background_only", "crs_source": "GCJ-02→WGS84 近似转换（误差数米）", "precision_note": "高德 POI 点位为背景参考，位置精度数米级；覆盖不代表完整，缺漏不代表不存在"}, "geometry": {"type": "Point", "coordinates": [116.337771, 39.987367]}}, {"type": "Feature", "properties": {"layer": "GAODE_FACILITY_POI", "gaode_poiid": "B0MU2DD4TD", "name": "纯真幼儿园", "type": "科教文化服务;学校;幼儿园", "address": "大华电子集团东门北160米(学知园地铁站D口步行430米)", "category": "school", "source": "DATA-SRC-GAODE-FACILITY-POI-20260815", "official_boundary": false, "usable_for_formal": "background_only", "crs_source": "GCJ-02→WGS84 近似转换（误差数米）", "precision_note": "高德 POI 点位为背景参考，位置精度数米级；覆盖不代表完整，缺漏不代表不存在"}, "geometry": {"type": "Point", "coordinates": [116.345723, 40.008654]}}, {"type": "Feature", "properties": {"layer": "GAODE_FACILITY_POI", "gaode_poiid": "B0GR5155I2", "name": "北师大幼儿园(明光分园)", "type": "科教文化服务;学校;幼儿园", "address": "明光村小区内", "category": "school", "source": "DATA-SRC-GAODE-FACILITY-POI-20260815", "official_boundary": false, "usable_for_formal": "background_only", "crs_source": "GCJ-02→WGS84 近似转换（误差数米）", "precision_note": "高德 POI 点位为背景参考，位置精度数米级；覆盖不代表完整，缺漏不代表不存在"}, "geometry": {"type": "Point", "coordinates": [116.347878, 39.953364]}}, {"type": "Feature", "properties": {"layer": "GAODE_FACILITY_POI", "gaode_poiid": "B0KUBSMOL2", "name": "北京市海淀区学府幼儿园", "type": "科教文化服务;学校;幼儿园", "address": "学院路18号(六道口地铁站E口步行400米)", "category": "school", "source": "DATA-SRC-GAODE-FACILITY-POI-20260815", "official_boundary": false, "usable_for_formal": "background_only", "crs_source": "GCJ-02→WGS84 近似转换（误差数米）", "precision_note": "高德 POI 点位为背景参考，位置精度数米级；覆盖不代表完整，缺漏不代表不存在"}, "geometry": {"type": "Point", "coordinates": [116.34897, 39.99761]}}, {"type": "Feature", "properties": {"layer": "GAODE_FACILITY_POI", "gaode_poiid": "B0L1HUXKR4", "name": "北京大学医学部第三幼儿园", "type": "科教文化服务;学校;幼儿园", "address": "东畔北街5号院1号楼", "category": "school", "source": "DATA-SRC-GAODE-FACILITY-POI-20260815", "official_boundary": false, "usable_for_formal": "background_only", "crs_source": "GCJ-02→WGS84 近似转换（误差数米）", "precision_note": "高德 POI 点位为背景参考，位置精度数米级；覆盖不代表完整，缺漏不代表不存在"}, "geometry": {"type": "Point", "coordinates": [116.357986, 40.004984]}}, {"type": "Feature", "properties": {"layer": "GAODE_FACILITY_POI", "gaode_poiid": "B000A87IMN", "name": "太阳幼儿园太月园", "type": "科教文化服务;学校;幼儿园", "address": "太月园5号楼", "category": "school", "source": "DATA-SRC-GAODE-FACILITY-POI-20260815", "official_boundary": false, "usable_for_formal": "background_only", "crs_source": "GCJ-02→WGS84 近似转换（误差数米）", "precision_note": "高德 POI 点位为背景参考，位置精度数米级；覆盖不代表完整，缺漏不代表不存在"}, "geometry": {"type": "Point", "coordinates": [116.341897, 39.971396]}}, {"type": "Feature", "properties": {"layer": "GAODE_FACILITY_POI", "gaode_poiid": "B0LARM5KO8", "name": "海文考研(总部)", "type": "科教文化服务;学校;职业技术学校", "address": "北京城区中关村南大街2号数码大厦A座28层层", "category": "school", "source": "DATA-SRC-GAODE-FACILITY-POI-20260815", "official_boundary": false, "usable_for_formal": "background_only", "crs_source": "GCJ-02→WGS84 近似转换（误差数米）", "precision_note": "高德 POI 点位为背景参考，位置精度数米级；覆盖不代表完整，缺漏不代表不存在"}, "geometry": {"type": "Point", "coordinates": [116.317016, 39.964816]}}, {"type": "Feature", "properties": {"layer": "GAODE_FACILITY_POI", "gaode_poiid": "B0LAUG1J91", "name": "环球雅思托福Alevel语言培训学校(中关村校区)", "type": "科教文化服务;学校;职业技术学校", "address": "中关村大厦8层(海淀黄庄地铁站A2西北口步行140米)", "category": "school", "source": "DATA-SRC-GAODE-FACILITY-POI-20260815", "official_boundary": false, "usable_for_formal": "background_only", "crs_source": "GCJ-02→WGS84 近似转换（误差数米）", "precision_note": "高德 POI 点位为背景参考，位置精度数米级；覆盖不代表完整，缺漏不代表不存在"}, "geometry": {"type": "Point", "coordinates": [116.310274, 39.976387]}}, {"type": "Feature", "properties": {"layer": "GAODE_FACILITY_POI", "gaode_poiid": "B0LG27LOB7", "name": "新航道雅思·托福·留学·考研培训(北体咨询点)", "type": "科教文化服务;学校;职业技术学校", "address": "上地信息路48号北京体育大学8号", "category": "school", "source": "DATA-SRC-GAODE-FACILITY-POI-20260815", "official_boundary": false, "usable_for_formal": "background_only", "crs_source": "GCJ-02→WGS84 近似转换（误差数米）", "precision_note": "高德 POI 点位为背景参考，位置精度数米级；覆盖不代表完整，缺漏不代表不存在"}, "geometry": {"type": "Point", "coordinates": [116.315331, 40.02174]}}, {"type": "Feature", "properties": {"layer": "GAODE_FACILITY_POI", "gaode_poiid": "B0FFHEXIIV", "name": "北京市信息管理学校(蓟门校区)", "type": "科教文化服务;学校;职业技术学校", "address": "北三环西路4号", "category": "school", "source": "DATA-SRC-GAODE-FACILITY-POI-20260815", "official_boundary": false, "usable_for_formal": "background_only", "crs_source": "GCJ-02→WGS84 近似转换（误差数米）", "precision_note": "高德 POI 点位为背景参考，位置精度数米级；覆盖不代表完整，缺漏不代表不存在"}, "geometry": {"type": "Point", "coordinates": [116.342231, 39.964174]}}, {"type": "Feature", "properties": {"layer": "GAODE_FACILITY_POI", "gaode_poiid": "B000A80D2C", "name": "北京市海淀区职业学校", "type": "科教文化服务;学校;职业技术学校", "address": "北四环中路275号", "category": "school", "source": "DATA-SRC-GAODE-FACILITY-POI-20260815", "official_boundary": false, "usable_for_formal": "background_only", "crs_source": "GCJ-02→WGS84 近似转换（误差数米）", "precision_note": "高德 POI 点位为背景参考，位置精度数米级；覆盖不代表完整，缺漏不代表不存在"}, "geometry": {"type": "Point", "coordinates": [116.338404, 39.985913]}}, {"type": "Feature", "properties": {"layer": "GAODE_FACILITY_POI", "gaode_poiid": "B0LD9939GT", "name": "尚学教育", "type": "科教文化服务;学校;职业技术学校", "address": "北京城区银网中心B座16层1616", "category": "school", "source": "DATA-SRC-GAODE-FACILITY-POI-20260815", "official_boundary": false, "usable_for_formal": "background_only", "crs_source": "GCJ-02→WGS84 近似转换（误差数米）", "precision_note": "高德 POI 点位为背景参考，位置精度数米级；覆盖不代表完整，缺漏不代表不存在"}, "geometry": {"type": "Point", "coordinates": [116.31437, 39.975355]}}, {"type": "Feature", "properties": {"layer": "GAODE_FACILITY_POI", "gaode_poiid": "B000A7ZPHV", "name": "海淀艺术职业学校", "type": "科教文化服务;学校;职业技术学校", "address": "北三环西路4号", "category": "school", "source": "DATA-SRC-GAODE-FACILITY-POI-20260815", "official_boundary": false, "usable_for_formal": "background_only", "crs_source": "GCJ-02→WGS84 近似转换（误差数米）", "precision_note": "高德 POI 点位为背景参考，位置精度数米级；覆盖不代表完整，缺漏不代表不存在"}, "geometry": {"type": "Point", "coordinates": [116.34247, 39.964267]}}, {"type": "Feature", "properties": {"layer": "GAODE_FACILITY_POI", "gaode_poiid": "B0K2ZX3PNN", "name": "优学小初高全科提分升学辅导(黄庄校区)", "type": "科教文化服务;学校;职业技术学校", "address": "北京城区知春路128号1号", "category": "school", "source": "DATA-SRC-GAODE-FACILITY-POI-20260815", "official_boundary": false, "usable_for_formal": "background_only", "crs_source": "GCJ-02→WGS84 近似转换（误差数米）", "precision_note": "高德 POI 点位为背景参考，位置精度数米级；覆盖不代表完整，缺漏不代表不存在"}, "geometry": {"type": "Point", "coordinates": [116.313368, 39.974389]}}, {"type": "Feature", "properties": {"layer": "GAODE_FACILITY_POI", "gaode_poiid": "B000A4BF6A", "name": "北京市残疾人职业高中", "type": "科教文化服务;学校;职业技术学校", "address": "花园北路32号", "category": "school", "source": "DATA-SRC-GAODE-FACILITY-POI-20260815", "official_boundary": false, "usable_for_formal": "background_only", "crs_source": "GCJ-02→WGS84 近似转换（误差数米）", "precision_note": "高德 POI 点位为背景参考，位置精度数米级；覆盖不代表完整，缺漏不代表不存在"}, "geometry": {"type": "Point", "coordinates": [116.365294, 39.979288]}}, {"type": "Feature", "properties": {"layer": "GAODE_FACILITY_POI", "gaode_poiid": "B0LDRHD0BI", "name": "清大.易经智慧总裁班(清华校区)", "type": "科教文化服务;学校;职业技术学校", "address": "北京城区中关村路1号院启迪科技大厦c座2层", "category": "school", "source": "DATA-SRC-GAODE-FACILITY-POI-20260815", "official_boundary": false, "usable_for_formal": "background_only", "crs_source": "GCJ-02→WGS84 近似转换（误差数米）", "precision_note": "高德 POI 点位为背景参考，位置精度数米级；覆盖不代表完整，缺漏不代表不存在"}, "geometry": {"type": "Point", "coordinates": [116.324231, 39.991959]}}, {"type": "Feature", "properties": {"layer": "GAODE_FACILITY_POI", "gaode_poiid": "B0FFG8URT6", "name": "海淀区职业学校招生办公室", "type": "科教文化服务;学校;职业技术学校", "address": "中关村北大街47号北京市海淀区职业学校", "category": "school", "source": "DATA-SRC-GAODE-FACILITY-POI-20260815", "official_boundary": false, "usable_for_formal": "background_only", "crs_source": "GCJ-02→WGS84 近似转换（误差数米）", "precision_note": "高德 POI 点位为背景参考，位置精度数米级；覆盖不代表完整，缺漏不代表不存在"}, "geometry": {"type": "Point", "coordinates": [116.311514, 40.01395]}}, {"type": "Feature", "properties": {"layer": "GAODE_FACILITY_POI", "gaode_poiid": "B0L21RUB00", "name": "海淀职业学校", "type": "科教文化服务;学校;职业技术学校", "address": "中关村南路与中关村东路交叉口西南200米", "category": "school", "source": "DATA-SRC-GAODE-FACILITY-POI-20260815", "official_boundary": false, "usable_for_formal": "background_only", "crs_source": "GCJ-02→WGS84 近似转换（误差数米）", "precision_note": "高德 POI 点位为背景参考，位置精度数米级；覆盖不代表完整，缺漏不代表不存在"}, "geometry": {"type": "Point", "coordinates": [116.325524, 39.978604]}}, {"type": "Feature", "properties": {"layer": "GAODE_FACILITY_POI", "gaode_poiid": "B0H25DLFHS", "name": "心专注寄宿考研(北京校区)(建设中)", "type": "科教文化服务;学校;职业技术学校", "address": "中关村东路1号院8号楼CG05-225", "category": "school", "source": "DATA-SRC-GAODE-FACILITY-POI-20260815", "official_boundary": false, "usable_for_formal": "background_only", "crs_source": "GCJ-02→WGS84 近似转换（误差数米）", "precision_note": "高德 POI 点位为背景参考，位置精度数米级；覆盖不代表完整，缺漏不代表不存在"}, "geometry": {"type": "Point", "coordinates": [116.324466, 39.992283]}}]}