{
 "type": "FeatureCollection",
 "features": [
  {
   "type": "Feature",
   "properties": {
    "layer": "OFFICIAL_ZONATION_BG",
    "category": "urban_construction_land",
    "label_zh": "城镇建设用地（官方分区图）",
    "source": "DATA-SRC-HAIDIAN-DISTRICT-PLAN-2017-2035",
    "source_figure": "图05 国土空间规划分区图",
    "official_boundary": false,
    "usable_for_formal": "background_only",
    "precision_note": "栅格公示图矢量化，配准中误差约百米级；仅作背景参考，不作几何/面积依据"
   },
   "geometry": {
    "type": "MultiPolygon",
    "coordinates": [
     [
      [
       [
        116.063789,
        39.893911
       ],
       [
        116.06641700000002,
        39.892393
       ],
       [
        116.062831,
        39.88946000000001
       ],
       [
        116.06080500000002,
        39.890146
       ],
       [
        116.063789,
        39.893911
       ]
      ]
     ],
     [
      [
       [
        116.06331600000001,
        39.900349
       ],
       [
        116.065755,
        39.898537
       ],
       [
        116.06159800000002,
        39.895639
       ],
       [
        116.05746700000002,
        39.894708
       ],
       [
        116.05554000000001,
        39.89765200000001
       ],
       [
        116.06331600000001,
        39.900349
       ]
      ]
     ],
     [
      [
       [
        116.068944,
        39.907315000000004
       ],
       [
        116.060177,
        39.90462
       ],
       [
        116.058294,
        39.906278999999984
       ],
       [
        116.06004699999998,
        39.907920999999995
       ],
       [
        116.06523,
        39.908414999999984
       ],
       [
        116.068944,
        39.907315000000004
       ]
      ]
     ],
     [
      [
       [
        116.101728,
        39.916059999999995
       ],
       [
        116.104244,
        39.918572000000005
       ],
       [
        116.106532,
        39.917843
       ],
       [
        116.10420999999998,
        39.915544999999995
       ],
       [
        116.101728,
        39.916059999999995
       ]
      ]
     ],
     [
      [
       [
        116.05677700000001,
        39.917328000000005
       ],
       [
        116.060981,
        39.92047699999999
       ],
       [
        116.061423,
        39.918324999999996
       ],
       [
        116.059181,
        39.915164
       ],
       [
        116.057859,
        39.915079000000006
       ],
       [
        116.05677700000001,
        39.917328000000005
       ]
      ]
     ],
     [
      [
       [
        116.04881100000001,
        39.91971499999999
       ],
       [
        116.049071,
        39.917958
       ],
       [
        116.04416900000001,
        39.916720999999995
       ],
       [
        116.043976,
        39.918331999999985
       ],
       [
        116.04881100000001,
        39.91971499999999
       ]
      ]
     ],
     [
      [
       [
        116.05532399999998,
        39.93827699999999
       ],
       [
        116.055746,
        39.937016
       ],
       [
        116.05028243796994,
        39.9364378947563
       ],
       [
        116.050068,
        39.932711999999995
       ],
       [
        116.04485,
        39.935573
       ],
       [
        116.04417000000001,
        39.93999399999999
       ],
       [
        116.045764,
        39.941161
       ],
       [
        116.04999027165847,
        39.939091873901546
       ],
       [
        116.05532399999998,
        39.93827699999999
       ]
      ]
     ],
     [
      [
       [
        116.05733800000002,
        39.941468
       ],
       [
        116.05524599999998,
        39.938799
       ],
       [
        116.05242200000002,
        39.940519
       ],
       [
        116.053808,
        39.94305000000001
       ],
       [
        116.05733800000002,
        39.941468
       ]
      ]
     ],
     [
      [
       [
        116.06269999999999,
        39.94607899999999
       ],
       [
        116.065025,
        39.948478
       ],
       [
        116.06610188361387,
        39.947333583533364
       ],
       [
        116.065828,
        39.94896599999999
       ],
       [
        116.068578,
        39.94938200000001
       ],
       [
        116.0693984266638,
        39.948191307499826
       ],
       [
        116.069478,
        39.95134899999999
       ],
       [
        116.078675,
        39.948838
       ],
       [
        116.078794,
        39.947105999999984
       ],
       [
        116.07416731675946,
        39.9461740315028
       ],
       [
        116.07593200000001,
        39.94306499999999
       ],
       [
        116.073054,
        39.943954
       ],
       [
        116.07282807103839,
        39.94590422362629
       ],
       [
        116.0712001783168,
        39.945576240566076
       ],
       [
        116.073553,
        39.94216099999999
       ],
       [
        116.064056,
        39.943827
       ],
       [
        116.06269999999999,
        39.94607899999999
       ]
      ]
     ],
     [
      [
       [
        116.08132199999999,
        39.950195
       ],
       [
        116.0784758460002,
        39.951528719983266
       ],
       [
        116.077975,
        39.950485
       ],
       [
        116.07590299999998,
        39.95125900000001
       ],
       [
        116.07596200000002,
        39.95438
       ],
       [
        116.07712600000002,
        39.955161000000004
       ],
       [
        116.07963976183798,
        39.95395409163259
       ],
       [
        116.083891,
        39.95630799999999
       ],
       [
        116.085905,
        39.95427000000001
       ],
       [
        116.08132199999999,
        39.950195
       ]
      ]
     ],
     [
      [
       [
        116.061429,
        39.960111000000005
       ],
       [
        116.06029000000001,
        39.958974
       ],
       [
        116.050218,
        39.95683099999999
       ],
       [
        116.044335,
        39.956613
       ],
       [
        116.04420200000001,
        39.959301
       ],
       [
        116.04775099999999,
        39.96128499999999
       ],
       [
        116.05863800000002,
        39.962516
       ],
       [
        116.061429,
        39.960111000000005
       ]
      ]
     ],
     [
      [
       [
        116.131707,
        39.96655199999999
       ],
       [
        116.131151,
        39.967615
       ],
       [
        116.137489,
        39.973606
       ],
       [
        116.14569,
        39.974119
       ],
       [
        116.145458,
        39.97184099999999
       ],
       [
        116.14299670971461,
        39.97184286442674
       ],
       [
        116.141068,
        39.965911999999996
       ],
       [
        116.131707,
        39.96655199999999
       ]
      ]
     ],
     [
      [
       [
        116.10631600000002,
        39.97343199999999
       ],
       [
        116.10850800000001,
        39.97134000000001
       ],
       [
        116.107057,
        39.970126
       ],
       [
        116.09973800000002,
        39.97170200000001
       ],
       [
        116.10057500000002,
        39.97342199999999
       ],
       [
        116.10631600000002,
        39.97343199999999
       ]
      ]
     ],
     [
      [
       [
        116.14298600000001,
        39.977835
       ],
       [
        116.13850300000001,
        39.973945999999984
       ],
       [
        116.135245,
        39.974988
       ],
       [
        116.140156,
        39.97793699999999
       ],
       [
        116.14298600000001,
        39.977835
       ]
      ]
     ],
     [
      [
       [
        116.105988,
        39.976685
       ],
       [
        116.098879,
        39.97729499999999
       ],
       [
        116.10012399999998,
        39.98023899999998
       ],
       [
        116.10295400000001,
        39.981252
       ],
       [
        116.105988,
        39.976685
       ]
      ]
     ],
     [
      [
       [
        116.107959,
        39.978025
       ],
       [
        116.100673,
        39.98595999999999
       ],
       [
        116.106789,
        39.993096
       ],
       [
        116.159011,
        40.005939
       ],
       [
        116.16143800000002,
        40.005889
       ],
       [
        116.16999299999999,
        39.99964799999999
       ],
       [
        116.169267,
        39.99815099999999
       ],
       [
        116.142877,
        39.984614
       ],
       [
        116.11112399999999,
        39.97652899999999
       ],
       [
        116.107959,
        39.978025
       ]
      ]
     ],
     [
      [
       [
        116.05132700000001,
        40.002139000000014
       ],
       [
        116.052644,
        40.00119399999999
       ],
       [
        116.051239,
        40.000280000000004
       ],
       [
        116.045461,
        39.99965999999999
       ],
       [
        116.05132700000001,
        40.002139000000014
       ]
      ]
     ],
     [
      [
       [
        116.06746500000001,
        40.00585099999999
       ],
       [
        116.071007,
        40.008282
       ],
       [
        116.074876,
        40.00749600000001
       ],
       [
        116.07214066098302,
        40.004320942355285
       ],
       [
        116.07958300000001,
        40.007259999999995
       ],
       [
        116.0768429912819,
        40.00290729005953
       ],
       [
        116.08149599999999,
        40.003420999999996
       ],
       [
        116.079759,
        40.000976
       ],
       [
        116.075416,
        40.001694
       ],
       [
        116.07645828073224,
        40.00258019833749
       ],
       [
        116.069692,
        40.00001999999999
       ],
       [
        116.06725500000002,
        40.00050800000001
       ],
       [
        116.07087727564965,
        40.00340167678271
       ],
       [
        116.066768,
        40.00380500000001
       ],
       [
        116.06746500000001,
        40.00585099999999
       ]
      ]
     ],
     [
      [
       [
        116.04677972094429,
        40.00449132711662
       ],
       [
        116.05326400000001,
        40.004329999999996
       ],
       [
        116.050503,
        40.002622
       ],
       [
        116.04565200000002,
        40.00333899999999
       ],
       [
        116.04512,
        40.005286
       ],
       [
        116.047686,
        40.008308
       ],
       [
        116.049496,
        40.00635700000001
       ],
       [
        116.04677972094429,
        40.00449132711662
       ]
      ]
     ],
     [
      [
       [
        116.06608799999998,
        40.007733
       ],
       [
        116.063492,
        40.00432000000001
       ],
       [
        116.05920900000001,
        40.004517
       ],
       [
        116.06096100000002,
        40.008044
       ],
       [
        116.06608799999998,
        40.007733
       ]
      ]
     ],
     [
      [
       [
        116.05421200000002,
        40.00686999999999
       ],
       [
        116.049819,
        40.00594
       ],
       [
        116.04903699999998,
        40.00780799999999
       ],
       [
        116.05170200000002,
        40.008312999999994
       ],
       [
        116.05421200000002,
        40.00686999999999
       ]
      ]
     ],
     [
      [
       [
        116.14130200000001,
        40.01207300000001
       ],
       [
        116.14581100000001,
        40.012716
       ],
       [
        116.143212,
        40.01025099999999
       ],
       [
        116.140429,
        40.009986000000005
       ],
       [
        116.14130200000001,
        40.01207300000001
       ]
      ]
     ],
     [
      [
       [
        116.054207,
        40.01040199999999
       ],
       [
        116.04442199999998,
        40.010215999999986
       ],
       [
        116.04385499999998,
        40.01210999999999
       ],
       [
        116.051754,
        40.01353
       ],
       [
        116.054207,
        40.01040199999999
       ]
      ]
     ],
     [
      [
       [
        116.133806,
        40.01538699999998
       ],
       [
        116.131376,
        40.01055800000001
       ],
       [
        116.128915,
        40.009974
       ],
       [
        116.130848,
        40.015322000000005
       ],
       [
        116.133806,
        40.01538699999998
       ]
      ]
     ],
     [
      [
       [
        116.066735,
        40.011528999999996
       ],
       [
        116.060512,
        40.009736999999994
       ],
       [
        116.05923500000002,
        40.01139800000001
       ],
       [
        116.06377,
        40.015392000000006
       ],
       [
        116.06842900000001,
        40.01637000000001
       ],
       [
        116.066735,
        40.011528999999996
       ]
      ]
     ],
     [
      [
       [
        116.13798399999999,
        40.012240999999996
       ],
       [
        116.1367,
        40.01163999999999
       ],
       [
        116.13613400000001,
        40.012584
       ],
       [
        116.13942400000002,
        40.01753799999999
       ],
       [
        116.13798399999999,
        40.012240999999996
       ]
      ]
     ],
     [
      [
       [
        116.112342,
        40.021505
       ],
       [
        116.11539600000002,
        40.022786999999994
       ],
       [
        116.119362,
        40.02179700000001
       ],
       [
        116.119779,
        40.01983299999999
       ],
       [
        116.111429,
        40.010221
       ],
       [
        116.112342,
        40.021505
       ]
      ]
     ],
     [
      [
       [
        116.130671,
        40.019445
       ],
       [
        116.136736,
        40.019797000000004
       ],
       [
        116.13601702113907,
        40.01885107422916
       ],
       [
        116.138235,
        40.01939899999999
       ],
       [
        116.136042,
        40.016687
       ],
       [
        116.13268100000002,
        40.01543100000001
       ],
       [
        116.130798,
        40.016135
       ],
       [
        116.13465522092744,
        40.0185146320911
       ],
       [
        116.131188,
        40.01781099999999
       ],
       [
        116.130671,
        40.019445
       ]
      ]
     ],
     [
      [
       [
        116.072662,
        40.02287499999999
       ],
       [
        116.06747340880088,
        40.019643856740394
       ],
       [
        116.06699000000002,
        40.017874000000006
       ],
       [
        116.060957,
        40.01474999999999
       ],
       [
        116.05425,
        40.014133
       ],
       [
        116.06659855101923,
        40.01942515401768
       ],
       [
        116.05491500000001,
        40.01812600000001
       ],
       [
        116.05211399999999,
        40.02295899999999
       ],
       [
        116.066433,
        40.026821
       ],
       [
        116.072662,
        40.02287499999999
       ]
      ]
     ],
     [
      [
       [
        116.081614,
        40.018685000000005
       ],
       [
        116.08519500000001,
        40.01892099999999
       ],
       [
        116.084606,
        40.016486
       ],
       [
        116.08192599999998,
        40.01645
       ],
       [
        116.081614,
        40.018685000000005
       ]
      ]
     ],
     [
      [
       [
        116.05230599999999,
        40.016289999999984
       ],
       [
        116.04454499999999,
        40.014011999999994
       ],
       [
        116.043879,
        40.01836999999998
       ],
       [
        116.047422,
        40.021585
       ],
       [
        116.05230599999999,
        40.016289999999984
       ]
      ]
     ],
     [
      [
       [
        116.076807,
        40.026865
       ],
       [
        116.074045,
        40.024927
       ],
       [
        116.069419,
        40.025675
       ],
       [
        116.073919,
        40.02871399999999
       ],
       [
        116.076807,
        40.026865
       ]
      ]
     ],
     [
      [
       [
        116.09589800000002,
        40.036783
       ],
       [
        116.109135,
        40.034935
       ],
       [
        116.107013,
        40.030861
       ],
       [
        116.10468317535225,
        40.03081763280713
       ],
       [
        116.106577,
        40.02980000000001
       ],
       [
        116.10523900000001,
        40.02567700000001
       ],
       [
        116.100094,
        40.02716100000001
       ],
       [
        116.10088799012888,
        40.03074688909631
       ],
       [
        116.094044,
        40.030619
       ],
       [
        116.09093599999999,
        40.032041
       ],
       [
        116.09258100000001,
        40.034806
       ],
       [
        116.09589800000002,
        40.036783
       ]
      ]
     ],
     [
      [
       [
        116.072994,
        40.033224999999995
       ],
       [
        116.07524100000002,
        40.03206500000001
       ],
       [
        116.073588,
        40.029267999999995
       ],
       [
        116.065608,
        40.026888
       ],
       [
        116.067779,
        40.031241
       ],
       [
        116.072994,
        40.033224999999995
       ]
      ]
     ],
     [
      [
       [
        116.05615400000002,
        40.028012000000004
       ],
       [
        116.053971,
        40.028569
       ],
       [
        116.059047,
        40.033418
       ],
       [
        116.06467,
        40.03511400000001
       ],
       [
        116.06512999999998,
        40.03331699999999
       ],
       [
        116.05615400000002,
        40.028012000000004
       ]
      ]
     ],
     [
      [
       [
        116.060578,
        40.03979799999999
       ],
       [
        116.06443599999999,
        40.041983999999985
       ],
       [
        116.06544100000002,
        40.039484
       ],
       [
        116.06060100000002,
        40.037318
       ],
       [
        116.060578,
        40.03979799999999
       ]
      ]
     ],
     [
      [
       [
        116.11271800000002,
        40.043620999999995
       ],
       [
        116.11597500000002,
        40.04381899999999
       ],
       [
        116.11540899999999,
        40.041000999999994
       ],
       [
        116.11360699999999,
        40.041144
       ],
       [
        116.11271800000002,
        40.043620999999995
       ]
      ]
     ],
     [
      [
       [
        116.06780199999999,
        40.045972
       ],
       [
        116.07052200000001,
        40.044922
       ],
       [
        116.069385,
        40.042259
       ],
       [
        116.06718599999999,
        40.04278
       ],
       [
        116.06647,
        40.044304999999994
       ],
       [
        116.06780199999999,
        40.045972
       ]
      ]
     ],
     [
      [
       [
        116.10753600000001,
        40.044271
       ],
       [
        116.10428799999998,
        40.043932000000005
       ],
       [
        116.10349100000002,
        40.04580399999999
       ],
       [
        116.106145,
        40.04625199999999
       ],
       [
        116.10753600000001,
        40.044271
       ]
      ]
     ],
     [
      [
       [
        116.05516900000002,
        40.05370500000001
       ],
       [
        116.05875920764664,
        40.054834939580246
       ],
       [
        116.05897399999999,
        40.0578
       ],
       [
        116.06442700000001,
        40.056444
       ],
       [
        116.065783,
        40.054463
       ],
       [
        116.05909123592568,
        40.05461701854431
       ],
       [
        116.061104,
        40.051427999999994
       ],
       [
        116.058351,
        40.05031600000001
       ],
       [
        116.05570912687274,
        40.05164063685151
       ],
       [
        116.05567199999999,
        40.04847
       ],
       [
        116.05220399999999,
        40.048908
       ],
       [
        116.0527662212939,
        40.05003810140227
       ],
       [
        116.04416900000001,
        40.046041
       ],
       [
        116.04397,
        40.053817
       ],
       [
        116.05358500000001,
        40.054583
       ],
       [
        116.05516900000002,
        40.05370500000001
       ]
      ],
      [
       [
        116.05564462379878,
        40.051887174366826
       ],
       [
        116.05560991338164,
        40.05201984043933
       ],
       [
        116.05542502842493,
        40.051891001640605
       ],
       [
        116.05564462379878,
        40.051887174366826
       ]
      ]
     ],
     [
      [
       [
        116.12100500000001,
        40.052215
       ],
       [
        116.119739,
        40.056000000000004
       ],
       [
        116.13329100000001,
        40.056718
       ],
       [
        116.133935,
        40.053374
       ],
       [
        116.12100500000001,
        40.052215
       ]
      ]
     ],
     [
      [
       [
        116.14533250916624,
        40.05907558193367
       ],
       [
        116.144072,
        40.05963599999999
       ],
       [
        116.14786500000001,
        40.066905
       ],
       [
        116.14911903623299,
        40.063764152822046
       ],
       [
        116.151085,
        40.063784000000005
       ],
       [
        116.151442,
        40.060839
       ],
       [
        116.15029844895365,
        40.060809923399475
       ],
       [
        116.151492,
        40.05782000000001
       ],
       [
        116.149544,
        40.057203
       ],
       [
        116.14641225434615,
        40.058595512551214
       ],
       [
        116.14601200000001,
        40.05722099999999
       ],
       [
        116.14272499999998,
        40.057193
       ],
       [
        116.143829,
        40.05953699999999
       ],
       [
        116.14533250916624,
        40.05907558193367
       ]
      ]
     ],
     [
      [
       [
        116.12609000000002,
        40.05838000000001
       ],
       [
        116.12782600000001,
        40.060961999999996
       ],
       [
        116.133968,
        40.061226000000005
       ],
       [
        116.13550400000001,
        40.057407
       ],
       [
        116.126687,
        40.056483000000014
       ],
       [
        116.12609000000002,
        40.05838000000001
       ]
      ]
     ],
     [
      [
       [
        116.04856100000002,
        40.06380899999999
       ],
       [
        116.046936,
        40.062037999999994
       ],
       [
        116.04416900000001,
        40.061464999999984
       ],
       [
        116.044239,
        40.06398600000001
       ],
       [
        116.045958,
        40.065249999999985
       ],
       [
        116.04856100000002,
        40.06380899999999
       ]
      ]
     ],
     [
      [
       [
        116.099091,
        40.064595999999995
       ],
       [
        116.097594,
        40.062656
       ],
       [
        116.094834,
        40.063882
       ],
       [
        116.097152,
        40.06573100000001
       ],
       [
        116.099091,
        40.064595999999995
       ]
      ]
     ],
     [
      [
       [
        116.1209,
        40.07520000000001
       ],
       [
        116.120391,
        40.071066
       ],
       [
        116.114015,
        40.071695999999996
       ],
       [
        116.11353500000001,
        40.074041
       ],
       [
        116.1209,
        40.07520000000001
       ]
      ]
     ],
     [
      [
       [
        116.11143000000001,
        40.076719999999995
       ],
       [
        116.11143000000001,
        40.078954
       ],
       [
        116.11659700000001,
        40.080915
       ],
       [
        116.120976,
        40.077432
       ],
       [
        116.11143000000001,
        40.076719999999995
       ]
      ]
     ],
     [
      [
       [
        116.118628,
        40.085042
       ],
       [
        116.11867199999999,
        40.087036999999995
       ],
       [
        116.121604,
        40.086784
       ],
       [
        116.12158499999998,
        40.085012
       ],
       [
        116.118628,
        40.085042
       ]
      ]
     ],
     [
      [
       [
        116.14359500000002,
        40.087716
       ],
       [
        116.14323800000001,
        40.085721
       ],
       [
        116.14079,
        40.085908
       ],
       [
        116.14095600000002,
        40.087748999999995
       ],
       [
        116.14359500000002,
        40.087716
       ]
      ]
     ],
     [
      [
       [
        116.13458800000001,
        40.088131
       ],
       [
        116.14001699999999,
        40.088022999999986
       ],
       [
        116.140181,
        40.086273
       ],
       [
        116.13475099999998,
        40.0864
       ],
       [
        116.13458800000001,
        40.088131
       ]
      ]
     ],
     [
      [
       [
        116.04385499999998,
        40.094684
       ],
       [
        116.04716989331693,
        40.09724901876865
       ],
       [
        116.04402899999998,
        40.09779400000001
       ],
       [
        116.04394400000001,
        40.103866
       ],
       [
        116.04543113835078,
        40.10465115886607
       ],
       [
        116.044093,
        40.104183
       ],
       [
        116.044547,
        40.10716599999999
       ],
       [
        116.04907500000002,
        40.108867999999994
       ],
       [
        116.04958046512834,
        40.10684166794642
       ],
       [
        116.055688,
        40.106481
       ],
       [
        116.0569414462408,
        40.104808449410605
       ],
       [
        116.06214715886405,
        40.102752446756135
       ],
       [
        116.06256900194381,
        40.104584615006345
       ],
       [
        116.056724,
        40.10583700000001
       ],
       [
        116.060862,
        40.107019
       ],
       [
        116.06309399215368,
        40.10544422368505
       ],
       [
        116.063988,
        40.106908
       ],
       [
        116.070361,
        40.109608
       ],
       [
        116.07304000000002,
        40.10777999999999
       ],
       [
        116.07205999999998,
        40.101682
       ],
       [
        116.06779310210929,
        40.10039089875031
       ],
       [
        116.069905,
        40.093712
       ],
       [
        116.05358500000001,
        40.088514999999994
       ],
       [
        116.05202367486146,
        40.089241035309165
       ],
       [
        116.05358,
        40.086423
       ],
       [
        116.05170200000002,
        40.085429999999995
       ],
       [
        116.05070526439289,
        40.08942985018504
       ],
       [
        116.04947800000001,
        40.087804
       ],
       [
        116.04385499999998,
        40.094684
       ]
      ],
      [
       [
        116.05094230411262,
        40.08974386436203
       ],
       [
        116.050725765645,
        40.0894570089881
       ],
       [
        116.05171118526864,
        40.089386342373224
       ],
       [
        116.05094230411262,
        40.08974386436203
       ]
      ]
     ],
     [
      [
       [
        116.10311099999998,
        40.092166
       ],
       [
        116.09939340985223,
        40.08936313702154
       ],
       [
        116.104363,
        40.091037
       ],
       [
        116.106241,
        40.086226
       ],
       [
        116.09890799999998,
        40.085953
       ],
       [
        116.09722000000001,
        40.092834999999994
       ],
       [
        116.09884100000001,
        40.09458500000001
       ],
       [
        116.102106,
        40.09440200000001
       ],
       [
        116.10311099999998,
        40.092166
       ]
      ]
     ],
     [
      [
       [
        116.14992,
        40.090267
       ],
       [
        116.14881100000001,
        40.08711000000001
       ],
       [
        116.14084199999999,
        40.08826500000001
       ],
       [
        116.14197399999999,
        40.090631
       ],
       [
        116.14992,
        40.090267
       ]
      ]
     ],
     [
      [
       [
        116.118433,
        40.087348
       ],
       [
        116.11795400000001,
        40.092878999999996
       ],
       [
        116.12129000000002,
        40.092954
       ],
       [
        116.121358,
        40.08747499999999
       ],
       [
        116.118433,
        40.087348
       ]
      ]
     ],
     [
      [
       [
        116.13465600000002,
        40.092716
       ],
       [
        116.14106400000001,
        40.090818
       ],
       [
        116.14080899999999,
        40.088171
       ],
       [
        116.13466000000001,
        40.088344000000006
       ],
       [
        116.13465600000002,
        40.092716
       ]
      ]
     ],
     [
      [
       [
        116.11360600000002,
        40.0905
       ],
       [
        116.11365,
        40.094156
       ],
       [
        116.11777100000002,
        40.092992
       ],
       [
        116.11781399999998,
        40.09023
       ],
       [
        116.11360600000002,
        40.0905
       ]
      ]
     ],
     [
      [
       [
        116.141113,
        40.0986
       ],
       [
        116.14086678892338,
        40.094301246440786
       ],
       [
        116.14161700000001,
        40.09091599999999
       ],
       [
        116.13711599999999,
        40.092431999999995
       ],
       [
        116.13692700000001,
        40.09536800000001
       ],
       [
        116.14006942172995,
        40.0945171584638
       ],
       [
        116.13972599999998,
        40.09891499999999
       ],
       [
        116.141113,
        40.0986
       ]
      ]
     ],
     [
      [
       [
        116.14154100000002,
        40.096733
       ],
       [
        116.14758200000001,
        40.096554
       ],
       [
        116.149593,
        40.09053899999999
       ],
       [
        116.141957,
        40.09091299999999
       ],
       [
        116.14154100000002,
        40.096733
       ]
      ]
     ],
     [
      [
       [
        116.14116900000002,
        40.098312
       ],
       [
        116.14627099999998,
        40.098707000000005
       ],
       [
        116.14741700000002,
        40.096895
       ],
       [
        116.14168900000001,
        40.096830999999995
       ],
       [
        116.14116900000002,
        40.098312
       ]
      ]
     ],
     [
      [
       [
        116.100665,
        40.09727099999999
       ],
       [
        116.098752,
        40.096584
       ],
       [
        116.09755800000002,
        40.099191000000005
       ],
       [
        116.100665,
        40.09727099999999
       ]
      ]
     ],
     [
      [
       [
        116.087117,
        40.107129
       ],
       [
        116.08236999999998,
        40.102821000000006
       ],
       [
        116.07886900000001,
        40.10254
       ],
       [
        116.078101,
        40.103807
       ],
       [
        116.082254,
        40.10815000000001
       ],
       [
        116.08677900000002,
        40.10812800000001
       ],
       [
        116.087117,
        40.107129
       ]
      ]
     ],
     [
      [
       [
        116.07878700000002,
        40.10994
       ],
       [
        116.08103900000002,
        40.112207
       ],
       [
        116.08893900000001,
        40.114599999999996
       ],
       [
        116.09185400000001,
        40.11352000000001
       ],
       [
        116.084149,
        40.10941300000001
       ],
       [
        116.07878700000002,
        40.10994
       ]
      ]
     ],
     [
      [
       [
        116.056138,
        40.11165
       ],
       [
        116.05996200000001,
        40.115027
       ],
       [
        116.064527,
        40.116512
       ],
       [
        116.068259,
        40.11422199999999
       ],
       [
        116.06031600000001,
        40.10989500000001
       ],
       [
        116.05586900000002,
        40.109943999999984
       ],
       [
        116.056138,
        40.11165
       ]
      ]
     ],
     [
      [
       [
        116.101602,
        40.119318
       ],
       [
        116.10033699999998,
        40.118010999999996
       ],
       [
        116.094167,
        40.115159999999996
       ],
       [
        116.09442800000001,
        40.11852699999999
       ],
       [
        116.096786,
        40.11982
       ],
       [
        116.09854520991937,
        40.11892382457227
       ],
       [
        116.096909,
        40.12001599999999
       ],
       [
        116.09933949336092,
        40.121299457220026
       ],
       [
        116.09955899999999,
        40.122885
       ],
       [
        116.103454,
        40.123033000000014
       ],
       [
        116.10269000000001,
        40.12128499999999
       ],
       [
        116.09937630208563,
        40.12126722218186
       ],
       [
        116.101602,
        40.119318
       ]
      ]
     ],
     [
      [
       [
        116.110515,
        40.12436200000001
       ],
       [
        116.10870509008852,
        40.124505190396555
       ],
       [
        116.108127,
        40.121584
       ],
       [
        116.104747,
        40.12054799999999
       ],
       [
        116.10349199999999,
        40.121516
       ],
       [
        116.10513,
        40.124019000000004
       ],
       [
        116.10859640726913,
        40.12451378787931
       ],
       [
        116.104712,
        40.124821000000004
       ],
       [
        116.10431200000001,
        40.125988
       ],
       [
        116.11288300000001,
        40.127046
       ],
       [
        116.110515,
        40.12436200000001
       ]
      ]
     ],
     [
      [
       [
        116.045434,
        40.12215199999999
       ],
       [
        116.06509700000001,
        40.14023000000001
       ],
       [
        116.097854,
        40.140717
       ],
       [
        116.109438,
        40.137232999999995
       ],
       [
        116.10334400000002,
        40.130787999999995
       ],
       [
        116.08288300000001,
        40.12340999999999
       ],
       [
        116.05520000000001,
        40.115805
       ],
       [
        116.04744799999999,
        40.11892699999999
       ],
       [
        116.045434,
        40.12215199999999
       ]
      ]
     ],
     [
      [
       [
        116.11070999999998,
        40.12885299999999
       ],
       [
        116.11601499999999,
        40.13217399999999
       ],
       [
        116.12326300000001,
        40.12959200000001
       ],
       [
        116.117026,
        40.126957000000004
       ],
       [
        116.11216300000001,
        40.12744599999999
       ],
       [
        116.11070999999998,
        40.12885299999999
       ]
      ]
     ],
     [
      [
       [
        116.11353500000001,
        40.13076199999999
       ],
       [
        116.110396,
        40.129089999999984
       ],
       [
        116.10349100000002,
        40.130751000000004
       ],
       [
        116.110708,
        40.132412
       ],
       [
        116.11353500000001,
        40.13076199999999
       ]
      ]
     ],
     [
      [
       [
        116.151544,
        39.938553
       ],
       [
        116.148377,
        39.939707
       ],
       [
        116.151138,
        39.94139400000001
       ],
       [
        116.153709,
        39.93999800000001
       ],
       [
        116.151544,
        39.938553
       ]
      ]
     ],
     [
      [
       [
        116.156387,
        39.94118999999999
       ],
       [
        116.15531900000002,
        39.94341199999999
       ],
       [
        116.15894700000001,
        39.94494600000001
       ],
       [
        116.159639,
        39.942951
       ],
       [
        116.156387,
        39.94118999999999
       ]
      ]
     ],
     [
      [
       [
        116.160618,
        39.944455
       ],
       [
        116.16466100000001,
        39.946617999999994
       ],
       [
        116.16742900000001,
        39.945126
       ],
       [
        116.163164,
        39.941401
       ],
       [
        116.160618,
        39.944455
       ]
      ]
     ],
     [
      [
       [
        116.167229,
        39.947656
       ],
       [
        116.171718,
        39.951786999999996
       ],
       [
        116.17875099999999,
        39.951988
       ],
       [
        116.177439,
        39.949039000000006
       ],
       [
        116.170172,
        39.945695
       ],
       [
        116.167229,
        39.947656
       ]
      ]
     ],
     [
      [
       [
        116.15810500000002,
        39.94827999999998
       ],
       [
        116.15814248255847,
        39.95039027027354
       ],
       [
        116.15670900000002,
        39.94808299999998
       ],
       [
        116.153648,
        39.948048
       ],
       [
        116.153546,
        39.949669
       ],
       [
        116.15830665069966,
        39.950654497156656
       ],
       [
        116.16535400000001,
        39.954211
       ],
       [
        116.16715200000002,
        39.952685
       ],
       [
        116.15810500000002,
        39.94827999999998
       ]
      ]
     ],
     [
      [
       [
        116.18383700000001,
        39.957341
       ],
       [
        116.17926800000001,
        39.95615299999999
       ],
       [
        116.18127299999999,
        39.958479
       ],
       [
        116.18383700000001,
        39.957341
       ]
      ]
     ],
     [
      [
       [
        116.152127,
        39.958079
       ],
       [
        116.148488,
        39.956127
       ],
       [
        116.145873,
        39.958067
       ],
       [
        116.147941,
        39.95965199999999
       ],
       [
        116.152127,
        39.958079
       ]
      ]
     ],
     [
      [
       [
        116.172537,
        39.95900199999999
       ],
       [
        116.16883399999999,
        39.956826
       ],
       [
        116.16469600000002,
        39.957772000000006
       ],
       [
        116.165064,
        39.959802999999994
       ],
       [
        116.167148,
        39.96061499999999
       ],
       [
        116.17140700000002,
        39.96060099999999
       ],
       [
        116.172537,
        39.95900199999999
       ]
      ]
     ],
     [
      [
       [
        116.177251,
        39.96014399999999
       ],
       [
        116.175077,
        39.96195199999999
       ],
       [
        116.175386,
        39.96330999999999
       ],
       [
        116.17955300000001,
        39.964876
       ],
       [
        116.17880100000002,
        39.96124999999999
       ],
       [
        116.177251,
        39.96014399999999
       ]
      ]
     ],
     [
      [
       [
        116.154652,
        39.968212
       ],
       [
        116.151866,
        39.970224
       ],
       [
        116.15767100000001,
        39.972701999999984
       ],
       [
        116.16529900000002,
        39.971864000000004
       ],
       [
        116.162627,
        39.969894
       ],
       [
        116.154652,
        39.968212
       ]
      ]
     ],
     [
      [
       [
        116.177807,
        39.976667
       ],
       [
        116.176194,
        39.974435
       ],
       [
        116.172949,
        39.973738999999995
       ],
       [
        116.17610999999998,
        39.97693799999998
       ],
       [
        116.177807,
        39.976667
       ]
      ]
     ],
     [
      [
       [
        116.158988,
        39.97566700000001
       ],
       [
        116.153397,
        39.97582299999999
       ],
       [
        116.15547300000001,
        39.977685
       ],
       [
        116.15976000000002,
        39.97793200000001
       ],
       [
        116.16060700000001,
        39.97741099999999
       ],
       [
        116.158988,
        39.97566700000001
       ]
      ]
     ],
     [
      [
       [
        116.15405699999998,
        40.006545999999986
       ],
       [
        116.158609,
        40.00900600000001
       ],
       [
        116.160284,
        40.008390999999996
       ],
       [
        116.160407,
        40.006903
       ],
       [
        116.155943,
        40.005704
       ],
       [
        116.15405699999998,
        40.006545999999986
       ]
      ]
     ],
     [
      [
       [
        116.17365417555084,
        40.03617366035054
       ],
       [
        116.170673,
        40.036718
       ],
       [
        116.17370400000001,
        40.03891200000001
       ],
       [
        116.177626,
        40.038443
       ],
       [
        116.17786500000001,
        40.035294
       ],
       [
        116.17444915623572,
        40.035599143734636
       ],
       [
        116.17782300000002,
        40.03478599999999
       ],
       [
        116.17648400000002,
        40.032081000000005
       ],
       [
        116.17361318210051,
        40.0322516430145
       ],
       [
        116.176243,
        40.03195
       ],
       [
        116.17495343095551,
        40.02505417551925
       ],
       [
        116.17630900000002,
        40.02516
       ],
       [
        116.17652700000001,
        40.02214200000001
       ],
       [
        116.172321,
        40.022145
       ],
       [
        116.17231300000002,
        40.024848000000006
       ],
       [
        116.17471491346043,
        40.02503555362949
       ],
       [
        116.167613,
        40.026891
       ],
       [
        116.16763599999999,
        40.032937000000004
       ],
       [
        116.17159653919641,
        40.032482911851965
       ],
       [
        116.168636,
        40.03301600000001
       ],
       [
        116.16952199999999,
        40.036498
       ],
       [
        116.173099,
        40.03575099999999
       ],
       [
        116.17313960041638,
        40.032305956716975
       ],
       [
        116.17365417555084,
        40.03617366035054
       ]
      ]
     ],
     [
      [
       [
        116.175651,
        40.02516099999999
       ],
       [
        116.177023,
        40.03291599999999
       ],
       [
        116.181214,
        40.033413
       ],
       [
        116.18192199999999,
        40.032641999999996
       ],
       [
        116.179762,
        40.03109200000001
       ],
       [
        116.17848841430613,
        40.03145179332399
       ],
       [
        116.17989332336354,
        40.03016046151788
       ],
       [
        116.18215000000001,
        40.03273399999999
       ],
       [
        116.1857,
        40.031422000000006
       ],
       [
        116.1857,
        40.029338
       ],
       [
        116.18423788622218,
        40.02872468785179
       ],
       [
        116.1862586843491,
        40.02886503473307
       ],
       [
        116.186063,
        40.03118299999999
       ],
       [
        116.19205,
        40.03085200000001
       ],
       [
        116.191976,
        40.02530099999999
       ],
       [
        116.189068,
        40.025411999999996
       ],
       [
        116.1870945727147,
        40.027837657390506
       ],
       [
        116.18814900000001,
        40.025708
       ],
       [
        116.18625945814011,
        40.02628263433278
       ],
       [
        116.183214,
        40.025160000000014
       ],
       [
        116.17782162980309,
        40.02642938640128
       ],
       [
        116.175651,
        40.02516099999999
       ]
      ]
     ],
     [
      [
       [
        116.162813,
        40.028719
       ],
       [
        116.162521,
        40.033078
       ],
       [
        116.16513,
        40.03321
       ],
       [
        116.16561200000001,
        40.030524
       ],
       [
        116.16457900000002,
        40.02877199999999
       ],
       [
        116.162813,
        40.028719
       ]
      ]
     ],
     [
      [
       [
        116.18564199999999,
        40.031643
       ],
       [
        116.18270199999999,
        40.03257000000001
       ],
       [
        116.18303599999999,
        40.035321999999994
       ],
       [
        116.185611,
        40.035309000000005
       ],
       [
        116.18564199999999,
        40.031643
       ]
      ]
     ],
     [
      [
       [
        116.178194,
        40.035102999999985
       ],
       [
        116.18231200000001,
        40.035360999999995
       ],
       [
        116.18199,
        40.03322899999999
       ],
       [
        116.178194,
        40.035102999999985
       ]
      ]
     ],
     [
      [
       [
        116.17271200000002,
        40.03983399999999
       ],
       [
        116.169891,
        40.036812
       ],
       [
        116.165047,
        40.04117
       ],
       [
        116.17271200000002,
        40.03983399999999
       ]
      ]
     ],
     [
      [
       [
        116.156946,
        40.041228999999994
       ],
       [
        116.16334899999998,
        40.04146299999999
       ],
       [
        116.16241500000001,
        40.036321
       ],
       [
        116.16039400000001,
        40.03733100000001
       ],
       [
        116.156946,
        40.041228999999994
       ]
      ]
     ],
     [
      [
       [
        116.18289400000002,
        40.03816299999999
       ],
       [
        116.17393200000001,
        40.038965
       ],
       [
        116.17448199999998,
        40.040342
       ],
       [
        116.18289400000002,
        40.03816299999999
       ]
      ]
     ],
     [
      [
       [
        116.174428,
        40.042933000000005
       ],
       [
        116.17533700000001,
        40.044379
       ],
       [
        116.180611,
        40.043599
       ],
       [
        116.18042000000001,
        40.041771
       ],
       [
        116.174428,
        40.042933000000005
       ]
      ]
     ],
     [
      [
       [
        116.158303,
        40.042736
       ],
       [
        116.157907,
        40.0446
       ],
       [
        116.16209300000001,
        40.043124
       ],
       [
        116.158303,
        40.042736
       ]
      ]
     ],
     [
      [
       [
        116.181211,
        40.043686
       ],
       [
        116.180727,
        40.04613199999999
       ],
       [
        116.182686,
        40.046266
       ],
       [
        116.182877,
        40.043815
       ],
       [
        116.181211,
        40.043686
       ]
      ]
     ],
     [
      [
       [
        116.18066600000002,
        40.04615299999999
       ],
       [
        116.180224,
        40.043934
       ],
       [
        116.17537899999999,
        40.044918
       ],
       [
        116.176789,
        40.04648799999998
       ],
       [
        116.18066600000002,
        40.04615299999999
       ]
      ]
     ],
     [
      [
       [
        116.17597000000002,
        40.046371000000015
       ],
       [
        116.17486000000001,
        40.04463499999999
       ],
       [
        116.172007,
        40.04516100000001
       ],
       [
        116.172423,
        40.04673499999999
       ],
       [
        116.17597000000002,
        40.046371000000015
       ]
      ]
     ],
     [
      [
       [
        116.161645,
        40.049053
       ],
       [
        116.16429,
        40.049294
       ],
       [
        116.16510100000002,
        40.04510199999999
       ],
       [
        116.163218,
        40.04587300000001
       ],
       [
        116.161645,
        40.049053
       ]
      ]
     ],
     [
      [
       [
        116.182707,
        40.046534
       ],
       [
        116.180727,
        40.046899
       ],
       [
        116.18070300000001,
        40.04983800000001
       ],
       [
        116.182877,
        40.049928
       ],
       [
        116.182707,
        40.046534
       ]
      ]
     ],
     [
      [
       [
        116.18378099999998,
        40.04652000000001
       ],
       [
        116.18322,
        40.04964699999999
       ],
       [
        116.18478399999998,
        40.050075
       ],
       [
        116.18509200000001,
        40.046707
       ],
       [
        116.18378099999998,
        40.04652000000001
       ]
      ]
     ],
     [
      [
       [
        116.180611,
        40.04682199999999
       ],
       [
        116.17704200000001,
        40.04681299999999
       ],
       [
        116.17859800000001,
        40.04976799999999
       ],
       [
        116.180611,
        40.04976800000001
       ],
       [
        116.180611,
        40.04682199999999
       ]
      ]
     ],
     [
      [
       [
        116.17640000000002,
        40.046763
       ],
       [
        116.17506700000001,
        40.04692099999998
       ],
       [
        116.175054,
        40.049838
       ],
       [
        116.178179,
        40.049907
       ],
       [
        116.17640000000002,
        40.046763
       ]
      ]
     ],
     [
      [
       [
        116.1746,
        40.04679300000001
       ],
       [
        116.17196800000002,
        40.047096
       ],
       [
        116.17191499999998,
        40.049838
       ],
       [
        116.17468800000002,
        40.04996800000001
       ],
       [
        116.1746,
        40.04679300000001
       ]
      ]
     ],
     [
      [
       [
        116.154968,
        40.048387
       ],
       [
        116.158688,
        40.049123
       ],
       [
        116.16083800000001,
        40.048819
       ],
       [
        116.15939100000001,
        40.04746599999999
       ],
       [
        116.154968,
        40.048387
       ]
      ]
     ],
     [
      [
       [
        116.17174899999999,
        40.047017999999994
       ],
       [
        116.16881300000001,
        40.047116
       ],
       [
        116.168776,
        40.051736
       ],
       [
        116.17187799999999,
        40.05184799999999
       ],
       [
        116.17174899999999,
        40.047017999999994
       ]
      ]
     ],
     [
      [
       [
        116.168739,
        40.047116
       ],
       [
        116.16620400000001,
        40.046995
       ],
       [
        116.165984,
        40.051842
       ],
       [
        116.16861,
        40.05194500000001
       ],
       [
        116.168739,
        40.047116
       ]
      ]
     ],
     [
      [
       [
        116.150946,
        40.056952
       ],
       [
        116.151124,
        40.052768
       ],
       [
        116.1485266164182,
        40.05248697797498
       ],
       [
        116.15110800000001,
        40.052616
       ],
       [
        116.15111000000002,
        40.049909
       ],
       [
        116.142111,
        40.053803
       ],
       [
        116.143885,
        40.056945
       ],
       [
        116.150946,
        40.056952
       ]
      ]
     ],
     [
      [
       [
        116.15451299999998,
        40.05288199999999
       ],
       [
        116.155855,
        40.05018
       ],
       [
        116.151827,
        40.049838
       ],
       [
        116.151563,
        40.052576
       ],
       [
        116.15451299999998,
        40.05288199999999
       ]
      ]
     ],
     [
      [
       [
        116.159896,
        40.05309
       ],
       [
        116.16060100000001,
        40.050715999999994
       ],
       [
        116.155994,
        40.050386
       ],
       [
        116.155052,
        40.05284799999999
       ],
       [
        116.159896,
        40.05309
       ]
      ]
     ],
     [
      [
       [
        116.17222900000002,
        40.05007500000001
       ],
       [
        116.172138,
        40.05386099999999
       ],
       [
        116.17613600000001,
        40.05337200000001
       ],
       [
        116.17818,
        40.051564
       ],
       [
        116.177656,
        40.050084999999996
       ],
       [
        116.17222900000002,
        40.05007500000001
       ]
      ]
     ],
     [
      [
       [
        116.18065,
        40.05207899999999
       ],
       [
        116.178018,
        40.05177599999999
       ],
       [
        116.175368,
        40.054821
       ],
       [
        116.17743500000002,
        40.05501300000001
       ],
       [
        116.18065,
        40.05207899999999
       ]
      ]
     ],
     [
      [
       [
        116.154537,
        40.055241
       ],
       [
        116.154895,
        40.05324600000001
       ],
       [
        116.151827,
        40.052922
       ],
       [
        116.15158500000001,
        40.05520800000001
       ],
       [
        116.154537,
        40.055241
       ]
      ]
     ],
     [
      [
       [
        116.15926499999999,
        40.056176999999984
       ],
       [
        116.15990100000002,
        40.05347
       ],
       [
        116.15528000000002,
        40.05316000000001
       ],
       [
        116.15506,
        40.055228
       ],
       [
        116.15926499999999,
        40.056176999999984
       ]
      ]
     ],
     [
      [
       [
        116.17196800000002,
        40.059461000000006
       ],
       [
        116.1746,
        40.059764
       ],
       [
        116.17500100000001,
        40.057299
       ],
       [
        116.17222900000002,
        40.05719299999999
       ],
       [
        116.17196800000002,
        40.059461000000006
       ]
      ]
     ],
     [
      [
       [
        116.16532400000001,
        40.05719299999999
       ],
       [
        116.16501,
        40.064075
       ],
       [
        116.17114800000002,
        40.064509
       ],
       [
        116.17187500000001,
        40.062535
       ],
       [
        116.16859339550714,
        40.05985917194034
       ],
       [
        116.173009,
        40.062859
       ],
       [
        116.1714869527277,
        40.05985724401591
       ],
       [
        116.171901,
        40.057598999999996
       ],
       [
        116.166694,
        40.057247
       ],
       [
        116.16688858763756,
        40.05846894885363
       ],
       [
        116.16532400000001,
        40.05719299999999
       ]
      ]
     ],
     [
      [
       [
        116.159554,
        40.05721099999999
       ],
       [
        116.158757,
        40.060371
       ],
       [
        116.16134299999999,
        40.060503
       ],
       [
        116.161533,
        40.057576999999995
       ],
       [
        116.159554,
        40.05721099999999
       ]
      ]
     ],
     [
      [
       [
        116.157945,
        40.060484999999986
       ],
       [
        116.15867900000002,
        40.057299
       ],
       [
        116.15528000000002,
        40.05719299999999
       ],
       [
        116.155019,
        40.060410000000005
       ],
       [
        116.157945,
        40.060484999999986
       ]
      ]
     ],
     [
      [
       [
        116.154832,
        40.060472999999995
       ],
       [
        116.154913,
        40.057536
       ],
       [
        116.151827,
        40.057193
       ],
       [
        116.151569,
        40.060413
       ],
       [
        116.154832,
        40.060472999999995
       ]
      ]
     ],
     [
      [
       [
        116.179614,
        40.057221000000006
       ],
       [
        116.17917100000001,
        40.060627
       ],
       [
        116.18249499999999,
        40.06092
       ],
       [
        116.18255,
        40.057319
       ],
       [
        116.179614,
        40.057221000000006
       ]
      ]
     ],
     [
      [
       [
        116.17901899999998,
        40.057247
       ],
       [
        116.175444,
        40.057275
       ],
       [
        116.175054,
        40.060753000000005
       ],
       [
        116.17906300000001,
        40.060903
       ],
       [
        116.17901899999998,
        40.057247
       ]
      ]
     ],
     [
      [
       [
        116.164659,
        40.05944000000001
       ],
       [
        116.16469400000001,
        40.05740699999999
       ],
       [
        116.16187099999999,
        40.057192999999984
       ],
       [
        116.16253,
        40.060752
       ],
       [
        116.164659,
        40.05944000000001
       ]
      ]
     ],
     [
      [
       [
        116.182563,
        40.06137399999999
       ],
       [
        116.17672100000001,
        40.061291999999995
       ],
       [
        116.176024,
        40.06393600000001
       ],
       [
        116.18302300000002,
        40.06642900000001
       ],
       [
        116.182563,
        40.06137399999999
       ]
      ]
     ],
     [
      [
       [
        116.158537,
        40.060804
       ],
       [
        116.157862,
        40.063750999999996
       ],
       [
        116.16146500000002,
        40.063768
       ],
       [
        116.161486,
        40.060839
       ],
       [
        116.158537,
        40.060804
       ]
      ]
     ],
     [
      [
       [
        116.15742400000002,
        40.063494999999996
       ],
       [
        116.157651,
        40.060793000000004
       ],
       [
        116.151827,
        40.060753000000005
       ],
       [
        116.151653,
        40.063796999999994
       ],
       [
        116.15742400000002,
        40.063494999999996
       ]
      ]
     ],
     [
      [
       [
        116.16462499999999,
        40.063988
       ],
       [
        116.164581,
        40.060807
       ],
       [
        116.16162800000001,
        40.06083900000001
       ],
       [
        116.161557,
        40.06383699999999
       ],
       [
        116.16462499999999,
        40.063988
       ]
      ]
     ],
     [
      [
       [
        116.15152700000002,
        40.065093
       ],
       [
        116.15662599999999,
        40.06525099999999
       ],
       [
        116.156757,
        40.06390699999999
       ],
       [
        116.15205000000002,
        40.063848
       ],
       [
        116.15152700000002,
        40.065093
       ]
      ]
     ],
     [
      [
       [
        116.16121900000002,
        40.064221
       ],
       [
        116.15767100000001,
        40.06409299999999
       ],
       [
        116.15730199999999,
        40.066645
       ],
       [
        116.159794,
        40.066903999999994
       ],
       [
        116.16121900000002,
        40.064221
       ]
      ]
     ],
     [
      [
       [
        116.16549,
        40.064339999999994
       ],
       [
        116.165045,
        40.067981
       ],
       [
        116.168057,
        40.068039
       ],
       [
        116.16811099999998,
        40.064674999999994
       ],
       [
        116.16549,
        40.064339999999994
       ]
      ]
     ],
     [
      [
       [
        116.16462499999999,
        40.064398999999995
       ],
       [
        116.16135400000002,
        40.064367999999995
       ],
       [
        116.160302,
        40.06692199999999
       ],
       [
        116.164578,
        40.06805699999999
       ],
       [
        116.16462499999999,
        40.064398999999995
       ]
      ]
     ],
     [
      [
       [
        116.170466,
        40.068328
       ],
       [
        116.17094800000001,
        40.064931
       ],
       [
        116.168462,
        40.06454900000001
       ],
       [
        116.168172,
        40.068199
       ],
       [
        116.170466,
        40.068328
       ]
      ]
     ],
     [
      [
       [
        116.183161,
        40.068003000000004
       ],
       [
        116.183069,
        40.066485
       ],
       [
        116.17882000000002,
        40.065736
       ],
       [
        116.178964,
        40.067358999999996
       ],
       [
        116.183161,
        40.068003000000004
       ]
      ]
     ],
     [
      [
       [
        116.171006,
        40.06562999999999
       ],
       [
        116.17102600000001,
        40.06824
       ],
       [
        116.173976,
        40.068778
       ],
       [
        116.17500100000001,
        40.066078
       ],
       [
        116.172601,
        40.06502799999999
       ],
       [
        116.171006,
        40.06562999999999
       ]
      ]
     ],
     [
      [
       [
        116.16464299999998,
        40.069188999999994
       ],
       [
        116.16455,
        40.06814500000001
       ],
       [
        116.160302,
        40.06715899999999
       ],
       [
        116.160437,
        40.069252999999996
       ],
       [
        116.16464299999998,
        40.069188999999994
       ]
      ]
     ],
     [
      [
       [
        116.159878,
        40.066978999999996
       ],
       [
        116.15692699999998,
        40.066766
       ],
       [
        116.15622099999999,
        40.070244
       ],
       [
        116.15991700000001,
        40.07039499999999
       ],
       [
        116.159878,
        40.066978999999996
       ]
      ]
     ],
     [
      [
       [
        116.18256,
        40.069627999999994
       ],
       [
        116.18209900000001,
        40.068134000000015
       ],
       [
        116.177912,
        40.068002
       ],
       [
        116.17838199999998,
        40.06951299999999
       ],
       [
        116.18256,
        40.069627999999994
       ]
      ]
     ],
     [
      [
       [
        116.172349,
        40.071175
       ],
       [
        116.17377300000001,
        40.068965
       ],
       [
        116.170973,
        40.068583
       ],
       [
        116.170683,
        40.07104700000001
       ],
       [
        116.172349,
        40.071175
       ]
      ]
     ],
     [
      [
       [
        116.164672,
        40.070572
       ],
       [
        116.16450199999998,
        40.069313
       ],
       [
        116.160302,
        40.069295
       ],
       [
        116.1605,
        40.070702
       ],
       [
        116.164672,
        40.070572
       ]
      ]
     ],
     [
      [
       [
        116.173913,
        40.069111
       ],
       [
        116.172857,
        40.070949999999996
       ],
       [
        116.17778700000001,
        40.07112399999999
       ],
       [
        116.17782600000001,
        40.06940000000001
       ],
       [
        116.173913,
        40.069111
       ]
      ]
     ],
     [
      [
       [
        116.181596,
        40.07131999999999
       ],
       [
        116.18181300000002,
        40.070044
       ],
       [
        116.178192,
        40.069531999999995
       ],
       [
        116.178018,
        40.071389999999994
       ],
       [
        116.181596,
        40.07131999999999
       ]
      ]
     ],
     [
      [
       [
        116.175369,
        40.079519999999995
       ],
       [
        116.178227,
        40.08091999999999
       ],
       [
        116.184064,
        40.078717
       ],
       [
        116.17815699999998,
        40.076178
       ],
       [
        116.175369,
        40.079519999999995
       ]
      ]
     ],
     [
      [
       [
        116.16564800000002,
        40.083355
       ],
       [
        116.175958,
        40.083644
       ],
       [
        116.17191499999998,
        40.081871
       ],
       [
        116.16564800000002,
        40.083355
       ]
      ]
     ],
     [
      [
       [
        116.17082500000001,
        40.08356
       ],
       [
        116.16912817027166,
        40.08640207823182
       ],
       [
        116.17020600000001,
        40.08357199999998
       ],
       [
        116.163374,
        40.0833
       ],
       [
        116.161563,
        40.08429000000001
       ],
       [
        116.164447,
        40.085662
       ],
       [
        116.16554132642794,
        40.08415417678164
       ],
       [
        116.16470800000002,
        40.085733999999995
       ],
       [
        116.17394799999998,
        40.090147
       ],
       [
        116.17721000000002,
        40.08389
       ],
       [
        116.17082500000001,
        40.08356
       ]
      ]
     ],
     [
      [
       [
        116.148674,
        40.086687000000005
       ],
       [
        116.14783800000001,
        40.084966
       ],
       [
        116.143898,
        40.08567599999999
       ],
       [
        116.14388900000002,
        40.087793
       ],
       [
        116.148674,
        40.086687000000005
       ]
      ]
     ],
     [
      [
       [
        116.183103,
        40.093481999999995
       ],
       [
        116.186328,
        40.09032099999999
       ],
       [
        116.182181,
        40.085974
       ],
       [
        116.17775700000001,
        40.084499
       ],
       [
        116.175078,
        40.090741
       ],
       [
        116.183103,
        40.093481999999995
       ]
      ]
     ],
     [
      [
       [
        116.16777000000002,
        40.090180999999994
       ],
       [
        116.165958,
        40.092598
       ],
       [
        116.168776,
        40.093972
       ],
       [
        116.170967,
        40.09107900000001
       ],
       [
        116.16777000000002,
        40.090180999999994
       ]
      ]
     ],
     [
      [
       [
        116.149002,
        40.09919299999999
       ],
       [
        116.147119,
        40.10251499999998
       ],
       [
        116.149002,
        40.102989
       ],
       [
        116.149002,
        40.09919299999999
       ]
      ]
     ],
     [
      [
       [
        116.183515,
        40.121092000000004
       ],
       [
        116.18330500000002,
        40.119609
       ],
       [
        116.17756500000002,
        40.119598999999994
       ],
       [
        116.17747400000002,
        40.121486999999995
       ],
       [
        116.183515,
        40.121092000000004
       ]
      ]
     ],
     [
      [
       [
        116.21671916934085,
        39.92724581259996
       ],
       [
        116.218959,
        39.92798599999999
       ],
       [
        116.21897200000001,
        39.925647000000005
       ],
       [
        116.21573800000002,
        39.92504399999999
       ],
       [
        116.214601,
        39.927873999999996
       ],
       [
        116.21671916934085,
        39.92724581259996
       ]
      ]
     ],
     [
      [
       [
        116.21453400000001,
        39.928020999999994
       ],
       [
        116.21416700000002,
        39.92483899999999
       ],
       [
        116.211182,
        39.925869000000006
       ],
       [
        116.211899,
        39.928299
       ],
       [
        116.21453400000001,
        39.928020999999994
       ]
      ]
     ],
     [
      [
       [
        116.21927199999999,
        39.929884
       ],
       [
        116.21883,
        39.928139
       ],
       [
        116.21491500000002,
        39.928111
       ],
       [
        116.215082,
        39.929982
       ],
       [
        116.21927199999999,
        39.929884
       ]
      ]
     ],
     [
      [
       [
        116.221415,
        39.94370200000001
       ],
       [
        116.220941,
        39.93974300000001
       ],
       [
        116.218226,
        39.939764
       ],
       [
        116.21398,
        39.942299999999996
       ],
       [
        116.214854,
        39.944005
       ],
       [
        116.221415,
        39.94370200000001
       ]
      ]
     ],
     [
      [
       [
        116.22204599999999,
        39.947970999999995
       ],
       [
        116.222042,
        39.94502799999999
       ],
       [
        116.21981190791044,
        39.94664823022728
       ],
       [
        116.21749499999999,
        39.946471
       ],
       [
        116.21819099999999,
        39.95108599999998
       ],
       [
        116.222715,
        39.95077799999999
       ],
       [
        116.22085601236398,
        39.94813357748293
       ],
       [
        116.22204599999999,
        39.947970999999995
       ]
      ]
     ],
     [
      [
       [
        116.21742500000002,
        39.94659600000001
       ],
       [
        116.21465400000001,
        39.94672500000001
       ],
       [
        116.21272400000001,
        39.94894600000001
       ],
       [
        116.213481,
        39.950848
       ],
       [
        116.21768700000001,
        39.95102200000001
       ],
       [
        116.21742500000002,
        39.94659600000001
       ]
      ]
     ],
     [
      [
       [
        116.20269300000001,
        39.952707
       ],
       [
        116.20449699999999,
        39.95444499999999
       ],
       [
        116.207311,
        39.953413999999995
       ],
       [
        116.207582,
        39.947858999999994
       ],
       [
        116.20399900000001,
        39.95002999999999
       ],
       [
        116.20269300000001,
        39.952707
       ]
      ]
     ],
     [
      [
       [
        116.217502,
        39.95468
       ],
       [
        116.21768700000001,
        39.95241899999999
       ],
       [
        116.21554300000001,
        39.952314
       ],
       [
        116.213346,
        39.954681
       ],
       [
        116.217502,
        39.95468
       ]
      ]
     ],
     [
      [
       [
        116.22224800000001,
        39.956331999999996
       ],
       [
        116.222741,
        39.952229
       ],
       [
        116.22025099999999,
        39.952077
       ],
       [
        116.22027200000001,
        39.95619499999999
       ],
       [
        116.22224800000001,
        39.956331999999996
       ]
      ]
     ],
     [
      [
       [
        116.20723711713038,
        39.95818980947588
       ],
       [
        116.20781100000002,
        39.959616
       ],
       [
        116.209822,
        39.959346
       ],
       [
        116.209151,
        39.957114
       ],
       [
        116.20719527288117,
        39.95773209386551
       ],
       [
        116.20707385554734,
        39.9564039320097
       ],
       [
        116.209465,
        39.957006
       ],
       [
        116.20919900000001,
        39.954778
       ],
       [
        116.207069,
        39.954687
       ],
       [
        116.205573,
        39.956025999999994
       ],
       [
        116.20689271463804,
        39.95635831997581
       ],
       [
        116.204268,
        39.956969
       ],
       [
        116.205064,
        39.959651
       ],
       [
        116.20735899999998,
        39.959523
       ],
       [
        116.20723711713038,
        39.95818980947588
       ]
      ]
     ],
     [
      [
       [
        116.21822,
        39.95661299999999
       ],
       [
        116.217781,
        39.959075
       ],
       [
        116.219937,
        39.959195
       ],
       [
        116.220214,
        39.956711
       ],
       [
        116.21822,
        39.95661299999999
       ]
      ]
     ],
     [
      [
       [
        116.20441800000002,
        39.958760999999996
       ],
       [
        116.20241299999999,
        39.958825999999995
       ],
       [
        116.20301000000002,
        39.968061
       ],
       [
        116.20624700000002,
        39.968194
       ],
       [
        116.20441800000002,
        39.958760999999996
       ]
      ]
     ],
     [
      [
       [
        116.20716000000002,
        39.965058
       ],
       [
        116.211371,
        39.96482
       ],
       [
        116.21074299999998,
        39.962587000000006
       ],
       [
        116.207807,
        39.96257399999999
       ],
       [
        116.20716000000002,
        39.965058
       ]
      ]
     ],
     [
      [
       [
        116.21535399999999,
        39.96816399999999
       ],
       [
        116.222699,
        39.96788099999999
       ],
       [
        116.222648,
        39.961148
       ],
       [
        116.21428800000001,
        39.962754
       ],
       [
        116.21535399999999,
        39.96816399999999
       ]
      ]
     ],
     [
      [
       [
        116.21240300000001,
        39.96724
       ],
       [
        116.206724,
        39.966789
       ],
       [
        116.206441,
        39.967737
       ],
       [
        116.21212099999998,
        39.967974000000005
       ],
       [
        116.21240300000001,
        39.96724
       ]
      ]
     ],
     [
      [
       [
        116.202498,
        39.973628
       ],
       [
        116.206702,
        39.97356400000001
       ],
       [
        116.20643999999999,
        39.969380000000015
       ],
       [
        116.20273,
        39.96926299999999
       ],
       [
        116.202498,
        39.973628
       ]
      ]
     ],
     [
      [
       [
        116.212556,
        39.969190999999995
       ],
       [
        116.20666400000002,
        39.969170999999996
       ],
       [
        116.206919,
        39.973878
       ],
       [
        116.21330900000001,
        39.97378100000001
       ],
       [
        116.212556,
        39.969190999999995
       ]
      ]
     ],
     [
      [
       [
        116.21891199999999,
        39.97042400000001
       ],
       [
        116.216394,
        39.970358000000004
       ],
       [
        116.21720000000002,
        39.97596999999999
       ],
       [
        116.22139400000002,
        39.975512999999985
       ],
       [
        116.21891199999999,
        39.97042400000001
       ]
      ]
     ],
     [
      [
       [
        116.21362100000002,
        39.97663099999999
       ],
       [
        116.213494,
        39.973935
       ],
       [
        116.207069,
        39.973907
       ],
       [
        116.207859,
        39.97696199999999
       ],
       [
        116.21362100000002,
        39.97663099999999
       ]
      ]
     ],
     [
      [
       [
        116.20701900000002,
        39.97425299999999
       ],
       [
        116.203441,
        39.97394700000001
       ],
       [
        116.20236,
        39.97675399999999
       ],
       [
        116.20755700000001,
        39.97695199999999
       ],
       [
        116.20701900000002,
        39.97425299999999
       ]
      ]
     ],
     [
      [
       [
        116.17348400000002,
        39.987195
       ],
       [
        116.19615000000002,
        40.00522300000001
       ],
       [
        116.209233,
        39.999164999999984
       ],
       [
        116.21296372262081,
        39.99154852547157
       ],
       [
        116.21576499999999,
        39.99163399999999
       ],
       [
        116.21381675579755,
        39.98980675098801
       ],
       [
        116.215536,
        39.986296
       ],
       [
        116.21490300000002,
        39.97977399999999
       ],
       [
        116.20061051302748,
        39.97936678322722
       ],
       [
        116.201692,
        39.979006999999996
       ],
       [
        116.20063399999998,
        39.974413000000006
       ],
       [
        116.19468,
        39.97607
       ],
       [
        116.19561900000001,
        39.978386
       ],
       [
        116.19783881999007,
        39.979287608568576
       ],
       [
        116.184094,
        39.978894
       ],
       [
        116.174522,
        39.983464000000005
       ],
       [
        116.17348400000002,
        39.987195
       ]
      ]
     ],
     [
      [
       [
        116.220768,
        39.986664
       ],
       [
        116.221438,
        39.984673999999984
       ],
       [
        116.21836800000001,
        39.98434699999999
       ],
       [
        116.217493,
        39.986629
       ],
       [
        116.220768,
        39.986664
       ]
      ]
     ],
     [
      [
       [
        116.21891500000001,
        39.99311899999999
       ],
       [
        116.22526,
        39.992721
       ],
       [
        116.225131,
        39.991742
       ],
       [
        116.21705099999998,
        39.990047
       ],
       [
        116.21891500000001,
        39.99311899999999
       ]
      ]
     ],
     [
      [
       [
        116.20253308736825,
        40.02810924867224
       ],
       [
        116.19214199999999,
        40.02519999999999
       ],
       [
        116.192654,
        40.030708
       ],
       [
        116.19393965441157,
        40.03116341179794
       ],
       [
        116.18940000015836,
        40.033491783996865
       ],
       [
        116.18940000000002,
        40.031399
       ],
       [
        116.186127,
        40.031639000000006
       ],
       [
        116.18613099999999,
        40.035056999999995
       ],
       [
        116.18899763457397,
        40.034223937349765
       ],
       [
        116.190973,
        40.03630299999998
       ],
       [
        116.199848,
        40.031586999999995
       ],
       [
        116.19654029782939,
        40.031349897972724
       ],
       [
        116.21194699999998,
        40.029868
       ],
       [
        116.21240594964392,
        40.028442589251924
       ],
       [
        116.21221099999998,
        40.03009300000001
       ],
       [
        116.217334,
        40.03078499999999
       ],
       [
        116.217319,
        40.028065999999995
       ],
       [
        116.21196237051026,
        40.027624617775075
       ],
       [
        116.21373518202229,
        40.023233016828264
       ],
       [
        116.217826,
        40.023015
       ],
       [
        116.217962,
        40.020721
       ],
       [
        116.21479757320321,
        40.02066592245495
       ],
       [
        116.21225599999998,
        40.017603
       ],
       [
        116.20639800000001,
        40.016619999999996
       ],
       [
        116.203355,
        40.018385
       ],
       [
        116.19984999999998,
        40.02562999999999
       ],
       [
        116.20253308736825,
        40.02810924867224
       ]
      ]
     ],
     [
      [
       [
        116.21306699999998,
        40.025031999999996
       ],
       [
        116.21756699999999,
        40.025135
       ],
       [
        116.21764800000001,
        40.023094
       ],
       [
        116.213833,
        40.02328700000001
       ],
       [
        116.21306699999998,
        40.025031999999996
       ]
      ]
     ],
     [
      [
       [
        116.213091,
        40.025258999999984
       ],
       [
        116.212858,
        40.027493
       ],
       [
        116.21764800000001,
        40.02770100000001
       ],
       [
        116.217601,
        40.025437999999994
       ],
       [
        116.213091,
        40.025258999999984
       ]
      ]
     ],
     [
      [
       [
        116.204723,
        40.036996
       ],
       [
        116.207345,
        40.036187
       ],
       [
        116.20706199999998,
        40.033656
       ],
       [
        116.20365300000002,
        40.03430200000001
       ],
       [
        116.204723,
        40.036996
       ]
      ]
     ],
     [
      [
       [
        116.204487,
        40.036936999999995
       ],
       [
        116.20350500000002,
        40.034233
       ],
       [
        116.200965,
        40.034676999999995
       ],
       [
        116.202475,
        40.03720800000001
       ],
       [
        116.204487,
        40.036936999999995
       ]
      ]
     ],
     [
      [
       [
        116.186154,
        40.03673299999999
       ],
       [
        116.190045,
        40.03599199999999
       ],
       [
        116.18855000000002,
        40.03465099999999
       ],
       [
        116.18611000000001,
        40.035450000000004
       ],
       [
        116.186154,
        40.03673299999999
       ]
      ]
     ],
     [
      [
       [
        116.18598399999999,
        40.036922
       ],
       [
        116.18592400000001,
        40.03541700000001
       ],
       [
        116.183214,
        40.035363000000004
       ],
       [
        116.18301499999998,
        40.037445000000005
       ],
       [
        116.18598399999999,
        40.036922
       ]
      ]
     ],
     [
      [
       [
        116.20636799999998,
        40.039786
       ],
       [
        116.206954,
        40.03684100000001
       ],
       [
        116.202766,
        40.037567999999986
       ],
       [
        116.20341599999999,
        40.039579999999994
       ],
       [
        116.20636799999998,
        40.039786
       ]
      ]
     ],
     [
      [
       [
        116.191488,
        40.03873999999998
       ],
       [
        116.19081800000001,
        40.040497
       ],
       [
        116.19439900000002,
        40.040766999999995
       ],
       [
        116.19627699999998,
        40.035856
       ],
       [
        116.191488,
        40.03873999999998
       ]
      ]
     ],
     [
      [
       [
        116.20058899999998,
        40.036328
       ],
       [
        116.198331,
        40.04166199999999
       ],
       [
        116.20127899999999,
        40.042205
       ],
       [
        116.201994,
        40.040688999999986
       ],
       [
        116.20012036933528,
        40.0401367885015
       ],
       [
        116.202312,
        40.040473
       ],
       [
        116.20058899999998,
        40.036328
       ]
      ]
     ],
     [
      [
       [
        116.197709,
        40.041529
       ],
       [
        116.199844,
        40.037693
       ],
       [
        116.196711,
        40.03678699999999
       ],
       [
        116.194834,
        40.040631
       ],
       [
        116.197709,
        40.041529
       ]
      ]
     ],
     [
      [
       [
        116.189439,
        40.042139
       ],
       [
        116.18903799999998,
        40.040386
       ],
       [
        116.18572500000002,
        40.04034600000001
       ],
       [
        116.18555100000002,
        40.042204999999996
       ],
       [
        116.189439,
        40.042139
       ]
      ]
     ],
     [
      [
       [
        116.204703,
        40.043167
       ],
       [
        116.205778,
        40.04047400000001
       ],
       [
        116.20267400000002,
        40.039872
       ],
       [
        116.201449,
        40.042346
       ],
       [
        116.204703,
        40.043167
       ]
      ]
     ],
     [
      [
       [
        116.19685600000001,
        40.044116
       ],
       [
        116.197936,
        40.04166899999999
       ],
       [
        116.194828,
        40.04082100000001
       ],
       [
        116.193608,
        40.04330399999999
       ],
       [
        116.19685600000001,
        40.044116
       ]
      ]
     ],
     [
      [
       [
        116.21492100000002,
        40.049172
       ],
       [
        116.21591800000002,
        40.04959600000001
       ],
       [
        116.219904,
        40.045910000000006
       ],
       [
        116.220804,
        40.041616000000005
       ],
       [
        116.215659,
        40.04063700000001
       ],
       [
        116.21492100000002,
        40.049172
       ]
      ]
     ],
     [
      [
       [
        116.19584000000002,
        40.047141
       ],
       [
        116.198797,
        40.04788299999999
       ],
       [
        116.19944400000001,
        40.04492400000001
       ],
       [
        116.19714000000002,
        40.044434
       ],
       [
        116.19584000000002,
        40.047141
       ]
      ]
     ],
     [
      [
       [
        116.20184999999998,
        40.048871
       ],
       [
        116.20327800000001,
        40.046188
       ],
       [
        116.200163,
        40.045329
       ],
       [
        116.198931,
        40.04779099999999
       ],
       [
        116.20184999999998,
        40.048871
       ]
      ]
     ],
     [
      [
       [
        116.19021100000002,
        40.050065
       ],
       [
        116.191989,
        40.046684
       ],
       [
        116.18895600000002,
        40.046821999999985
       ],
       [
        116.18887800000002,
        40.04966900000001
       ],
       [
        116.19021100000002,
        40.050065
       ]
      ]
     ],
     [
      [
       [
        116.187104,
        40.050056
       ],
       [
        116.18821200000001,
        40.046662
       ],
       [
        116.18518900000001,
        40.046822
       ],
       [
        116.18513100000001,
        40.049468999999995
       ],
       [
        116.187104,
        40.050056
       ]
      ]
     ],
     [
      [
       [
        116.19506700000001,
        40.04731100000001
       ],
       [
        116.192113,
        40.046808999999996
       ],
       [
        116.190747,
        40.049838
       ],
       [
        116.194089,
        40.050017999999994
       ],
       [
        116.19506700000001,
        40.04731100000001
       ]
      ]
     ],
     [
      [
       [
        116.195618,
        40.04749400000001
       ],
       [
        116.194551,
        40.04971199999999
       ],
       [
        116.197652,
        40.050075
       ],
       [
        116.198557,
        40.048301999999985
       ],
       [
        116.195618,
        40.04749400000001
       ]
      ]
     ],
     [
      [
       [
        116.200754,
        40.054708999999995
       ],
       [
        116.197504,
        40.054611
       ],
       [
        116.19733900000001,
        40.056007
       ],
       [
        116.200625,
        40.05621600000001
       ],
       [
        116.200754,
        40.054708999999995
       ]
      ]
     ],
     [
      [
       [
        116.190525,
        40.063293
       ],
       [
        116.19348400000001,
        40.063527
       ],
       [
        116.19348,
        40.061534
       ],
       [
        116.190747,
        40.061465
       ],
       [
        116.190525,
        40.063293
       ]
      ]
     ],
     [
      [
       [
        116.193957,
        40.061789
       ],
       [
        116.19431300000001,
        40.06354499999999
       ],
       [
        116.197025,
        40.063837
       ],
       [
        116.19722400000002,
        40.061518
       ],
       [
        116.193957,
        40.061789
       ]
      ]
     ],
     [
      [
       [
        116.198589,
        40.06483
       ],
       [
        116.198332,
        40.06407800000001
       ],
       [
        116.190747,
        40.0636
       ],
       [
        116.192883,
        40.06573100000001
       ],
       [
        116.198589,
        40.06483
       ]
      ]
     ],
     [
      [
       [
        116.187889,
        40.067503
       ],
       [
        116.18738599999999,
        40.063373000000006
       ],
       [
        116.183467,
        40.063367
       ],
       [
        116.183752,
        40.066437
       ],
       [
        116.1870652725904,
        40.065279693784454
       ],
       [
        116.18362000000002,
        40.06699100000001
       ],
       [
        116.183535,
        40.06815600000001
       ],
       [
        116.186411,
        40.068579
       ],
       [
        116.187889,
        40.067503
       ]
      ]
     ],
     [
      [
       [
        116.19257799999998,
        40.067766
       ],
       [
        116.191231,
        40.065298999999996
       ],
       [
        116.18801400000001,
        40.065568
       ],
       [
        116.188056,
        40.067353999999995
       ],
       [
        116.19257799999998,
        40.067766
       ]
      ]
     ],
     [
      [
       [
        116.194575,
        40.071426
       ],
       [
        116.19796,
        40.065689
       ],
       [
        116.19294400000001,
        40.06644699999999
       ],
       [
        116.19326799999999,
        40.07101300000001
       ],
       [
        116.194575,
        40.071426
       ]
      ]
     ],
     [
      [
       [
        116.186889,
        40.069937
       ],
       [
        116.18669800000002,
        40.068584
       ],
       [
        116.183439,
        40.068592999999986
       ],
       [
        116.182902,
        40.069507
       ],
       [
        116.186889,
        40.069937
       ]
      ]
     ],
     [
      [
       [
        116.18665300000002,
        40.070412
       ],
       [
        116.182809,
        40.07025399999999
       ],
       [
        116.181959,
        40.071430000000014
       ],
       [
        116.18518900000001,
        40.07260699999999
       ],
       [
        116.18665300000002,
        40.070412
       ]
      ]
     ],
     [
      [
       [
        116.188811,
        40.070587
       ],
       [
        116.186803,
        40.070522999999994
       ],
       [
        116.18582199999999,
        40.073024999999994
       ],
       [
        116.187469,
        40.073288999999995
       ],
       [
        116.188811,
        40.070587
       ]
      ]
     ],
     [
      [
       [
        116.18768299999999,
        40.07372
       ],
       [
        116.18875,
        40.073986
       ],
       [
        116.19123499999999,
        40.070521
       ],
       [
        116.189293,
        40.07053500000001
       ],
       [
        116.18768299999999,
        40.07372
       ]
      ]
     ],
     [
      [
       [
        116.21819000000002,
        40.071947
       ],
       [
        116.218109,
        40.07464900000001
       ],
       [
        116.22064100000001,
        40.07474499999999
       ],
       [
        116.220823,
        40.072481999999994
       ],
       [
        116.21819000000002,
        40.071947
       ]
      ]
     ],
     [
      [
       [
        116.19191699999999,
        40.075218
       ],
       [
        116.194506,
        40.07195599999999
       ],
       [
        116.193258,
        40.071192999999994
       ],
       [
        116.19013000000001,
        40.07421600000001
       ],
       [
        116.19191699999999,
        40.075218
       ]
      ]
     ],
     [
      [
       [
        116.19883700000001,
        40.072704
       ],
       [
        116.195123,
        40.07143099999999
       ],
       [
        116.19301300000001,
        40.07490099999999
       ],
       [
        116.19722400000002,
        40.076122
       ],
       [
        116.19883700000001,
        40.072704
       ]
      ]
     ],
     [
      [
       [
        116.210746,
        40.07974500000001
       ],
       [
        116.210146,
        40.08257799999999
       ],
       [
        116.217133,
        40.082345
       ],
       [
        116.217728,
        40.080381
       ],
       [
        116.210746,
        40.07974500000001
       ]
      ]
     ],
     [
      [
       [
        116.21697299999998,
        40.082385
       ],
       [
        116.21088600000002,
        40.08269
       ],
       [
        116.212872,
        40.08634599999999
       ],
       [
        116.21730800000002,
        40.085615
       ],
       [
        116.21697299999998,
        40.082385
       ]
      ]
     ],
     [
      [
       [
        116.19690799999998,
        40.09087099999999
       ],
       [
        116.20849200000002,
        40.08658
       ],
       [
        116.208599,
        40.08555299999998
       ],
       [
        116.196873,
        40.08261199999999
       ],
       [
        116.19388599999999,
        40.089704999999995
       ],
       [
        116.19690799999998,
        40.09087099999999
       ]
      ]
     ],
     [
      [
       [
        116.209067,
        40.085958999999995
       ],
       [
        116.209023,
        40.086766999999995
       ],
       [
        116.213689,
        40.08780200000001
       ],
       [
        116.215226,
        40.08682099999999
       ],
       [
        116.209067,
        40.085958999999995
       ]
      ]
     ],
     [
      [
       [
        116.18660599999998,
        40.09065499999999
       ],
       [
        116.18353400000001,
        40.093544
       ],
       [
        116.188081,
        40.095839
       ],
       [
        116.189798,
        40.092024
       ],
       [
        116.18660599999998,
        40.09065499999999
       ]
      ]
     ],
     [
      [
       [
        116.189658,
        40.092339
       ],
       [
        116.18858799999998,
        40.095983
       ],
       [
        116.19388599999999,
        40.09824400000001
       ],
       [
        116.19415900000001,
        40.094093
       ],
       [
        116.189658,
        40.092339
       ]
      ]
     ],
     [
      [
       [
        116.204556,
        40.09750899999999
       ],
       [
        116.19448300000002,
        40.094210999999994
       ],
       [
        116.1942,
        40.098481
       ],
       [
        116.204274,
        40.09871700000001
       ],
       [
        116.204556,
        40.09750899999999
       ]
      ]
     ],
     [
      [
       [
        116.207343,
        40.10262900000001
       ],
       [
        116.204078,
        40.09969499999999
       ],
       [
        116.200791,
        40.09966699999999
       ],
       [
        116.201271,
        40.102723999999995
       ],
       [
        116.207343,
        40.10262900000001
       ]
      ]
     ],
     [
      [
       [
        116.21834400000002,
        40.101000000000006
       ],
       [
        116.21542000000001,
        40.099923
       ],
       [
        116.21369300000002,
        40.10240900000001
       ],
       [
        116.21597599999998,
        40.103683
       ],
       [
        116.21834400000002,
        40.101000000000006
       ]
      ]
     ],
     [
      [
       [
        116.18917800000001,
        40.099667
       ],
       [
        116.189189,
        40.10756099999998
       ],
       [
        116.19237800000002,
        40.109629
       ],
       [
        116.19293199999998,
        40.102448
       ],
       [
        116.19065900000001,
        40.09974
       ],
       [
        116.18917800000001,
        40.099667
       ]
      ]
     ],
     [
      [
       [
        116.21883300000002,
        40.10634099999999
       ],
       [
        116.21746199999998,
        40.106674999999996
       ],
       [
        116.216171,
        40.11010799999999
       ],
       [
        116.21927199999999,
        40.11021999999999
       ],
       [
        116.21883300000002,
        40.10634099999999
       ]
      ]
     ],
     [
      [
       [
        116.211677,
        40.107272
       ],
       [
        116.21186299999998,
        40.109322000000006
       ],
       [
        116.214164,
        40.11079999999999
       ],
       [
        116.21607400000002,
        40.110516
       ],
       [
        116.21576499999999,
        40.106855
       ],
       [
        116.211677,
        40.107272
       ]
      ]
     ],
     [
      [
       [
        116.208149,
        40.11077899999999
       ],
       [
        116.21172399999999,
        40.11095099999999
       ],
       [
        116.21105700000001,
        40.10733
       ],
       [
        116.20900099999999,
        40.107608
       ],
       [
        116.208149,
        40.11077899999999
       ]
      ]
     ],
     [
      [
       [
        116.20165700000001,
        40.10869099999999
       ],
       [
        116.201899,
        40.110317
       ],
       [
        116.205844,
        40.110344000000005
       ],
       [
        116.206753,
        40.10818600000001
       ],
       [
        116.20165700000001,
        40.10869099999999
       ]
      ]
     ],
     [
      [
       [
        116.19663999999999,
        40.111682
       ],
       [
        116.19628200000001,
        40.110162
       ],
       [
        116.19388599999999,
        40.11010799999999
       ],
       [
        116.19400000000002,
        40.11218900000001
       ],
       [
        116.19663999999999,
        40.111682
       ]
      ]
     ],
     [
      [
       [
        116.20180400000001,
        40.113105999999995
       ],
       [
        116.20442200000001,
        40.11338799999999
       ],
       [
        116.20611100000002,
        40.110656999999996
       ],
       [
        116.20216099999999,
        40.110398999999994
       ],
       [
        116.20180400000001,
        40.113105999999995
       ]
      ]
     ],
     [
      [
       [
        116.20168,
        40.11332399999999
       ],
       [
        116.20159300000002,
        40.110622
       ],
       [
        116.199586,
        40.110927
       ],
       [
        116.199536,
        40.113192000000005
       ],
       [
        116.20168,
        40.11332399999999
       ]
      ]
     ],
     [
      [
       [
        116.206242,
        40.11111
       ],
       [
        116.205562,
        40.11309700000001
       ],
       [
        116.20863800000001,
        40.11342999999999
       ],
       [
        116.209513,
        40.110911
       ],
       [
        116.206242,
        40.11111
       ]
      ]
     ],
     [
      [
       [
        116.193483,
        40.113595
       ],
       [
        116.193476,
        40.110648
       ],
       [
        116.189738,
        40.11082499999999
       ],
       [
        116.19021100000002,
        40.112886
       ],
       [
        116.193483,
        40.113595
       ]
      ]
     ],
     [
      [
       [
        116.19666,
        40.138927
       ],
       [
        116.19308700000002,
        40.138619999999996
       ],
       [
        116.19263,
        40.14095499999999
       ],
       [
        116.19625200000002,
        40.14186599999999
       ],
       [
        116.19666,
        40.138927
       ]
      ]
     ],
     [
      [
       [
        116.228726,
        39.917671000000006
       ],
       [
        116.22581,
        39.917680999999995
       ],
       [
        116.224678,
        39.91875100000001
       ],
       [
        116.230295,
        39.918857
       ],
       [
        116.228726,
        39.917671000000006
       ]
      ]
     ],
     [
      [
       [
        116.24529,
        39.921554
       ],
       [
        116.2358518352542,
        39.920382372917324
       ],
       [
        116.235824,
        39.919382000000006
       ],
       [
        116.23186400000002,
        39.918857
       ],
       [
        116.232562,
        39.92422599999999
       ],
       [
        116.238367,
        39.925729
       ],
       [
        116.24461600000001,
        39.92473699999999
       ],
       [
        116.24529,
        39.921554
       ]
      ]
     ],
     [
      [
       [
        116.22441800000001,
        39.91910299999999
       ],
       [
        116.223089,
        39.919500000000006
       ],
       [
        116.22307599999999,
        39.922653999999994
       ],
       [
        116.22777100000002,
        39.92272200000001
       ],
       [
        116.22441800000001,
        39.91910299999999
       ]
      ]
     ],
     [
      [
       [
        116.22539100000002,
        39.919146
       ],
       [
        116.22880799999999,
        39.923763
       ],
       [
        116.23217700000001,
        39.92386299999999
       ],
       [
        116.231472,
        39.919411999999994
       ],
       [
        116.22539100000002,
        39.919146
       ]
      ]
     ],
     [
      [
       [
        116.231989,
        39.928329
       ],
       [
        116.232156,
        39.924701
       ],
       [
        116.229667,
        39.92431500000001
       ],
       [
        116.23094500000002,
        39.927962
       ],
       [
        116.231989,
        39.928329
       ]
      ]
     ],
     [
      [
       [
        116.23269599999999,
        39.92480400000001
       ],
       [
        116.23219199999998,
        39.927942999999985
       ],
       [
        116.23416100000001,
        39.92809900000001
       ],
       [
        116.234363,
        39.925197
       ],
       [
        116.23269599999999,
        39.92480400000001
       ]
      ]
     ],
     [
      [
       [
        116.23609700000002,
        39.925531
       ],
       [
        116.234412,
        39.925389
       ],
       [
        116.234375,
        39.927874
       ],
       [
        116.236535,
        39.92798599999999
       ],
       [
        116.23609700000002,
        39.925531
       ]
      ]
     ],
     [
      [
       [
        116.24529,
        39.925588
       ],
       [
        116.241731,
        39.926017
       ],
       [
        116.241281,
        39.927874
       ],
       [
        116.245246,
        39.928056999999995
       ],
       [
        116.24529,
        39.925588
       ]
      ]
     ],
     [
      [
       [
        116.240942,
        39.926358
       ],
       [
        116.236766,
        39.925756
       ],
       [
        116.23657200000001,
        39.927874
       ],
       [
        116.240773,
        39.92809299999999
       ],
       [
        116.240942,
        39.926358
       ]
      ]
     ],
     [
      [
       [
        116.224452,
        39.924333000000004
       ],
       [
        116.22185,
        39.924452
       ],
       [
        116.22119300000001,
        39.930009
       ],
       [
        116.224621,
        39.9301
       ],
       [
        116.224452,
        39.924333000000004
       ]
      ]
     ],
     [
      [
       [
        116.22872399999999,
        39.92932099999999
       ],
       [
        116.227692,
        39.928181
       ],
       [
        116.225051,
        39.928180999999995
       ],
       [
        116.224737,
        39.930414000000006
       ],
       [
        116.22872399999999,
        39.92932099999999
       ]
      ]
     ],
     [
      [
       [
        116.232217,
        39.92870899999999
       ],
       [
        116.23203000000001,
        39.932117
       ],
       [
        116.24065300000001,
        39.932382
       ],
       [
        116.240801,
        39.92837600000001
       ],
       [
        116.232217,
        39.92870899999999
       ]
      ]
     ],
     [
      [
       [
        116.241443,
        39.928377999999995
       ],
       [
        116.241005,
        39.932258999999995
       ],
       [
        116.24473300000001,
        39.932619
       ],
       [
        116.24532400000001,
        39.928473999999994
       ],
       [
        116.241443,
        39.928377999999995
       ]
      ]
     ],
     [
      [
       [
        116.239466,
        39.939589999999995
       ],
       [
        116.239834,
        39.94063799999999
       ],
       [
        116.24434800000002,
        39.941311999999996
       ],
       [
        116.24430399999999,
        39.939554999999984
       ],
       [
        116.239466,
        39.939589999999995
       ]
      ]
     ],
     [
      [
       [
        116.23937399999998,
        39.941251
       ],
       [
        116.23888699999999,
        39.93951799999999
       ],
       [
        116.235003,
        39.93997499999999
       ],
       [
        116.235508,
        39.94161700000001
       ],
       [
        116.23937399999998,
        39.941251
       ]
      ]
     ],
     [
      [
       [
        116.230494,
        39.93955499999999
       ],
       [
        116.228264,
        39.93952899999999
       ],
       [
        116.22852300000001,
        39.942055
       ],
       [
        116.23053799999998,
        39.942024
       ],
       [
        116.230494,
        39.93955499999999
       ]
      ]
     ],
     [
      [
       [
        116.228006,
        39.93957000000001
       ],
       [
        116.225051,
        39.93956999999999
       ],
       [
        116.22495900000001,
        39.94187399999999
       ],
       [
        116.22832,
        39.94204100000001
       ],
       [
        116.228006,
        39.93957000000001
       ]
      ]
     ],
     [
      [
       [
        116.224867,
        39.93957
       ],
       [
        116.221912,
        39.939569999999996
       ],
       [
        116.22182,
        39.941874
       ],
       [
        116.224867,
        39.94204100000001
       ],
       [
        116.224867,
        39.93957
       ]
      ]
     ],
     [
      [
       [
        116.228383,
        39.942247999999985
       ],
       [
        116.225125,
        39.94213899999999
       ],
       [
        116.22495900000001,
        39.943535
       ],
       [
        116.22856,
        39.943743999999995
       ],
       [
        116.228383,
        39.942247999999985
       ]
      ]
     ],
     [
      [
       [
        116.22808400000001,
        39.94512699999999
       ],
       [
        116.222357,
        39.944967999999996
       ],
       [
        116.222663,
        39.94803099999999
       ],
       [
        116.22724,
        39.947797
       ],
       [
        116.22808400000001,
        39.94512699999999
       ]
      ]
     ],
     [
      [
       [
        116.22754099999999,
        39.951041000000004
       ],
       [
        116.22955,
        39.951074999999996
       ],
       [
        116.23088599999998,
        39.945083999999994
       ],
       [
        116.22826,
        39.944988
       ],
       [
        116.22754099999999,
        39.951041000000004
       ]
      ]
     ],
     [
      [
       [
        116.22254,
        39.948112
       ],
       [
        116.222859,
        39.95106199999999
       ],
       [
        116.227156,
        39.951364999999996
       ],
       [
        116.22737800000002,
        39.947874999999996
       ],
       [
        116.22254,
        39.948112
       ]
      ]
     ],
     [
      [
       [
        116.238142,
        39.952077
       ],
       [
        116.23871699999998,
        39.950996
       ],
       [
        116.235342,
        39.94875600000001
       ],
       [
        116.232493,
        39.951583
       ],
       [
        116.238142,
        39.952077
       ]
      ]
     ],
     [
      [
       [
        116.227355,
        39.952131
       ],
       [
        116.223147,
        39.952163000000006
       ],
       [
        116.22307599999999,
        39.955873
       ],
       [
        116.228341,
        39.956024000000006
       ],
       [
        116.227355,
        39.952131
       ]
      ]
     ],
     [
      [
       [
        116.235892,
        39.95218200000001
       ],
       [
        116.227606,
        39.952119
       ],
       [
        116.22850400000002,
        39.956041
       ],
       [
        116.23517200000002,
        39.956073
       ],
       [
        116.235892,
        39.95218200000001
       ]
      ]
     ],
     [
      [
       [
        116.23909084266238,
        39.959718341092774
       ],
       [
        116.237394,
        39.95968799999999
       ],
       [
        116.235655,
        39.963556999999994
       ],
       [
        116.23908698321675,
        39.96378383864698
       ],
       [
        116.235741,
        39.96375999999999
       ],
       [
        116.23343400000002,
        39.967975
       ],
       [
        116.24786,
        39.96756500000001
       ],
       [
        116.24705834435392,
        39.96479947441145
       ],
       [
        116.248278,
        39.966244
       ],
       [
        116.250958,
        39.96620800000001
       ],
       [
        116.250657,
        39.963351
       ],
       [
        116.24655101490951,
        39.9630491903493
       ],
       [
        116.243854,
        39.953743
       ],
       [
        116.240216,
        39.953756999999996
       ],
       [
        116.237225,
        39.959526
       ],
       [
        116.23909084266238,
        39.959718341092774
       ]
      ]
     ],
     [
      [
       [
        116.22073100000001,
        39.956376
       ],
       [
        116.220288,
        39.95906999999999
       ],
       [
        116.22286099999998,
        39.959182999999996
       ],
       [
        116.223039,
        39.95647300000001
       ],
       [
        116.22073100000001,
        39.956376
       ]
      ]
     ],
     [
      [
       [
        116.225678,
        39.96630400000001
       ],
       [
        116.225881,
        39.963858
       ],
       [
        116.22339,
        39.96085599999999
       ],
       [
        116.22309100000001,
        39.964014
       ],
       [
        116.225678,
        39.96630400000001
       ]
      ]
     ],
     [
      [
       [
        116.22929500000001,
        39.97262100000001
       ],
       [
        116.229866,
        39.969215
       ],
       [
        116.22339,
        39.969161
       ],
       [
        116.223504,
        39.97290300000001
       ],
       [
        116.22929500000001,
        39.97262100000001
       ]
      ]
     ],
     [
      [
       [
        116.24122800000002,
        39.972114
       ],
       [
        116.237654,
        39.97157399999999
       ],
       [
        116.237387,
        39.97483600000001
       ],
       [
        116.240513,
        39.975291
       ],
       [
        116.24122800000002,
        39.972114
       ]
      ]
     ],
     [
      [
       [
        116.23302900000002,
        39.97795099999999
       ],
       [
        116.231565,
        39.980859
       ],
       [
        116.23468900000002,
        39.981736999999995
       ],
       [
        116.236558,
        39.97953
       ],
       [
        116.23302900000002,
        39.97795099999999
       ]
      ]
     ],
     [
      [
       [
        116.243125,
        39.98352200000001
       ],
       [
        116.237366,
        39.98224000000001
       ],
       [
        116.236261,
        39.985979
       ],
       [
        116.23786299999999,
        39.993235999999996
       ],
       [
        116.243638,
        39.995704
       ],
       [
        116.24567500000002,
        39.98980599999999
       ],
       [
        116.243125,
        39.98352200000001
       ]
      ]
     ],
     [
      [
       [
        116.231812,
        39.99347
       ],
       [
        116.225327,
        39.99254799999999
       ],
       [
        116.230836,
        39.996137999999995
       ],
       [
        116.231812,
        39.99347
       ]
      ]
     ],
     [
      [
       [
        116.22593199999999,
        40.030854
       ],
       [
        116.228096,
        40.026560999999994
       ],
       [
        116.225273,
        40.026346999999994
       ],
       [
        116.22593199999999,
        40.030854
       ]
      ]
     ],
     [
      [
       [
        116.239964,
        40.035121
       ],
       [
        116.247869,
        40.032308
       ],
       [
        116.240143,
        40.030432
       ],
       [
        116.239964,
        40.035121
       ]
      ]
     ],
     [
      [
       [
        116.23229699999999,
        40.037551
       ],
       [
        116.231622,
        40.04002200000001
       ],
       [
        116.235631,
        40.040584
       ],
       [
        116.23587800000001,
        40.03782699999999
       ],
       [
        116.23229699999999,
        40.037551
       ]
      ]
     ],
     [
      [
       [
        116.24118900000002,
        40.040988999999996
       ],
       [
        116.24150200000001,
        40.038042000000004
       ],
       [
        116.23657200000001,
        40.037735999999995
       ],
       [
        116.236366,
        40.040762
       ],
       [
        116.24118900000002,
        40.040988999999996
       ]
      ]
     ],
     [
      [
       [
        116.23517699999998,
        40.044103
       ],
       [
        116.235892,
        40.040926
       ],
       [
        116.231602,
        40.04011199999999
       ],
       [
        116.230353,
        40.043568
       ],
       [
        116.23517699999998,
        40.044103
       ]
      ]
     ],
     [
      [
       [
        116.23472600000001,
        40.045915
       ],
       [
        116.23985400000001,
        40.04672700000001
       ],
       [
        116.240928,
        40.041655999999996
       ],
       [
        116.236037,
        40.041128
       ],
       [
        116.23472600000001,
        40.045915
       ]
      ]
     ],
     [
      [
       [
        116.229992,
        40.04455500000002
       ],
       [
        116.23440700000002,
        40.04603999999999
       ],
       [
        116.234751,
        40.04414700000001
       ],
       [
        116.230903,
        40.04366900000001
       ],
       [
        116.229992,
        40.04455500000002
       ]
      ]
     ],
     [
      [
       [
        116.22433,
        40.04578
       ],
       [
        116.22116100000001,
        40.044856
       ],
       [
        116.220565,
        40.046041
       ],
       [
        116.223425,
        40.047463
       ],
       [
        116.22433,
        40.04578
       ]
      ]
     ],
     [
      [
       [
        116.227531,
        40.05330000000001
       ],
       [
        116.230812,
        40.05381500000001
       ],
       [
        116.233096,
        40.04992899999999
       ],
       [
        116.229781,
        40.04894300000001
       ],
       [
        116.227531,
        40.05330000000001
       ]
      ]
     ],
     [
      [
       [
        116.23936,
        40.056242999999995
       ],
       [
        116.24065,
        40.054849
       ],
       [
        116.23935213156551,
        40.05433720413909
       ],
       [
        116.24033900000002,
        40.054583
       ],
       [
        116.242209,
        40.05119200000001
       ],
       [
        116.23899,
        40.05032299999999
       ],
       [
        116.238142,
        40.05221
       ],
       [
        116.24044151538803,
        40.05288005038751
       ],
       [
        116.23755399999999,
        40.05257
       ],
       [
        116.236693,
        40.055482000000005
       ],
       [
        116.23936,
        40.056242999999995
       ]
      ]
     ],
     [
      [
       [
        116.23840300000002,
        40.050418
       ],
       [
        116.233574,
        40.04940200000001
       ],
       [
        116.230923,
        40.053871
       ],
       [
        116.236096,
        40.055265999999996
       ],
       [
        116.23840300000002,
        40.050418
       ]
      ]
     ],
     [
      [
       [
        116.236547,
        40.05553299999999
       ],
       [
        116.23537223333449,
        40.05682553834343
       ],
       [
        116.23590599999999,
        40.055418
       ],
       [
        116.22686299999998,
        40.054261000000004
       ],
       [
        116.23237401138655,
        40.05569834850011
       ],
       [
        116.23155,
        40.05719299999999
       ],
       [
        116.23536074887411,
        40.056855822090036
       ],
       [
        116.238173,
        40.058378999999995
       ],
       [
        116.239396,
        40.056458
       ],
       [
        116.236547,
        40.05553299999999
       ]
      ]
     ],
     [
      [
       [
        116.22997899999999,
        40.055745
       ],
       [
        116.22681100000001,
        40.054822
       ],
       [
        116.226307,
        40.057361
       ],
       [
        116.228443,
        40.057903999999986
       ],
       [
        116.22997899999999,
        40.055745
       ]
      ]
     ],
     [
      [
       [
        116.228635,
        40.058153
       ],
       [
        116.233527,
        40.06050499999999
       ],
       [
        116.23436200000002,
        40.058786000000005
       ],
       [
        116.23304085853898,
        40.058554951702924
       ],
       [
        116.235003,
        40.057901
       ],
       [
        116.228635,
        40.058153
       ]
      ]
     ],
     [
      [
       [
        116.242112,
        40.060696
       ],
       [
        116.242465,
        40.059178
       ],
       [
        116.239711,
        40.05837999999999
       ],
       [
        116.238841,
        40.059717000000006
       ],
       [
        116.242112,
        40.060696
       ]
      ]
     ],
     [
      [
       [
        116.228917,
        40.061750999999994
       ],
       [
        116.22997600000001,
        40.060322
       ],
       [
        116.225654,
        40.058623
       ],
       [
        116.224452,
        40.060465
       ],
       [
        116.22622345615918,
        40.06102507439838
       ],
       [
        116.22433099999999,
        40.060515
       ],
       [
        116.22339,
        40.06193900000001
       ],
       [
        116.225696,
        40.064729
       ],
       [
        116.22771499999999,
        40.064698
       ],
       [
        116.228917,
        40.061750999999994
       ]
      ]
     ],
     [
      [
       [
        116.23499600000001,
        40.06199
       ],
       [
        116.230676,
        40.06004600000001
       ],
       [
        116.22938700000002,
        40.061121
       ],
       [
        116.233379,
        40.063121999999986
       ],
       [
        116.23499600000001,
        40.06199
       ]
      ]
     ],
     [
      [
       [
        116.24336300000002,
        40.06330899999999
       ],
       [
        116.244034,
        40.061551
       ],
       [
        116.24012400000001,
        40.06029
       ],
       [
        116.23915499999998,
        40.06208999999999
       ],
       [
        116.24336300000002,
        40.06330899999999
       ]
      ]
     ],
     [
      [
       [
        116.23209731033954,
        40.06335514367228
       ],
       [
        116.228765,
        40.06229799999999
       ],
       [
        116.228585,
        40.06357500000001
       ],
       [
        116.23190550464359,
        40.063697190555274
       ],
       [
        116.23094500000002,
        40.065409999999986
       ],
       [
        116.233899,
        40.06689299999999
       ],
       [
        116.23527800000001,
        40.06372300000001
       ],
       [
        116.23209731033954,
        40.06335514367228
       ]
      ]
     ],
     [
      [
       [
        116.240396,
        40.068816
       ],
       [
        116.24257626638733,
        40.064979001243614
       ],
       [
        116.244634,
        40.066435
       ],
       [
        116.246269,
        40.065841999999996
       ],
       [
        116.244518,
        40.064087
       ],
       [
        116.24260707026333,
        40.064932853979634
       ],
       [
        116.243161,
        40.064103
       ],
       [
        116.23943100000001,
        40.062652
       ],
       [
        116.23786099999998,
        40.063731000000004
       ],
       [
        116.23961432352215,
        40.06516796754272
       ],
       [
        116.23776400000001,
        40.064553999999994
       ],
       [
        116.23628099999999,
        40.06683399999999
       ],
       [
        116.240396,
        40.068816
       ]
      ]
     ],
     [
      [
       [
        116.22820799999998,
        40.063657000000006
       ],
       [
        116.22785500000002,
        40.065174
       ],
       [
        116.23060900000002,
        40.065973
       ],
       [
        116.231476,
        40.064396
       ],
       [
        116.22820799999998,
        40.063657000000006
       ]
      ]
     ],
     [
      [
       [
        116.230607,
        40.066472999999995
       ],
       [
        116.227822,
        40.065263
       ],
       [
        116.22595200000002,
        40.068712
       ],
       [
        116.2289,
        40.06925499999999
       ],
       [
        116.230607,
        40.066472999999995
       ]
      ]
     ],
     [
      [
       [
        116.221673,
        40.065764
       ],
       [
        116.220914,
        40.067506
       ],
       [
        116.22339,
        40.068108
       ],
       [
        116.224293,
        40.066333
       ],
       [
        116.221673,
        40.065764
       ]
      ]
     ],
     [
      [
       [
        116.23077700000002,
        40.066236999999994
       ],
       [
        116.22906900000001,
        40.06939599999999
       ],
       [
        116.232946,
        40.069743999999986
       ],
       [
        116.233712,
        40.067286
       ],
       [
        116.23077700000002,
        40.066236999999994
       ]
      ]
     ],
     [
      [
       [
        116.238117,
        40.068253000000006
       ],
       [
        116.234883,
        40.06741499999998
       ],
       [
        116.232845,
        40.06989200000001
       ],
       [
        116.23669500000001,
        40.071174
       ],
       [
        116.238117,
        40.068253000000006
       ]
      ]
     ],
     [
      [
       [
        116.231673,
        40.070025
       ],
       [
        116.22436100000002,
        40.068346999999996
       ],
       [
        116.222783,
        40.06944800000001
       ],
       [
        116.22510299999999,
        40.071630000000006
       ],
       [
        116.23017399999999,
        40.07330999999999
       ],
       [
        116.231673,
        40.070025
       ]
      ]
     ],
     [
      [
       [
        116.222387,
        40.07001100000001
       ],
       [
        116.221199,
        40.072426
       ],
       [
        116.22307599999999,
        40.07309099999999
       ],
       [
        116.224012,
        40.07091199999999
       ],
       [
        116.222387,
        40.07001100000001
       ]
      ]
     ],
     [
      [
       [
        116.23157599999999,
        40.073659
       ],
       [
        116.23449500000001,
        40.074496999999994
       ],
       [
        116.235606,
        40.07228699999999
       ],
       [
        116.232806,
        40.07143000000001
       ],
       [
        116.23157599999999,
        40.073659
       ]
      ]
     ],
     [
      [
       [
        116.22735,
        40.07263499999999
       ],
       [
        116.22612192866862,
        40.07577075256555
       ],
       [
        116.22438672967735,
        40.07547891476103
       ],
       [
        116.225791,
        40.075644999999994
       ],
       [
        116.226725,
        40.072195
       ],
       [
        116.22377300000001,
        40.07175600000001
       ],
       [
        116.22430025813772,
        40.075468687055434
       ],
       [
        116.223077,
        40.076674000000004
       ],
       [
        116.22875600000002,
        40.077361
       ],
       [
        116.22775214376165,
        40.07604490755187
       ],
       [
        116.229163,
        40.076156999999995
       ],
       [
        116.23059000000002,
        40.073486
       ],
       [
        116.22735,
        40.07263499999999
       ]
      ]
     ],
     [
      [
       [
        116.23582199999998,
        40.072399000000004
       ],
       [
        116.23471400000001,
        40.07460799999999
       ],
       [
        116.23751400000002,
        40.07546399999999
       ],
       [
        116.23843300000001,
        40.07300200000001
       ],
       [
        116.23582199999998,
        40.072399000000004
       ]
      ]
     ],
     [
      [
       [
        116.219537,
        40.074762
       ],
       [
        116.21869800000002,
        40.075777
       ],
       [
        116.22087899999998,
        40.078312
       ],
       [
        116.22274900000001,
        40.076582
       ],
       [
        116.219537,
        40.074762
       ]
      ]
     ],
     [
      [
       [
        116.24055600000001,
        40.076242
       ],
       [
        116.238234,
        40.076007999999995
       ],
       [
        116.23625900000002,
        40.079498
       ],
       [
        116.238369,
        40.08108599999999
       ],
       [
        116.24055600000001,
        40.076242
       ]
      ]
     ],
     [
      [
       [
        116.22872100000001,
        40.077794
       ],
       [
        116.22270099999999,
        40.07689299999999
       ],
       [
        116.220565,
        40.079024000000004
       ],
       [
        116.22722,
        40.08044199999999
       ],
       [
        116.22872100000001,
        40.077794
       ]
      ]
     ],
     [
      [
       [
        116.243539,
        40.082815999999994
       ],
       [
        116.24627900000002,
        40.07822099999999
       ],
       [
        116.24109999999999,
        40.07645600000001
       ],
       [
        116.23753900000001,
        40.08315
       ],
       [
        116.24014500000001,
        40.083988000000005
       ],
       [
        116.24049173735611,
        40.081983018625714
       ],
       [
        116.243539,
        40.082815999999994
       ]
      ]
     ],
     [
      [
       [
        116.230986,
        40.081391999999994
       ],
       [
        116.2328,
        40.078504
       ],
       [
        116.229981,
        40.077837
       ],
       [
        116.228418,
        40.080494
       ],
       [
        116.230986,
        40.081391999999994
       ]
      ]
     ],
     [
      [
       [
        116.23814,
        40.081372999999985
       ],
       [
        116.235914,
        40.07926199999999
       ],
       [
        116.23468900000002,
        40.08163400000001
       ],
       [
        116.23723200000002,
        40.08305599999999
       ],
       [
        116.23814,
        40.081372999999985
       ]
      ]
     ],
     [
      [
       [
        116.22463100000002,
        40.084552
       ],
       [
        116.226128,
        40.085421000000004
       ],
       [
        116.22755299999999,
        40.080456
       ],
       [
        116.219949,
        40.080383999999995
       ],
       [
        116.22117575036064,
        40.08138410782047
       ],
       [
        116.21778300000001,
        40.080327
       ],
       [
        116.21796599999999,
        40.084946
       ],
       [
        116.22463100000002,
        40.084552
       ]
      ]
     ],
     [
      [
       [
        116.234635,
        40.096923999999994
       ],
       [
        116.232644,
        40.09590500000001
       ],
       [
        116.229981,
        40.099193
       ],
       [
        116.23360800000002,
        40.099389999999985
       ],
       [
        116.234635,
        40.096923999999994
       ]
      ]
     ],
     [
      [
       [
        116.22370400000001,
        40.09682000000001
       ],
       [
        116.22213399999998,
        40.098723
       ],
       [
        116.225273,
        40.09895499999999
       ],
       [
        116.22581499999998,
        40.097131
       ],
       [
        116.22370400000001,
        40.09682000000001
       ]
      ]
     ],
     [
      [
       [
        116.23185800000002,
        40.10602800000001
       ],
       [
        116.228037,
        40.105604
       ],
       [
        116.22798200000001,
        40.107718000000006
       ],
       [
        116.23129700000001,
        40.107730000000004
       ],
       [
        116.23185800000002,
        40.10602800000001
       ]
      ]
     ],
     [
      [
       [
        116.227747,
        40.107609
       ],
       [
        116.22699,
        40.10562699999999
       ],
       [
        116.223351,
        40.105838
       ],
       [
        116.223242,
        40.10794399999999
       ],
       [
        116.227747,
        40.107609
       ]
      ]
     ],
     [
      [
       [
        116.223023,
        40.106179
       ],
       [
        116.21945599999998,
        40.10634799999999
       ],
       [
        116.21931,
        40.107972
       ],
       [
        116.222936,
        40.108169000000004
       ],
       [
        116.223023,
        40.106179
       ]
      ]
     ],
     [
      [
       [
        116.236693,
        40.10632900000001
       ],
       [
        116.23564700000001,
        40.106472999999994
       ],
       [
        116.235003,
        40.109633
       ],
       [
        116.23780300000001,
        40.109489
       ],
       [
        116.236693,
        40.10632900000001
       ]
      ]
     ],
     [
      [
       [
        116.23152899999998,
        40.10812299999999
       ],
       [
        116.22829199999998,
        40.107753
       ],
       [
        116.227476,
        40.109348999999995
       ],
       [
        116.23072900000001,
        40.109615
       ],
       [
        116.23152899999998,
        40.10812299999999
       ]
      ]
     ],
     [
      [
       [
        116.227422,
        40.109759000000004
       ],
       [
        116.227645,
        40.108011999999995
       ],
       [
        116.22370400000001,
        40.107972000000004
       ],
       [
        116.22352900000001,
        40.11006799999999
       ],
       [
        116.227422,
        40.109759000000004
       ]
      ]
     ],
     [
      [
       [
        116.223341,
        40.109998000000004
       ],
       [
        116.22325,
        40.10824900000001
       ],
       [
        116.219937,
        40.10820900000001
       ],
       [
        116.219763,
        40.110305
       ],
       [
        116.223341,
        40.109998000000004
       ]
      ]
     ],
     [
      [
       [
        116.229627,
        40.11378400000001
       ],
       [
        116.230921,
        40.109846999999995
       ],
       [
        116.227189,
        40.110002
       ],
       [
        116.22606699999999,
        40.113639
       ],
       [
        116.229627,
        40.11378400000001
       ]
      ]
     ],
     [
      [
       [
        116.223275,
        40.110398999999994
       ],
       [
        116.21969500000002,
        40.110431999999996
       ],
       [
        116.22026099999998,
        40.11325
       ],
       [
        116.22331900000002,
        40.11334299999999
       ],
       [
        116.223275,
        40.110398999999994
       ]
      ]
     ],
     [
      [
       [
        116.256746,
        39.898525
       ],
       [
        116.257066,
        39.900991
       ],
       [
        116.260427,
        39.901061000000006
       ],
       [
        116.26064899999999,
        39.898283
       ],
       [
        116.256746,
        39.898525
       ]
      ]
     ],
     [
      [
       [
        116.25196600000001,
        39.89980499999999
       ],
       [
        116.25249099999999,
        39.901051
       ],
       [
        116.256254,
        39.90075399999999
       ],
       [
        116.25612400000001,
        39.89869800000001
       ],
       [
        116.25196600000001,
        39.89980499999999
       ]
      ]
     ],
     [
      [
       [
        116.25193900000001,
        39.89956800000001
       ],
       [
        116.24715300000001,
        39.89941000000001
       ],
       [
        116.24693000000002,
        39.90082300000001
       ],
       [
        116.25172899999998,
        39.901050999999995
       ],
       [
        116.25193900000001,
        39.89956800000001
       ]
      ]
     ],
     [
      [
       [
        116.258857,
        39.90722999999999
       ],
       [
        116.26468100000001,
        39.907427000000006
       ],
       [
        116.26472900000002,
        39.90113
       ],
       [
        116.261146,
        39.901129999999995
       ],
       [
        116.26093979193098,
        39.903880298797375
       ],
       [
        116.260626,
        39.90111499999999
       ],
       [
        116.25673099999999,
        39.901385
       ],
       [
        116.25677500000002,
        39.90432899999999
       ],
       [
        116.26021683971402,
        39.904121037610004
       ],
       [
        116.258857,
        39.90722999999999
       ]
      ]
     ],
     [
      [
       [
        116.252384,
        39.90111199999999
       ],
       [
        116.25234100000002,
        39.90429900000001
       ],
       [
        116.256032,
        39.904382999999996
       ],
       [
        116.256275,
        39.901385
       ],
       [
        116.252384,
        39.90111199999999
       ]
      ]
     ],
     [
      [
       [
        116.25183700000001,
        39.904329
       ],
       [
        116.251881,
        39.901147
       ],
       [
        116.24704499999999,
        39.901115000000004
       ],
       [
        116.24693000000002,
        39.904145
       ],
       [
        116.25183700000001,
        39.904329
       ]
      ]
     ],
     [
      [
       [
        116.25869100000001,
        39.904411
       ],
       [
        116.25669700000002,
        39.904745
       ],
       [
        116.25666,
        39.907229999999984
       ],
       [
        116.25882000000001,
        39.907342
       ],
       [
        116.25869100000001,
        39.904411
       ]
      ]
     ],
     [
      [
       [
        116.251899,
        39.904488
       ],
       [
        116.24707,
        39.904422999999994
       ],
       [
        116.24693000000002,
        39.90723
       ],
       [
        116.25181299999998,
        39.90742699999999
       ],
       [
        116.251899,
        39.904488
       ]
      ]
     ],
     [
      [
       [
        116.252364,
        39.904685
       ],
       [
        116.25236199999999,
        39.907401
       ],
       [
        116.256032,
        39.90746699999999
       ],
       [
        116.25625,
        39.90468599999999
       ],
       [
        116.252364,
        39.904685
       ]
      ]
     ],
     [
      [
       [
        116.261017,
        39.90806699999999
       ],
       [
        116.25682600000002,
        39.90796999999999
       ],
       [
        116.25666,
        39.90984
       ],
       [
        116.260888,
        39.91004900000001
       ],
       [
        116.261017,
        39.90806699999999
       ]
      ]
     ],
     [
      [
       [
        116.256309,
        39.90806700000001
       ],
       [
        116.252432,
        39.907970000000006
       ],
       [
        116.25226599999999,
        39.909839999999996
       ],
       [
        116.25618,
        39.910049
       ],
       [
        116.256309,
        39.90806700000001
       ]
      ]
     ],
     [
      [
       [
        116.25183700000001,
        39.907996
       ],
       [
        116.247001,
        39.90802899999999
       ],
       [
        116.24693000000002,
        39.91245000000001
       ],
       [
        116.251881,
        39.912601
       ],
       [
        116.25183700000001,
        39.907996
       ]
      ]
     ],
     [
      [
       [
        116.26100200000002,
        39.91042
       ],
       [
        116.25679999999998,
        39.910354999999996
       ],
       [
        116.25666,
        39.91245
       ],
       [
        116.260915,
        39.91264800000001
       ],
       [
        116.26100200000002,
        39.91042
       ]
      ]
     ],
     [
      [
       [
        116.256293,
        39.91042
       ],
       [
        116.25240499999998,
        39.910355
       ],
       [
        116.25226599999999,
        39.91245
       ],
       [
        116.256207,
        39.91264799999999
       ],
       [
        116.256293,
        39.91042
       ]
      ]
     ],
     [
      [
       [
        116.251928,
        39.912834000000004
       ],
       [
        116.247124,
        39.91270599999999
       ],
       [
        116.24693000000002,
        39.91458600000001
       ],
       [
        116.251758,
        39.914804999999994
       ],
       [
        116.251928,
        39.912834000000004
       ]
      ]
     ],
     [
      [
       [
        116.25589300000001,
        39.91272800000001
       ],
       [
        116.252319,
        39.913030000000006
       ],
       [
        116.25226599999999,
        39.916959
       ],
       [
        116.256293,
        39.917091
       ],
       [
        116.25589300000001,
        39.91272800000001
       ]
      ]
     ],
     [
      [
       [
        116.257114,
        39.91272800000001
       ],
       [
        116.256713,
        39.916852999999996
       ],
       [
        116.260741,
        39.91719599999998
       ],
       [
        116.26100200000002,
        39.91279300000001
       ],
       [
        116.257114,
        39.91272800000001
       ]
      ]
     ],
     [
      [
       [
        116.251899,
        39.914928999999994
       ],
       [
        116.24801100000002,
        39.91486299999999
       ],
       [
        116.247872,
        39.91695899999999
       ],
       [
        116.25181299999998,
        39.917156000000006
       ],
       [
        116.251899,
        39.914928999999994
       ]
      ]
     ],
     [
      [
       [
        116.256275,
        39.91728300000001
       ],
       [
        116.252381,
        39.917249999999996
       ],
       [
        116.25226599999999,
        39.919568999999996
       ],
       [
        116.25623200000001,
        39.919752
       ],
       [
        116.256275,
        39.91728300000001
       ]
      ]
     ],
     [
      [
       [
        116.25171000000002,
        39.923122
       ],
       [
        116.251881,
        39.91728300000001
       ],
       [
        116.247074,
        39.91723400000001
       ],
       [
        116.24571200000001,
        39.923952
       ],
       [
        116.25171000000002,
        39.923122
       ]
      ]
     ],
     [
      [
       [
        116.25697400000001,
        39.917196
       ],
       [
        116.25673099999999,
        39.92304099999999
       ],
       [
        116.263137,
        39.92307400000001
       ],
       [
        116.266063,
        39.919163999999995
       ],
       [
        116.265703,
        39.917294999999996
       ],
       [
        116.25697400000001,
        39.917196
       ]
      ]
     ],
     [
      [
       [
        116.256254,
        39.91987600000001
       ],
       [
        116.252358,
        39.919876
       ],
       [
        116.25226599999999,
        39.922891
       ],
       [
        116.256254,
        39.923058999999995
       ],
       [
        116.256254,
        39.91987600000001
       ]
      ]
     ],
     [
      [
       [
        116.25697400000001,
        39.923603
       ],
       [
        116.25666,
        39.927398999999994
       ],
       [
        116.264448,
        39.927301
       ],
       [
        116.26374,
        39.923643
       ],
       [
        116.25697400000001,
        39.923603
       ]
      ]
     ],
     [
      [
       [
        116.24918200000002,
        39.92370600000001
       ],
       [
        116.248325,
        39.928070999999996
       ],
       [
        116.256254,
        39.927566999999996
       ],
       [
        116.256207,
        39.92364299999999
       ],
       [
        116.24918200000002,
        39.92370600000001
       ]
      ]
     ],
     [
      [
       [
        116.26600499999999,
        39.927248999999996
       ],
       [
        116.245927,
        39.92835300000001
       ],
       [
        116.24567500000002,
        39.93048399999999
       ],
       [
        116.24678032570836,
        39.9305086449757
       ],
       [
        116.24536900000001,
        39.93267300000001
       ],
       [
        116.24678000000002,
        39.93425200000001
       ],
       [
        116.255466,
        39.93475000000001
       ],
       [
        116.26267955956517,
        39.92902776602986
       ],
       [
        116.262062,
        39.92962599999999
       ],
       [
        116.26533299999998,
        39.93066799999999
       ],
       [
        116.26600499999999,
        39.927248999999996
       ]
      ]
     ],
     [
      [
       [
        116.243992,
        39.93405899999999
       ],
       [
        116.242247,
        39.93674500000001
       ],
       [
        116.24567500000002,
        39.93736500000001
       ],
       [
        116.245965,
        39.93442699999999
       ],
       [
        116.243992,
        39.93405899999999
       ]
      ]
     ],
     [
      [
       [
        116.244848,
        39.94287600000001
       ],
       [
        116.245016,
        39.944008000000004
       ],
       [
        116.251789,
        39.943505999999985
       ],
       [
        116.253171,
        39.93915199999999
       ],
       [
        116.24990000000001,
        39.939775
       ],
       [
        116.244848,
        39.94287600000001
       ]
      ]
     ],
     [
      [
       [
        116.24065300000001,
        39.947568
       ],
       [
        116.242074,
        39.95228600000001
       ],
       [
        116.25109200000001,
        39.95183099999999
       ],
       [
        116.25413600000002,
        39.944889
       ],
       [
        116.241506,
        39.945205
       ],
       [
        116.24065300000001,
        39.947568
       ]
      ]
     ],
     [
      [
       [
        116.258572,
        39.948044
       ],
       [
        116.258321,
        39.950821
       ],
       [
        116.26073899999999,
        39.950676
       ],
       [
        116.258572,
        39.948044
       ]
      ]
     ],
     [
      [
       [
        116.26060100000001,
        39.95345999999999
       ],
       [
        116.26068700000002,
        39.95099600000002
       ],
       [
        116.258543,
        39.95089000000001
       ],
       [
        116.258282,
        39.95339500000001
       ],
       [
        116.26060100000001,
        39.95345999999999
       ]
      ]
     ],
     [
      [
       [
        116.26113042968122,
        39.956516056726784
       ],
       [
        116.25880200000002,
        39.956588999999994
       ],
       [
        116.261536,
        39.960829
       ],
       [
        116.26572300000001,
        39.96049699999998
       ],
       [
        116.26559700000001,
        39.956376000000006
       ],
       [
        116.26127552139725,
        39.956511509849996
       ],
       [
        116.260962,
        39.95357
       ],
       [
        116.25823,
        39.954212
       ],
       [
        116.258637,
        39.956517
       ],
       [
        116.26113042968122,
        39.956516056726784
       ]
      ]
     ],
     [
      [
       [
        116.24069200000001,
        39.97544499999999
       ],
       [
        116.247076,
        39.976490000000005
       ],
       [
        116.25201100000001,
        39.96940299999999
       ],
       [
        116.242077,
        39.969188
       ],
       [
        116.24069200000001,
        39.97544499999999
       ]
      ]
     ],
     [
      [
       [
        116.249349,
        39.99129800000001
       ],
       [
        116.24608099999999,
        39.99129800000001
       ],
       [
        116.243791,
        39.995737
       ],
       [
        116.24935300000001,
        39.995901
       ],
       [
        116.249349,
        39.99129800000001
       ]
      ]
     ],
     [
      [
       [
        116.25335200000002,
        39.99618499999999
       ],
       [
        116.253798,
        39.992303
       ],
       [
        116.25006899999998,
        39.991466
       ],
       [
        116.24979200000001,
        39.99608599999999
       ],
       [
        116.25335200000002,
        39.99618499999999
       ]
      ]
     ],
     [
      [
       [
        116.25352099999999,
        39.995974000000004
       ],
       [
        116.25583500000002,
        39.996195
       ],
       [
        116.25634399999998,
        39.995053999999996
       ],
       [
        116.25418199999999,
        39.992654
       ],
       [
        116.25352099999999,
        39.995974000000004
       ]
      ]
     ],
     [
      [
       [
        116.238195,
        40.008207
       ],
       [
        116.256207,
        40.02393400000001
       ],
       [
        116.257845,
        40.001912000000004
       ],
       [
        116.25420883530327,
        40.00317888353999
       ],
       [
        116.25339535270129,
        40.002542392183145
       ],
       [
        116.258224,
        39.998393000000014
       ],
       [
        116.249755,
        39.996923
       ],
       [
        116.24967100000002,
        39.99904999999999
       ],
       [
        116.250832971075,
        39.99909249252908
       ],
       [
        116.24949743163538,
        39.99949230831643
       ],
       [
        116.24784552189429,
        39.99865908494931
       ],
       [
        116.24941700000001,
        39.998912
       ],
       [
        116.24926900000001,
        39.99694899999999
       ],
       [
        116.24311417532495,
        39.9968168827274
       ],
       [
        116.23494700000002,
        39.993842999999984
       ],
       [
        116.230923,
        39.995974
       ],
       [
        116.238195,
        40.008207
       ]
      ]
     ],
     [
      [
       [
        116.258991,
        40.02250699999999
       ],
       [
        116.260362,
        40.022694
       ],
       [
        116.26104100000002,
        40.01702399999999
       ],
       [
        116.259396,
        40.01639
       ],
       [
        116.258991,
        40.02250699999999
       ]
      ]
     ],
     [
      [
       [
        116.26253200000001,
        40.034819
       ],
       [
        116.263494,
        40.029518
       ],
       [
        116.25979900000002,
        40.028957
       ],
       [
        116.255183,
        40.03268400000001
       ],
       [
        116.257189,
        40.034164999999994
       ],
       [
        116.26253200000001,
        40.034819
       ]
      ]
     ],
     [
      [
       [
        116.25117600000002,
        40.037708
       ],
       [
        116.25656800000002,
        40.037904
       ],
       [
        116.255265,
        40.032793
       ],
       [
        116.251048,
        40.03572599999999
       ],
       [
        116.25117600000002,
        40.037708
       ]
      ]
     ],
     [
      [
       [
        116.26226100000001,
        40.034997999999995
       ],
       [
        116.25710800000002,
        40.03564300000001
       ],
       [
        116.25666,
        40.037972999999994
       ],
       [
        116.261229,
        40.03888300000001
       ],
       [
        116.26226100000001,
        40.034997999999995
       ]
      ]
     ],
     [
      [
       [
        116.244419,
        40.037735999999995
       ],
       [
        116.24586799999999,
        40.040091
       ],
       [
        116.250045,
        40.03972499999999
       ],
       [
        116.250346,
        40.037862000000004
       ],
       [
        116.24738400000001,
        40.036338
       ],
       [
        116.244419,
        40.037735999999995
       ]
      ]
     ],
     [
      [
       [
        116.24430900000002,
        40.037555
       ],
       [
        116.241666,
        40.03829699999999
       ],
       [
        116.24159400000002,
        40.039871999999995
       ],
       [
        116.24529,
        40.040021999999986
       ],
       [
        116.24430900000002,
        40.037555
       ]
      ]
     ],
     [
      [
       [
        116.26135500000001,
        40.03932799999999
       ],
       [
        116.256881,
        40.038458999999996
       ],
       [
        116.256346,
        40.04034600000001
       ],
       [
        116.26083200000001,
        40.040810999999984
       ],
       [
        116.26135500000001,
        40.03932799999999
       ]
      ]
     ],
     [
      [
       [
        116.24881300000001,
        40.042482
       ],
       [
        116.255979,
        40.04261400000001
       ],
       [
        116.255896,
        40.038251999999986
       ],
       [
        116.25089300000002,
        40.037991
       ],
       [
        116.24881300000001,
        40.042482
       ]
      ]
     ],
     [
      [
       [
        116.24497800000002,
        40.04215599999999
       ],
       [
        116.245246,
        40.04016299999999
       ],
       [
        116.24159400000002,
        40.040108999999994
       ],
       [
        116.24140600000001,
        40.041484999999994
       ],
       [
        116.24497800000002,
        40.04215599999999
       ]
      ]
     ],
     [
      [
       [
        116.24970200000001,
        40.040214
       ],
       [
        116.24581400000001,
        40.040149
       ],
       [
        116.245361,
        40.042244999999994
       ],
       [
        116.248046,
        40.042441999999994
       ],
       [
        116.24970200000001,
        40.040214
       ]
      ]
     ],
     [
      [
       [
        116.25842900000002,
        40.040637
       ],
       [
        116.25642100000002,
        40.04066699999999
       ],
       [
        116.256032,
        40.04271899999999
       ],
       [
        116.25847200000001,
        40.04287
       ],
       [
        116.25842900000002,
        40.040637
       ]
      ]
     ],
     [
      [
       [
        116.24806000000001,
        40.042739000000005
       ],
       [
        116.24633000000001,
        40.044714
       ],
       [
        116.249441,
        40.04509199999999
       ],
       [
        116.249731,
        40.042866
       ],
       [
        116.24806000000001,
        40.042739000000005
       ]
      ]
     ],
     [
      [
       [
        116.241018,
        40.042114
       ],
       [
        116.240047,
        40.04684100000001
       ],
       [
        116.24347800000001,
        40.047464999999995
       ],
       [
        116.24739600000001,
        40.04251099999998
       ],
       [
        116.241018,
        40.042114
       ]
      ]
     ],
     [
      [
       [
        116.249898,
        40.04886199999999
       ],
       [
        116.250346,
        40.046403999999995
       ],
       [
        116.248186,
        40.046278
       ],
       [
        116.24790600000001,
        40.048522
       ],
       [
        116.249898,
        40.04886199999999
       ]
      ]
     ],
     [
      [
       [
        116.24335700000002,
        40.05127900000001
       ],
       [
        116.24165,
        40.054717999999994
       ],
       [
        116.246302,
        40.05577
       ],
       [
        116.25189699999999,
        40.054955
       ],
       [
        116.251815,
        40.053200999999994
       ],
       [
        116.24335700000002,
        40.05127900000001
       ]
      ]
     ],
     [
      [
       [
        116.246334,
        40.057667
       ],
       [
        116.24724300000001,
        40.055983999999995
       ],
       [
        116.241563,
        40.054822
       ],
       [
        116.24065300000001,
        40.05624399999999
       ],
       [
        116.246334,
        40.057667
       ]
      ]
     ],
     [
      [
       [
        116.250695,
        40.056695999999995
       ],
       [
        116.24752599999998,
        40.05600799999999
       ],
       [
        116.246776,
        40.057874999999996
       ],
       [
        116.249472,
        40.058379
       ],
       [
        116.250695,
        40.056695999999995
       ]
      ]
     ],
     [
      [
       [
        116.239718,
        40.057854999999996
       ],
       [
        116.244662,
        40.05979700000001
       ],
       [
        116.24585500000002,
        40.057710999999976
       ],
       [
        116.241357,
        40.056726
       ],
       [
        116.239718,
        40.057854999999996
       ]
      ]
     ],
     [
      [
       [
        116.26026100000001,
        40.064284
       ],
       [
        116.261017,
        40.055657000000004
       ],
       [
        116.25289399999998,
        40.05363400000001
       ],
       [
        116.249164,
        40.06086499999999
       ],
       [
        116.26026100000001,
        40.064284
       ]
      ]
     ],
     [
      [
       [
        116.24865100000001,
        40.060722999999996
       ],
       [
        116.24971099999999,
        40.058733
       ],
       [
        116.246616,
        40.057905
       ],
       [
        116.24539899999999,
        40.059678999999996
       ],
       [
        116.24865100000001,
        40.060722999999996
       ]
      ]
     ],
     [
      [
       [
        116.24849800000001,
        40.061252999999994
       ],
       [
        116.24516500000001,
        40.060093
       ],
       [
        116.244853,
        40.061651
       ],
       [
        116.24721000000001,
        40.062411999999995
       ],
       [
        116.24849800000001,
        40.061252999999994
       ]
      ]
     ],
     [
      [
       [
        116.24456100000002,
        40.061741000000005
       ],
       [
        116.24384400000001,
        40.063495
       ],
       [
        116.246616,
        40.064312
       ],
       [
        116.24751900000001,
        40.062537
       ],
       [
        116.24456100000002,
        40.061741000000005
       ]
      ]
     ],
     [
      [
       [
        116.260113,
        40.06454699999999
       ],
       [
        116.249755,
        40.061226999999995
       ],
       [
        116.24726,
        40.064237
       ],
       [
        116.254777,
        40.067634000000005
       ],
       [
        116.260113,
        40.06454699999999
       ]
      ]
     ],
     [
      [
       [
        116.24674897923425,
        40.06696582192137
       ],
       [
        116.250291,
        40.06756399999999
       ],
       [
        116.250914,
        40.066038999999996
       ],
       [
        116.24693000000002,
        40.06502400000001
       ],
       [
        116.245377,
        40.067796
       ],
       [
        116.247215,
        40.069294
       ],
       [
        116.24944000000002,
        40.06812999999999
       ],
       [
        116.24674897923425,
        40.06696582192137
       ]
      ]
     ],
     [
      [
       [
        116.26004299999998,
        40.065112
       ],
       [
        116.258975,
        40.065312999999996
       ],
       [
        116.255405,
        40.067871
       ],
       [
        116.25778400000002,
        40.069251
       ],
       [
        116.26004299999998,
        40.065112
       ]
      ]
     ],
     [
      [
       [
        116.245337,
        40.06683099999999
       ],
       [
        116.242416,
        40.065991
       ],
       [
        116.241126,
        40.069027
       ],
       [
        116.24419900000001,
        40.069520999999995
       ],
       [
        116.245337,
        40.06683099999999
       ]
      ]
     ],
     [
      [
       [
        116.25446300000002,
        40.06787099999999
       ],
       [
        116.25132399999998,
        40.06644699999999
       ],
       [
        116.25006899999998,
        40.06787099999999
       ],
       [
        116.252261,
        40.069295
       ],
       [
        116.25446300000002,
        40.06787099999999
       ]
      ]
     ],
     [
      [
       [
        116.2505719543195,
        40.07298147303948
       ],
       [
        116.249127,
        40.07427799999999
       ],
       [
        116.251726,
        40.07521800000001
       ],
       [
        116.253193,
        40.073257000000005
       ],
       [
        116.2497712740978,
        40.07185128836863
       ],
       [
        116.25152400000002,
        40.072087999999994
       ],
       [
        116.253116,
        40.069602
       ],
       [
        116.24693600000002,
        40.07328199999999
       ],
       [
        116.24881300000001,
        40.074278
       ],
       [
        116.2505719543195,
        40.07298147303948
       ]
      ]
     ],
     [
      [
       [
        116.24317,
        40.07242599999999
       ],
       [
        116.246364,
        40.073561000000005
       ],
       [
        116.248437,
        40.07181
       ],
       [
        116.244672,
        40.07001099999999
       ],
       [
        116.24317,
        40.07242599999999
       ]
      ]
     ],
     [
      [
       [
        116.25478199999999,
        40.07380299999999
       ],
       [
        116.25666,
        40.071426
       ],
       [
        116.254777,
        40.070719000000004
       ],
       [
        116.25320800000001,
        40.072858
       ],
       [
        116.25478199999999,
        40.07380299999999
       ]
      ]
     ],
     [
      [
       [
        116.259165,
        40.07304499999999
       ],
       [
        116.257227,
        40.071672
       ],
       [
        116.25583900000001,
        40.07422700000001
       ],
       [
        116.25797700000001,
        40.074748
       ],
       [
        116.259165,
        40.07304499999999
       ]
      ]
     ],
     [
      [
       [
        116.24289823375553,
        40.0755128420534
       ],
       [
        116.245619,
        40.07343099999999
       ],
       [
        116.242984,
        40.072659999999985
       ],
       [
        116.241303,
        40.075613
       ],
       [
        116.24428300000001,
        40.077321
       ],
       [
        116.24593700000001,
        40.07414800000001
       ],
       [
        116.24289823375553,
        40.0755128420534
       ]
      ]
     ],
     [
      [
       [
        116.252841,
        40.077468
       ],
       [
        116.24904450062297,
        40.07615016057269
       ],
       [
        116.2513,
        40.075554999999994
       ],
       [
        116.247971,
        40.074053000000006
       ],
       [
        116.24608099999999,
        40.07410999999999
       ],
       [
        116.24447,
        40.077492
       ],
       [
        116.251811,
        40.079696
       ],
       [
        116.252841,
        40.077468
       ]
      ]
     ],
     [
      [
       [
        116.25978499999998,
        40.07776699999999
       ],
       [
        116.25688300000002,
        40.07689799999999
       ],
       [
        116.255405,
        40.078785999999994
       ],
       [
        116.25705500000001,
        40.079727
       ],
       [
        116.25978499999998,
        40.07776699999999
       ]
      ]
     ],
     [
      [
       [
        116.25280300000001,
        40.08043700000001
       ],
       [
        116.25664699999999,
        40.077194
       ],
       [
        116.25446300000002,
        40.076176
       ],
       [
        116.252279,
        40.079431
       ],
       [
        116.25280300000001,
        40.08043700000001
       ]
      ]
     ],
     [
      [
       [
        116.24381699999999,
        40.08315
       ],
       [
        116.248623,
        40.08446199999999
       ],
       [
        116.25089399999999,
        40.079551
       ],
       [
        116.24649600000001,
        40.078329999999994
       ],
       [
        116.24381699999999,
        40.08315
       ]
      ]
     ],
     [
      [
       [
        116.24920099999999,
        40.084634
       ],
       [
        116.25374300000001,
        40.081801
       ],
       [
        116.251441,
        40.08002499999999
       ],
       [
        116.24920099999999,
        40.084634
       ]
      ]
     ],
     [
      [
       [
        116.245974,
        40.083936
       ],
       [
        116.24369999999999,
        40.083305
       ],
       [
        116.242569,
        40.08461199999999
       ],
       [
        116.24514000000002,
        40.08589400000001
       ],
       [
        116.245974,
        40.083936
       ]
      ]
     ],
     [
      [
       [
        116.25789300000001,
        40.086292
       ],
       [
        116.254029,
        40.085923
       ],
       [
        116.25163800000001,
        40.08804
       ],
       [
        116.254583,
        40.088970999999994
       ],
       [
        116.25789300000001,
        40.086292
       ]
      ]
     ],
     [
      [
       [
        116.254033,
        40.093682000000015
       ],
       [
        116.254705,
        40.08931299999999
       ],
       [
        116.25132399999998,
        40.08803999999999
       ],
       [
        116.24921899999998,
        40.089296000000004
       ],
       [
        116.254033,
        40.093682000000015
       ]
      ]
     ],
     [
      [
       [
        116.26472900000002,
        39.900991
       ],
       [
        116.26378700000001,
        39.899232
       ],
       [
        116.26105400000002,
        39.898450999999994
       ],
       [
        116.261146,
        39.900991000000005
       ],
       [
        116.26472900000002,
        39.900991
       ]
      ]
     ],
     [
      [
       [
        116.278578,
        39.900718
       ],
       [
        116.27849200000001,
        39.898728
       ],
       [
        116.274551,
        39.89868799999999
       ],
       [
        116.27469000000002,
        39.901021
       ],
       [
        116.278578,
        39.900718
       ]
      ]
     ],
     [
      [
       [
        116.27020500000002,
        39.89879799999999
       ],
       [
        116.269982,
        39.901021
       ],
       [
        116.27414499999999,
        39.900753999999985
       ],
       [
        116.27409700000001,
        39.898728
       ],
       [
        116.27020500000002,
        39.89879799999999
       ]
      ]
     ],
     [
      [
       [
        116.265776,
        39.90028
       ],
       [
        116.26952900000002,
        39.90106100000001
       ],
       [
        116.26961999999999,
        39.89869800000001
       ],
       [
        116.265776,
        39.90028
       ]
      ]
     ],
     [
      [
       [
        116.274231,
        39.901489
       ],
       [
        116.27009499999998,
        39.901065
       ],
       [
        116.26984299999998,
        39.902247
       ],
       [
        116.273984,
        39.90247999999999
       ],
       [
        116.274231,
        39.901489
       ]
      ]
     ],
     [
      [
       [
        116.27428999999998,
        39.901402999999995
       ],
       [
        116.27469000000002,
        39.90339399999999
       ],
       [
        116.278317,
        39.903434
       ],
       [
        116.27849200000001,
        39.901101
       ],
       [
        116.27428999999998,
        39.901402999999995
       ]
      ]
     ],
     [
      [
       [
        116.27375700000002,
        39.907439
       ],
       [
        116.27419999999998,
        39.902847
       ],
       [
        116.270157,
        39.902722000000004
       ],
       [
        116.26988,
        39.90734200000001
       ],
       [
        116.27375700000002,
        39.907439
       ]
      ]
     ],
     [
      [
       [
        116.26967700000002,
        39.907439
       ],
       [
        116.26980600000002,
        39.902847
       ],
       [
        116.266076,
        39.902722000000004
       ],
       [
        116.26612500000002,
        39.907358
       ],
       [
        116.26967700000002,
        39.907439
       ]
      ]
     ],
     [
      [
       [
        116.27851600000001,
        39.907413999999996
       ],
       [
        116.27856,
        39.90352
       ],
       [
        116.274551,
        39.90343399999998
       ],
       [
        116.274308,
        39.907143
       ],
       [
        116.27851600000001,
        39.907413999999996
       ]
      ]
     ],
     [
      [
       [
        116.27859400000001,
        39.908066999999996
       ],
       [
        116.274717,
        39.90797
       ],
       [
        116.274237,
        39.90984
       ],
       [
        116.27846500000001,
        39.910048999999994
       ],
       [
        116.27859400000001,
        39.908066999999996
       ]
      ]
     ],
     [
      [
       [
        116.264454,
        39.908047
       ],
       [
        116.261508,
        39.90798199999999
       ],
       [
        116.26105400000002,
        39.90984000000001
       ],
       [
        116.26468100000001,
        39.91003799999999
       ],
       [
        116.264454,
        39.908047
       ]
      ]
     ],
     [
      [
       [
        116.274184,
        39.908285
       ],
       [
        116.266533,
        39.90798
       ],
       [
        116.26576200000001,
        39.91245000000001
       ],
       [
        116.27409700000001,
        39.912648
       ],
       [
        116.274184,
        39.908285
       ]
      ]
     ],
     [
      [
       [
        116.278578,
        39.91042
       ],
       [
        116.27437599999999,
        39.910354999999996
       ],
       [
        116.274237,
        39.91245
       ],
       [
        116.27849200000001,
        39.912648000000004
       ],
       [
        116.278578,
        39.91042
       ]
      ]
     ],
     [
      [
       [
        116.266359,
        39.914109999999994
       ],
       [
        116.27423499999999,
        39.913659999999986
       ],
       [
        116.266076,
        39.912925
       ],
       [
        116.266359,
        39.914109999999994
       ]
      ]
     ],
     [
      [
       [
        116.26525500000001,
        39.917178
       ],
       [
        116.265112,
        39.9107
       ],
       [
        116.26168200000001,
        39.91031499999999
       ],
       [
        116.261076,
        39.91680799999999
       ],
       [
        116.26525500000001,
        39.917178
       ]
      ]
     ],
     [
      [
       [
        116.27849200000001,
        39.917393
       ],
       [
        116.278578,
        39.91302999999999
       ],
       [
        116.274551,
        39.912925
       ],
       [
        116.27428999999998,
        39.917090000000016
       ],
       [
        116.27849200000001,
        39.917393
       ]
      ]
     ],
     [
      [
       [
        116.268051,
        39.91412199999999
       ],
       [
        116.26609,
        39.91428
       ],
       [
        116.266796,
        39.91712700000001
       ],
       [
        116.26826000000001,
        39.917028
       ],
       [
        116.268051,
        39.91412199999999
       ]
      ]
     ],
     [
      [
       [
        116.26831,
        39.91447399999999
       ],
       [
        116.268753,
        39.917168
       ],
       [
        116.27414499999999,
        39.91688899999999
       ],
       [
        116.274071,
        39.914139
       ],
       [
        116.26831,
        39.91447399999999
       ]
      ]
     ],
     [
      [
       [
        116.27860700000001,
        39.918473
       ],
       [
        116.278449,
        39.917455
       ],
       [
        116.274551,
        39.91719599999999
       ],
       [
        116.274431,
        39.918839
       ],
       [
        116.27860700000001,
        39.918473
       ]
      ]
     ],
     [
      [
       [
        116.274224,
        39.91868699999999
       ],
       [
        116.27370000000002,
        39.917206
       ],
       [
        116.26701799999998,
        39.917196
       ],
       [
        116.26692700000001,
        39.919084
       ],
       [
        116.274224,
        39.91868699999999
       ]
      ]
     ],
     [
      [
       [
        116.27846500000001,
        39.920071
       ],
       [
        116.274588,
        39.920406
       ],
       [
        116.276212,
        39.923059
       ],
       [
        116.27859400000001,
        39.923003
       ],
       [
        116.27846500000001,
        39.920071
       ]
      ]
     ],
     [
      [
       [
        116.274192,
        39.92039599999999
       ],
       [
        116.26729300000001,
        39.920283
       ],
       [
        116.266709,
        39.92127399999999
       ],
       [
        116.268496,
        39.923118
       ],
       [
        116.27527000000002,
        39.923118
       ],
       [
        116.274192,
        39.92039599999999
       ]
      ]
     ],
     [
      [
       [
        116.27920700000001,
        39.925869
       ],
       [
        116.27849200000001,
        39.92340500000001
       ],
       [
        116.27558399999998,
        39.923909
       ],
       [
        116.27594600000002,
        39.92641
       ],
       [
        116.27920700000001,
        39.925869
       ]
      ]
     ],
     [
      [
       [
        116.27532700000002,
        39.930693
       ],
       [
        116.27545499999998,
        39.926812999999996
       ],
       [
        116.27085455814097,
        39.92702124812306
       ],
       [
        116.275401,
        39.926381
       ],
       [
        116.27524,
        39.92360699999999
       ],
       [
        116.268496,
        39.923612999999996
       ],
       [
        116.26702500000002,
        39.92521299999999
       ],
       [
        116.2680731682009,
        39.92714706403376
       ],
       [
        116.26670400000002,
        39.93048399999999
       ],
       [
        116.27532700000002,
        39.930693
       ]
      ]
     ],
     [
      [
       [
        116.278809,
        39.926254
       ],
       [
        116.27585599999999,
        39.92679600000001
       ],
       [
        116.276089,
        39.930483
       ],
       [
        116.279205,
        39.93014300000001
       ],
       [
        116.278809,
        39.926254
       ]
      ]
     ],
     [
      [
       [
        116.27887871836528,
        39.93349652326258
       ],
       [
        116.286127,
        39.93486699999999
       ],
       [
        116.28535300000001,
        39.930979999999984
       ],
       [
        116.276044,
        39.930966000000005
       ],
       [
        116.27703387708354,
        39.93314762697856
       ],
       [
        116.275523,
        39.93119699999999
       ],
       [
        116.26701799999998,
        39.93119599999999
       ],
       [
        116.266129,
        39.93536099999999
       ],
       [
        116.27106700000002,
        39.936178
       ],
       [
        116.27186065793109,
        39.935427111895905
       ],
       [
        116.27437599999999,
        39.93922299999999
       ],
       [
        116.278578,
        39.939633
       ],
       [
        116.27887871836528,
        39.93349652326258
       ]
      ]
     ],
     [
      [
       [
        116.264821,
        39.93902599999999
       ],
       [
        116.265749,
        39.931363999999995
       ],
       [
        116.261591,
        39.93001999999999
       ],
       [
        116.258236,
        39.93376000000001
       ],
       [
        116.259809,
        39.938612000000006
       ],
       [
        116.264821,
        39.93902599999999
       ]
      ]
     ],
     [
      [
       [
        116.266127,
        39.935812
       ],
       [
        116.26653000000002,
        39.93898600000001
       ],
       [
        116.27163400000002,
        39.93871899999999
       ],
       [
        116.27159500000002,
        39.936223
       ],
       [
        116.266127,
        39.935812
       ]
      ]
     ],
     [
      [
       [
        116.278608,
        39.939885999999994
       ],
       [
        116.265956,
        39.93904400000002
       ],
       [
        116.266394,
        39.94381099999999
       ],
       [
        116.278437,
        39.94399099999999
       ],
       [
        116.278608,
        39.939885999999994
       ]
      ]
     ],
     [
      [
       [
        116.26022800000001,
        39.93908
       ],
       [
        116.26050199999999,
        39.944162999999996
       ],
       [
        116.26548299999999,
        39.94400799999998
       ],
       [
        116.26506299999998,
        39.939111999999994
       ],
       [
        116.26022800000001,
        39.93908
       ]
      ]
     ],
     [
      [
       [
        116.27885300000001,
        39.94645100000001
       ],
       [
        116.27649938993949,
        39.94696225754818
       ],
       [
        116.278939,
        39.94595300000002
       ],
       [
        116.27887399999999,
        39.94457
       ],
       [
        116.27681,
        39.944013999999996
       ],
       [
        116.26719100000001,
        39.94450899999998
       ],
       [
        116.267586,
        39.95064899999999
       ],
       [
        116.27069135468844,
        39.94936469165223
       ],
       [
        116.269582,
        39.950309999999995
       ],
       [
        116.275353,
        39.95132499999999
       ],
       [
        116.2752726440941,
        39.94746972688297
       ],
       [
        116.275492,
        39.948992000000004
       ],
       [
        116.27885300000001,
        39.94916
       ],
       [
        116.27885300000001,
        39.94645100000001
       ]
      ]
     ],
     [
      [
       [
        116.265671,
        39.944553
       ],
       [
        116.26065500000001,
        39.944492999999994
       ],
       [
        116.26083200000001,
        39.950584000000006
       ],
       [
        116.26661,
        39.950585
       ],
       [
        116.265671,
        39.944553
       ]
      ]
     ],
     [
      [
       [
        116.27554499999998,
        39.949572
       ],
       [
        116.275632,
        39.951561999999996
       ],
       [
        116.278772,
        39.95134000000001
       ],
       [
        116.278825,
        39.949516999999986
       ],
       [
        116.27554499999998,
        39.949572
       ]
      ]
     ],
     [
      [
       [
        116.267345,
        39.952856999999995
       ],
       [
        116.271475,
        39.953495999999994
       ],
       [
        116.27198699999998,
        39.95146999999999
       ],
       [
        116.269643,
        39.95043199999999
       ],
       [
        116.267345,
        39.952856999999995
       ]
      ]
     ],
     [
      [
       [
        116.26077500000001,
        39.951019
       ],
       [
        116.261534,
        39.95347200000001
       ],
       [
        116.26641600000002,
        39.95326200000001
       ],
       [
        116.266538,
        39.95068099999999
       ],
       [
        116.26077500000001,
        39.951019
       ]
      ]
     ],
     [
      [
       [
        116.27508,
        39.953672999999995
       ],
       [
        116.275097,
        39.95168
       ],
       [
        116.27235400000002,
        39.95136500000001
       ],
       [
        116.27212799999998,
        39.953427999999995
       ],
       [
        116.27508,
        39.953672999999995
       ]
      ]
     ],
     [
      [
       [
        116.27556400000002,
        39.953650999999994
       ],
       [
        116.27851600000001,
        39.953920999999994
       ],
       [
        116.27887399999999,
        39.951688999999995
       ],
       [
        116.275806,
        39.951602
       ],
       [
        116.27556400000002,
        39.953650999999994
       ]
      ]
     ],
     [
      [
       [
        116.266319,
        39.95626100000001
       ],
       [
        116.26627800000001,
        39.954268
       ],
       [
        116.26168200000001,
        39.95349999999999
       ],
       [
        116.2618,
        39.956295999999995
       ],
       [
        116.266319,
        39.95626100000001
       ]
      ]
     ],
     [
      [
       [
        116.278902,
        39.954328999999994
       ],
       [
        116.27565500000001,
        39.95400399999999
       ],
       [
        116.275179,
        39.955873
       ],
       [
        116.27846800000002,
        39.956081
       ],
       [
        116.278902,
        39.954328999999994
       ]
      ]
     ],
     [
      [
       [
        116.26933500000001,
        39.953517999999995
       ],
       [
        116.267357,
        39.95388299999999
       ],
       [
        116.26701799999998,
        39.957297
       ],
       [
        116.27138800000002,
        39.95762500000001
       ],
       [
        116.26933500000001,
        39.953517999999995
       ]
      ]
     ],
     [
      [
       [
        116.27506999999999,
        39.95403299999999
       ],
       [
        116.271798,
        39.954060999999996
       ],
       [
        116.271412,
        39.95753400000001
       ],
       [
        116.27479000000001,
        39.957688000000005
       ],
       [
        116.27506999999999,
        39.95403299999999
       ]
      ]
     ],
     [
      [
       [
        116.27416200000002,
        39.962433999999995
       ],
       [
        116.27443600000001,
        39.95782500000001
       ],
       [
        116.26733200000001,
        39.957772
       ],
       [
        116.26681900000001,
        39.96246299999999
       ],
       [
        116.27416200000002,
        39.962433999999995
       ]
      ]
     ],
     [
      [
       [
        116.274711,
        39.962487
       ],
       [
        116.27906500000002,
        39.96273600000001
       ],
       [
        116.282373,
        39.95862799999999
       ],
       [
        116.274905,
        39.95813
       ],
       [
        116.274711,
        39.962487
       ]
      ]
     ],
     [
      [
       [
        116.26374,
        39.96556199999999
       ],
       [
        116.263866,
        39.96410899999999
       ],
       [
        116.260883,
        39.96398000000001
       ],
       [
        116.259854,
        39.965261
       ],
       [
        116.26374,
        39.96556199999999
       ]
      ]
     ],
     [
      [
       [
        116.26656300000002,
        39.962543000000004
       ],
       [
        116.26766800000001,
        39.96569
       ],
       [
        116.275013,
        39.969133
       ],
       [
        116.278909,
        39.96288100000001
       ],
       [
        116.26656300000002,
        39.962543000000004
       ]
      ]
     ],
     [
      [
       [
        116.27918920076175,
        39.99211370810558
       ],
       [
        116.282115,
        39.990517999999994
       ],
       [
        116.27835017417792,
        39.9902651703462
       ],
       [
        116.28214300000002,
        39.990275
       ],
       [
        116.282518,
        39.984603
       ],
       [
        116.2759523952626,
        39.98498182389959
       ],
       [
        116.27159300000001,
        39.975374
       ],
       [
        116.26654200000002,
        39.976076000000006
       ],
       [
        116.25798500000002,
        39.98111399999999
       ],
       [
        116.256666,
        39.98961400000001
       ],
       [
        116.26086500000001,
        39.995451999999986
       ],
       [
        116.266076,
        39.996212
       ],
       [
        116.279289,
        39.99526099999999
       ],
       [
        116.27918920076175,
        39.99211370810558
       ]
      ]
     ],
     [
      [
       [
        116.277986,
        40.005306
       ],
       [
        116.27921,
        39.995608999999995
       ],
       [
        116.266863,
        39.99624200000001
       ],
       [
        116.26482200000001,
        39.99856299999998
       ],
       [
        116.26550099999999,
        40.003699
       ],
       [
        116.277986,
        40.005306
       ]
      ]
     ],
     [
      [
       [
        116.261307,
        40.004996000000006
       ],
       [
        116.260433,
        40.012392999999996
       ],
       [
        116.26234200000002,
        40.01282
       ],
       [
        116.26297749558059,
        40.00797117069412
       ],
       [
        116.26341699999999,
        40.009234
       ],
       [
        116.26681429089813,
        40.0094297653139
       ],
       [
        116.263251,
        40.00926199999999
       ],
       [
        116.263055,
        40.012769
       ],
       [
        116.26947600000001,
        40.01271599999999
       ],
       [
        116.26941200000002,
        40.00955199999999
       ],
       [
        116.26758768156088,
        40.00946616318714
       ],
       [
        116.26979,
        40.009394
       ],
       [
        116.269723,
        40.006703
       ],
       [
        116.263565,
        40.00594
       ],
       [
        116.26297847816208,
        40.007963673031725
       ],
       [
        116.26324800000002,
        40.005907
       ],
       [
        116.261307,
        40.004996000000006
       ]
      ]
     ],
     [
      [
       [
        116.27250200000002,
        40.009708999999994
       ],
       [
        116.27263100000002,
        40.007014999999996
       ],
       [
        116.270157,
        40.00665200000001
       ],
       [
        116.26988199999998,
        40.009375999999996
       ],
       [
        116.27250200000002,
        40.009708999999994
       ]
      ]
     ],
     [
      [
       [
        116.276268,
        40.009708999999994
       ],
       [
        116.277341,
        40.00773000000001
       ],
       [
        116.273144,
        40.007155999999995
       ],
       [
        116.27266800000001,
        40.009499000000005
       ],
       [
        116.276268,
        40.009708999999994
       ]
      ]
     ],
     [
      [
       [
        116.26984299999998,
        40.009737
       ],
       [
        116.269778,
        40.013054
       ],
       [
        116.273129,
        40.01326799999999
       ],
       [
        116.2758,
        40.01049499999999
       ],
       [
        116.26984299999998,
        40.009737
       ]
      ]
     ],
     [
      [
       [
        116.26253200000001,
        40.012891
       ],
       [
        116.260208,
        40.012889
       ],
       [
        116.25952200000002,
        40.016254999999994
       ],
       [
        116.260575,
        40.01659
       ],
       [
        116.26253200000001,
        40.012891
       ]
      ]
     ],
     [
      [
       [
        116.268027,
        40.019945
       ],
       [
        116.26451300000001,
        40.023452000000006
       ],
       [
        116.27266800000001,
        40.024686
       ],
       [
        116.27203607530721,
        40.02125590001003
       ],
       [
        116.273155,
        40.022287999999996
       ],
       [
        116.278692,
        40.02230799999999
       ],
       [
        116.278939,
        40.021317
       ],
       [
        116.27613473240766,
        40.02049919881394
       ],
       [
        116.27919200000001,
        40.019848999999994
       ],
       [
        116.280509,
        40.015949
       ],
       [
        116.273609,
        40.013533
       ],
       [
        116.269847,
        40.017528999999996
       ],
       [
        116.27226872173394,
        40.0189707606444
       ],
       [
        116.269723,
        40.017822
       ],
       [
        116.26798400000001,
        40.01979500000001
       ],
       [
        116.27014948000947,
        40.02091224922761
       ],
       [
        116.268027,
        40.019945
       ]
      ],
      [
       [
        116.27229880548664,
        40.01898433541869
       ],
       [
        116.27630446612821,
        40.015179574226494
       ],
       [
        116.272675,
        40.01893999999999
       ],
       [
        116.27435642074514,
        40.019980549292555
       ],
       [
        116.27229880548664,
        40.01898433541869
       ]
      ]
     ],
     [
      [
       [
        116.26271499999999,
        40.023251999999985
       ],
       [
        116.26381094614646,
        40.02093633006754
       ],
       [
        116.26585200000001,
        40.02159100000001
       ],
       [
        116.272973,
        40.013477
       ],
       [
        116.26284700000001,
        40.012832
       ],
       [
        116.26107899999998,
        40.01581500000001
       ],
       [
        116.26175162062049,
        40.020275750494406
       ],
       [
        116.26044,
        40.02261899999999
       ],
       [
        116.26271499999999,
        40.023251999999985
       ]
      ]
     ],
     [
      [
       [
        116.273005,
        40.022695999999996
       ],
       [
        116.27316300000001,
        40.024664
       ],
       [
        116.278539,
        40.024615999999995
       ],
       [
        116.278438,
        40.02256799999999
       ],
       [
        116.273005,
        40.022695999999996
       ]
      ]
     ],
     [
      [
       [
        116.26351200000002,
        40.024079
       ],
       [
        116.259938,
        40.02330199999999
       ],
       [
        116.258543,
        40.026821000000005
       ],
       [
        116.261229,
        40.027493000000014
       ],
       [
        116.26351200000002,
        40.024079
       ]
      ]
     ],
     [
      [
       [
        116.267265,
        40.02768000000001
       ],
       [
        116.267838,
        40.024498
       ],
       [
        116.26581500000002,
        40.024554
       ],
       [
        116.265135,
        40.02729600000001
       ],
       [
        116.267265,
        40.02768000000001
       ]
      ]
     ],
     [
      [
       [
        116.270394,
        40.02469299999999
       ],
       [
        116.269228,
        40.02997299999999
       ],
       [
        116.274545,
        40.030336
       ],
       [
        116.272321,
        40.025290999999996
       ],
       [
        116.270394,
        40.02469299999999
       ]
      ]
     ],
     [
      [
       [
        116.263073,
        40.035084
       ],
       [
        116.26539200000002,
        40.035261999999996
       ],
       [
        116.266319,
        40.029755
       ],
       [
        116.26399400000001,
        40.029485
       ],
       [
        116.263073,
        40.035084
       ]
      ]
     ],
     [
      [
       [
        116.26462499999998,
        40.039686
       ],
       [
        116.26472099999998,
        40.041757999999994
       ],
       [
        116.274482,
        40.043425
       ],
       [
        116.275308,
        40.039655999999994
       ],
       [
        116.26767,
        40.038832000000006
       ],
       [
        116.2684307120697,
        40.04005775535994
       ],
       [
        116.2671176759258,
        40.03981794034149
       ],
       [
        116.26777852643107,
        40.03791830139803
       ],
       [
        116.27604500000001,
        40.039551
       ],
       [
        116.27759800000001,
        40.031162
       ],
       [
        116.26679200000001,
        40.02997899999999
       ],
       [
        116.26451300000001,
        40.039204999999995
       ],
       [
        116.26643166490435,
        40.03969263961986
       ],
       [
        116.26462499999998,
        40.039686
       ]
      ]
     ],
     [
      [
       [
        116.26172100000001,
        40.038799999999995
       ],
       [
        116.264344,
        40.03913
       ],
       [
        116.265066,
        40.03545300000001
       ],
       [
        116.26279000000001,
        40.035154000000006
       ],
       [
        116.26172100000001,
        40.038799999999995
       ]
      ]
     ],
     [
      [
       [
        116.267622,
        40.05230099999999
       ],
       [
        116.267215,
        40.05107699999999
       ],
       [
        116.26282,
        40.049854999999994
       ],
       [
        116.262136,
        40.054069
       ],
       [
        116.265418,
        40.054819
       ],
       [
        116.266855,
        40.05271400000001
       ],
       [
        116.26382433786677,
        40.051841654452915
       ],
       [
        116.267622,
        40.05230099999999
       ]
      ]
     ],
     [
      [
       [
        116.26809995334169,
        40.054290171988114
       ],
       [
        116.27158700000001,
        40.055254999999995
       ],
       [
        116.272928,
        40.053027
       ],
       [
        116.26827299999998,
        40.051499
       ],
       [
        116.265458,
        40.056424
       ],
       [
        116.26990200000002,
        40.05813800000001
       ],
       [
        116.27140600000001,
        40.05548600000001
       ],
       [
        116.26809995334169,
        40.054290171988114
       ]
      ]
     ],
     [
      [
       [
        116.277323,
        40.054925999999995
       ],
       [
        116.27343600000002,
        40.05294700000001
       ],
       [
        116.271726,
        40.05529500000001
       ],
       [
        116.273609,
        40.05600700000001
       ],
       [
        116.2747881216597,
        40.05438497063671
       ],
       [
        116.27272199999999,
        40.058987
       ],
       [
        116.275353,
        40.059526
       ],
       [
        116.277323,
        40.054925999999995
       ]
      ]
     ],
     [
      [
       [
        116.26211099999999,
        40.054163
       ],
       [
        116.262073,
        40.055688
       ],
       [
        116.26472200000002,
        40.056469
       ],
       [
        116.265691,
        40.054907
       ],
       [
        116.26211099999999,
        40.054163
       ]
      ]
     ],
     [
      [
       [
        116.273572,
        40.05613199999999
       ],
       [
        116.27157500000001,
        40.055561999999995
       ],
       [
        116.270567,
        40.058314
       ],
       [
        116.272188,
        40.058589
       ],
       [
        116.273572,
        40.05613199999999
       ]
      ]
     ],
     [
      [
       [
        116.280188,
        40.058314
       ],
       [
        116.27696799999998,
        40.057204
       ],
       [
        116.275515,
        40.059477999999984
       ],
       [
        116.278728,
        40.06074099999999
       ],
       [
        116.280188,
        40.058314
       ]
      ]
     ],
     [
      [
       [
        116.261707,
        40.05577
       ],
       [
        116.261058,
        40.05763400000001
       ],
       [
        116.260427,
        40.064075
       ],
       [
        116.264505,
        40.05769300000001
       ],
       [
        116.261707,
        40.05577
       ]
      ]
     ],
     [
      [
       [
        116.261368,
        40.064549
       ],
       [
        116.26997800000001,
        40.067373999999994
       ],
       [
        116.27168300000001,
        40.06656699999999
       ],
       [
        116.27515399999999,
        40.05994799999999
       ],
       [
        116.265328,
        40.057210999999995
       ],
       [
        116.261368,
        40.064549
       ]
      ]
     ],
     [
      [
       [
        116.26983699999998,
        40.06758799999999
       ],
       [
        116.260992,
        40.06502899999999
       ],
       [
        116.25861500000002,
        40.069919999999996
       ],
       [
        116.26078900000002,
        40.07095300000001
       ],
       [
        116.26983699999998,
        40.06758799999999
       ]
      ]
     ],
     [
      [
       [
        116.260741,
        40.077600000000004
       ],
       [
        116.26415599999999,
        40.075102
       ],
       [
        116.260888,
        40.071696
       ],
       [
        116.259485,
        40.073329
       ],
       [
        116.26131846720774,
        40.07476650074865
       ],
       [
        116.258025,
        40.075047
       ],
       [
        116.25735899999998,
        40.07680100000001
       ],
       [
        116.260741,
        40.077600000000004
       ]
      ]
     ],
     [
      [
       [
        116.286792,
        39.892519
       ],
       [
        116.28664400000001,
        39.89771099999999
       ],
       [
        116.298683,
        39.8969
       ],
       [
        116.298599,
        39.895890999999985
       ],
       [
        116.290699,
        39.89254400000001
       ],
       [
        116.286792,
        39.892519
       ]
      ]
     ],
     [
      [
       [
        116.29241100000002,
        39.90746599999999
       ],
       [
        116.295265,
        39.907253
       ],
       [
        116.29482629240395,
        39.90417113482326
       ],
       [
        116.299255,
        39.904313
       ],
       [
        116.299255,
        39.90018100000001
       ],
       [
        116.294195614748,
        39.89974023995268
       ],
       [
        116.298839,
        39.90009400000001
       ],
       [
        116.29871,
        39.898392999999984
       ],
       [
        116.294519,
        39.898231
       ],
       [
        116.29414531248379,
        39.89938681230536
       ],
       [
        116.292273,
        39.898250999999995
       ],
       [
        116.29241100000002,
        39.90746599999999
       ]
      ]
     ],
     [
      [
       [
        116.285201,
        39.900434999999995
       ],
       [
        116.28502900000001,
        39.898706000000004
       ],
       [
        116.278945,
        39.898687999999986
       ],
       [
        116.279139,
        39.901042999999994
       ],
       [
        116.285201,
        39.900434999999995
       ]
      ]
     ],
     [
      [
       [
        116.285586,
        39.89856
       ],
       [
        116.28598999999998,
        39.901733
       ],
       [
        116.29172199999998,
        39.901466000000006
       ],
       [
        116.291674,
        39.898253
       ],
       [
        116.285586,
        39.89856
       ]
      ]
     ],
     [
      [
       [
        116.279085,
        39.907427
       ],
       [
        116.28486,
        39.907357
       ],
       [
        116.28487500000001,
        39.90119200000001
       ],
       [
        116.27868400000001,
        39.901402999999995
       ],
       [
        116.279085,
        39.907427
       ]
      ]
     ],
     [
      [
       [
        116.28564700000001,
        39.901828999999985
       ],
       [
        116.28561100000002,
        39.907384
       ],
       [
        116.2915,
        39.907467
       ],
       [
        116.29174299999998,
        39.901859
       ],
       [
        116.28564700000001,
        39.901828999999985
       ]
      ]
     ],
     [
      [
       [
        116.29180800000002,
        39.908133
       ],
       [
        116.285787,
        39.907947
       ],
       [
        116.285222,
        39.90889099999999
       ],
       [
        116.291561,
        39.909124
       ],
       [
        116.29180800000002,
        39.908133
       ]
      ]
     ],
     [
      [
       [
        116.284821,
        39.908015
       ],
       [
        116.282199,
        39.907996
       ],
       [
        116.28208399999998,
        39.909839999999996
       ],
       [
        116.285108,
        39.910023999999986
       ],
       [
        116.284821,
        39.908015
       ]
      ]
     ],
     [
      [
       [
        116.282031,
        39.90804700000001
       ],
       [
        116.279085,
        39.90798199999998
       ],
       [
        116.278631,
        39.909839999999996
       ],
       [
        116.281944,
        39.91003799999999
       ],
       [
        116.282031,
        39.90804700000001
       ]
      ]
     ],
     [
      [
       [
        116.299255,
        39.912144000000005
       ],
       [
        116.299225,
        39.909178
       ],
       [
        116.29658,
        39.907946
       ],
       [
        116.29219900000001,
        39.908029
       ],
       [
        116.292239,
        39.912631
       ],
       [
        116.299255,
        39.912144000000005
       ]
      ]
     ],
     [
      [
       [
        116.29176099999998,
        39.909234000000005
       ],
       [
        116.285676,
        39.909168
       ],
       [
        116.285222,
        39.91245
       ],
       [
        116.291674,
        39.91264799999999
       ],
       [
        116.29176099999998,
        39.909234000000005
       ]
      ]
     ],
     [
      [
       [
        116.28479400000002,
        39.912634000000004
       ],
       [
        116.285151,
        39.910639
       ],
       [
        116.28239800000001,
        39.91031499999999
       ],
       [
        116.28215500000002,
        39.912600999999995
       ],
       [
        116.28479400000002,
        39.912634000000004
       ]
      ]
     ],
     [
      [
       [
        116.28201300000002,
        39.91040199999998
       ],
       [
        116.278746,
        39.910368999999996
       ],
       [
        116.278631,
        39.91244999999999
       ],
       [
        116.28196900000002,
        39.912634
       ],
       [
        116.28201300000002,
        39.91040199999998
       ]
      ]
     ],
     [
      [
       [
        116.291885,
        39.916871999999984
       ],
       [
        116.29828799999999,
        39.915483
       ],
       [
        116.29871900000002,
        39.91245
       ],
       [
        116.292239,
        39.91298100000001
       ],
       [
        116.291885,
        39.916871999999984
       ]
      ]
     ],
     [
      [
       [
        116.291777,
        39.91517199999999
       ],
       [
        116.291648,
        39.91295299999999
       ],
       [
        116.28553600000001,
        39.912925
       ],
       [
        116.286354,
        39.91788900000001
       ],
       [
        116.291777,
        39.91517199999999
       ]
      ]
     ],
     [
      [
       [
        116.285448,
        39.91807299999999
       ],
       [
        116.285135,
        39.91299799999999
       ],
       [
        116.278945,
        39.912924999999994
       ],
       [
        116.27872300000001,
        39.91855000000001
       ],
       [
        116.285448,
        39.91807299999999
       ]
      ]
     ],
     [
      [
       [
        116.29779212681292,
        39.920344532162865
       ],
       [
        116.29903299999998,
        39.920518
       ],
       [
        116.299185,
        39.91532800000002
       ],
       [
        116.29185099999998,
        39.917559
       ],
       [
        116.29427571108722,
        39.91922318141415
       ],
       [
        116.289081,
        39.919876
       ],
       [
        116.28922000000001,
        39.922644999999996
       ],
       [
        116.29812199999999,
        39.92289
       ],
       [
        116.299208,
        39.92079599999999
       ],
       [
        116.29779212681292,
        39.920344532162865
       ]
      ]
     ],
     [
      [
       [
        116.29172199999998,
        39.918788
       ],
       [
        116.29170300000001,
        39.917252
       ],
       [
        116.28953500000001,
        39.917442
       ],
       [
        116.287112,
        39.919615
       ],
       [
        116.29172199999998,
        39.918788
       ]
      ]
     ],
     [
      [
       [
        116.28159534000625,
        39.919816115696094
       ],
       [
        116.28616300000002,
        39.918834
       ],
       [
        116.278805,
        39.919119
       ],
       [
        116.28034157012986,
        39.91993732579233
       ],
       [
        116.27920700000001,
        39.92004699999999
       ],
       [
        116.27911100000001,
        39.92286299999999
       ],
       [
        116.286127,
        39.922766
       ],
       [
        116.286312,
        39.91935999999999
       ],
       [
        116.28159534000625,
        39.919816115696094
       ]
      ]
     ],
     [
      [
       [
        116.29078,
        39.923198
       ],
       [
        116.28813900000002,
        39.923435
       ],
       [
        116.28773300000002,
        39.925501000000004
       ],
       [
        116.29078,
        39.925669000000006
       ],
       [
        116.29078,
        39.923198
       ]
      ]
     ],
     [
      [
       [
        116.27945299999999,
        39.92338300000001
       ],
       [
        116.27928800000001,
        39.925838000000006
       ],
       [
        116.286276,
        39.92572299999999
       ],
       [
        116.28615799999999,
        39.92355599999999
       ],
       [
        116.27945299999999,
        39.92338300000001
       ]
      ]
     ],
     [
      [
       [
        116.29931,
        39.926325
       ],
       [
        116.29823400000001,
        39.92339099999999
       ],
       [
        116.2915,
        39.92312799999999
       ],
       [
        116.29135199999999,
        39.926658999999994
       ],
       [
        116.29931,
        39.926325
       ]
      ]
     ],
     [
      [
       [
        116.29061899999999,
        39.92574299999999
       ],
       [
        116.289309,
        39.925929
       ],
       [
        116.289303,
        39.930246999999994
       ],
       [
        116.29118,
        39.93029299999999
       ],
       [
        116.29061899999999,
        39.92574299999999
       ]
      ]
     ],
     [
      [
       [
        116.28905,
        39.925743
       ],
       [
        116.28773900000002,
        39.925929000000004
       ],
       [
        116.28773300000002,
        39.930246999999994
       ],
       [
        116.28929700000002,
        39.93029299999999
       ],
       [
        116.28905,
        39.925743
       ]
      ]
     ],
     [
      [
       [
        116.27945299999999,
        39.93046600000001
       ],
       [
        116.285968,
        39.93046600000001
       ],
       [
        116.28628400000001,
        39.925993999999996
       ],
       [
        116.279281,
        39.926362
       ],
       [
        116.27945299999999,
        39.93046600000001
       ]
      ]
     ],
     [
      [
       [
        116.29898399999999,
        39.930374
       ],
       [
        116.29889300000002,
        39.92696500000001
       ],
       [
        116.2915,
        39.926925
       ],
       [
        116.291645,
        39.930446999999994
       ],
       [
        116.29898399999999,
        39.930374
       ]
      ]
     ],
     [
      [
       [
        116.29192899999998,
        39.931012
       ],
       [
        116.295019,
        39.93774899999999
       ],
       [
        116.29917300000001,
        39.93733999999999
       ],
       [
        116.299275,
        39.931283
       ],
       [
        116.29192899999998,
        39.931012
       ]
      ]
     ],
     [
      [
       [
        116.291873,
        39.932149
       ],
       [
        116.287485,
        39.931999
       ],
       [
        116.28724,
        39.93755999999999
       ],
       [
        116.29463300000002,
        39.937886
       ],
       [
        116.291873,
        39.932149
       ]
      ]
     ],
     [
      [
       [
        116.28539700000002,
        39.935032
       ],
       [
        116.27922700000002,
        39.934994
       ],
       [
        116.279085,
        39.93874900000001
       ],
       [
        116.284868,
        39.938430999999994
       ],
       [
        116.28539700000002,
        39.935032
       ]
      ]
     ],
     [
      [
       [
        116.28490299999999,
        39.939783999999996
       ],
       [
        116.28465600000001,
        39.938793
       ],
       [
        116.278945,
        39.93878899999999
       ],
       [
        116.27919800000001,
        39.939971
       ],
       [
        116.28490299999999,
        39.939783999999996
       ]
      ]
     ],
     [
      [
       [
        116.295236,
        39.93845
       ],
       [
        116.287272,
        39.93763
       ],
       [
        116.28649100000001,
        39.94384099999999
       ],
       [
        116.295421,
        39.94136799999999
       ],
       [
        116.295236,
        39.93845
       ]
      ]
     ],
     [
      [
       [
        116.278668,
        39.94033799999999
       ],
       [
        116.27911100000001,
        39.94279499999999
       ],
       [
        116.28461700000001,
        39.942585
       ],
       [
        116.28474300000002,
        39.940003
       ],
       [
        116.278668,
        39.94033799999999
       ]
      ]
     ],
     [
      [
       [
        116.278668,
        39.943185
       ],
       [
        116.279119,
        39.944221
       ],
       [
        116.28333899999998,
        39.94495799999999
       ],
       [
        116.28474099999998,
        39.942613
       ],
       [
        116.278668,
        39.943185
       ]
      ]
     ],
     [
      [
       [
        116.28654899999998,
        39.950804000000005
       ],
       [
        116.298941,
        39.943228
       ],
       [
        116.29899600000002,
        39.94105
       ],
       [
        116.28722300000001,
        39.944299
       ],
       [
        116.28654899999998,
        39.950804000000005
       ]
      ]
     ],
     [
      [
       [
        116.293122,
        39.94767399999999
       ],
       [
        116.293768,
        39.95009100000001
       ],
       [
        116.29829,
        39.950598999999976
       ],
       [
        116.298695,
        39.94400999999999
       ],
       [
        116.293122,
        39.94767399999999
       ]
      ]
     ],
     [
      [
       [
        116.27939900000001,
        39.95132499999999
       ],
       [
        116.284087,
        39.95158399999999
       ],
       [
        116.284459,
        39.945237
       ],
       [
        116.27931199999999,
        39.946487000000005
       ],
       [
        116.27939900000001,
        39.95132499999999
       ]
      ]
     ],
     [
      [
       [
        116.292904,
        39.948071
       ],
       [
        116.28898900000002,
        39.949704
       ],
       [
        116.28689899999999,
        39.952018
       ],
       [
        116.293308,
        39.952705
       ],
       [
        116.29360100000001,
        39.950482
       ],
       [
        116.29033129305087,
        39.949930452625324
       ],
       [
        116.29366000000002,
        39.950053
       ],
       [
        116.292904,
        39.948071
       ]
      ]
     ],
     [
      [
       [
        116.279259,
        39.951602
       ],
       [
        116.27948599999999,
        39.953966
       ],
       [
        116.28374399999998,
        39.954439
       ],
       [
        116.28520900000001,
        39.952857
       ],
       [
        116.284688,
        39.95161300000001
       ],
       [
        116.279259,
        39.951602
       ]
      ]
     ],
     [
      [
       [
        116.29321699999998,
        39.952816999999996
       ],
       [
        116.286792,
        39.952077
       ],
       [
        116.285382,
        39.954894
       ],
       [
        116.293032,
        39.95574799999999
       ],
       [
        116.29321699999998,
        39.952816999999996
       ]
      ]
     ],
     [
      [
       [
        116.27902000000002,
        39.95429600000001
       ],
       [
        116.27875099999999,
        39.955822
       ],
       [
        116.28208399999998,
        39.95611099999999
       ],
       [
        116.28259100000001,
        39.954737
       ],
       [
        116.27902000000002,
        39.95429600000001
       ]
      ]
     ],
     [
      [
       [
        116.298367,
        39.953860999999996
       ],
       [
        116.29354600000002,
        39.95352999999999
       ],
       [
        116.29306900000002,
        39.956111
       ],
       [
        116.296976,
        39.957272
       ],
       [
        116.298367,
        39.953860999999996
       ]
      ]
     ],
     [
      [
       [
        116.278491,
        39.956136
       ],
       [
        116.27851100000001,
        39.957991
       ],
       [
        116.28091899999998,
        39.958236
       ],
       [
        116.28206,
        39.95714999999999
       ],
       [
        116.28188200000001,
        39.956126000000005
       ],
       [
        116.278491,
        39.956136
       ]
      ]
     ],
     [
      [
       [
        116.288663358462,
        39.958923041013996
       ],
       [
        116.28885,
        39.957100000000004
       ],
       [
        116.286417,
        39.956827000000004
       ],
       [
        116.28504300000002,
        39.959152999999986
       ],
       [
        116.291987,
        39.96058000000001
       ],
       [
        116.29270200000002,
        39.957877
       ],
       [
        116.289303,
        39.957297000000004
       ],
       [
        116.288663358462,
        39.958923041013996
       ]
      ]
     ],
     [
      [
       [
        116.29326799999998,
        39.96083999999999
       ],
       [
        116.297126,
        39.96071
       ],
       [
        116.29647199999998,
        39.958118000000006
       ],
       [
        116.293824,
        39.956843
       ],
       [
        116.29278099999999,
        39.956967
       ],
       [
        116.29326799999998,
        39.96083999999999
       ]
      ]
     ],
     [
      [
       [
        116.282306,
        39.963455999999994
       ],
       [
        116.287018,
        39.963868
       ],
       [
        116.287732,
        39.962021
       ],
       [
        116.286384,
        39.9595
       ],
       [
        116.284687,
        39.959264
       ],
       [
        116.282306,
        39.963455999999994
       ]
      ]
     ],
     [
      [
       [
        116.29050100000002,
        39.960386
       ],
       [
        116.287112,
        39.96375
       ],
       [
        116.2915,
        39.964178000000004
       ],
       [
        116.29212100000001,
        39.960809
       ],
       [
        116.29050100000002,
        39.960386
       ]
      ]
     ],
     [
      [
       [
        116.296386,
        39.964136
       ],
       [
        116.29678299999999,
        39.96119900000001
       ],
       [
        116.292245,
        39.960908
       ],
       [
        116.29181400000002,
        39.963941
       ],
       [
        116.296386,
        39.964136
       ]
      ]
     ],
     [
      [
       [
        116.28616399999999,
        39.96750000000001
       ],
       [
        116.28638600000001,
        39.965434
       ],
       [
        116.281022,
        39.964670999999996
       ],
       [
        116.28022400000002,
        39.96664199999999
       ],
       [
        116.28176140997223,
        39.96708116433796
       ],
       [
        116.279935,
        39.96689899999999
       ],
       [
        116.28004800000001,
        39.969131
       ],
       [
        116.28616399999999,
        39.969636
       ],
       [
        116.286333,
        39.96753699999999
       ],
       [
        116.28402481873371,
        39.96730687328684
       ],
       [
        116.28616399999999,
        39.96750000000001
       ]
      ],
      [
       [
        116.28281189514871,
        39.96718592524135
       ],
       [
        116.28246687312671,
        39.96715151858718
       ],
       [
        116.2832960479468,
        39.96580934342181
       ],
       [
        116.28281189514871,
        39.96718592524135
       ]
      ]
     ],
     [
      [
       [
        116.29221300000002,
        39.968203
       ],
       [
        116.296508,
        39.964821
       ],
       [
        116.29265599999998,
        39.96419
       ],
       [
        116.29126745193219,
        39.96565794961761
       ],
       [
        116.29145,
        39.964524
       ],
       [
        116.28724499999998,
        39.964218
       ],
       [
        116.286531,
        39.969293
       ],
       [
        116.29058900000001,
        39.969871999999995
       ],
       [
        116.29113340006525,
        39.966490625895545
       ],
       [
        116.29221300000002,
        39.968203
       ]
      ]
     ],
     [
      [
       [
        116.29606800000002,
        39.966590999999994
       ],
       [
        116.29153799999999,
        39.969749
       ],
       [
        116.29584100000001,
        39.970717
       ],
       [
        116.29606800000002,
        39.966590999999994
       ]
      ]
     ],
     [
      [
       [
        116.28746399999999,
        39.977588
       ],
       [
        116.289913,
        39.977306999999996
       ],
       [
        116.29083500000002,
        39.97023600000001
       ],
       [
        116.28193600000002,
        39.969426
       ],
       [
        116.28746399999999,
        39.977588
       ]
      ]
     ],
     [
      [
       [
        116.2947,
        39.979359999999986
       ],
       [
        116.295574,
        39.97125
       ],
       [
        116.29181400000002,
        39.970348
       ],
       [
        116.29056500000002,
        39.9787
       ],
       [
        116.2947,
        39.979359999999986
       ]
      ]
     ],
     [
      [
       [
        116.28731569850504,
        39.98147800571047
       ],
       [
        116.28345200000001,
        39.97771899999999
       ],
       [
        116.28241300000002,
        39.977867
       ],
       [
        116.283673,
        39.984584
       ],
       [
        116.28878400000002,
        39.984333
       ],
       [
        116.28897000000002,
        39.980788
       ],
       [
        116.28731569850504,
        39.98147800571047
       ]
      ]
     ],
     [
      [
       [
        116.289999,
        39.98449500000001
       ],
       [
        116.29418900000002,
        39.98477999999999
       ],
       [
        116.29475900000001,
        39.980094
       ],
       [
        116.290695,
        39.980355
       ],
       [
        116.289999,
        39.98449500000001
       ]
      ]
     ],
     [
      [
       [
        116.28862200000002,
        39.98469
       ],
       [
        116.28316400000001,
        39.984624999999994
       ],
       [
        116.28271300000002,
        39.987411
       ],
       [
        116.285691,
        39.987638
       ],
       [
        116.28862200000002,
        39.98469
       ]
      ]
     ],
     [
      [
       [
        116.293383,
        39.99099099999999
       ],
       [
        116.294301,
        39.98544299999999
       ],
       [
        116.28981700000001,
        39.984837999999996
       ],
       [
        116.286217,
        39.987775000000006
       ],
       [
        116.28555999999999,
        39.99037
       ],
       [
        116.293383,
        39.99099099999999
       ]
      ]
     ],
     [
      [
       [
        116.28577899999999,
        39.987756
       ],
       [
        116.28282299999998,
        39.987962999999986
       ],
       [
        116.28239800000001,
        39.99004199999999
       ],
       [
        116.285108,
        39.99046299999999
       ],
       [
        116.28577899999999,
        39.987756
       ]
      ]
     ],
     [
      [
       [
        116.30687,
        40.007659
       ],
       [
        116.30779383722752,
        40.00014625179338
       ],
       [
        116.308008,
        40.005444999999995
       ],
       [
        116.319564,
        40.00568200000001
       ],
       [
        116.32429983840174,
        40.0007892561632
       ],
       [
        116.32154279100261,
        40.00700626327323
       ],
       [
        116.31822300000002,
        40.008904
       ],
       [
        116.317898,
        40.011504
       ],
       [
        116.32149100000001,
        40.01422
       ],
       [
        116.32468,
        40.014649000000006
       ],
       [
        116.324911,
        40.007389
       ],
       [
        116.32250386494084,
        40.00711548254532
       ],
       [
        116.332279,
        40.007217000000004
       ],
       [
        116.32757399999998,
        39.997313
       ],
       [
        116.32574500000001,
        39.99753
       ],
       [
        116.32474082344548,
        39.99979474325958
       ],
       [
        116.32459800000001,
        39.994101
       ],
       [
        116.30754400000001,
        39.99396399999999
       ],
       [
        116.3077845836548,
        39.999917287505475
       ],
       [
        116.30748300000002,
        39.993748
       ],
       [
        116.30468300000001,
        39.993601
       ],
       [
        116.30459647279866,
        39.994973572937425
       ],
       [
        116.30185891709833,
        39.9933349234436
       ],
       [
        116.30404899999999,
        39.99246200000001
       ],
       [
        116.30461100000001,
        39.981348999999994
       ],
       [
        116.29538099999999,
        39.981079
       ],
       [
        116.294157,
        39.991191999999984
       ],
       [
        116.29621788632214,
        39.99185872261621
       ],
       [
        116.28547500000002,
        39.990759
       ],
       [
        116.27959200000001,
        39.996129999999994
       ],
       [
        116.278545,
        40.005694000000005
       ],
       [
        116.30505799999999,
        40.010206999999994
       ],
       [
        116.30687,
        40.007659
       ]
      ],
      [
       [
        116.30144649236135,
        39.993037330781966
       ],
       [
        116.30173320840343,
        39.993302030421695
       ],
       [
        116.30121258351507,
        39.99316580157865
       ],
       [
        116.30144649236135,
        39.993037330781966
       ]
      ]
     ],
     [
      [
       [
        116.288648,
        40.013437
       ],
       [
        116.283593,
        40.008173
       ],
       [
        116.27957300000001,
        40.00783799999999
       ],
       [
        116.273984,
        40.01319900000001
       ],
       [
        116.278547,
        40.015185
       ],
       [
        116.28824100000001,
        40.016329999999996
       ],
       [
        116.288648,
        40.013437
       ]
      ]
     ],
     [
      [
       [
        116.29228200000001,
        40.01071699999999
       ],
       [
        116.28934600000001,
        40.010566
       ],
       [
        116.288361,
        40.016143
       ],
       [
        116.29114499999999,
        40.016496999999994
       ],
       [
        116.29228200000001,
        40.01071699999999
       ]
      ]
     ],
     [
      [
       [
        116.295131,
        40.01144
       ],
       [
        116.29279800000002,
        40.011278000000004
       ],
       [
        116.29139499999998,
        40.016842000000004
       ],
       [
        116.294911,
        40.016974
       ],
       [
        116.295131,
        40.01144
       ]
      ]
     ],
     [
      [
       [
        116.283601,
        40.016011999999996
       ],
       [
        116.280659,
        40.01546900000001
       ],
       [
        116.28004200000001,
        40.01895799999999
       ],
       [
        116.282883,
        40.01919
       ],
       [
        116.283601,
        40.016011999999996
       ]
      ]
     ],
     [
      [
       [
        116.28703399999999,
        40.016467000000006
       ],
       [
        116.283937,
        40.015907
       ],
       [
        116.283096,
        40.01914099999999
       ],
       [
        116.28636,
        40.019650999999996
       ],
       [
        116.28703399999999,
        40.016467000000006
       ]
      ]
     ],
     [
      [
       [
        116.290833,
        40.016978
       ],
       [
        116.28725099999998,
        40.016417999999994
       ],
       [
        116.286651,
        40.019915
       ],
       [
        116.289768,
        40.020148
       ],
       [
        116.290833,
        40.016978
       ]
      ]
     ],
     [
      [
       [
        116.28262,
        40.019298
       ],
       [
        116.27965999999999,
        40.019064
       ],
       [
        116.278945,
        40.022313000000004
       ],
       [
        116.282635,
        40.02246799999999
       ],
       [
        116.28262,
        40.019298
       ]
      ]
     ],
     [
      [
       [
        116.28640700000001,
        40.02002699999999
       ],
       [
        116.28314500000002,
        40.019515999999996
       ],
       [
        116.282712,
        40.022313
       ],
       [
        116.28542,
        40.022734
       ],
       [
        116.28640700000001,
        40.02002699999999
       ]
      ]
     ],
     [
      [
       [
        116.28916000000001,
        40.02274899999999
       ],
       [
        116.28987799999999,
        40.02051999999999
       ],
       [
        116.286792,
        40.01993999999999
       ],
       [
        116.285903,
        40.022445
       ],
       [
        116.28916000000001,
        40.02274899999999
       ]
      ]
     ],
     [
      [
       [
        116.29620799999998,
        40.02610900000001
       ],
       [
        116.29785087070022,
        40.02381205209698
       ],
       [
        116.29658200000002,
        40.026249
       ],
       [
        116.299835,
        40.02678099999999
       ],
       [
        116.30059900000002,
        40.025665999999994
       ],
       [
        116.29753604815545,
        40.02469440810903
       ],
       [
        116.30084299999999,
        40.02507500000001
       ],
       [
        116.30174300000002,
        40.02094300000001
       ],
       [
        116.29849754708042,
        40.02290786455973
       ],
       [
        116.29851972891058,
        40.02173816554497
       ],
       [
        116.302393,
        40.02010800000001
       ],
       [
        116.30272800000002,
        40.018128
       ],
       [
        116.299513,
        40.01759500000001
       ],
       [
        116.29848173019687,
        40.021560246536936
       ],
       [
        116.29228500000002,
        40.02044600000001
       ],
       [
        116.28871200000002,
        40.024797
       ],
       [
        116.29620799999998,
        40.02610900000001
       ]
      ]
     ],
     [
      [
       [
        116.278884,
        40.02491799999999
       ],
       [
        116.284969,
        40.02491800000001
       ],
       [
        116.285445,
        40.022857
       ],
       [
        116.279196,
        40.02255499999999
       ],
       [
        116.278884,
        40.02491799999999
       ]
      ]
     ],
     [
      [
       [
        116.285229,
        40.024732
       ],
       [
        116.28842100000001,
        40.02491799999999
       ],
       [
        116.288823,
        40.022814999999994
       ],
       [
        116.28578800000001,
        40.022792
       ],
       [
        116.285229,
        40.024732
       ]
      ]
     ],
     [
      [
       [
        116.288355,
        40.025350999999986
       ],
       [
        116.283907,
        40.025164000000004
       ],
       [
        116.283496,
        40.02773899999999
       ],
       [
        116.28748,
        40.028003
       ],
       [
        116.288355,
        40.025350999999986
       ]
      ]
     ],
     [
      [
       [
        116.290672,
        40.027241
       ],
       [
        116.293936,
        40.02768699999999
       ],
       [
        116.294215,
        40.02592899999999
       ],
       [
        116.29065,
        40.025704
       ],
       [
        116.290672,
        40.027241
       ]
      ]
     ],
     [
      [
       [
        116.29002200000001,
        40.027602
       ],
       [
        116.290459,
        40.028943999999996
       ],
       [
        116.29281700000001,
        40.029427
       ],
       [
        116.293684,
        40.02855099999999
       ],
       [
        116.292864,
        40.027548
       ],
       [
        116.29002200000001,
        40.027602
       ]
      ]
     ],
     [
      [
       [
        116.29181400000002,
        40.03441399999999
       ],
       [
        116.294313,
        40.030919999999995
       ],
       [
        116.293469,
        40.029678000000004
       ],
       [
        116.290885,
        40.03197399999999
       ],
       [
        116.29057199999998,
        40.03400799999999
       ],
       [
        116.29181400000002,
        40.03441399999999
       ]
      ]
     ],
     [
      [
       [
        116.28147999999999,
        40.032188
       ],
       [
        116.28198100000002,
        40.033215000000006
       ],
       [
        116.28638600000001,
        40.033632999999995
       ],
       [
        116.286291,
        40.03253599999999
       ],
       [
        116.28147999999999,
        40.032188
       ]
      ]
     ],
     [
      [
       [
        116.28573700000001,
        40.033756999999994
       ],
       [
        116.28173799999999,
        40.033228999999984
       ],
       [
        116.281262,
        40.03460100000001
       ],
       [
        116.286159,
        40.03469499999999
       ],
       [
        116.28573700000001,
        40.033756999999994
       ]
      ]
     ],
     [
      [
       [
        116.29588800000002,
        40.033656
       ],
       [
        116.29332,
        40.03275800000001
       ],
       [
        116.292161,
        40.034307999999996
       ],
       [
        116.2947,
        40.035596
       ],
       [
        116.29588800000002,
        40.033656
       ]
      ]
     ],
     [
      [
       [
        116.2827308495363,
        40.041218050461644
       ],
       [
        116.28549,
        40.041767
       ],
       [
        116.28595337866429,
        40.040574644590556
       ],
       [
        116.285852,
        40.041555
       ],
       [
        116.288047,
        40.042007
       ],
       [
        116.28978438969243,
        40.03841159720576
       ],
       [
        116.292533,
        40.039387000000005
       ],
       [
        116.293683,
        40.03742999999999
       ],
       [
        116.29035741307287,
        40.037225676130234
       ],
       [
        116.29149800000002,
        40.034865
       ],
       [
        116.28676199999998,
        40.032754
       ],
       [
        116.2863871464877,
        40.0363796653181
       ],
       [
        116.285976,
        40.035383
       ],
       [
        116.28139500000002,
        40.034656
       ],
       [
        116.28103310389083,
        40.03556170495989
       ],
       [
        116.27769000000002,
        40.034177
       ],
       [
        116.27584199999998,
        40.041168
       ],
       [
        116.28317299999999,
        40.042691
       ],
       [
        116.2827308495363,
        40.041218050461644
       ]
      ],
      [
       [
        116.28171610560102,
        40.03659115312312
       ],
       [
        116.28139456863364,
        40.03676606869648
       ],
       [
        116.28126304242465,
        40.03632784168885
       ],
       [
        116.28171610560102,
        40.03659115312312
       ]
      ],
      [
       [
        116.28620860036449,
        40.03810645657734
       ],
       [
        116.28619021690089,
        40.038284245088136
       ],
       [
        116.2858616241525,
        40.03812332149438
       ],
       [
        116.28620860036449,
        40.03810645657734
       ]
      ]
     ],
     [
      [
       [
        116.29307500000002,
        40.039443
       ],
       [
        116.295641,
        40.040104000000014
       ],
       [
        116.296803,
        40.038790999999996
       ],
       [
        116.294262,
        40.037504000000006
       ],
       [
        116.29307500000002,
        40.039443
       ]
      ]
     ],
     [
      [
       [
        116.283346,
        40.04243100000001
       ],
       [
        116.287067,
        40.04366599999999
       ],
       [
        116.28791700000001,
        40.042052000000005
       ],
       [
        116.28377099999999,
        40.041584
       ],
       [
        116.283346,
        40.04243100000001
       ]
      ]
     ],
     [
      [
       [
        116.288504,
        40.041807999999996
       ],
       [
        116.288071,
        40.04375899999999
       ],
       [
        116.29293400000002,
        40.04552499999999
       ],
       [
        116.29427200000002,
        40.043062
       ],
       [
        116.288504,
        40.041807999999996
       ]
      ]
     ],
     [
      [
       [
        116.30065400000001,
        39.898557
       ],
       [
        116.30042800000001,
        39.90125799999999
       ],
       [
        116.30553200000001,
        39.900991000000005
       ],
       [
        116.305479,
        39.898725
       ],
       [
        116.30065400000001,
        39.898557
       ]
      ]
     ],
     [
      [
       [
        116.30608,
        39.901259
       ],
       [
        116.30965199999999,
        39.900955
       ],
       [
        116.30957,
        39.899205
       ],
       [
        116.305716,
        39.898995
       ],
       [
        116.30608,
        39.901259
       ]
      ]
     ],
     [
      [
       [
        116.31200800000002,
        39.89874700000001
       ],
       [
        116.31011,
        39.902889
       ],
       [
        116.31706400000002,
        39.902933999999995
       ],
       [
        116.317165,
        39.899010999999994
       ],
       [
        116.31200800000002,
        39.89874700000001
       ]
      ]
     ],
     [
      [
       [
        116.305618,
        39.901488999999984
       ],
       [
        116.30022699999999,
        39.90130299999999
       ],
       [
        116.29997400000002,
        39.902246999999996
       ],
       [
        116.30537100000001,
        39.90247999999999
       ],
       [
        116.305618,
        39.901488999999984
       ]
      ]
     ],
     [
      [
       [
        116.30555300000002,
        39.902570999999995
       ],
       [
        116.302286,
        39.90253799999999
       ],
       [
        116.302172,
        39.904857
       ],
       [
        116.305509,
        39.90504099999999
       ],
       [
        116.30555300000002,
        39.902570999999995
       ]
      ]
     ],
     [
      [
       [
        116.316875,
        39.90330699999999
       ],
       [
        116.31361,
        39.90323599999999
       ],
       [
        116.313157,
        39.905094999999996
       ],
       [
        116.31709799999999,
        39.905291999999996
       ],
       [
        116.316875,
        39.90330699999999
       ]
      ]
     ],
     [
      [
       [
        116.31308600000001,
        39.903283
       ],
       [
        116.310447,
        39.90325
       ],
       [
        116.31001800000001,
        39.90509500000001
       ],
       [
        116.31304200000001,
        39.905278
       ],
       [
        116.31308600000001,
        39.903283
       ]
      ]
     ],
     [
      [
       [
        116.30951099999999,
        39.90744899999999
       ],
       [
        116.309681,
        39.90144399999999
       ],
       [
        116.306252,
        39.901298
       ],
       [
        116.30596499999999,
        39.907326
       ],
       [
        116.30951099999999,
        39.90744899999999
       ]
      ]
     ],
     [
      [
       [
        116.29931,
        39.905918
       ],
       [
        116.299181,
        39.904411
       ],
       [
        116.29558,
        39.904382999999996
       ],
       [
        116.29543199999999,
        39.90743899999999
       ],
       [
        116.29931,
        39.905918
       ]
      ]
     ],
     [
      [
       [
        116.30028799999998,
        39.905095
       ],
       [
        116.30003100000002,
        39.906179
       ],
       [
        116.302658,
        39.907442
       ],
       [
        116.305587,
        39.90734200000001
       ],
       [
        116.305458,
        39.905122999999996
       ],
       [
        116.30028799999998,
        39.905095
       ]
      ]
     ],
     [
      [
       [
        116.31722499999998,
        39.906821
       ],
       [
        116.316701,
        39.90534199999998
       ],
       [
        116.310332,
        39.905331999999994
       ],
       [
        116.310555,
        39.907457
       ],
       [
        116.31722499999998,
        39.906821
       ]
      ]
     ],
     [
      [
       [
        116.310371,
        39.910667
       ],
       [
        116.316754,
        39.91076300000001
       ],
       [
        116.31689000000001,
        39.908073
       ],
       [
        116.310812,
        39.90797
       ],
       [
        116.310371,
        39.910667
       ]
      ]
     ],
     [
      [
       [
        116.30603400000001,
        39.90800900000001
       ],
       [
        116.305716,
        39.91071999999999
       ],
       [
        116.30961300000001,
        39.910720000000005
       ],
       [
        116.30961300000001,
        39.908249
       ],
       [
        116.30603400000001,
        39.90800900000001
       ]
      ]
     ],
     [
      [
       [
        116.300499,
        39.914124999999984
       ],
       [
        116.29997400000002,
        39.915535000000006
       ],
       [
        116.31633800000002,
        39.91529599999999
       ],
       [
        116.31660800000002,
        39.914325
       ],
       [
        116.31505015752708,
        39.91385151203117
       ],
       [
        116.31635600000001,
        39.91387
       ],
       [
        116.31691700000002,
        39.911218
       ],
       [
        116.30337419601771,
        39.911265698895576
       ],
       [
        116.305517,
        39.910968
       ],
       [
        116.30555300000002,
        39.908266
       ],
       [
        116.30305500000001,
        39.907946
       ],
       [
        116.300084,
        39.90918599999999
       ],
       [
        116.29997400000002,
        39.911738
       ],
       [
        116.30175476753014,
        39.91149065739727
       ],
       [
        116.300049,
        39.912058999999985
       ],
       [
        116.29997400000002,
        39.913636999999994
       ],
       [
        116.30374608521564,
        39.91369085530342
       ],
       [
        116.300499,
        39.914124999999984
       ]
      ]
     ],
     [
      [
       [
        116.31038972914494,
        39.919822824398956
       ],
       [
        116.31013299999998,
        39.922362
       ],
       [
        116.314007,
        39.922109
       ],
       [
        116.31398799999998,
        39.919863
       ],
       [
        116.31173754010865,
        39.919730411256005
       ],
       [
        116.31445618263893,
        39.91926569867559
       ],
       [
        116.314578,
        39.922150999999985
       ],
       [
        116.321279,
        39.921819
       ],
       [
        116.321631,
        39.912694
       ],
       [
        116.318252,
        39.914196
       ],
       [
        116.31578344646861,
        39.91745760550564
       ],
       [
        116.30028799999998,
        39.91601
       ],
       [
        116.300258,
        39.920517
       ],
       [
        116.3057970705666,
        39.92013760204081
       ],
       [
        116.30576400000001,
        39.922614
       ],
       [
        116.30995200000001,
        39.922324999999994
       ],
       [
        116.31038972914494,
        39.919822824398956
       ]
      ]
     ],
     [
      [
       [
        116.30561099999998,
        39.92044900000001
       ],
       [
        116.30019700000001,
        39.92076599999999
       ],
       [
        116.30116900000002,
        39.92288599999999
       ],
       [
        116.30508800000001,
        39.922642999999994
       ],
       [
        116.30561099999998,
        39.92044900000001
       ]
      ]
     ],
     [
      [
       [
        116.31364500000001,
        39.922693
       ],
       [
        116.310071,
        39.922996
       ],
       [
        116.31001800000001,
        39.92645000000001
       ],
       [
        116.314046,
        39.92658200000001
       ],
       [
        116.31364500000001,
        39.922693
       ]
      ]
     ],
     [
      [
       [
        116.30959,
        39.922945
       ],
       [
        116.305698,
        39.92321199999999
       ],
       [
        116.305624,
        39.92645
       ],
       [
        116.30994699999998,
        39.92660099999999
       ],
       [
        116.30959,
        39.922945
       ]
      ]
     ],
     [
      [
       [
        116.29969800000002,
        39.924203000000006
       ],
       [
        116.30014000000001,
        39.926659
       ],
       [
        116.30553200000001,
        39.926381
       ],
       [
        116.305144,
        39.923156000000006
       ],
       [
        116.29969800000002,
        39.924203000000006
       ]
      ]
     ],
     [
      [
       [
        116.313785,
        39.930484
       ],
       [
        116.313876,
        39.92693499999999
       ],
       [
        116.30904700000002,
        39.926926
       ],
       [
        116.30898299999998,
        39.930473
       ],
       [
        116.313785,
        39.930484
       ]
      ]
     ],
     [
      [
       [
        116.30839600000002,
        39.927029999999995
       ],
       [
        116.30262500000002,
        39.92696500000001
       ],
       [
        116.30248499999999,
        39.93024700000001
       ],
       [
        116.308309,
        39.930444
       ],
       [
        116.30839600000002,
        39.927029999999995
       ]
      ]
     ],
     [
      [
       [
        116.300168,
        39.926942999999994
       ],
       [
        116.300001,
        39.930343
       ],
       [
        116.302172,
        39.930484
       ],
       [
        116.302462,
        39.927071000000005
       ],
       [
        116.300168,
        39.926942999999994
       ]
      ]
     ],
     [
      [
       [
        116.31367,
        39.931012
       ],
       [
        116.311031,
        39.93128299999999
       ],
       [
        116.31096,
        39.933569
       ],
       [
        116.31371399999999,
        39.93371900000001
       ],
       [
        116.31367,
        39.931012
       ]
      ]
     ],
     [
      [
       [
        116.31082,
        39.930997999999995
       ],
       [
        116.308819,
        39.931059999999995
       ],
       [
        116.308449,
        39.933569
       ],
       [
        116.31090699999999,
        39.9337
       ],
       [
        116.31082,
        39.930997999999995
       ]
      ]
     ],
     [
      [
       [
        116.30825500000002,
        39.930977
       ],
       [
        116.300066,
        39.93102799999999
       ],
       [
        116.300174,
        39.93734899999999
       ],
       [
        116.30438200000002,
        39.93783899999999
       ],
       [
        116.30823400000001,
        39.936878
       ],
       [
        116.30825500000002,
        39.930977
       ]
      ]
     ],
     [
      [
       [
        116.31365100000001,
        39.936372999999996
       ],
       [
        116.31373200000002,
        39.93391099999999
       ],
       [
        116.311274,
        39.93380599999998
       ],
       [
        116.311013,
        39.936547999999995
       ],
       [
        116.31365100000001,
        39.936372999999996
       ]
      ]
     ],
     [
      [
       [
        116.308929,
        39.93383399999999
       ],
       [
        116.30879000000002,
        39.936749999999996
       ],
       [
        116.310786,
        39.936628
       ],
       [
        116.310923,
        39.933930999999994
       ],
       [
        116.308929,
        39.93383399999999
       ]
      ]
     ],
     [
      [
       [
        116.29892,
        39.93789499999999
       ],
       [
        116.295338,
        39.93816400000001
       ],
       [
        116.296675,
        39.94089400000001
       ],
       [
        116.299275,
        39.939177
       ],
       [
        116.29892,
        39.93789499999999
       ]
      ]
     ],
     [
      [
       [
        116.313104,
        39.943192
       ],
       [
        116.313379,
        39.937197
       ],
       [
        116.30233,
        39.939057000000005
       ],
       [
        116.30158399999999,
        39.94199
       ],
       [
        116.30367100000001,
        39.943054
       ],
       [
        116.313104,
        39.943192
       ]
      ]
     ],
     [
      [
       [
        116.30593800000001,
        39.951128000000004
       ],
       [
        116.30616300000001,
        39.94336899999999
       ],
       [
        116.300148,
        39.94332200000001
       ],
       [
        116.29907700000001,
        39.95053699999999
       ],
       [
        116.30593800000001,
        39.951128000000004
       ]
      ]
     ],
     [
      [
       [
        116.30627300000002,
        39.94416
       ],
       [
        116.306463,
        39.94541999999999
       ],
       [
        116.312215,
        39.945907
       ],
       [
        116.312011,
        39.94378699999999
       ],
       [
        116.30627300000002,
        39.94416
       ]
      ]
     ],
     [
      [
       [
        116.312415,
        39.945961
       ],
       [
        116.30653599999998,
        39.945434
       ],
       [
        116.30605800000001,
        39.94989100000001
       ],
       [
        116.31214399999999,
        39.95009199999999
       ],
       [
        116.312415,
        39.945961
       ]
      ]
     ],
     [
      [
       [
        116.31151600000001,
        39.953176000000006
       ],
       [
        116.31147400000002,
        39.950469999999996
       ],
       [
        116.306566,
        39.950178
       ],
       [
        116.30636700000001,
        39.953447
       ],
       [
        116.31151600000001,
        39.953176000000006
       ]
      ]
     ],
     [
      [
       [
        116.29835000000001,
        39.950756
       ],
       [
        116.293837,
        39.95045600000001
       ],
       [
        116.29369700000001,
        39.953263
       ],
       [
        116.29826600000001,
        39.953459999999986
       ],
       [
        116.29835000000001,
        39.950756
       ]
      ]
     ],
     [
      [
       [
        116.30622800000002,
        39.953117
       ],
       [
        116.305744,
        39.951146
       ],
       [
        116.29934700000001,
        39.95089
       ],
       [
        116.29922700000002,
        39.953481999999994
       ],
       [
        116.30622800000002,
        39.953117
       ]
      ]
     ],
     [
      [
       [
        116.298991,
        39.95374000000001
       ],
       [
        116.298105,
        39.958315
       ],
       [
        116.30028799999998,
        39.958957999999996
       ],
       [
        116.30035666988634,
        39.958184412287295
       ],
       [
        116.30072500000001,
        39.959383
       ],
       [
        116.30994899999999,
        39.962192
       ],
       [
        116.31115899999999,
        39.95355399999999
       ],
       [
        116.298991,
        39.95374000000001
       ]
      ]
     ],
     [
      [
       [
        116.29715,
        39.962754000000004
       ],
       [
        116.309389,
        39.963964000000004
       ],
       [
        116.308932,
        39.96279199999999
       ],
       [
        116.29938000000001,
        39.959434
       ],
       [
        116.297491,
        39.96004699999999
       ],
       [
        116.29715,
        39.962754000000004
       ]
      ]
     ],
     [
      [
       [
        116.314085,
        39.963635
       ],
       [
        116.31118300000001,
        39.963238999999994
       ],
       [
        116.30846299999999,
        39.967808
       ],
       [
        116.313471,
        39.96821200000001
       ],
       [
        116.314085,
        39.963635
       ]
      ]
     ],
     [
      [
       [
        116.306455,
        39.97100300000001
       ],
       [
        116.308999,
        39.964496
       ],
       [
        116.29746299999998,
        39.96299200000001
       ],
       [
        116.29596300000001,
        39.97073300000001
       ],
       [
        116.306455,
        39.97100300000001
       ]
      ]
     ],
     [
      [
       [
        116.307229,
        39.97093199999998
       ],
       [
        116.31330800000002,
        39.97126699999999
       ],
       [
        116.313379,
        39.968281999999995
       ],
       [
        116.30829800000001,
        39.968241
       ],
       [
        116.307229,
        39.97093199999998
       ]
      ]
     ],
     [
      [
       [
        116.305195,
        39.97385299999999
       ],
       [
        116.30618100000001,
        39.971621
       ],
       [
        116.30248499999999,
        39.97129700000001
       ],
       [
        116.30223800000002,
        39.97357799999999
       ],
       [
        116.305195,
        39.97385299999999
       ]
      ]
     ],
     [
      [
       [
        116.295947,
        39.97403899999999
       ],
       [
        116.297584,
        39.974125999999984
       ],
       [
        116.298352,
        39.97140199999999
       ],
       [
        116.296347,
        39.97109900000001
       ],
       [
        116.295947,
        39.97403899999999
       ]
      ]
     ],
     [
      [
       [
        116.313305,
        39.971562
       ],
       [
        116.310995,
        39.97166200000001
       ],
       [
        116.310646,
        39.975568
       ],
       [
        116.313434,
        39.97567999999999
       ],
       [
        116.313305,
        39.971562
       ]
      ]
     ],
     [
      [
       [
        116.30702700000002,
        39.971569999999986
       ],
       [
        116.30597700000001,
        39.975445
       ],
       [
        116.310332,
        39.97580499999999
       ],
       [
        116.31091,
        39.97164299999999
       ],
       [
        116.30702700000002,
        39.971569999999986
       ]
      ]
     ],
     [
      [
       [
        116.315529,
        39.97584499999999
       ],
       [
        116.313526,
        39.976145
       ],
       [
        116.313471,
        39.978178
       ],
       [
        116.31561500000001,
        39.97831
       ],
       [
        116.315529,
        39.97584499999999
       ]
      ]
     ],
     [
      [
       [
        116.309391,
        39.97580499999999
       ],
       [
        116.30916800000001,
        39.97976899999999
       ],
       [
        116.313065,
        39.98000699999999
       ],
       [
        116.31212559358788,
        39.978671068211966
       ],
       [
        116.313046,
        39.97907099999999
       ],
       [
        116.31340400000002,
        39.976133
       ],
       [
        116.309391,
        39.97580499999999
       ]
      ]
     ],
     [
      [
       [
        116.308675,
        39.980622999999994
       ],
       [
        116.30636700000001,
        39.98036700000001
       ],
       [
        116.30530999999999,
        39.98292399999999
       ],
       [
        116.30864800000002,
        39.983107
       ],
       [
        116.308675,
        39.980622999999994
       ]
      ]
     ],
     [
      [
       [
        116.310869,
        39.980561
       ],
       [
        116.30877599999998,
        39.98322899999999
       ],
       [
        116.31212299999999,
        39.983329000000005
       ],
       [
        116.312202,
        39.980719
       ],
       [
        116.310869,
        39.980561
       ]
      ]
     ],
     [
      [
       [
        116.31029499999998,
        39.983761
       ],
       [
        116.30547599999998,
        39.983188999999996
       ],
       [
        116.304996,
        39.98577099999999
       ],
       [
        116.30985200000002,
        39.98621800000001
       ],
       [
        116.31029499999998,
        39.983761
       ]
      ]
     ],
     [
      [
       [
        116.31561500000001,
        39.986377
       ],
       [
        116.315232,
        39.98392199999999
       ],
       [
        116.310646,
        39.98363500000001
       ],
       [
        116.310452,
        39.986195
       ],
       [
        116.31561500000001,
        39.986377
       ]
      ]
     ],
     [
      [
       [
        116.30865200000001,
        39.99093499999999
       ],
       [
        116.30994699999998,
        39.98657
       ],
       [
        116.305222,
        39.98649199999999
       ],
       [
        116.30475400000002,
        39.990667
       ],
       [
        116.30865200000001,
        39.99093499999999
       ]
      ]
     ],
     [
      [
       [
        116.317184,
        39.987063
       ],
       [
        116.310786,
        39.986523
       ],
       [
        116.30801500000001,
        39.993345999999995
       ],
       [
        116.31615100000002,
        39.99380099999999
       ],
       [
        116.317184,
        39.987063
       ]
      ]
     ],
     [
      [
       [
        116.30777200000001,
        39.99133799999999
       ],
       [
        116.304822,
        39.99103099999999
       ],
       [
        116.304369,
        39.993126999999994
       ],
       [
        116.30768200000001,
        39.993323999999994
       ],
       [
        116.30777200000001,
        39.99133799999999
       ]
      ]
     ],
     [
      [
       [
        116.307647,
        40.00598000000001
       ],
       [
        116.30661599999999,
        40.010341
       ],
       [
        116.312215,
        40.01139799999999
       ],
       [
        116.31279,
        40.007469
       ],
       [
        116.307647,
        40.00598000000001
       ]
      ]
     ],
     [
      [
       [
        116.29931700000002,
        40.01187300000001
       ],
       [
        116.29871999999999,
        40.016639999999995
       ],
       [
        116.30028799999998,
        40.01756700000001
       ],
       [
        116.300915,
        40.012086
       ],
       [
        116.29931700000002,
        40.01187300000001
       ]
      ]
     ],
     [
      [
       [
        116.30688000000002,
        40.01163499999999
       ],
       [
        116.303444,
        40.012980999999996
       ],
       [
        116.30280500000002,
        40.02022300000001
       ],
       [
        116.309452,
        40.021359
       ],
       [
        116.311895,
        40.012774
       ],
       [
        116.30688000000002,
        40.01163499999999
       ]
      ]
     ],
     [
      [
       [
        116.30626700000002,
        40.021527
       ],
       [
        116.30586203727752,
        40.02342180585578
       ],
       [
        116.30614200000001,
        40.02118300000001
       ],
       [
        116.30337099999998,
        40.02065600000001
       ],
       [
        116.30186400000001,
        40.023072
       ],
       [
        116.30452154320322,
        40.02320238075068
       ],
       [
        116.302172,
        40.02729800000001
       ],
       [
        116.303741,
        40.02800799999999
       ],
       [
        116.30579996327187,
        40.02371223810422
       ],
       [
        116.30519000000001,
        40.026566
       ],
       [
        116.309061,
        40.023337000000005
       ],
       [
        116.30769600000002,
        40.02141099999999
       ],
       [
        116.30626700000002,
        40.021527
       ]
      ]
     ],
     [
      [
       [
        116.31858400000002,
        40.026811
       ],
       [
        116.31847763939884,
        40.02333176864746
       ],
       [
        116.318823,
        40.02452300000001
       ],
       [
        116.32185300000002,
        40.024615999999995
       ],
       [
        116.321539,
        40.022382
       ],
       [
        116.31842750117207,
        40.02315882644388
       ],
       [
        116.31661,
        40.022313
       ],
       [
        116.31526193039039,
        40.0239798239379
       ],
       [
        116.31557600000001,
        40.02262
       ],
       [
        116.31311286043722,
        40.02299158825744
       ],
       [
        116.311902,
        40.022075
       ],
       [
        116.307988,
        40.02798
       ],
       [
        116.311868,
        40.02692699999999
       ],
       [
        116.31298856691491,
        40.023534899489164
       ],
       [
        116.312307,
        40.02651399999999
       ],
       [
        116.31858400000002,
        40.026811
       ]
      ]
     ],
     [
      [
       [
        116.30306199999998,
        40.024556
       ],
       [
        116.301366,
        40.024252999999995
       ],
       [
        116.300658,
        40.02719299999998
       ],
       [
        116.30203200000001,
        40.02749300000001
       ],
       [
        116.30306199999998,
        40.024556
       ]
      ]
     ],
     [
      [
       [
        116.296326,
        40.026635
       ],
       [
        116.295967,
        40.02839699999999
       ],
       [
        116.29871900000002,
        40.028957
       ],
       [
        116.299589,
        40.027382
       ],
       [
        116.296326,
        40.026635
       ]
      ]
     ],
     [
      [
       [
        116.31154900000001,
        40.033816
       ],
       [
        116.31165400000002,
        40.02706400000001
       ],
       [
        116.307513,
        40.02891
       ],
       [
        116.30593800000001,
        40.031329
       ],
       [
        116.31154900000001,
        40.033816
       ]
      ]
     ],
     [
      [
       [
        116.29339699999998,
        40.03258599999999
       ],
       [
        116.29598499999999,
        40.03345499999999
       ],
       [
        116.29743,
        40.031673000000005
       ],
       [
        116.29485800000002,
        40.03039100000001
       ],
       [
        116.29339699999998,
        40.03258599999999
       ]
      ]
     ],
     [
      [
       [
        116.31564400000002,
        40.03147599999999
       ],
       [
        116.312095,
        40.03111
       ],
       [
        116.311902,
        40.032753
       ],
       [
        116.31547400000001,
        40.032971999999994
       ],
       [
        116.31564400000002,
        40.03147599999999
       ]
      ]
     ],
     [
      [
       [
        116.300601,
        40.03249199999998
       ],
       [
        116.29774600000002,
        40.03156800000001
       ],
       [
        116.296593,
        40.03361499999998
       ],
       [
        116.29903800000001,
        40.034651
       ],
       [
        116.300601,
        40.03249199999998
       ]
      ]
     ],
     [
      [
       [
        116.306335,
        40.031575000000004
       ],
       [
        116.303427,
        40.034414
       ],
       [
        116.30902700000001,
        40.037152999999996
       ],
       [
        116.30864946974286,
        40.035769637000826
       ],
       [
        116.31094599999999,
        40.03410800000001
       ],
       [
        116.306335,
        40.031575000000004
       ]
      ]
     ],
     [
      [
       [
        116.30122999999999,
        40.03702400000001
       ],
       [
        116.304369,
        40.037973
       ],
       [
        116.30555300000002,
        40.035925
       ],
       [
        116.30311299999998,
        40.034651
       ],
       [
        116.30122999999999,
        40.03702400000001
       ]
      ]
     ],
     [
      [
       [
        116.316922,
        40.036573000000004
       ],
       [
        116.311625,
        40.03417900000001
       ],
       [
        116.31001800000001,
        40.036075
       ],
       [
        116.31438000000001,
        40.038683999999996
       ],
       [
        116.316922,
        40.036573000000004
       ]
      ]
     ],
     [
      [
       [
        116.306372,
        40.041276999999994
       ],
       [
        116.30748300000002,
        40.03954399999999
       ],
       [
        116.30468300000001,
        40.038447999999995
       ],
       [
        116.303451,
        40.0402
       ],
       [
        116.306372,
        40.041276999999994
       ]
      ]
     ],
     [
      [
       [
        116.30433100000002,
        40.038335
       ],
       [
        116.300454,
        40.037527
       ],
       [
        116.29777700000001,
        40.040820999999994
       ],
       [
        116.301378,
        40.042215999999996
       ],
       [
        116.30433100000002,
        40.038335
       ]
      ]
     ],
     [
      [
       [
        116.29463999999999,
        40.045778
       ],
       [
        116.301805,
        40.04688500000001
       ],
       [
        116.304043,
        40.044208
       ],
       [
        116.30331477133736,
        40.043271843545014
       ],
       [
        116.304399,
        40.04366699999999
       ],
       [
        116.30624999999999,
        40.041504
       ],
       [
        116.303081,
        40.04011
       ],
       [
        116.301669,
        40.042672
       ],
       [
        116.30309500562565,
        40.043191746254315
       ],
       [
        116.30054913086224,
        40.042946534326674
       ],
       [
        116.29811999999998,
        40.041296
       ],
       [
        116.29463999999999,
        40.045778
       ]
      ]
     ],
     [
      [
       [
        116.309299,
        40.04526
       ],
       [
        116.311809,
        40.04136499999999
       ],
       [
        116.30848099999999,
        40.03987299999999
       ],
       [
        116.30469700000002,
        40.04374
       ],
       [
        116.309299,
        40.04526
       ]
      ]
     ],
     [
      [
       [
        116.30665899999998,
        40.04816599999999
       ],
       [
        116.308122,
        40.045497999999995
       ],
       [
        116.304823,
        40.04393099999999
       ],
       [
        116.30156000000001,
        40.04730299999999
       ],
       [
        116.30665899999998,
        40.04816599999999
       ]
      ]
     ],
     [
      [
       [
        116.29743800000001,
        40.04713499999999
       ],
       [
        116.295463,
        40.04653299999999
       ],
       [
        116.29373000000001,
        40.04830799999999
       ],
       [
        116.29601400000001,
        40.04982
       ],
       [
        116.29743800000001,
        40.04713499999999
       ]
      ]
     ],
     [
      [
       [
        116.324756,
        39.902318
       ],
       [
        116.32476899999999,
        39.899376
       ],
       [
        116.32288700000001,
        39.899162
       ],
       [
        116.32323,
        39.90295799999999
       ],
       [
        116.324756,
        39.902318
       ]
      ]
     ],
     [
      [
       [
        116.317334,
        39.902893
       ],
       [
        116.32197600000002,
        39.903195
       ],
       [
        116.322479,
        39.89946799999999
       ],
       [
        116.31762300000001,
        39.899012
       ],
       [
        116.317334,
        39.902893
       ]
      ]
     ],
     [
      [
       [
        116.317691,
        39.90323599999999
       ],
       [
        116.31729000000001,
        39.907125
       ],
       [
        116.32136200000001,
        39.907227999999996
       ],
       [
        116.32220599999998,
        39.90330199999999
       ],
       [
        116.317691,
        39.90323599999999
       ]
      ]
     ],
     [
      [
       [
        116.32156,
        39.910465
       ],
       [
        116.32151700000001,
        39.907996
       ],
       [
        116.31755100000001,
        39.907942
       ],
       [
        116.317352,
        39.910735
       ],
       [
        116.32156,
        39.910465
       ]
      ]
     ],
     [
      [
       [
        116.32163200000001,
        39.911505
       ],
       [
        116.317015,
        39.911333000000006
       ],
       [
        116.317207,
        39.913872999999995
       ],
       [
        116.32163200000001,
        39.911505
       ]
      ]
     ],
     [
      [
       [
        116.31450399999999,
        39.922959999999996
       ],
       [
        116.314578,
        39.926658999999994
       ],
       [
        116.31767100000002,
        39.926669
       ],
       [
        116.319711,
        39.925138
       ],
       [
        116.319582,
        39.922444
       ],
       [
        116.31450399999999,
        39.922959999999996
       ]
      ]
     ],
     [
      [
       [
        116.319991,
        39.93039699999999
       ],
       [
        116.31994700000001,
        39.926978999999996
       ],
       [
        116.31472600000001,
        39.926925000000004
       ],
       [
        116.314523,
        39.930426999999995
       ],
       [
        116.319991,
        39.93039699999999
       ]
      ]
     ],
     [
      [
       [
        116.320323,
        39.933699999999995
       ],
       [
        116.320237,
        39.930998
       ],
       [
        116.31504,
        39.930958
       ],
       [
        116.314863,
        39.93305300000001
       ],
       [
        116.320323,
        39.933699999999995
       ]
      ]
     ],
     [
      [
       [
        116.316043,
        39.93641100000001
       ],
       [
        116.317231,
        39.93375799999999
       ],
       [
        116.31504,
        39.933094000000004
       ],
       [
        116.314732,
        39.93622499999999
       ],
       [
        116.316043,
        39.93641100000001
       ]
      ]
     ],
     [
      [
       [
        116.31732300000002,
        39.943935
       ],
       [
        116.320889,
        39.944193000000006
       ],
       [
        116.320934,
        39.942436
       ],
       [
        116.31765000000001,
        39.941411
       ],
       [
        116.31732300000002,
        39.943935
       ]
      ]
     ],
     [
      [
       [
        116.31387999999998,
        39.941703
       ],
       [
        116.313567,
        39.943704999999994
       ],
       [
        116.31692300000002,
        39.944008999999994
       ],
       [
        116.317145,
        39.941706
       ],
       [
        116.31387999999998,
        39.941703
       ]
      ]
     ],
     [
      [
       [
        116.32101000000002,
        39.94253799999999
       ],
       [
        116.321883,
        39.944478999999994
       ],
       [
        116.33001400000002,
        39.944176999999996
       ],
       [
        116.329857,
        39.941641
       ],
       [
        116.32101000000002,
        39.94253799999999
       ]
      ]
     ],
     [
      [
       [
        116.33698699999998,
        39.942257
       ],
       [
        116.332493,
        39.943316
       ],
       [
        116.329256,
        39.94479
       ],
       [
        116.33556500000002,
        39.947075
       ],
       [
        116.33698699999998,
        39.942257
       ]
      ]
     ],
     [
      [
       [
        116.31300300000001,
        39.94848699999999
       ],
       [
        116.31981,
        39.948987
       ],
       [
        116.320524,
        39.94451200000001
       ],
       [
        116.313511,
        39.94413000000001
       ],
       [
        116.31300300000001,
        39.94848699999999
       ]
      ]
     ],
     [
      [
       [
        116.33386000000002,
        39.95380299999999
       ],
       [
        116.333414,
        39.95258900000001
       ],
       [
        116.32834867680835,
        39.9509935145525
       ],
       [
        116.333903,
        39.95255
       ],
       [
        116.33529599999999,
        39.94713099999999
       ],
       [
        116.328508,
        39.94519699999999
       ],
       [
        116.32568197086029,
        39.9469089743237
       ],
       [
        116.32746299999998,
        39.945002
       ],
       [
        116.320742,
        39.944827999999994
       ],
       [
        116.320411,
        39.948864
       ],
       [
        116.323515,
        39.949229
       ],
       [
        116.3245177149771,
        39.948155487352416
       ],
       [
        116.32383,
        39.949727
       ],
       [
        116.32549664946038,
        39.950194161700125
       ],
       [
        116.32391700000001,
        39.95025100000001
       ],
       [
        116.32352900000001,
        39.953808
       ],
       [
        116.33386000000002,
        39.95380299999999
       ]
      ]
     ],
     [
      [
       [
        116.313272,
        39.948570999999994
       ],
       [
        116.312287,
        39.953176
       ],
       [
        116.31943399999999,
        39.953737999999994
       ],
       [
        116.319991,
        39.94931600000001
       ],
       [
        116.313272,
        39.948570999999994
       ]
      ]
     ],
     [
      [
       [
        116.32377599999998,
        39.94957199999999
       ],
       [
        116.320285,
        39.949002
       ],
       [
        116.319801,
        39.953632000000006
       ],
       [
        116.322751,
        39.953933
       ],
       [
        116.32377599999998,
        39.94957199999999
       ]
      ]
     ],
     [
      [
       [
        116.32636999999998,
        39.96322800000001
       ],
       [
        116.32808711793757,
        39.961145021913254
       ],
       [
        116.329361,
        39.96321199999999
       ],
       [
        116.334094,
        39.96292199999999
       ],
       [
        116.335033,
        39.954990999999985
       ],
       [
        116.32382900000002,
        39.954212
       ],
       [
        116.323458,
        39.958242
       ],
       [
        116.3301414842906,
        39.95844353722517
       ],
       [
        116.32317100000002,
        39.95824700000001
       ],
       [
        116.32264399999998,
        39.96290499999999
       ],
       [
        116.32636999999998,
        39.96322800000001
       ]
      ]
     ],
     [
      [
       [
        116.32163200000001,
        39.96299199999999
       ],
       [
        116.322873,
        39.954379
       ],
       [
        116.320285,
        39.95398500000001
       ],
       [
        116.32011764057948,
        39.95504227592163
       ],
       [
        116.319688,
        39.954073
       ],
       [
        116.312334,
        39.953789
       ],
       [
        116.311031,
        39.96243
       ],
       [
        116.32163200000001,
        39.96299199999999
       ]
      ]
     ],
     [
      [
       [
        116.318553,
        39.966927999999996
       ],
       [
        116.32149100000001,
        39.967224
       ],
       [
        116.32189299999999,
        39.964045999999996
       ],
       [
        116.317865,
        39.963466
       ],
       [
        116.318553,
        39.966927999999996
       ]
      ]
     ],
     [
      [
       [
        116.31421300000001,
        39.96815800000001
       ],
       [
        116.31591,
        39.968126
       ],
       [
        116.31741200000002,
        39.963506
       ],
       [
        116.314169,
        39.963553999999995
       ],
       [
        116.31421300000001,
        39.96815800000001
       ]
      ]
     ],
     [
      [
       [
        116.325828,
        39.96866999999999
       ],
       [
        116.32663,
        39.96385
       ],
       [
        116.32288700000001,
        39.96370399999999
       ],
       [
        116.321969,
        39.968303
       ],
       [
        116.325828,
        39.96866999999999
       ]
      ]
     ],
     [
      [
       [
        116.332478,
        39.963743999999984
       ],
       [
        116.32702400000001,
        39.963804999999994
       ],
       [
        116.32571200000001,
        39.971297
       ],
       [
        116.32817399999999,
        39.971424
       ],
       [
        116.332478,
        39.963743999999984
       ]
      ]
     ],
     [
      [
       [
        116.331162,
        39.967553999999986
       ],
       [
        116.328905,
        39.970955000000004
       ],
       [
        116.33512799999998,
        39.971533999999984
       ],
       [
        116.335685,
        39.967824
       ],
       [
        116.331162,
        39.967553999999986
       ]
      ]
     ],
     [
      [
       [
        116.321594,
        39.97117099999999
       ],
       [
        116.32144500000001,
        39.968707
       ],
       [
        116.31409899999998,
        39.96844900000001
       ],
       [
        116.31397199999999,
        39.97127700000001
       ],
       [
        116.321594,
        39.97117099999999
       ]
      ]
     ],
     [
      [
       [
        116.32562,
        39.971465
       ],
       [
        116.32593399999999,
        39.968993
       ],
       [
        116.32225899999999,
        39.968687
       ],
       [
        116.32203700000001,
        39.971227
       ],
       [
        116.32562,
        39.971465
       ]
      ]
     ],
     [
      [
       [
        116.31613,
        39.971562000000006
       ],
       [
        116.31381300000001,
        39.971672999999996
       ],
       [
        116.313471,
        39.975567999999996
       ],
       [
        116.315955,
        39.97566400000001
       ],
       [
        116.31613,
        39.971562000000006
       ]
      ]
     ],
     [
      [
       [
        116.321246,
        39.975718
       ],
       [
        116.32120299999998,
        39.971825
       ],
       [
        116.317865,
        39.97343199999999
       ],
       [
        116.318588,
        39.97573799999999
       ],
       [
        116.321246,
        39.975718
       ]
      ]
     ],
     [
      [
       [
        116.34029,
        39.976017
       ],
       [
        116.34027000000002,
        39.97178899999999
       ],
       [
        116.330703,
        39.971772
       ],
       [
        116.32918000000001,
        39.97288499999999
       ],
       [
        116.329044,
        39.975787
       ],
       [
        116.34029,
        39.976017
       ]
      ]
     ],
     [
      [
       [
        116.32208499999999,
        39.976002
       ],
       [
        116.326287,
        39.975937000000016
       ],
       [
        116.32570899999999,
        39.971975
       ],
       [
        116.322004,
        39.971871
       ],
       [
        116.32208499999999,
        39.976002
       ]
      ]
     ],
     [
      [
       [
        116.319309,
        39.976062
       ],
       [
        116.31790000000001,
        39.97852400000001
       ],
       [
        116.32100400000002,
        39.97888999999999
       ],
       [
        116.321294,
        39.97618900000001
       ],
       [
        116.319309,
        39.976062
       ]
      ]
     ],
     [
      [
       [
        116.33215500000001,
        39.97607
       ],
       [
        116.33139500000001,
        39.980182
       ],
       [
        116.335036,
        39.980481
       ],
       [
        116.33509100000002,
        39.976405
       ],
       [
        116.33215500000001,
        39.97607
       ]
      ]
     ],
     [
      [
       [
        116.32626799999998,
        39.976366000000006
       ],
       [
        116.321744,
        39.97609800000001
       ],
       [
        116.321825,
        39.980295
       ],
       [
        116.32528299999998,
        39.98049699999999
       ],
       [
        116.32626799999998,
        39.976366000000006
       ]
      ]
     ],
     [
      [
       [
        116.328574,
        39.98018799999999
       ],
       [
        116.33110700000002,
        39.98078399999999
       ],
       [
        116.331638,
        39.976168
       ],
       [
        116.329013,
        39.976071999999995
       ],
       [
        116.328574,
        39.98018799999999
       ]
      ]
     ],
     [
      [
       [
        116.32532799999998,
        39.98111299999999
       ],
       [
        116.321746,
        39.980841999999996
       ],
       [
        116.32138800000001,
        39.984258999999994
       ],
       [
        116.325306,
        39.984278
       ],
       [
        116.32532799999998,
        39.98111299999999
       ]
      ]
     ],
     [
      [
       [
        116.328965,
        39.98131599999999
       ],
       [
        116.32829400000001,
        39.98663299999999
       ],
       [
        116.33512799999998,
        39.98695699999999
       ],
       [
        116.335685,
        39.981587
       ],
       [
        116.328965,
        39.98131599999999
       ]
      ]
     ],
     [
      [
       [
        116.327686,
        39.982934
       ],
       [
        116.326352,
        39.98356999999999
       ],
       [
        116.32634,
        39.986482999999986
       ],
       [
        116.32789499999998,
        39.986552
       ],
       [
        116.327686,
        39.982934
       ]
      ]
     ],
     [
      [
       [
        116.318105,
        39.983957
       ],
       [
        116.31591499999999,
        39.983641
       ],
       [
        116.315742,
        39.986399000000006
       ],
       [
        116.317754,
        39.98642699999999
       ],
       [
        116.318105,
        39.983957
       ]
      ]
     ],
     [
      [
       [
        116.31863200000001,
        39.983912999999994
       ],
       [
        116.317918,
        39.98637699999999
       ],
       [
        116.320912,
        39.98641299999999
       ],
       [
        116.32095099999998,
        39.984216
       ],
       [
        116.31863200000001,
        39.983912999999994
       ]
      ]
     ],
     [
      [
       [
        116.32148400000001,
        39.986692000000005
       ],
       [
        116.324546,
        39.98671
       ],
       [
        116.324921,
        39.98461399999999
       ],
       [
        116.32135100000002,
        39.984478
       ],
       [
        116.32148400000001,
        39.986692000000005
       ]
      ]
     ],
     [
      [
       [
        116.324918,
        39.991912
       ],
       [
        116.32473000000002,
        39.987078
       ],
       [
        116.321318,
        39.986957
       ],
       [
        116.32104000000001,
        39.989202999999996
       ],
       [
        116.324918,
        39.991912
       ]
      ]
     ],
     [
      [
       [
        116.317774,
        39.986729999999994
       ],
       [
        116.316309,
        39.99367
       ],
       [
        116.32059800000002,
        39.993295
       ],
       [
        116.320993,
        39.987369
       ],
       [
        116.317774,
        39.986729999999994
       ]
      ]
     ],
     [
      [
       [
        116.32622,
        39.993821
       ],
       [
        116.32757399999998,
        39.993687
       ],
       [
        116.32789499999998,
        39.98736300000001
       ],
       [
        116.32656200000001,
        39.987205
       ],
       [
        116.32622,
        39.993821
       ]
      ]
     ],
     [
      [
       [
        116.339392,
        39.987477
       ],
       [
        116.32850700000002,
        39.987196
       ],
       [
        116.32836599999999,
        39.994038
       ],
       [
        116.339471,
        39.993967999999995
       ],
       [
        116.339392,
        39.987477
       ]
      ]
     ],
     [
      [
       [
        116.321144,
        39.989607
       ],
       [
        116.32074300000001,
        39.993259
       ],
       [
        116.32477,
        39.993838999999994
       ],
       [
        116.32503099999998,
        39.99228300000001
       ],
       [
        116.321144,
        39.989607
       ]
      ]
     ],
     [
      [
       [
        116.329385,
        40.000472
       ],
       [
        116.339155,
        40.00037699999999
       ],
       [
        116.33805199999999,
        39.99432500000002
       ],
       [
        116.32790900000002,
        39.99431299999999
       ],
       [
        116.32759700000001,
        39.997189999999996
       ],
       [
        116.329385,
        40.000472
       ]
      ]
     ],
     [
      [
       [
        116.335018,
        40.00327300000001
       ],
       [
        116.335057,
        40.000807
       ],
       [
        116.33230299999998,
        40.000720000000015
       ],
       [
        116.332061,
        40.003480999999994
       ],
       [
        116.335018,
        40.00327300000001
       ]
      ]
     ],
     [
      [
       [
        116.33113799999998,
        40.00363799999999
       ],
       [
        116.33265000000002,
        40.007233
       ],
       [
        116.33882300000002,
        40.007514
       ],
       [
        116.33878,
        40.00338399999999
       ],
       [
        116.33113799999998,
        40.00363799999999
       ]
      ]
     ],
     [
      [
       [
        116.332502,
        40.00765499999999
       ],
       [
        116.325472,
        40.007448
       ],
       [
        116.324771,
        40.01447100000001
       ],
       [
        116.33535900000001,
        40.014643
       ],
       [
        116.332502,
        40.00765499999999
       ]
      ]
     ],
     [
      [
       [
        116.31561500000001,
        40.01530000000001
       ],
       [
        116.31330000000001,
        40.014758
       ],
       [
        116.31271699999999,
        40.017784
       ],
       [
        116.31489700000002,
        40.01800299999999
       ],
       [
        116.31561500000001,
        40.01530000000001
       ]
      ]
     ],
     [
      [
       [
        116.31934700000001,
        40.018918
       ],
       [
        116.32000986740466,
        40.01768848796721
       ],
       [
        116.31943399999999,
        40.018991
       ],
       [
        116.321879,
        40.019137
       ],
       [
        116.32246300000001,
        40.0162
       ],
       [
        116.319261,
        40.015219
       ],
       [
        116.31665900000002,
        40.01601499999999
       ],
       [
        116.314132,
        40.019834
       ],
       [
        116.31455500000001,
        40.022273999999996
       ],
       [
        116.318126,
        40.021969999999996
       ],
       [
        116.31934700000001,
        40.018918
       ]
      ]
     ],
     [
      [
       [
        116.32508400000002,
        40.01709199999999
       ],
       [
        116.32530700000001,
        40.01945499999999
       ],
       [
        116.328343,
        40.019447
       ],
       [
        116.329467,
        40.018105
       ],
       [
        116.32508400000002,
        40.01709199999999
       ]
      ]
     ],
     [
      [
       [
        116.32961800000001,
        40.017844
       ],
       [
        116.328864,
        40.019297
       ],
       [
        116.333105,
        40.02061199999999
       ],
       [
        116.33445,
        40.018387
       ],
       [
        116.32961800000001,
        40.017844
       ]
      ]
     ],
     [
      [
       [
        116.33662299999999,
        40.018837000000005
       ],
       [
        116.334615,
        40.01856999999999
       ],
       [
        116.33300200000001,
        40.02198899999999
       ],
       [
        116.33438600000001,
        40.022258999999984
       ],
       [
        116.33662299999999,
        40.018837000000005
       ]
      ]
     ],
     [
      [
       [
        116.325398,
        40.01946499999999
       ],
       [
        116.325278,
        40.02205699999999
       ],
       [
        116.33290899999999,
        40.021689
       ],
       [
        116.332811,
        40.020702
       ],
       [
        116.328967,
        40.019481999999996
       ],
       [
        116.325398,
        40.01946499999999
       ]
      ]
     ],
     [
      [
       [
        116.32467800000002,
        40.01953499999999
       ],
       [
        116.322041,
        40.019532000000005
       ],
       [
        116.32163200000001,
        40.02183800000001
       ],
       [
        116.32467800000002,
        40.02200599999999
       ],
       [
        116.32467800000002,
        40.01953499999999
       ]
      ]
     ],
     [
      [
       [
        116.32192200000001,
        40.01961200000001
       ],
       [
        116.31931099999998,
        40.019247
       ],
       [
        116.31863200000001,
        40.022273
       ],
       [
        116.32112400000001,
        40.02229499999999
       ],
       [
        116.32192200000001,
        40.01961200000001
       ]
      ]
     ],
     [
      [
       [
        116.32208499999999,
        40.022352999999995
       ],
       [
        116.32199,
        40.02480799999999
       ],
       [
        116.32477,
        40.025397
       ],
       [
        116.32503099999998,
        40.02265500000001
       ],
       [
        116.32208499999999,
        40.022352999999995
       ]
      ]
     ],
     [
      [
       [
        116.32534600000001,
        40.02231599999999
       ],
       [
        116.325098,
        40.02546599999999
       ],
       [
        116.32662,
        40.026108
       ],
       [
        116.33073200000001,
        40.022809
       ],
       [
        116.32534600000001,
        40.02231599999999
       ]
      ]
     ],
     [
      [
       [
        116.327648,
        40.026478000000004
       ],
       [
        116.32962731250616,
        40.02701412585704
       ],
       [
        116.32836399999998,
        40.028918000000004
       ],
       [
        116.33375800000002,
        40.022367
       ],
       [
        116.33114768341278,
        40.024722690730904
       ],
       [
        116.329304,
        40.02401400000001
       ],
       [
        116.327648,
        40.026478000000004
       ]
      ]
     ],
     [
      [
       [
        116.32187700000001,
        40.02501199999999
       ],
       [
        116.31923500000002,
        40.024739
       ],
       [
        116.319121,
        40.02658399999999
       ],
       [
        116.321831,
        40.026767
       ],
       [
        116.32187700000001,
        40.02501199999999
       ]
      ]
     ],
     [
      [
       [
        116.329816,
        40.02975899999999
       ],
       [
        116.335876,
        40.030600000000014
       ],
       [
        116.336759,
        40.026588000000004
       ],
       [
        116.331869,
        40.026602
       ],
       [
        116.329816,
        40.02975899999999
       ]
      ]
     ],
     [
      [
       [
        116.323791,
        40.027657
       ],
       [
        116.316778,
        40.026848
       ],
       [
        116.31629600000001,
        40.030855
       ],
       [
        116.321152,
        40.03106399999999
       ],
       [
        116.323791,
        40.027657
       ]
      ]
     ],
     [
      [
       [
        116.31618200000001,
        40.026876
       ],
       [
        116.312287,
        40.026908
       ],
       [
        116.311902,
        40.03085500000001
       ],
       [
        116.315904,
        40.03101099999999
       ],
       [
        116.31618200000001,
        40.026876
       ]
      ]
     ],
     [
      [
       [
        116.32645999999998,
        40.032261
       ],
       [
        116.328199,
        40.02934
       ],
       [
        116.324143,
        40.028008
       ],
       [
        116.321656,
        40.030948
       ],
       [
        116.32645999999998,
        40.032261
       ]
      ]
     ],
     [
      [
       [
        116.329017,
        40.030170999999996
       ],
       [
        116.327319,
        40.032629
       ],
       [
        116.33136200000001,
        40.033465
       ],
       [
        116.33195000000002,
        40.03074
       ],
       [
        116.329017,
        40.030170999999996
       ]
      ]
     ],
     [
      [
       [
        116.331796,
        40.03365199999999
       ],
       [
        116.33547300000001,
        40.033938
       ],
       [
        116.335955,
        40.030672
       ],
       [
        116.332061,
        40.030940999999984
       ],
       [
        116.331796,
        40.03365199999999
       ]
      ]
     ],
     [
      [
       [
        116.315982,
        40.03109200000001
       ],
       [
        116.31570500000001,
        40.03310200000001
       ],
       [
        116.31815,
        40.034175999999995
       ],
       [
        116.32100300000002,
        40.03158799999999
       ],
       [
        116.315982,
        40.03109200000001
       ]
      ]
     ],
     [
      [
       [
        116.32633300000002,
        40.032468
       ],
       [
        116.32125300000001,
        40.031335
       ],
       [
        116.319165,
        40.033818
       ],
       [
        116.32389,
        40.03559599999999
       ],
       [
        116.32633300000002,
        40.032468
       ]
      ]
     ],
     [
      [
       [
        116.31849100000001,
        40.03439100000001
       ],
       [
        116.31563600000001,
        40.03322899999999
       ],
       [
        116.31444600000002,
        40.034783000000004
       ],
       [
        116.316959,
        40.036311
       ],
       [
        116.31849100000001,
        40.03439100000001
       ]
      ]
     ],
     [
      [
       [
        116.327082,
        40.032807
       ],
       [
        116.32484499999998,
        40.036229
       ],
       [
        116.331583,
        40.036955
       ],
       [
        116.331604,
        40.034026
       ],
       [
        116.327082,
        40.032807
       ]
      ]
     ],
     [
      [
       [
        116.31507700000002,
        40.039272
       ],
       [
        116.317388,
        40.040317
       ],
       [
        116.31994700000001,
        40.036602999999985
       ],
       [
        116.317717,
        40.035866
       ],
       [
        116.31507700000002,
        40.039272
       ]
      ]
     ],
     [
      [
       [
        116.320288,
        40.040511
       ],
       [
        116.32154,
        40.037331
       ],
       [
        116.31984,
        40.037331
       ],
       [
        116.317865,
        40.04034600000001
       ],
       [
        116.320288,
        40.040511
       ]
      ]
     ],
     [
      [
       [
        116.325595,
        40.036601999999995
       ],
       [
        116.323581,
        40.036877999999994
       ],
       [
        116.32100400000002,
        40.040821
       ],
       [
        116.325323,
        40.041449
       ],
       [
        116.325595,
        40.036601999999995
       ]
      ]
     ],
     [
      [
       [
        116.331529,
        40.037535
       ],
       [
        116.326251,
        40.036797
       ],
       [
        116.32584399999999,
        40.04125099999999
       ],
       [
        116.33131,
        40.041426
       ],
       [
        116.331529,
        40.037535
       ]
      ]
     ],
     [
      [
       [
        116.33760400000001,
        40.03834
       ],
       [
        116.332159,
        40.037525
       ],
       [
        116.331548,
        40.04198699999999
       ],
       [
        116.33621499999998,
        40.042455
       ],
       [
        116.33760400000001,
        40.03834
       ]
      ]
     ],
     [
      [
       [
        116.317237,
        40.04058400000001
       ],
       [
        116.31441300000002,
        40.039397
       ],
       [
        116.31319,
        40.040714999999985
       ],
       [
        116.31535399999999,
        40.04271900000001
       ],
       [
        116.317237,
        40.04058400000001
       ]
      ]
     ],
     [
      [
       [
        116.315739,
        40.043344000000005
       ],
       [
        116.31806800000001,
        40.043374
       ],
       [
        116.319715,
        40.040926999999996
       ],
       [
        116.317352,
        40.040637000000004
       ],
       [
        116.315739,
        40.043344000000005
       ]
      ]
     ],
     [
      [
       [
        116.325306,
        40.04407299999999
       ],
       [
        116.325167,
        40.041541
       ],
       [
        116.32062900000001,
        40.041063
       ],
       [
        116.319132,
        40.042655
       ],
       [
        116.32152900000001,
        40.044129999999996
       ],
       [
        116.325306,
        40.04407299999999
       ]
      ]
     ],
     [
      [
       [
        116.325422,
        40.04191599999999
       ],
       [
        116.32559199999999,
        40.044362
       ],
       [
        116.3308,
        40.04366300000001
       ],
       [
        116.33086100000001,
        40.04178999999999
       ],
       [
        116.325422,
        40.04191599999999
       ]
      ]
     ],
     [
      [
       [
        116.33104799999998,
        40.04343099999999
       ],
       [
        116.33249500000001,
        40.044836000000004
       ],
       [
        116.335158,
        40.044854
       ],
       [
        116.336066,
        40.04292300000001
       ],
       [
        116.33164500000001,
        40.04200799999999
       ],
       [
        116.33104799999998,
        40.04343099999999
       ]
      ]
     ],
     [
      [
       [
        116.321746,
        40.044197
       ],
       [
        116.32107900000001,
        40.045957
       ],
       [
        116.32477,
        40.046752999999995
       ],
       [
        116.324996,
        40.044451999999986
       ],
       [
        116.321746,
        40.044197
       ]
      ]
     ],
     [
      [
       [
        116.332526,
        40.044864999999994
       ],
       [
        116.332012,
        40.04802699999999
       ],
       [
        116.334186,
        40.04841400000001
       ],
       [
        116.335114,
        40.045023
       ],
       [
        116.332526,
        40.044864999999994
       ]
      ]
     ],
     [
      [
       [
        116.356315,
        39.946176999999985
       ],
       [
        116.35097301590885,
        39.945258600872606
       ],
       [
        116.344661,
        39.94236500000001
       ],
       [
        116.34437,
        39.944680999999996
       ],
       [
        116.34789136160941,
        39.94414895406148
       ],
       [
        116.347055,
        39.94495799999999
       ],
       [
        116.350225,
        39.946143000000006
       ],
       [
        116.35085521739441,
        39.94539787905036
       ],
       [
        116.350654,
        39.94658199999999
       ],
       [
        116.35615700000001,
        39.94780600000001
       ],
       [
        116.356315,
        39.946176999999985
       ]
      ]
     ],
     [
      [
       [
        116.343768,
        39.94896399999999
       ],
       [
        116.348274,
        39.948866999999986
       ],
       [
        116.34777046427111,
        39.94791889138486
       ],
       [
        116.34862399999999,
        39.94827999999998
       ],
       [
        116.349841,
        39.946267
       ],
       [
        116.344263,
        39.94532699999999
       ],
       [
        116.343768,
        39.94896399999999
       ]
      ]
     ],
     [
      [
       [
        116.356101,
        39.94936500000001
       ],
       [
        116.35601600000001,
        39.94784499999999
       ],
       [
        116.352391,
        39.947331000000005
       ],
       [
        116.352213,
        39.949425
       ],
       [
        116.356101,
        39.94936500000001
       ]
      ]
     ],
     [
      [
       [
        116.35172400000002,
        39.94958999999999
       ],
       [
        116.348477,
        39.949257
       ],
       [
        116.347997,
        39.95112799999999
       ],
       [
        116.351597,
        39.95133699999999
       ],
       [
        116.35172400000002,
        39.94958999999999
       ]
      ]
     ],
     [
      [
       [
        116.35460307683823,
        39.95137983601571
       ],
       [
        116.35610800000002,
        39.95125599999999
       ],
       [
        116.35599100000002,
        39.949495
       ],
       [
        116.35207700000001,
        39.949467000000006
       ],
       [
        116.352227264203,
        39.95137427424413
       ],
       [
        116.34831100000001,
        39.951364999999996
       ],
       [
        116.34819,
        39.95443199999999
       ],
       [
        116.35613299999999,
        39.954066
       ],
       [
        116.35596400000001,
        39.951383
       ],
       [
        116.35460307683823,
        39.95137983601571
       ]
      ]
     ],
     [
      [
       [
        116.33398700000001,
        39.954395999999996
       ],
       [
        116.335369,
        39.95436399999999
       ],
       [
        116.337633,
        39.947996999999994
       ],
       [
        116.336021,
        39.947334
       ],
       [
        116.33398700000001,
        39.954395999999996
       ]
      ]
     ],
     [
      [
       [
        116.34314099999999,
        39.94902
       ],
       [
        116.34207200000002,
        39.954089
       ],
       [
        116.34736899999999,
        39.95445
       ],
       [
        116.34796000000001,
        39.949591999999996
       ],
       [
        116.34314099999999,
        39.94902
       ]
      ]
     ],
     [
      [
       [
        116.341405,
        39.950178
       ],
       [
        116.338894,
        39.954212
       ],
       [
        116.34162700000002,
        39.954143
       ],
       [
        116.341405,
        39.950178
       ]
      ]
     ],
     [
      [
       [
        116.34761200000001,
        39.954774
       ],
       [
        116.34214399999999,
        39.954743
       ],
       [
        116.34203300000001,
        39.95824600000001
       ],
       [
        116.347568,
        39.95843
       ],
       [
        116.34761200000001,
        39.954774
       ]
      ]
     ],
     [
      [
       [
        116.355729,
        39.954503
       ],
       [
        116.348064,
        39.95454
       ],
       [
        116.34736899999999,
        39.962992
       ],
       [
        116.355161,
        39.96312499999999
       ],
       [
        116.355729,
        39.954503
       ]
      ]
     ],
     [
      [
       [
        116.339984,
        39.95471500000001
       ],
       [
        116.33798900000001,
        39.95528900000001
       ],
       [
        116.33449999999999,
        39.96299199999999
       ],
       [
        116.339807,
        39.963092
       ],
       [
        116.339984,
        39.95471500000001
       ]
      ]
     ],
     [
      [
       [
        116.34725799999998,
        39.96317299999999
       ],
       [
        116.34761200000001,
        39.95880699999999
       ],
       [
        116.34203300000001,
        39.95848300000001
       ],
       [
        116.34178799999998,
        39.96290199999999
       ],
       [
        116.34725799999998,
        39.96317299999999
       ]
      ]
     ],
     [
      [
       [
        116.35169200000001,
        39.96402799999999
       ],
       [
        116.34379600000001,
        39.963722000000004
       ],
       [
        116.341836,
        39.96541699999999
       ],
       [
        116.341092,
        39.970822
       ],
       [
        116.351648,
        39.97100599999999
       ],
       [
        116.35169200000001,
        39.96402799999999
       ]
      ]
     ],
     [
      [
       [
        116.331399,
        39.967375
       ],
       [
        116.33967299999999,
        39.96747100000001
       ],
       [
        116.33943000000001,
        39.963773
       ],
       [
        116.334017,
        39.963979
       ],
       [
        116.331399,
        39.967375
       ]
      ]
     ],
     [
      [
       [
        116.35230200000001,
        39.963713
       ],
       [
        116.35209799999998,
        39.97090699999999
       ],
       [
        116.35553,
        39.971059
       ],
       [
        116.35582999999998,
        39.964584
       ],
       [
        116.35230200000001,
        39.963713
       ]
      ]
     ],
     [
      [
       [
        116.364226,
        39.97027799999999
       ],
       [
        116.364226,
        39.964721999999995
       ],
       [
        116.356471,
        39.96465299999999
       ],
       [
        116.35656299999998,
        39.97027799999999
       ],
       [
        116.364226,
        39.97027799999999
       ]
      ]
     ],
     [
      [
       [
        116.339783,
        39.97119099999998
       ],
       [
        116.339383,
        39.968726999999994
       ],
       [
        116.335711,
        39.968925999999996
       ],
       [
        116.33558099999999,
        39.971494
       ],
       [
        116.339783,
        39.97119099999998
       ]
      ]
     ],
     [
      [
       [
        116.36491100000002,
        39.97177
       ],
       [
        116.364977,
        39.970349
       ],
       [
        116.35615700000001,
        39.97082199999999
       ],
       [
        116.36491100000002,
        39.97177
       ]
      ]
     ],
     [
      [
       [
        116.34116,
        39.97185999999999
       ],
       [
        116.341206,
        39.97622599999999
       ],
       [
        116.347997,
        39.976279999999996
       ],
       [
        116.34851,
        39.971824999999995
       ],
       [
        116.34116,
        39.97185999999999
       ]
      ]
     ],
     [
      [
       [
        116.352588,
        39.97178799999999
       ],
       [
        116.35210399999998,
        39.976375999999995
       ],
       [
        116.355216,
        39.976516999999994
       ],
       [
        116.355507,
        39.972156999999996
       ],
       [
        116.352588,
        39.97178799999999
       ]
      ]
     ],
     [
      [
       [
        116.34913100000001,
        39.97179
       ],
       [
        116.348334,
        39.97613299999999
       ],
       [
        116.35144899999999,
        39.97651700000001
       ],
       [
        116.351739,
        39.97215500000001
       ],
       [
        116.34913100000001,
        39.97179
       ]
      ]
     ],
     [
      [
       [
        116.365094,
        39.97203699999999
       ],
       [
        116.356412,
        39.972013
       ],
       [
        116.356017,
        39.97649200000001
       ],
       [
        116.36427499999999,
        39.976637000000004
       ],
       [
        116.365094,
        39.97203699999999
       ]
      ]
     ],
     [
      [
       [
        116.339387,
        39.98098300000001
       ],
       [
        116.34041,
        39.976621
       ],
       [
        116.335442,
        39.97628
       ],
       [
        116.33518,
        39.980681999999995
       ],
       [
        116.339387,
        39.98098300000001
       ]
      ]
     ],
     [
      [
       [
        116.35174999999998,
        39.976923
       ],
       [
        116.341314,
        39.97628999999999
       ],
       [
        116.34164000000001,
        39.981018
       ],
       [
        116.351225,
        39.981253
       ],
       [
        116.35174999999998,
        39.976923
       ]
      ]
     ],
     [
      [
       [
        116.35192900000001,
        39.98123499999999
       ],
       [
        116.355176,
        39.981140999999994
       ],
       [
        116.355183,
        39.97688500000001
       ],
       [
        116.35180000000001,
        39.977117
       ],
       [
        116.35192900000001,
        39.98123499999999
       ]
      ]
     ],
     [
      [
       [
        116.363991,
        39.97716
       ],
       [
        116.35638,
        39.97676399999999
       ],
       [
        116.35600900000001,
        39.981472
       ],
       [
        116.36252800000001,
        39.98148900000002
       ],
       [
        116.363991,
        39.97716
       ]
      ]
     ],
     [
      [
       [
        116.356066,
        39.981984999999995
       ],
       [
        116.35566900000002,
        39.987629
       ],
       [
        116.358071,
        39.98766799999999
       ],
       [
        116.362421,
        39.98238
       ],
       [
        116.356066,
        39.981984999999995
       ]
      ]
     ],
     [
      [
       [
        116.335922,
        39.98152799999999
       ],
       [
        116.335479,
        39.98706899999999
       ],
       [
        116.339744,
        39.986888
       ],
       [
        116.339489,
        39.981631
       ],
       [
        116.335922,
        39.98152799999999
       ]
      ]
     ],
     [
      [
       [
        116.344452,
        39.987125
       ],
       [
        116.34453100000002,
        39.981906
       ],
       [
        116.342261,
        39.981746
       ],
       [
        116.340471,
        39.98334799999999
       ],
       [
        116.34047700000002,
        39.987026
       ],
       [
        116.344452,
        39.987125
       ]
      ]
     ],
     [
      [
       [
        116.344544,
        39.98719499999999
       ],
       [
        116.35093800000001,
        39.987415000000006
       ],
       [
        116.35133,
        39.98202500000001
       ],
       [
        116.34461500000002,
        39.982060999999995
       ],
       [
        116.344544,
        39.98719499999999
       ]
      ]
     ],
     [
      [
       [
        116.354422,
        39.987640999999996
       ],
       [
        116.355179,
        39.982337
       ],
       [
        116.351933,
        39.982001
       ],
       [
        116.35148599999998,
        39.987306999999994
       ],
       [
        116.354422,
        39.987640999999996
       ]
      ]
     ],
     [
      [
       [
        116.34426699999999,
        39.987795000000006
       ],
       [
        116.34471,
        39.990251
       ],
       [
        116.35082200000001,
        39.99027900000001
       ],
       [
        116.35096,
        39.987694000000005
       ],
       [
        116.34426699999999,
        39.987795000000006
       ]
      ]
     ],
     [
      [
       [
        116.34442299999999,
        39.990297999999996
       ],
       [
        116.34377700000002,
        39.98747199999998
       ],
       [
        116.340512,
        39.987542000000005
       ],
       [
        116.33986,
        39.993929
       ],
       [
        116.350628,
        39.99453199999999
       ],
       [
        116.35073,
        39.99034900000001
       ],
       [
        116.34442299999999,
        39.990297999999996
       ]
      ]
     ],
     [
      [
       [
        116.357713,
        39.988074
       ],
       [
        116.35198600000001,
        39.98767999999999
       ],
       [
        116.35179400000001,
        39.994549000000006
       ],
       [
        116.357713,
        39.988074
       ]
      ]
     ],
     [
      [
       [
        116.35282,
        39.994734
       ],
       [
        116.35514199999999,
        39.994229
       ],
       [
        116.35935700000002,
        39.98791099999999
       ],
       [
        116.358103,
        39.98823899999999
       ],
       [
        116.35282,
        39.994734
       ]
      ]
     ],
     [
      [
       [
        116.35144899999999,
        39.99502799999999
       ],
       [
        116.340464,
        39.994551
       ],
       [
        116.33954399999999,
        40.000333
       ],
       [
        116.34571400000002,
        40.000882
       ],
       [
        116.35144899999999,
        39.99502799999999
       ]
      ]
     ],
     [
      [
       [
        116.354197,
        39.99510699999999
       ],
       [
        116.35185700000001,
        39.99509299999999
       ],
       [
        116.346166,
        40.00058800000001
       ],
       [
        116.349474,
        40.0016
       ],
       [
        116.354197,
        39.99510699999999
       ]
      ]
     ],
     [
      [
       [
        116.339137,
        40.00080699999999
       ],
       [
        116.335243,
        40.000774
       ],
       [
        116.33512799999998,
        40.003093
       ],
       [
        116.33909399999999,
        40.003276
       ],
       [
        116.339137,
        40.00080699999999
       ]
      ]
     ],
     [
      [
       [
        116.344452,
        40.001027
       ],
       [
        116.33961399999998,
        40.00102699999999
       ],
       [
        116.339522,
        40.004991
       ],
       [
        116.343515,
        40.005155
       ],
       [
        116.344452,
        40.001027
       ]
      ]
     ],
     [
      [
       [
        116.34270834702458,
        40.00782795292094
       ],
       [
        116.34541900000002,
        40.00703499999999
       ],
       [
        116.34860800000001,
        40.002932
       ],
       [
        116.34754600000001,
        40.00171000000001
       ],
       [
        116.34555299999998,
        40.00152299999999
       ],
       [
        116.3426774642834,
        40.00783040195665
       ],
       [
        116.341825,
        40.007898000000004
       ],
       [
        116.34077800000001,
        40.00997399999999
       ],
       [
        116.342554,
        40.01062700000001
       ],
       [
        116.344473,
        40.007688
       ],
       [
        116.34270834702458,
        40.00782795292094
       ]
      ]
     ],
     [
      [
       [
        116.339245,
        40.007238
       ],
       [
        116.34187100000001,
        40.007571999999996
       ],
       [
        116.34325599999998,
        40.00557200000001
       ],
       [
        116.33969100000002,
        40.005255000000005
       ],
       [
        116.339245,
        40.007238
       ]
      ]
     ],
     [
      [
       [
        116.33377899999999,
        40.00901399999999
       ],
       [
        116.33888099999999,
        40.008856
       ],
       [
        116.33835800000001,
        40.00761099999999
       ],
       [
        116.333559,
        40.007601
       ],
       [
        116.33377899999999,
        40.00901399999999
       ]
      ]
     ],
     [
      [
       [
        116.33656200000001,
        40.009066999999995
       ],
       [
        116.333925,
        40.009130000000006
       ],
       [
        116.334592,
        40.01109099999999
       ],
       [
        116.337272,
        40.01105499999999
       ],
       [
        116.33656200000001,
        40.009066999999995
       ]
      ]
     ],
     [
      [
       [
        116.344857,
        40.020911
       ],
       [
        116.33800400000001,
        40.019230999999984
       ],
       [
        116.336843,
        40.020852000000005
       ],
       [
        116.344262,
        40.0216
       ],
       [
        116.344857,
        40.020911
       ]
      ]
     ],
     [
      [
       [
        116.35174599999999,
        40.022946999999995
       ],
       [
        116.34920440509198,
        40.02232371182109
       ],
       [
        116.35237900000001,
        40.021902999999995
       ],
       [
        116.35183900000001,
        40.020896
       ],
       [
        116.345172,
        40.020413999999995
       ],
       [
        116.34509600000001,
        40.02159399999999
       ],
       [
        116.34682410057808,
        40.021900955121595
       ],
       [
        116.344707,
        40.021868
       ],
       [
        116.343967,
        40.023391000000004
       ],
       [
        116.34721500000002,
        40.024178
       ],
       [
        116.34727500508204,
        40.02198104267798
       ],
       [
        116.3481988029748,
        40.02214511729978
       ],
       [
        116.347373,
        40.023934999999994
       ],
       [
        116.350601,
        40.025387
       ],
       [
        116.35174599999999,
        40.022946999999995
       ]
      ]
     ],
     [
      [
       [
        116.33618400000002,
        40.020943
       ],
       [
        116.334505,
        40.022983
       ],
       [
        116.33815199999998,
        40.024156999999995
       ],
       [
        116.339456,
        40.02145500000001
       ],
       [
        116.33618400000002,
        40.020943
       ]
      ]
     ],
     [
      [
       [
        116.35287500000001,
        40.02115299999999
       ],
       [
        116.352101,
        40.02264100000001
       ],
       [
        116.35729799999999,
        40.025107
       ],
       [
        116.358331,
        40.022459
       ],
       [
        116.35287500000001,
        40.02115299999999
       ]
      ]
     ],
     [
      [
       [
        116.33992800000001,
        40.021432999999995
       ],
       [
        116.338267,
        40.024206
       ],
       [
        116.34257300000002,
        40.025562
       ],
       [
        116.34413799999999,
        40.021907999999996
       ],
       [
        116.33992800000001,
        40.021432999999995
       ]
      ]
     ],
     [
      [
       [
        116.354588,
        40.024448
       ],
       [
        116.35238600000001,
        40.02278700000001
       ],
       [
        116.35082200000001,
        40.02587200000001
       ],
       [
        116.35656200000001,
        40.027523000000016
       ],
       [
        116.35739900000002,
        40.02532899999999
       ],
       [
        116.35449900000002,
        40.024695
       ],
       [
        116.35403249748023,
        40.0255750032744
       ],
       [
        116.354588,
        40.024448
       ]
      ]
     ],
     [
      [
       [
        116.332006,
        40.02618699999999
       ],
       [
        116.33678800000001,
        40.026574
       ],
       [
        116.337937,
        40.024761
       ],
       [
        116.33441300000001,
        40.02327100000001
       ],
       [
        116.332006,
        40.02618699999999
       ]
      ]
     ],
     [
      [
       [
        116.36330200000002,
        40.02334499999999
       ],
       [
        116.35847499999998,
        40.0226
       ],
       [
        116.35728599999999,
        40.02774999999999
       ],
       [
        116.36106299999999,
        40.02842900000001
       ],
       [
        116.36330200000002,
        40.02334499999999
       ]
      ]
     ],
     [
      [
       [
        116.34160900000002,
        40.02747600000001
       ],
       [
        116.342274,
        40.02571999999999
       ],
       [
        116.338267,
        40.02468600000001
       ],
       [
        116.337396,
        40.026497
       ],
       [
        116.34160900000002,
        40.02747600000001
       ]
      ]
     ],
     [
      [
       [
        116.342662,
        40.025653999999996
       ],
       [
        116.344322,
        40.02841299999999
       ],
       [
        116.348799,
        40.02915399999999
       ],
       [
        116.350141,
        40.02550299999999
       ],
       [
        116.34374,
        40.023540000000004
       ],
       [
        116.342662,
        40.025653999999996
       ]
      ]
     ],
     [
      [
       [
        116.363805,
        40.02331599999999
       ],
       [
        116.361878,
        40.028394999999996
       ],
       [
        116.370595,
        40.02990599999999
       ],
       [
        116.37053,
        40.023829
       ],
       [
        116.363805,
        40.02331599999999
       ]
      ]
     ],
     [
      [
       [
        116.377478,
        40.024361000000006
       ],
       [
        116.371417,
        40.02375399999999
       ],
       [
        116.37157700000002,
        40.031327999999995
       ],
       [
        116.374309,
        40.030275
       ],
       [
        116.377478,
        40.024361000000006
       ]
      ]
     ],
     [
      [
       [
        116.35555999999998,
        40.031090999999996
       ],
       [
        116.35678399999999,
        40.02798399999999
       ],
       [
        116.350478,
        40.02611000000001
       ],
       [
        116.34968300000001,
        40.03175199999998
       ],
       [
        116.35514100000002,
        40.032906999999994
       ],
       [
        116.35543299999999,
        40.031158
       ],
       [
        116.35281783511873,
        40.030406558063014
       ],
       [
        116.35555999999998,
        40.031090999999996
       ]
      ]
     ],
     [
      [
       [
        116.33640700000001,
        40.03023399999999
       ],
       [
        116.340587,
        40.030599
       ],
       [
        116.34124600000001,
        40.027564
       ],
       [
        116.337519,
        40.026838999999995
       ],
       [
        116.33640700000001,
        40.03023399999999
       ]
      ]
     ],
     [
      [
       [
        116.346088,
        40.028864
       ],
       [
        116.341599,
        40.028026
       ],
       [
        116.341092,
        40.03038
       ],
       [
        116.345602,
        40.03060100000001
       ],
       [
        116.346088,
        40.028864
       ]
      ]
     ],
     [
      [
       [
        116.3610445881852,
        40.02906844633966
       ],
       [
        116.357352,
        40.027775
       ],
       [
        116.354404,
        40.03579299999999
       ],
       [
        116.370885,
        40.03142
       ],
       [
        116.37040300000001,
        40.029923999999994
       ],
       [
        116.3610445881852,
        40.02906844633966
       ]
      ]
     ],
     [
      [
       [
        116.34039300000002,
        40.030941999999996
       ],
       [
        116.336666,
        40.030618999999994
       ],
       [
        116.33582700000001,
        40.033853
       ],
       [
        116.33940699999998,
        40.03435999999999
       ],
       [
        116.34039300000002,
        40.030941999999996
       ]
      ]
     ],
     [
      [
       [
        116.34597800000002,
        40.035559
       ],
       [
        116.34763000000001,
        40.03143499999999
       ],
       [
        116.341719,
        40.03061799999999
       ],
       [
        116.339881,
        40.034299
       ],
       [
        116.34597800000002,
        40.035559
       ]
      ]
     ],
     [
      [
       [
        116.34819,
        40.03158500000001
       ],
       [
        116.345511,
        40.037355
       ],
       [
        116.352391,
        40.03916
       ],
       [
        116.35487799999999,
        40.033374
       ],
       [
        116.34819,
        40.03158500000001
       ]
      ]
     ],
     [
      [
       [
        116.33819699999998,
        40.037648
       ],
       [
        116.339092,
        40.034466999999985
       ],
       [
        116.331989,
        40.03394000000001
       ],
       [
        116.332105,
        40.037445000000005
       ],
       [
        116.33819699999998,
        40.037648
       ]
      ]
     ],
     [
      [
       [
        116.345794,
        40.03602899999999
       ],
       [
        116.33977300000001,
        40.034656
       ],
       [
        116.33848100000002,
        40.038198999999985
       ],
       [
        116.34429100000001,
        40.039154999999994
       ],
       [
        116.345794,
        40.03602899999999
       ]
      ]
     ],
     [
      [
       [
        116.34534500000001,
        40.039372
       ],
       [
        116.35106700000001,
        40.041052
       ],
       [
        116.35224500000001,
        40.039197
       ],
       [
        116.345215,
        40.03761599999999
       ],
       [
        116.34534500000001,
        40.039372
       ]
      ]
     ],
     [
      [
       [
        116.33961300000001,
        40.041284999999995
       ],
       [
        116.34107900000001,
        40.038855999999996
       ],
       [
        116.338581,
        40.038447999999995
       ],
       [
        116.337339,
        40.040652
       ],
       [
        116.33961300000001,
        40.041284999999995
       ]
      ]
     ],
     [
      [
       [
        116.344091,
        40.04196699999999
       ],
       [
        116.34511600000002,
        40.0395
       ],
       [
        116.341405,
        40.038923000000004
       ],
       [
        116.339894,
        40.041195
       ],
       [
        116.344091,
        40.04196699999999
       ]
      ]
     ],
     [
      [
       [
        116.34779067412343,
        40.042377561985795
       ],
       [
        116.348618,
        40.040535999999996
       ],
       [
        116.34542599999999,
        40.039638999999994
       ],
       [
        116.34590679181106,
        40.042300654043736
       ],
       [
        116.344544,
        40.042245
       ],
       [
        116.34378900000002,
        40.043884999999996
       ],
       [
        116.350794,
        40.044477999999984
       ],
       [
        116.35096300000001,
        40.04250699999999
       ],
       [
        116.34779067412343,
        40.042377561985795
       ]
      ]
     ],
     [
      [
       [
        116.344229,
        40.042221999999995
       ],
       [
        116.33980500000001,
        40.041297
       ],
       [
        116.33920800000001,
        40.042719000000005
       ],
       [
        116.34363400000001,
        40.04343
       ],
       [
        116.344229,
        40.042221999999995
       ]
      ]
     ],
     [
      [
       [
        116.349738,
        40.047189
       ],
       [
        116.35046900000002,
        40.04521499999999
       ],
       [
        116.336549,
        40.042747
       ],
       [
        116.334513,
        40.04824399999999
       ],
       [
        116.33920800000001,
        40.050312000000005
       ],
       [
        116.34196345673459,
        40.04949490392283
       ],
       [
        116.341536,
        40.050742
       ],
       [
        116.34314700000002,
        40.050985000000004
       ],
       [
        116.3445225275635,
        40.0487359670694
       ],
       [
        116.349738,
        40.047189
       ]
      ]
     ],
     [
      [
       [
        116.356761,
        40.04779299999999
       ],
       [
        116.35567000000002,
        40.045592
       ],
       [
        116.3506,
        40.045636
       ],
       [
        116.350678,
        40.047438
       ],
       [
        116.356761,
        40.04779299999999
       ]
      ]
     ],
     [
      [
       [
        116.350286,
        40.04753399999999
       ],
       [
        116.35122700000001,
        40.04953100000001
       ],
       [
        116.35544200000001,
        40.05000200000001
       ],
       [
        116.35637899999999,
        40.048008
       ],
       [
        116.350286,
        40.04753399999999
       ]
      ]
     ],
     [
      [
       [
        116.348921,
        40.05038999999999
       ],
       [
        116.349199,
        40.048756999999995
       ],
       [
        116.346437,
        40.049068
       ],
       [
        116.34633600000001,
        40.05125099999999
       ],
       [
        116.348921,
        40.05038999999999
       ]
      ]
     ],
     [
      [
       [
        116.35182700000001,
        40.052591
       ],
       [
        116.35397400000001,
        40.053159
       ],
       [
        116.35516000000001,
        40.050415
       ],
       [
        116.35187899999998,
        40.049891
       ],
       [
        116.35182700000001,
        40.052591
       ]
      ]
     ],
     [
      [
       [
        116.35800500000002,
        40.05067699999999
       ],
       [
        116.355696,
        40.050340000000006
       ],
       [
        116.35469799999998,
        40.05310300000001
       ],
       [
        116.35661900000001,
        40.053369
       ],
       [
        116.35800500000002,
        40.05067699999999
       ]
      ]
     ],
     [
      [
       [
        116.35814700000002,
        40.05060900000001
       ],
       [
        116.35685900000001,
        40.053313
       ],
       [
        116.36365000000002,
        40.05280200000001
       ],
       [
        116.363598,
        40.051094000000006
       ],
       [
        116.35814700000002,
        40.05060900000001
       ]
      ]
     ],
     [
      [
       [
        116.35109400000002,
        40.050669000000006
       ],
       [
        116.34594799999999,
        40.05153399999999
       ],
       [
        116.345172,
        40.05339699999999
       ],
       [
        116.35131,
        40.053831
       ],
       [
        116.35109400000002,
        40.050669000000006
       ]
      ]
     ],
     [
      [
       [
        116.345131,
        40.05327599999999
       ],
       [
        116.34533999999998,
        40.051534999999994
       ],
       [
        116.34081100000002,
        40.05139200000001
       ],
       [
        116.341251,
        40.05289199999999
       ],
       [
        116.345131,
        40.05327599999999
       ]
      ]
     ],
     [
      [
       [
        116.356467,
        40.055257
       ],
       [
        116.351702,
        40.054824999999994
       ],
       [
        116.351135,
        40.056007
       ],
       [
        116.355903,
        40.056239999999995
       ],
       [
        116.356467,
        40.055257
       ]
      ]
     ]
    ]
   }
  },
  {
   "type": "Feature",
   "properties": {
    "layer": "OFFICIAL_ZONATION_BG",
    "category": "water_protection_zone",
    "label_zh": "城镇建设用地（官方分区图）",
    "source": "DATA-SRC-HAIDIAN-DISTRICT-PLAN-2017-2035",
    "source_figure": "图05 国土空间规划分区图",
    "official_boundary": false,
    "usable_for_formal": "background_only",
    "precision_note": "栅格公示图矢量化，配准中误差约百米级；仅作背景参考，不作几何/面积依据"
   },
   "geometry": {
    "type": "MultiPolygon",
    "coordinates": [
     [
      [
       [
        116.05265987296085,
        39.8920912559449
       ],
       [
        116.053091,
        39.892950000000006
       ],
       [
        116.057927,
        39.893125000000005
       ],
       [
        116.05503,
        39.887583
       ],
       [
        116.05195029064802,
        39.889455130466516
       ],
       [
        116.053235,
        39.888597
       ],
       [
        116.05091500000002,
        39.885904999999994
       ],
       [
        116.049341,
        39.885673000000004
       ],
       [
        116.05081288688298,
        39.88891859248618
       ],
       [
        116.04908604465233,
        39.888395603182374
       ],
       [
        116.04878499999998,
        39.88546899999999
       ],
       [
        116.044823,
        39.885163999999996
       ],
       [
        116.04385499999998,
        39.88658499999999
       ],
       [
        116.04490500000001,
        39.88818899999999
       ],
       [
        116.04815025943547,
        39.88834937524827
       ],
       [
        116.043885,
        39.889297000000006
       ],
       [
        116.050674,
        39.894645
       ],
       [
        116.053199,
        39.894093999999996
       ],
       [
        116.05265987296085,
        39.8920912559449
       ]
      ]
     ],
     [
      [
       [
        116.046458,
        39.90113000000001
       ],
       [
        116.051157,
        39.90318800000001
       ],
       [
        116.05482800000001,
        39.899333
       ],
       [
        116.05286499999998,
        39.898936
       ],
       [
        116.046458,
        39.90113000000001
       ]
      ]
     ],
     [
      [
       [
        116.046994,
        39.905569
       ],
       [
        116.05159,
        39.909546999999996
       ],
       [
        116.05036700000001,
        39.905649000000004
       ],
       [
        116.04793600000002,
        39.90438299999999
       ],
       [
        116.046994,
        39.905569
       ]
      ]
     ],
     [
      [
       [
        116.046176,
        39.90440199999999
       ],
       [
        116.043867,
        39.908117
       ],
       [
        116.04392699999998,
        39.914024999999995
       ],
       [
        116.04969900000002,
        39.913585999999995
       ],
       [
        116.046176,
        39.90440199999999
       ]
      ]
     ],
     [
      [
       [
        116.049365,
        39.90939100000001
       ],
       [
        116.05019200000001,
        39.913395
       ],
       [
        116.052638,
        39.911695
       ],
       [
        116.050654,
        39.909186999999996
       ],
       [
        116.049365,
        39.90939100000001
       ]
      ]
     ],
     [
      [
       [
        116.043826,
        39.92739999999999
       ],
       [
        116.04383899999999,
        39.929772
       ],
       [
        116.06300000000002,
        39.928847
       ],
       [
        116.05581000000001,
        39.926688
       ],
       [
        116.043826,
        39.92739999999999
       ]
      ]
     ],
     [
      [
       [
        116.05105000000002,
        39.935085
       ],
       [
        116.04773899999999,
        39.932874
       ],
       [
        116.04451100000001,
        39.931909000000005
       ],
       [
        116.04385499999998,
        39.93261899999999
       ],
       [
        116.04747899999998,
        39.93544099999998
       ],
       [
        116.05105000000002,
        39.935085
       ]
      ]
     ],
     [
      [
       [
        116.06008500000002,
        39.93776999999999
       ],
       [
        116.05975700000002,
        39.935764000000006
       ],
       [
        116.056184,
        39.93506500000001
       ],
       [
        116.057141,
        39.938252999999996
       ],
       [
        116.06008500000002,
        39.93776999999999
       ]
      ]
     ],
     [
      [
       [
        116.05305700000001,
        39.935004
       ],
       [
        116.052056,
        39.937244
       ],
       [
        116.05530300000001,
        39.93828599999999
       ],
       [
        116.055427,
        39.93606
       ],
       [
        116.05305700000001,
        39.935004
       ]
      ]
     ],
     [
      [
       [
        116.04418499999998,
        39.943371000000006
       ],
       [
        116.04709,
        39.943523
       ],
       [
        116.050423,
        39.940596
       ],
       [
        116.04903476612873,
        39.93987885272874
       ],
       [
        116.051365,
        39.938641999999994
       ],
       [
        116.05105099999999,
        39.93703699999999
       ],
       [
        116.04467700000001,
        39.93429899999999
       ],
       [
        116.043877,
        39.935316
       ],
       [
        116.047314607548,
        39.938990192966685
       ],
       [
        116.04416900000001,
        39.93736500000001
       ],
       [
        116.04418499999998,
        39.943371000000006
       ]
      ]
     ],
     [
      [
       [
        116.0534477968105,
        39.99061864864788
       ],
       [
        116.055292,
        39.993796999999994
       ],
       [
        116.065758,
        39.993748999999994
       ],
       [
        116.06348404441306,
        39.99157207521275
       ],
       [
        116.065552,
        39.99265
       ],
       [
        116.071608,
        39.990732
       ],
       [
        116.07145500000001,
        39.988144000000005
       ],
       [
        116.064117,
        39.990067
       ],
       [
        116.06334368604088,
        39.99143770005208
       ],
       [
        116.05849843977715,
        39.9867985733577
       ],
       [
        116.061118,
        39.98481699999999
       ],
       [
        116.04385499999998,
        39.97699199999999
       ],
       [
        116.04416900000001,
        39.997634999999995
       ],
       [
        116.0534477968105,
        39.99061864864788
       ]
      ]
     ],
     [
      [
       [
        116.04718300000002,
        39.998157
       ],
       [
        116.04426800000002,
        39.998175
       ],
       [
        116.04394700000002,
        40.00065000000001
       ],
       [
        116.04878499999998,
        39.999701
       ],
       [
        116.04718300000002,
        39.998157
       ]
      ]
     ],
     [
      [
       [
        116.044766,
        40.004278
       ],
       [
        116.047912,
        40.00365800000001
       ],
       [
        116.045545,
        40.00050099999999
       ],
       [
        116.043879,
        40.00134100000001
       ],
       [
        116.044766,
        40.004278
       ]
      ]
     ],
     [
      [
       [
        116.050795,
        40.00261999999999
       ],
       [
        116.04793700000002,
        40.004018
       ],
       [
        116.051674,
        40.00499
       ],
       [
        116.055377,
        40.004446999999985
       ],
       [
        116.05373499999999,
        40.00288400000001
       ],
       [
        116.050795,
        40.00261999999999
       ]
      ]
     ],
     [
      [
       [
        116.05575500000002,
        40.008173
       ],
       [
        116.05613862581798,
        40.00675138295914
       ],
       [
        116.05813846615803,
        40.00778091025864
       ],
       [
        116.058661,
        40.011768000000004
       ],
       [
        116.06439700000001,
        40.01539199999999
       ],
       [
        116.066415,
        40.012944
       ],
       [
        116.05887030590327,
        40.007943906287274
       ],
       [
        116.063698,
        40.009018999999995
       ],
       [
        116.06604800000001,
        40.00824300000001
       ],
       [
        116.063224,
        40.004111
       ],
       [
        116.057907,
        40.00357399999999
       ],
       [
        116.054534,
        40.005515
       ],
       [
        116.05556033723033,
        40.00630581249456
       ],
       [
        116.04518700000001,
        40.004286
       ],
       [
        116.04386200000002,
        40.006936
       ],
       [
        116.046218,
        40.008522
       ],
       [
        116.05575500000002,
        40.008173
       ]
      ]
     ],
     [
      [
       [
        116.04938499999999,
        40.01351499999999
       ],
       [
        116.053016,
        40.012343
       ],
       [
        116.05778200000002,
        40.010906
       ],
       [
        116.05679,
        40.009742
       ],
       [
        116.048028,
        40.010993000000006
       ],
       [
        116.04938499999999,
        40.01351499999999
       ]
      ]
     ],
     [
      [
       [
        116.05332999999999,
        40.01386999999999
       ],
       [
        116.05411399999998,
        40.016606
       ],
       [
        116.05617583017255,
        40.01554771995665
       ],
       [
        116.061546,
        40.01731399999999
       ],
       [
        116.062353,
        40.016533
       ],
       [
        116.06008500000002,
        40.014314999999996
       ],
       [
        116.05633257534265,
        40.01546726415566
       ],
       [
        116.057652,
        40.01479
       ],
       [
        116.05556000000001,
        40.012119999999996
       ],
       [
        116.05332999999999,
        40.01386999999999
       ]
      ]
     ],
     [
      [
       [
        116.050133,
        40.019465999999994
       ],
       [
        116.04636600000002,
        40.017329999999994
       ],
       [
        116.043889,
        40.019596
       ],
       [
        116.043868,
        40.022852
       ],
       [
        116.04511100000002,
        40.023499
       ],
       [
        116.050133,
        40.019465999999994
       ]
      ]
     ],
     [
      [
       [
        116.05881100000002,
        40.025341
       ],
       [
        116.05888799999998,
        40.01959600000001
       ],
       [
        116.05402900000001,
        40.017612
       ],
       [
        116.05240500000001,
        40.02341599999999
       ],
       [
        116.05881100000002,
        40.025341
       ]
      ]
     ],
     [
      [
       [
        116.044483,
        40.02516
       ],
       [
        116.04581,
        40.028394999999996
       ],
       [
        116.047825,
        40.02842499999999
       ],
       [
        116.04719300000001,
        40.022603999999994
       ],
       [
        116.044483,
        40.02516
       ]
      ]
     ],
     [
      [
       [
        116.057507,
        40.032483
       ],
       [
        116.062059,
        40.032019
       ],
       [
        116.054407,
        40.02636499999999
       ],
       [
        116.051722,
        40.02951500000002
       ],
       [
        116.057507,
        40.032483
       ]
      ]
     ],
     [
      [
       [
        116.05037500000002,
        40.031954999999996
       ],
       [
        116.05001800000001,
        40.029959999999996
       ],
       [
        116.04705200000001,
        40.02872299999999
       ],
       [
        116.04480299999999,
        40.030187000000005
       ],
       [
        116.046188,
        40.032237
       ],
       [
        116.05037500000002,
        40.031954999999996
       ]
      ]
     ],
     [
      [
       [
        116.047999,
        40.034419
       ],
       [
        116.04399500000001,
        40.035560999999994
       ],
       [
        116.051876,
        40.03889799999999
       ],
       [
        116.05377300000002,
        40.036122
       ],
       [
        116.047999,
        40.034419
       ]
      ]
     ],
     [
      [
       [
        116.051491,
        40.04930099999999
       ],
       [
        116.05427900000001,
        40.050307
       ],
       [
        116.05923815906635,
        40.047808641750954
       ],
       [
        116.066614,
        40.05407799999999
       ],
       [
        116.07300799999999,
        40.050187
       ],
       [
        116.071106,
        40.044481
       ],
       [
        116.06426430601665,
        40.045562260766275
       ],
       [
        116.068615,
        40.04401599999999
       ],
       [
        116.060603,
        40.039887
       ],
       [
        116.0616765265999,
        40.04362694724874
       ],
       [
        116.059239,
        40.043155
       ],
       [
        116.0592388279157,
        40.04411013895702
       ],
       [
        116.05598600000002,
        40.03921599999999
       ],
       [
        116.051052,
        40.039398
       ],
       [
        116.0507004255345,
        40.042426621889284
       ],
       [
        116.04667999999998,
        40.041533
       ],
       [
        116.047467,
        40.04411199999999
       ],
       [
        116.05055667338415,
        40.04366488353882
       ],
       [
        116.05013799999999,
        40.047271
       ],
       [
        116.051491,
        40.04930099999999
       ]
      ]
     ],
     [
      [
       [
        116.045739,
        40.050312
       ],
       [
        116.04805199999998,
        40.05219399999999
       ],
       [
        116.050424,
        40.049037
       ],
       [
        116.047188,
        40.04771999999999
       ],
       [
        116.045739,
        40.050312
       ]
      ]
     ],
     [
      [
       [
        116.04958800000001,
        40.057897000000004
       ],
       [
        116.052314,
        40.05560700000001
       ],
       [
        116.05022199999999,
        40.05316899999999
       ],
       [
        116.04920400000002,
        40.053804
       ],
       [
        116.04958800000001,
        40.057897000000004
       ]
      ]
     ],
     [
      [
       [
        116.046084,
        40.057195
       ],
       [
        116.043889,
        40.059459999999994
       ],
       [
        116.044457,
        40.061226
       ],
       [
        116.04793400000001,
        40.05982999999999
       ],
       [
        116.046084,
        40.057195
       ]
      ]
     ],
     [
      [
       [
        116.04820500000001,
        40.06525900000001
       ],
       [
        116.052857,
        40.064723
       ],
       [
        116.05318000000001,
        40.062245999999995
       ],
       [
        116.05025299999998,
        40.060059
       ],
       [
        116.047086,
        40.060348
       ],
       [
        116.044889,
        40.063531
       ],
       [
        116.04820500000001,
        40.06525900000001
       ]
      ]
     ],
     [
      [
       [
        116.046302,
        40.098713000000004
       ],
       [
        116.051068,
        40.096629
       ],
       [
        116.050061,
        40.09405799999998
       ],
       [
        116.04762199999999,
        40.093735
       ],
       [
        116.04589805017393,
        40.095132027073426
       ],
       [
        116.04887600000002,
        40.09252599999999
       ],
       [
        116.04402899999998,
        40.092336
       ],
       [
        116.04385699999999,
        40.096131
       ],
       [
        116.046302,
        40.098713000000004
       ]
      ]
     ],
     [
      [
       [
        116.048564,
        40.10464999999999
       ],
       [
        116.046555,
        40.10184999999999
       ],
       [
        116.04390800000002,
        40.10214599999999
       ],
       [
        116.04399500000001,
        40.10342399999998
       ],
       [
        116.048564,
        40.10464999999999
       ]
      ]
     ],
     [
      [
       [
        116.046525,
        40.10634199999999
       ],
       [
        116.04784499999998,
        40.108911
       ],
       [
        116.051995,
        40.107820999999994
       ],
       [
        116.050247,
        40.10514100000001
       ],
       [
        116.046525,
        40.10634199999999
       ]
      ]
     ],
     [
      [
       [
        116.05411999999998,
        40.131927
       ],
       [
        116.05783300000002,
        40.13190099999999
       ],
       [
        116.05828,
        40.12925799999999
       ],
       [
        116.05247199999998,
        40.12912899999999
       ],
       [
        116.05205300000002,
        40.130626
       ],
       [
        116.05411999999998,
        40.131927
       ]
      ]
     ],
     [
      [
       [
        116.06391600000002,
        39.888626
       ],
       [
        116.06066400000002,
        39.887561000000005
       ],
       [
        116.058294,
        39.89062
       ],
       [
        116.060618,
        39.892261
       ],
       [
        116.062942,
        39.89123399999999
       ],
       [
        116.06391600000002,
        39.888626
       ]
      ]
     ],
     [
      [
       [
        116.063629,
        39.893468
       ],
       [
        116.06629499999998,
        39.89723299999999
       ],
       [
        116.06798199999999,
        39.894536
       ],
       [
        116.06591300000001,
        39.892528000000006
       ],
       [
        116.063629,
        39.893468
       ]
      ]
     ],
     [
      [
       [
        116.062719,
        39.90129699999999
       ],
       [
        116.06235100000002,
        39.89788800000001
       ],
       [
        116.05763,
        39.89607900000001
       ],
       [
        116.056412,
        39.89823799999999
       ],
       [
        116.062719,
        39.90129699999999
       ]
      ]
     ],
     [
      [
       [
        116.055469,
        39.901535
       ],
       [
        116.055289,
        39.905289
       ],
       [
        116.06387,
        39.90643399999999
       ],
       [
        116.060688,
        39.90253700000001
       ],
       [
        116.055469,
        39.901535
       ]
      ]
     ],
     [
      [
       [
        116.073679,
        39.904666
       ],
       [
        116.07809000000002,
        39.906279999999995
       ],
       [
        116.080212,
        39.905226
       ],
       [
        116.078237,
        39.903234
       ],
       [
        116.07405500000002,
        39.902253
       ],
       [
        116.073679,
        39.904666
       ]
      ]
     ],
     [
      [
       [
        116.06822,
        39.90657100000001
       ],
       [
        116.065256,
        39.905809999999995
       ],
       [
        116.06157799999998,
        39.907504
       ],
       [
        116.06293700000002,
        39.908649
       ],
       [
        116.069587,
        39.908462
       ],
       [
        116.06822,
        39.90657100000001
       ]
      ]
     ],
     [
      [
       [
        116.076669,
        39.93408099999999
       ],
       [
        116.06314100000002,
        39.92902
       ],
       [
        116.080526,
        39.93726
       ],
       [
        116.076669,
        39.93408099999999
       ]
      ]
     ],
     [
      [
       [
        116.076112,
        39.945347
       ],
       [
        116.07325999999999,
        39.941648
       ],
       [
        116.072167,
        39.94268
       ],
       [
        116.07280466660325,
        39.943777064091954
       ],
       [
        116.058691,
        39.93974699999999
       ],
       [
        116.05178999999998,
        39.94075999999998
       ],
       [
        116.048966,
        39.946073000000005
       ],
       [
        116.05311600000002,
        39.948722999999994
       ],
       [
        116.06805100000001,
        39.95041499999999
       ],
       [
        116.07395700000001,
        39.94671999999999
       ],
       [
        116.07296890993406,
        39.94405962794103
       ],
       [
        116.076112,
        39.945347
       ]
      ]
     ],
     [
      [
       [
        116.06352600000001,
        39.95735799999999
       ],
       [
        116.054991,
        39.95281799999999
       ],
       [
        116.053619,
        39.953869000000005
       ],
       [
        116.059386,
        39.958211
       ],
       [
        116.06389,
        39.95861500000001
       ],
       [
        116.06352600000001,
        39.95735799999999
       ]
      ]
     ],
     [
      [
       [
        116.072727502953,
        39.98665239850683
       ],
       [
        116.07179500000001,
        39.993171000000004
       ],
       [
        116.074105,
        39.99616
       ],
       [
        116.079323,
        39.99811
       ],
       [
        116.08584300000001,
        39.996362
       ],
       [
        116.07502853514247,
        39.98756142365374
       ],
       [
        116.07824,
        39.98883000000001
       ],
       [
        116.079611,
        39.988239
       ],
       [
        116.07983556060341,
        39.98380909095523
       ],
       [
        116.08364900000001,
        39.983782999999995
       ],
       [
        116.08002102242396,
        39.98014996790302
       ],
       [
        116.08054700000001,
        39.96977
       ],
       [
        116.07302311068358,
        39.964629065527205
       ],
       [
        116.078995,
        39.963062
       ],
       [
        116.07468899999999,
        39.96110000000001
       ],
       [
        116.04391,
        39.95668800000001
       ],
       [
        116.043543,
        39.97511699999999
       ],
       [
        116.072727502953,
        39.98665239850683
       ]
      ]
     ],
     [
      [
       [
        116.068179,
        39.98627700000001
       ],
       [
        116.064078,
        39.98628800000001
       ],
       [
        116.06305700000001,
        39.988752999999996
       ],
       [
        116.071087,
        39.98806100000001
       ],
       [
        116.068179,
        39.98627700000001
       ]
      ]
     ],
     [
      [
       [
        116.057097,
        40.00403800000001
       ],
       [
        116.06021451861864,
        40.002203389960975
       ],
       [
        116.064233,
        40.002709
       ],
       [
        116.06123800000002,
        39.998839999999994
       ],
       [
        116.06002604149332,
        39.99893429968236
       ],
       [
        116.06237300000001,
        39.997657
       ],
       [
        116.060835,
        39.994552000000006
       ],
       [
        116.054689,
        39.995054999999994
       ],
       [
        116.05543800000001,
        40.001431
       ],
       [
        116.05730969519377,
        40.00041251349229
       ],
       [
        116.05879369778951,
        40.001327448759625
       ],
       [
        116.054619,
        40.002688
       ],
       [
        116.057097,
        40.00403800000001
       ]
      ]
     ],
     [
      [
       [
        116.06789500000001,
        39.996494999999996
       ],
       [
        116.06471,
        39.99554
       ],
       [
        116.06395,
        39.99697400000001
       ],
       [
        116.06796700000001,
        40.002377
       ],
       [
        116.071787,
        40.001400999999994
       ],
       [
        116.06789500000001,
        39.996494999999996
       ]
      ]
     ],
     [
      [
       [
        116.07151,
        40.01506299999999
       ],
       [
        116.07319100000001,
        40.01516699999999
       ],
       [
        116.07461400000001,
        40.01209800000001
       ],
       [
        116.07118737767931,
        40.00461982664805
       ],
       [
        116.077381,
        40.00641099999999
       ],
       [
        116.08091643681564,
        40.00592031569048
       ],
       [
        116.085378,
        40.009904000000006
       ],
       [
        116.086536,
        40.009547
       ],
       [
        116.085862,
        40.00794400000001
       ],
       [
        116.08185354807631,
        40.005094106040744
       ],
       [
        116.088111,
        40.005939999999995
       ],
       [
        116.09060199999999,
        40.003958000000004
       ],
       [
        116.087078,
        40.00007800000001
       ],
       [
        116.08485900000001,
        39.999549
       ],
       [
        116.08366020743209,
        40.0019118973983
       ],
       [
        116.081701,
        40.00005099999999
       ],
       [
        116.079009,
        39.999770999999996
       ],
       [
        116.07010912588653,
        40.00395624399784
       ],
       [
        116.06659700000002,
        40.002894
       ],
       [
        116.06614,
        40.00427899999999
       ],
       [
        116.07151,
        40.01506299999999
       ]
      ]
     ],
     [
      [
       [
        116.07168000000001,
        40.023959
       ],
       [
        116.074897,
        40.02197100000001
       ],
       [
        116.06884300000002,
        40.019247
       ],
       [
        116.06773800000002,
        40.02146200000001
       ],
       [
        116.07168000000001,
        40.023959
       ]
      ]
     ],
     [
      [
       [
        116.06667599999999,
        40.023903999999995
       ],
       [
        116.06325600000001,
        40.02255400000001
       ],
       [
        116.06049600000001,
        40.02473100000001
       ],
       [
        116.06338199999999,
        40.02539199999999
       ],
       [
        116.06667599999999,
        40.023903999999995
       ]
      ]
     ],
     [
      [
       [
        116.07054200000002,
        40.02373599999999
       ],
       [
        116.06902300000002,
        40.024548
       ],
       [
        116.06942200000002,
        40.026307999999986
       ],
       [
        116.07273199999999,
        40.02634700000001
       ],
       [
        116.072908,
        40.02448900000001
       ],
       [
        116.07054200000002,
        40.02373599999999
       ]
      ]
     ],
     [
      [
       [
        116.071475,
        40.03795099999999
       ],
       [
        116.069427,
        40.036339999999996
       ],
       [
        116.06206000000002,
        40.035126
       ],
       [
        116.058327,
        40.03620599999999
       ],
       [
        116.060036,
        40.038897999999996
       ],
       [
        116.067307,
        40.041286
       ],
       [
        116.069983,
        40.041051
       ],
       [
        116.071475,
        40.03795099999999
       ]
      ]
     ],
     [
      [
       [
        116.05964100000001,
        40.062343999999996
       ],
       [
        116.06249700000001,
        40.062395
       ],
       [
        116.06391900000001,
        40.05994899999999
       ],
       [
        116.05937600000001,
        40.057456
       ],
       [
        116.056745,
        40.05822700000001
       ],
       [
        116.05964100000001,
        40.062343999999996
       ]
      ]
     ],
     [
      [
       [
        116.060399,
        40.063768
       ],
       [
        116.05817599999999,
        40.061042000000015
       ],
       [
        116.056466,
        40.061567
       ],
       [
        116.056851,
        40.064265
       ],
       [
        116.060399,
        40.063768
       ]
      ]
     ],
     [
      [
       [
        116.057667,
        40.10632699999999
       ],
       [
        116.059955,
        40.109089
       ],
       [
        116.06863900000002,
        40.107431999999996
       ],
       [
        116.05968931700698,
        40.10541376153252
       ],
       [
        116.063931,
        40.10257899999999
       ],
       [
        116.062972,
        40.099329999999995
       ],
       [
        116.060579,
        40.09730399999999
       ],
       [
        116.055872,
        40.099976
       ],
       [
        116.057889,
        40.10558900000001
       ],
       [
        116.05932689514776,
        40.10544904111955
       ],
       [
        116.057667,
        40.10632699999999
       ]
      ]
     ],
     [
      [
       [
        116.06889700000002,
        40.11090899999999
       ],
       [
        116.06495199999999,
        40.108689
       ],
       [
        116.063002,
        40.11010799999999
       ],
       [
        116.06759499999998,
        40.11456200000001
       ],
       [
        116.06957800000002,
        40.11255299999999
       ],
       [
        116.06889700000002,
        40.11090899999999
       ]
      ]
     ],
     [
      [
       [
        116.058607,
        40.12173500000001
       ],
       [
        116.062597,
        40.124809
       ],
       [
        116.06487100000001,
        40.12299099999999
       ],
       [
        116.062465,
        40.12055799999999
       ],
       [
        116.058607,
        40.12173500000001
       ]
      ]
     ],
     [
      [
       [
        116.05989600000001,
        40.132781
       ],
       [
        116.06541800000001,
        40.140706
       ],
       [
        116.07845100000002,
        40.13881299999999
       ],
       [
        116.079625,
        40.137697
       ],
       [
        116.079623,
        40.132818
       ],
       [
        116.07721700000002,
        40.13099899999999
       ],
       [
        116.060756,
        40.131702999999995
       ],
       [
        116.05989600000001,
        40.132781
       ]
      ]
     ],
     [
      [
       [
        116.080545,
        39.89167499999999
       ],
       [
        116.079791,
        39.89017599999999
       ],
       [
        116.07653500000002,
        39.89003399999999
       ],
       [
        116.077919,
        39.892965
       ],
       [
        116.080545,
        39.89167499999999
       ]
      ]
     ],
     [
      [
       [
        116.135298,
        39.891556
       ],
       [
        116.131977,
        39.891339
       ],
       [
        116.122965,
        39.894486
       ],
       [
        116.123678,
        39.894642000000005
       ],
       [
        116.135298,
        39.891556
       ]
      ]
     ],
     [
      [
       [
        116.096092,
        39.910595
       ],
       [
        116.089773,
        39.914893000000006
       ],
       [
        116.090056,
        39.91600499999999
       ],
       [
        116.09810200000001,
        39.91089499999999
       ],
       [
        116.096092,
        39.910595
       ]
      ]
     ],
     [
      [
       [
        116.12608499999999,
        39.92735999999999
       ],
       [
        116.122988,
        39.930135000000014
       ],
       [
        116.12280300000002,
        39.93235399999999
       ],
       [
        116.12636700000002,
        39.92917200000001
       ],
       [
        116.12608499999999,
        39.92735999999999
       ]
      ]
     ],
     [
      [
       [
        116.12106800000001,
        39.93522999999999
       ],
       [
        116.124742,
        39.935872
       ],
       [
        116.12631000000002,
        39.931027
       ],
       [
        116.121787,
        39.933164000000005
       ],
       [
        116.12106800000001,
        39.93522999999999
       ]
      ]
     ],
     [
      [
       [
        116.120288,
        39.93644599999999
       ],
       [
        116.11703500000002,
        39.940324
       ],
       [
        116.11733200000002,
        39.94353300000001
       ],
       [
        116.123844,
        39.937239000000005
       ],
       [
        116.120288,
        39.93644599999999
       ]
      ]
     ],
     [
      [
       [
        116.08099199999998,
        39.93714
       ],
       [
        116.08702900000002,
        39.941137000000005
       ],
       [
        116.100643,
        39.943862
       ],
       [
        116.100167,
        39.942132
       ],
       [
        116.08099199999998,
        39.93714
       ]
      ]
     ],
     [
      [
       [
        116.129969,
        39.946366
       ],
       [
        116.13508099999999,
        39.94188900000001
       ],
       [
        116.12524,
        39.94502799999999
       ],
       [
        116.127225,
        39.946363999999996
       ],
       [
        116.129969,
        39.946366
       ]
      ]
     ],
     [
      [
       [
        116.10084061494014,
        39.955282080312145
       ],
       [
        116.09408800000001,
        39.961026000000004
       ],
       [
        116.08533899999999,
        39.99468199999999
       ],
       [
        116.088301,
        39.99426499999999
       ],
       [
        116.09554199999998,
        39.989268
       ],
       [
        116.0985357771374,
        39.977595087819964
       ],
       [
        116.101407,
        39.98314499999999
       ],
       [
        116.11067100000001,
        39.97236899999999
       ],
       [
        116.100512,
        39.97061600000001
       ],
       [
        116.09918078226943,
        39.97507962181471
       ],
       [
        116.10349,
        39.958268999999994
       ],
       [
        116.103436,
        39.955975999999986
       ],
       [
        116.1012095455574,
        39.955380724478644
       ],
       [
        116.103749,
        39.95553399999999
       ],
       [
        116.11286799999999,
        39.94554699999999
       ],
       [
        116.112263,
        39.942985
       ],
       [
        116.107631,
        39.94292099999999
       ],
       [
        116.10084061494014,
        39.955282080312145
       ]
      ]
     ],
     [
      [
       [
        116.11076300000002,
        39.952208999999996
       ],
       [
        116.11812800000001,
        39.94690999999999
       ],
       [
        116.11551000000001,
        39.947401000000006
       ],
       [
        116.11076300000002,
        39.952208999999996
       ]
      ]
     ],
     [
      [
       [
        116.11860000000001,
        39.951007000000004
       ],
       [
        116.116455,
        39.955806
       ],
       [
        116.122748,
        39.954909
       ],
       [
        116.12599800000001,
        39.952956
       ],
       [
        116.12765500000002,
        39.94784500000001
       ],
       [
        116.121787,
        39.94834999999999
       ],
       [
        116.11860000000001,
        39.951007000000004
       ]
      ]
     ],
     [
      [
       [
        116.08106599999999,
        39.956086
       ],
       [
        116.083403,
        39.956111
       ],
       [
        116.08384399999998,
        39.952334
       ],
       [
        116.08058583281814,
        39.95278166626902
       ],
       [
        116.081467,
        39.95147
       ],
       [
        116.07969400000002,
        39.95042
       ],
       [
        116.076904,
        39.95072300000001
       ],
       [
        116.077179,
        39.953869999999995
       ],
       [
        116.08106599999999,
        39.956086
       ]
      ]
     ],
     [
      [
       [
        116.110745,
        39.971295
       ],
       [
        116.110063,
        39.96765599999999
       ],
       [
        116.10796299999998,
        39.968056000000004
       ],
       [
        116.107573,
        39.96965899999999
       ],
       [
        116.110745,
        39.971295
       ]
      ]
     ],
     [
      [
       [
        116.119988,
        39.97339099999999
       ],
       [
        116.120748,
        39.97220000000001
       ],
       [
        116.119407,
        39.971129
       ],
       [
        116.11585000000001,
        39.97111099999999
       ],
       [
        116.1158,
        39.97310499999999
       ],
       [
        116.119988,
        39.97339099999999
       ]
      ]
     ],
     [
      [
       [
        116.124207,
        39.97509300000001
       ],
       [
        116.12600000000002,
        39.977456
       ],
       [
        116.12827399999999,
        39.97610999999999
       ],
       [
        116.12491799999998,
        39.973915999999996
       ],
       [
        116.124207,
        39.97509300000001
       ]
      ]
     ],
     [
      [
       [
        116.135019,
        39.979338999999996
       ],
       [
        116.13475800000002,
        39.97680499999999
       ],
       [
        116.130122,
        39.97509599999999
       ],
       [
        116.12891600000002,
        39.977252
       ],
       [
        116.130971,
        39.97981399999999
       ],
       [
        116.135019,
        39.979338999999996
       ]
      ]
     ],
     [
      [
       [
        116.102978,
        39.99164900000001
       ],
       [
        116.109735,
        39.994311999999994
       ],
       [
        116.12247399999998,
        39.993335
       ],
       [
        116.124834,
        39.988384999999994
       ],
       [
        116.11168200000002,
        39.97509399999999
       ],
       [
        116.099142,
        39.98802899999999
       ],
       [
        116.102978,
        39.99164900000001
       ]
      ]
     ],
     [
      [
       [
        116.119465,
        40.02147000000001
       ],
       [
        116.11873881015372,
        40.0168144222139
       ],
       [
        116.120232,
        40.017315999999994
       ],
       [
        116.12200888473843,
        40.00894817787805
       ],
       [
        116.12382099999999,
        40.00822599999999
       ],
       [
        116.123146,
        40.005754
       ],
       [
        116.116987,
        40.003805
       ],
       [
        116.11511100000001,
        40.00494
       ],
       [
        116.11685040861659,
        40.00750071442796
       ],
       [
        116.11139,
        40.008657
       ],
       [
        116.109777,
        40.01453699999999
       ],
       [
        116.112999,
        40.022955
       ],
       [
        116.119465,
        40.02147000000001
       ]
      ],
      [
       [
        116.11730626225875,
        40.00762863819621
       ],
       [
        116.11978318002969,
        40.008323682817846
       ],
       [
        116.118908,
        40.00891299999999
       ],
       [
        116.12032546301384,
        40.01250768481896
       ],
       [
        116.11811255494696,
        40.01279903731455
       ],
       [
        116.11730626225875,
        40.00762863819621
       ]
      ]
     ],
     [
      [
       [
        116.076225,
        40.012349
       ],
       [
        116.076534,
        40.019575
       ],
       [
        116.078215,
        40.019675
       ],
       [
        116.078378,
        40.013496999999994
       ],
       [
        116.076225,
        40.012349
       ]
      ]
     ],
     [
      [
       [
        116.08431200000001,
        40.01603699999999
       ],
       [
        116.08202799999998,
        40.01592399999999
       ],
       [
        116.080578,
        40.01732999999999
       ],
       [
        116.08155800000002,
        40.020528
       ],
       [
        116.08323900000002,
        40.02133499999999
       ],
       [
        116.08431200000001,
        40.01603699999999
       ]
      ]
     ],
     [
      [
       [
        116.07671300000001,
        40.10487500000001
       ],
       [
        116.078603,
        40.104343
       ],
       [
        116.079843,
        40.102336
       ],
       [
        116.074058,
        40.10331299999999
       ],
       [
        116.07671300000001,
        40.10487500000001
       ]
      ]
     ],
     [
      [
       [
        116.078375,
        40.111340999999996
       ],
       [
        116.07530400000002,
        40.10489199999999
       ],
       [
        116.07430799999999,
        40.105075
       ],
       [
        116.07336100000002,
        40.111267
       ],
       [
        116.07587599999998,
        40.114141
       ],
       [
        116.078375,
        40.111340999999996
       ]
      ]
     ],
     [
      [
       [
        116.08998100000001,
        40.115635000000005
       ],
       [
        116.088973,
        40.113746000000006
       ],
       [
        116.08484166949216,
        40.11320686921831
       ],
       [
        116.08622499999998,
        40.11149999999999
       ],
       [
        116.083166,
        40.110115
       ],
       [
        116.081209,
        40.112272999999995
       ],
       [
        116.0833854751017,
        40.113683414115876
       ],
       [
        116.081206,
        40.116273
       ],
       [
        116.08268400000001,
        40.11745299999999
       ],
       [
        116.08998100000001,
        40.115635000000005
       ]
      ]
     ],
     [
      [
       [
        116.081993,
        40.11963000000001
       ],
       [
        116.085127,
        40.124548999999995
       ],
       [
        116.10278300000002,
        40.13050600000001
       ],
       [
        116.111815,
        40.128344
       ],
       [
        116.113842,
        40.12558099999999
       ],
       [
        116.1032074282131,
        40.12133748093327
       ],
       [
        116.10692000000002,
        40.120164
       ],
       [
        116.101099,
        40.116769
       ],
       [
        116.095017,
        40.11627699999999
       ],
       [
        116.09753958157592,
        40.11907522484901
       ],
       [
        116.093516,
        40.117469
       ],
       [
        116.08769600000001,
        40.11771300000001
       ],
       [
        116.081993,
        40.11963000000001
       ]
      ]
     ],
     [
      [
       [
        116.121694,
        40.130016999999995
       ],
       [
        116.118208,
        40.129092
       ],
       [
        116.110921,
        40.131001999999995
       ],
       [
        116.111558,
        40.132639
       ],
       [
        116.116388,
        40.132411
       ],
       [
        116.121694,
        40.130016999999995
       ]
      ]
     ],
     [
      [
       [
        116.097855,
        40.138038
       ],
       [
        116.101208,
        40.139996000000004
       ],
       [
        116.105673,
        40.138655
       ],
       [
        116.10358199999999,
        40.134321
       ],
       [
        116.097855,
        40.138038
       ]
      ]
     ],
     [
      [
       [
        116.19505,
        39.885568
       ],
       [
        116.17944800000001,
        39.8854
       ],
       [
        116.183842,
        39.889908
       ],
       [
        116.19120100000002,
        39.88798500000001
       ],
       [
        116.19505,
        39.885568
       ]
      ]
     ],
     [
      [
       [
        116.165358,
        39.890253
       ],
       [
        116.17060200000002,
        39.892751999999994
       ],
       [
        116.179596,
        39.892727999999984
       ],
       [
        116.182899,
        39.88941
       ],
       [
        116.178728,
        39.885232
       ],
       [
        116.167685,
        39.887564000000005
       ],
       [
        116.165358,
        39.890253
       ]
      ]
     ],
     [
      [
       [
        116.157882,
        39.897729000000005
       ],
       [
        116.16343500000002,
        39.891375999999994
       ],
       [
        116.16187099999999,
        39.889908
       ],
       [
        116.151919,
        39.89766900000001
       ],
       [
        116.157882,
        39.897729000000005
       ]
      ]
     ],
     [
      [
       [
        116.167743,
        39.89316099999999
       ],
       [
        116.16451600000002,
        39.891375
       ],
       [
        116.16129199999999,
        39.89644199999999
       ],
       [
        116.16266700000001,
        39.896277999999995
       ],
       [
        116.167743,
        39.89316099999999
       ]
      ]
     ],
     [
      [
       [
        116.156442,
        39.89804399999999
       ],
       [
        116.152547,
        39.898283
       ],
       [
        116.144657,
        39.907340000000005
       ],
       [
        116.14932400000001,
        39.90794199999999
       ],
       [
        116.15047999999999,
        39.907160999999995
       ],
       [
        116.156442,
        39.89804399999999
       ]
      ]
     ],
     [
      [
       [
        116.15137499999999,
        39.907744999999984
       ],
       [
        116.144435,
        39.910354
       ],
       [
        116.14184,
        39.91255099999999
       ],
       [
        116.14146900000001,
        39.919332
       ],
       [
        116.14298200000002,
        39.91970499999999
       ],
       [
        116.15137499999999,
        39.907744999999984
       ]
      ]
     ],
     [
      [
       [
        116.127084,
        39.925606
       ],
       [
        116.12736,
        39.929606
       ],
       [
        116.129948,
        39.934448
       ],
       [
        116.14289299999999,
        39.91984299999999
       ],
       [
        116.14134300000002,
        39.919351999999996
       ],
       [
        116.127084,
        39.925606
       ]
      ]
     ],
     [
      [
       [
        116.13839970690904,
        39.94077633262332
       ],
       [
        116.134013,
        39.944565999999995
       ],
       [
        116.149979,
        39.95160099999999
       ],
       [
        116.16949525545863,
        39.94829563791426
       ],
       [
        116.17174099999998,
        39.95179900000001
       ],
       [
        116.175314,
        39.950311
       ],
       [
        116.17379380452934,
        39.94756713008323
       ],
       [
        116.186451,
        39.94542100000001
       ],
       [
        116.20581200000001,
        39.938529
       ],
       [
        116.168437,
        39.934518999999995
       ],
       [
        116.14386500000002,
        39.93761899999999
       ],
       [
        116.13955057076568,
        39.93978200551422
       ],
       [
        116.140213,
        39.938292000000004
       ],
       [
        116.138867,
        39.93672300000001
       ],
       [
        116.134664,
        39.934767
       ],
       [
        116.132053,
        39.93522999999999
       ],
       [
        116.136848,
        39.941088
       ],
       [
        116.13839970690904,
        39.94077633262332
       ]
      ]
     ],
     [
      [
       [
        116.14095900000001,
        39.957956
       ],
       [
        116.145236,
        39.958721
       ],
       [
        116.14705700000002,
        39.95791299999999
       ],
       [
        116.147677,
        39.955487
       ],
       [
        116.13633500000002,
        39.94833499999999
       ],
       [
        116.131773,
        39.947095
       ],
       [
        116.13051700000001,
        39.9477
       ],
       [
        116.14095900000001,
        39.957956
       ]
      ]
     ],
     [
      [
       [
        116.13843799999998,
        39.96364500000001
       ],
       [
        116.14011800000002,
        39.96339999999999
       ],
       [
        116.137946,
        39.95880799999999
       ],
       [
        116.126884,
        39.95211299999999
       ],
       [
        116.12585999999999,
        39.953425
       ],
       [
        116.13843799999998,
        39.96364500000001
       ]
      ]
     ],
     [
      [
       [
        116.15778899999998,
        39.961071
       ],
       [
        116.15573400000001,
        39.959458000000005
       ],
       [
        116.15122500000001,
        39.959813
       ],
       [
        116.152315,
        39.96059399999999
       ],
       [
        116.15778899999998,
        39.961071
       ]
      ]
     ],
     [
      [
       [
        116.14903800000002,
        39.963831
       ],
       [
        116.14874,
        39.965731999999996
       ],
       [
        116.15293600000001,
        39.96842199999999
       ],
       [
        116.154751,
        39.968912
       ],
       [
        116.15738500000002,
        39.96743099999999
       ],
       [
        116.155115,
        39.963257000000006
       ],
       [
        116.14903800000002,
        39.963831
       ]
      ]
     ],
     [
      [
       [
        116.13791,
        39.977215
       ],
       [
        116.141771,
        39.976583000000005
       ],
       [
        116.13872381566594,
        39.974372915189704
       ],
       [
        116.149593,
        39.975205
       ],
       [
        116.145987,
        39.971315999999995
       ],
       [
        116.14057500000001,
        39.969637999999996
       ],
       [
        116.133679,
        39.97024600000001
       ],
       [
        116.13828183450498,
        39.9741675842737
       ],
       [
        116.133623,
        39.97461899999998
       ],
       [
        116.13791,
        39.977215
       ]
      ]
     ],
     [
      [
       [
        116.153449,
        39.975910999999996
       ],
       [
        116.15385,
        39.977425999999994
       ],
       [
        116.16300700000001,
        39.980295
       ],
       [
        116.16469,
        39.976707
       ],
       [
        116.161416,
        39.97465799999999
       ],
       [
        116.153449,
        39.975910999999996
       ]
      ]
     ],
     [
      [
       [
        116.146145,
        39.98031199999999
       ],
       [
        116.148542,
        39.978925999999994
       ],
       [
        116.143138,
        39.977241
       ],
       [
        116.143801,
        39.979322
       ],
       [
        116.146145,
        39.98031199999999
       ]
      ]
     ],
     [
      [
       [
        116.150043,
        39.974868
       ],
       [
        116.14806600000001,
        39.981781
       ],
       [
        116.152201,
        39.983157000000006
       ],
       [
        116.15464400000002,
        39.97836199999999
       ],
       [
        116.150043,
        39.974868
       ]
      ]
     ],
     [
      [
       [
        116.14270099999999,
        39.97761200000001
       ],
       [
        116.14084799999999,
        39.97675400000001
       ],
       [
        116.139678,
        39.97753599999999
       ],
       [
        116.140238,
        39.982777
       ],
       [
        116.142516,
        39.98290999999999
       ],
       [
        116.14270099999999,
        39.97761200000001
       ]
      ]
     ],
     [
      [
       [
        116.12358100000002,
        39.993864000000016
       ],
       [
        116.12469,
        39.99476099999999
       ],
       [
        116.140504,
        39.997726
       ],
       [
        116.14076999999999,
        39.99511199999999
       ],
       [
        116.132818,
        39.99030299999999
       ],
       [
        116.12437999999999,
        39.99196499999999
       ],
       [
        116.12358100000002,
        39.993864000000016
       ]
      ]
     ],
     [
      [
       [
        116.14898700000002,
        39.996137
       ],
       [
        116.14524900000002,
        39.99675299999999
       ],
       [
        116.149407,
        39.99976099999999
       ],
       [
        116.14898700000002,
        39.996137
       ]
      ]
     ],
     [
      [
       [
        116.159384,
        40.00229
       ],
       [
        116.162696,
        40.00426199999999
       ],
       [
        116.16460399999998,
        40.003734999999985
       ],
       [
        116.165103,
        40.000018999999995
       ],
       [
        116.16297899999999,
        40.000036
       ],
       [
        116.159384,
        40.00229
       ]
      ]
     ],
     [
      [
       [
        116.148548,
        40.004254
       ],
       [
        116.15245300000001,
        40.00378099999999
       ],
       [
        116.147715,
        40.000009000000006
       ],
       [
        116.146182,
        40.00242099999999
       ],
       [
        116.148548,
        40.004254
       ]
      ]
     ],
     [
      [
       [
        116.15439188810693,
        40.00516519022277
       ],
       [
        116.149316,
        40.00998
       ],
       [
        116.150373,
        40.01300500000001
       ],
       [
        116.15520800000002,
        40.011311
       ],
       [
        116.15299085956741,
        40.009752544340444
       ],
       [
        116.154324,
        40.009333000000005
       ],
       [
        116.15273058200508,
        40.00711808318977
       ],
       [
        116.15712700000002,
        40.00771099999999
       ],
       [
        116.16050500000001,
        40.00707
       ],
       [
        116.161846,
        40.00560999999999
       ],
       [
        116.154535,
        39.998839000000004
       ],
       [
        116.15312400000002,
        40.000601999999986
       ],
       [
        116.15439188810693,
        40.00516519022277
       ]
      ]
     ],
     [
      [
       [
        116.145063,
        40.01254499999999
       ],
       [
        116.14831700000002,
        40.012482999999996
       ],
       [
        116.148564,
        40.009547
       ],
       [
        116.14381200000001,
        40.009298999999984
       ],
       [
        116.145063,
        40.01254499999999
       ]
      ]
     ],
     [
      [
       [
        116.129858,
        40.021364000000005
       ],
       [
        116.13819400000001,
        40.019424
       ],
       [
        116.140528,
        40.017573
       ],
       [
        116.13827500000001,
        40.011974
       ],
       [
        116.133421,
        40.00951499999999
       ],
       [
        116.128423,
        40.00930399999999
       ],
       [
        116.123285,
        40.019381
       ],
       [
        116.129858,
        40.021364000000005
       ]
      ]
     ],
     [
      [
       [
        116.13336200000002,
        40.09526400000001
       ],
       [
        116.13330900000001,
        40.096583
       ],
       [
        116.137022,
        40.09434199999999
       ],
       [
        116.13693599999999,
        40.092826
       ],
       [
        116.13336200000002,
        40.09526400000001
       ]
      ]
     ],
     [
      [
       [
        116.13330900000001,
        40.098243999999994
       ],
       [
        116.137335,
        40.095766
       ],
       [
        116.136622,
        40.094724
       ],
       [
        116.13336200000002,
        40.096925
       ],
       [
        116.13330900000001,
        40.098243999999994
       ]
      ]
     ],
     [
      [
       [
        116.13456400000001,
        40.09942999999999
       ],
       [
        116.14014300000001,
        40.09530900000001
       ],
       [
        116.13978500000002,
        40.09473800000001
       ],
       [
        116.13338,
        40.098568
       ],
       [
        116.13456400000001,
        40.09942999999999
       ]
      ]
     ],
     [
      [
       [
        116.13528400000001,
        40.09912299999999
       ],
       [
        116.140109,
        40.097234
       ],
       [
        116.14021400000001,
        40.095633
       ],
       [
        116.13528400000001,
        40.09912299999999
       ]
      ]
     ],
     [
      [
       [
        116.189609,
        40.119071999999996
       ],
       [
        116.19366838185111,
        40.117484700817435
       ],
       [
        116.191784,
        40.119057
       ],
       [
        116.19530687296714,
        40.11790616638661
       ],
       [
        116.193689,
        40.119309
       ],
       [
        116.19619900000001,
        40.119546
       ],
       [
        116.20045612891673,
        40.11707256247384
       ],
       [
        116.19839599999999,
        40.119546
       ],
       [
        116.20265312891406,
        40.11707256247419
       ],
       [
        116.200593,
        40.11954599999999
       ],
       [
        116.20573134936527,
        40.116487986411634
       ],
       [
        116.202478,
        40.11930900000001
       ],
       [
        116.2062876795901,
        40.11791066960735
       ],
       [
        116.20467499999998,
        40.119309
       ],
       [
        116.206615,
        40.119322
       ],
       [
        116.20857963884741,
        40.11782832933186
       ],
       [
        116.20687199999999,
        40.11930900000001
       ],
       [
        116.20881200000001,
        40.11932199999999
       ],
       [
        116.21077663884333,
        40.11782832933346
       ],
       [
        116.209069,
        40.119308999999994
       ],
       [
        116.21100900000002,
        40.11932199999999
       ],
       [
        116.21515800000002,
        40.11619
       ],
       [
        116.21366000000002,
        40.115328
       ],
       [
        116.20838965845606,
        40.11608795380062
       ],
       [
        116.196223,
        40.115353
       ],
       [
        116.19528691717323,
        40.11613413649119
       ],
       [
        116.19388599999999,
        40.115328
       ],
       [
        116.189609,
        40.119071999999996
       ]
      ]
     ],
     [
      [
       [
        116.17816800000001,
        40.13891
       ],
       [
        116.17451200000001,
        40.137642
       ],
       [
        116.16899900000001,
        40.137643
       ],
       [
        116.16784800000002,
        40.13912500000001
       ],
       [
        116.17816800000001,
        40.13891
       ]
      ]
     ],
     [
      [
       [
        116.171568,
        40.143671000000005
       ],
       [
        116.167397,
        40.140528
       ],
       [
        116.16665100000002,
        40.140803
       ],
       [
        116.168263,
        40.14469700000001
       ],
       [
        116.171568,
        40.143671000000005
       ]
      ]
     ],
     [
      [
       [
        116.174684,
        40.144854
       ],
       [
        116.173633,
        40.14455
       ],
       [
        116.159554,
        40.153275
       ],
       [
        116.16488200000002,
        40.15253499999999
       ],
       [
        116.17214600000001,
        40.148470999999994
       ],
       [
        116.174684,
        40.144854
       ]
      ]
     ],
     [
      [
       [
        116.147433,
        40.152583
       ],
       [
        116.138017,
        40.152344
       ],
       [
        116.127978,
        40.15381200000001
       ],
       [
        116.13491499999999,
        40.154240999999985
       ],
       [
        116.147433,
        40.152583
       ]
      ]
     ],
     [
      [
       [
        116.32602399999999,
        39.888274
       ],
       [
        116.32508400000002,
        39.885163
       ],
       [
        116.32442600000002,
        39.891093999999995
       ],
       [
        116.32602399999999,
        39.888274
       ]
      ]
     ],
     [
      [
       [
        116.24599000000002,
        39.887749
       ],
       [
        116.24626600000002,
        39.888958
       ],
       [
        116.26472900000002,
        39.88889
       ],
       [
        116.264652,
        39.887561999999996
       ],
       [
        116.260767,
        39.88729899999999
       ],
       [
        116.24599000000002,
        39.887749
       ]
      ]
     ],
     [
      [
       [
        116.283381,
        39.888012
       ],
       [
        116.26671600000002,
        39.887536
       ],
       [
        116.26695699999999,
        39.889667
       ],
       [
        116.28364700000002,
        39.88948
       ],
       [
        116.283381,
        39.888012
       ]
      ]
     ],
     [
      [
       [
        116.30072800000002,
        39.893041
       ],
       [
        116.30171699999998,
        39.896052999999995
       ],
       [
        116.306843,
        39.895478000000004
       ],
       [
        116.306078,
        39.89230599999999
       ],
       [
        116.30072800000002,
        39.893041
       ]
      ]
     ],
     [
      [
       [
        116.19859400000001,
        39.89868800000001
       ],
       [
        116.20490200000002,
        39.89892400000001
       ],
       [
        116.20518400000002,
        39.898191
       ],
       [
        116.19887699999998,
        39.897740000000006
       ],
       [
        116.19859400000001,
        39.89868800000001
       ]
      ]
     ],
     [
      [
       [
        116.36965200000002,
        39.900135
       ],
       [
        116.36055200000001,
        39.89939999999999
       ],
       [
        116.36050399999999,
        39.90034599999999
       ],
       [
        116.36965200000002,
        39.900135
       ]
      ]
     ],
     [
      [
       [
        116.36996800000001,
        39.89963699999999
       ],
       [
        116.369951,
        39.900586000000004
       ],
       [
        116.37969699999998,
        39.900131
       ],
       [
        116.3794,
        39.899874999999994
       ],
       [
        116.36996800000001,
        39.89963699999999
       ]
      ]
     ],
     [
      [
       [
        116.336958,
        39.899268
       ],
       [
        116.33022499999998,
        39.902773
       ],
       [
        116.33081000000001,
        39.903664
       ],
       [
        116.335949,
        39.90172199999999
       ],
       [
        116.336958,
        39.899268
       ]
      ]
     ],
     [
      [
       [
        116.369534,
        39.90772299999999
       ],
       [
        116.36810099999998,
        39.909291
       ],
       [
        116.37204500000001,
        39.92144900000001
       ],
       [
        116.37499,
        39.920755
       ],
       [
        116.37434200000001,
        39.909521000000005
       ],
       [
        116.369534,
        39.90772299999999
       ]
      ]
     ],
     [
      [
       [
        116.38628899999999,
        39.914586
       ],
       [
        116.38409400000002,
        39.92168000000001
       ],
       [
        116.385003,
        39.922415
       ],
       [
        116.3866,
        39.922213000000006
       ],
       [
        116.38628899999999,
        39.914586
       ]
      ]
     ],
     [
      [
       [
        116.37516200000002,
        39.921981
       ],
       [
        116.371906,
        39.921570999999986
       ],
       [
        116.36996800000001,
        39.927874
       ],
       [
        116.374815,
        39.93163
       ],
       [
        116.37682000000001,
        39.93156499999999
       ],
       [
        116.37516200000002,
        39.921981
       ]
      ]
     ],
     [
      [
       [
        116.379985,
        39.93418599999998
       ],
       [
        116.377335,
        39.93193599999999
       ],
       [
        116.375617,
        39.93451799999999
       ],
       [
        116.37827500000002,
        39.93685399999999
       ],
       [
        116.379985,
        39.93418599999998
       ]
      ]
     ],
     [
      [
       [
        116.23908299999998,
        39.93855200000001
       ],
       [
        116.22213399999998,
        39.938314
       ],
       [
        116.238456,
        39.939263
       ],
       [
        116.23908299999998,
        39.93855200000001
       ]
      ]
     ],
     [
      [
       [
        116.365574,
        39.942111
       ],
       [
        116.368264,
        39.942305
       ],
       [
        116.372737,
        39.93841700000001
       ],
       [
        116.366032,
        39.940487
       ],
       [
        116.365574,
        39.942111
       ]
      ]
     ],
     [
      [
       [
        116.364314,
        39.942309
       ],
       [
        116.36066900000002,
        39.943349999999995
       ],
       [
        116.359353,
        39.945094
       ],
       [
        116.36451200000002,
        39.944669999999995
       ],
       [
        116.364314,
        39.942309
       ]
      ]
     ],
     [
      [
       [
        116.248154,
        40.095869
       ],
       [
        116.250695,
        40.093996
       ],
       [
        116.250625,
        40.092634999999994
       ],
       [
        116.24850000000002,
        40.09183699999999
       ],
       [
        116.24442000000002,
        40.093716
       ],
       [
        116.248154,
        40.095869
       ]
      ]
     ],
     [
      [
       [
        116.252917,
        40.098392
       ],
       [
        116.253103,
        40.100128
       ],
       [
        116.265703,
        40.102036
       ],
       [
        116.267946,
        40.10044800000001
       ],
       [
        116.266803,
        40.099442
       ],
       [
        116.252917,
        40.098392
       ]
      ]
     ],
     [
      [
       [
        116.193329,
        40.109546
       ],
       [
        116.199189,
        40.10570499999999
       ],
       [
        116.19856900000002,
        40.10322699999999
       ],
       [
        116.193572,
        40.10322599999999
       ],
       [
        116.193329,
        40.109546
       ]
      ]
     ],
     [
      [
       [
        116.26963,
        40.10110399999999
       ],
       [
        116.26705299999999,
        40.10264299999999
       ],
       [
        116.277863,
        40.10913399999999
       ],
       [
        116.294299,
        40.11248
       ],
       [
        116.295395,
        40.10989099999999
       ],
       [
        116.26963,
        40.10110399999999
       ]
      ]
     ],
     [
      [
       [
        116.199048,
        40.10609899999999
       ],
       [
        116.19429700000002,
        40.109804999999994
       ],
       [
        116.195629,
        40.110068
       ],
       [
        116.199758,
        40.107191
       ],
       [
        116.199048,
        40.10609899999999
       ]
      ]
     ],
     [
      [
       [
        116.38785700000001,
        40.13029999999999
       ],
       [
        116.387543,
        40.119572999999995
       ],
       [
        116.38462800000002,
        40.114923
       ],
       [
        116.35180200000002,
        40.102042
       ],
       [
        116.295768,
        40.10989099999999
       ],
       [
        116.293383,
        40.122684
       ],
       [
        116.38785700000001,
        40.13029999999999
       ]
      ]
     ],
     [
      [
       [
        116.24179300000002,
        40.120532
       ],
       [
        116.25765799999999,
        40.12007
       ],
       [
        116.259479,
        40.117655000000006
       ],
       [
        116.25503400000001,
        40.116756
       ],
       [
        116.241809,
        40.119611
       ],
       [
        116.24179300000002,
        40.120532
       ]
      ]
     ],
     [
      [
       [
        116.28395400000001,
        40.121803
       ],
       [
        116.284064,
        40.119373
       ],
       [
        116.263289,
        40.11746500000001
       ],
       [
        116.26295100000002,
        40.119429
       ],
       [
        116.264114,
        40.11982900000001
       ],
       [
        116.28395400000001,
        40.121803
       ]
      ]
     ],
     [
      [
       [
        116.284442,
        40.122179
       ],
       [
        116.293158,
        40.122910999999995
       ],
       [
        116.293113,
        40.119601
       ],
       [
        116.284532,
        40.11936700000001
       ],
       [
        116.284442,
        40.122179
       ]
      ]
     ],
     [
      [
       [
        116.25518699999999,
        40.125702
       ],
       [
        116.25625999999998,
        40.125932
       ],
       [
        116.262872,
        40.119507
       ],
       [
        116.262885,
        40.117805999999995
       ],
       [
        116.26118900000002,
        40.117743
       ],
       [
        116.25518699999999,
        40.125702
       ]
      ]
     ],
     [
      [
       [
        116.254441,
        40.130126
       ],
       [
        116.25229900000001,
        40.130407999999996
       ],
       [
        116.249949,
        40.137377
       ],
       [
        116.25097700000002,
        40.13679
       ],
       [
        116.254441,
        40.130126
       ]
      ]
     ],
     [
      [
       [
        116.35545400000001,
        40.133606
       ],
       [
        116.34842800000001,
        40.14090199999999
       ],
       [
        116.38785700000001,
        40.132152000000005
       ],
       [
        116.365229,
        40.132175999999994
       ],
       [
        116.35545400000001,
        40.133606
       ]
      ]
     ],
     [
      [
       [
        116.25023699999998,
        40.137432
       ],
       [
        116.24918600000001,
        40.13725699999999
       ],
       [
        116.24788800000002,
        40.140168
       ],
       [
        116.24850099999999,
        40.148097
       ],
       [
        116.24950100000001,
        40.148306000000005
       ],
       [
        116.25023699999998,
        40.137432
       ]
      ]
     ]
    ]
   }
  },
  {
   "type": "Feature",
   "properties": {
    "layer": "OFFICIAL_ZONATION_BG",
    "category": "ecological_green_zone",
    "label_zh": "城镇建设用地（官方分区图）",
    "source": "DATA-SRC-HAIDIAN-DISTRICT-PLAN-2017-2035",
    "source_figure": "图05 国土空间规划分区图",
    "official_boundary": false,
    "usable_for_formal": "background_only",
    "precision_note": "栅格公示图矢量化，配准中误差约百米级；仅作背景参考，不作几何/面积依据"
   },
   "geometry": {
    "type": "MultiPolygon",
    "coordinates": [
     [
      [
       [
        116.109503,
        40.03477800000001
       ],
       [
        116.112232,
        40.033576999999994
       ],
       [
        116.109677,
        40.03068699999999
       ],
       [
        116.108051,
        40.030646
       ],
       [
        116.109503,
        40.03477800000001
       ]
      ]
     ],
     [
      [
       [
        116.10693735946879,
        40.03549764644787
       ],
       [
        116.103727,
        40.025715000000005
       ],
       [
        116.09569700000002,
        40.023977
       ],
       [
        116.087103,
        40.02374199999999
       ],
       [
        116.081343,
        40.02520200000001
       ],
       [
        116.054532,
        40.07455899999999
       ],
       [
        116.060543,
        40.082477
       ],
       [
        116.07788699999999,
        40.09986099999999
       ],
       [
        116.087058,
        40.103686
       ],
       [
        116.09691300000001,
        40.10488699999999
       ],
       [
        116.10386514604386,
        40.10008218949689
       ],
       [
        116.108107,
        40.10078399999999
       ],
       [
        116.106699,
        40.09848699999999
       ],
       [
        116.10534647055026,
        40.09905826418904
       ],
       [
        116.108687,
        40.08641900000001
       ],
       [
        116.10754541788015,
        40.08592054449586
       ],
       [
        116.109315,
        40.086102000000004
       ],
       [
        116.10966593633054,
        40.0623281858704
       ],
       [
        116.110429,
        40.06655399999999
       ],
       [
        116.1150259811798,
        40.06574803959265
       ],
       [
        116.11082699999999,
        40.066736999999996
       ],
       [
        116.110963,
        40.071663
       ],
       [
        116.120748,
        40.070291
       ],
       [
        116.120727,
        40.068724
       ],
       [
        116.11615194469515,
        40.0655506005199
       ],
       [
        116.12222199999998,
        40.064486
       ],
       [
        116.122876,
        40.058463
       ],
       [
        116.11441799999999,
        40.057672000000004
       ],
       [
        116.10963814811522,
        40.05991453921674
       ],
       [
        116.1096163094305,
        40.058017636401885
       ],
       [
        116.11508099999999,
        40.05704599999999
       ],
       [
        116.11249035233654,
        40.056235867303606
       ],
       [
        116.11868400000002,
        40.05622399999999
       ],
       [
        116.12176775900087,
        40.051763264907876
       ],
       [
        116.134166,
        40.05647299999999
       ],
       [
        116.13599399999998,
        40.05644199999999
       ],
       [
        116.137376,
        40.054889
       ],
       [
        116.128692,
        40.046051
       ],
       [
        116.12190269989219,
        40.051568054046555
       ],
       [
        116.12417200000002,
        40.048285
       ],
       [
        116.120263,
        40.044166999999995
       ],
       [
        116.11246800000002,
        40.043688
       ],
       [
        116.10948830292105,
        40.04689859251413
       ],
       [
        116.10907217513515,
        40.04200132356396
       ],
       [
        116.112025,
        40.043189000000005
       ],
       [
        116.113846,
        40.03918900000001
       ],
       [
        116.112593,
        40.034414
       ],
       [
        116.10989900000001,
        40.034933
       ],
       [
        116.10992955052046,
        40.03618087336043
       ],
       [
        116.10693735946879,
        40.03549764644787
       ]
      ],
      [
       [
        116.1114103823199,
        40.05601074522225
       ],
       [
        116.10958883303758,
        40.055631013247464
       ],
       [
        116.10958328149269,
        40.05514879716775
       ],
       [
        116.1114103823199,
        40.05601074522225
       ]
      ]
     ],
     [
      [
       [
        116.11578900000002,
        40.04333
       ],
       [
        116.120624,
        40.043861
       ],
       [
        116.12258300000002,
        40.041637
       ],
       [
        116.11495800000002,
        40.037773000000016
       ],
       [
        116.113538,
        40.040853000000006
       ],
       [
        116.11578900000002,
        40.04333
       ]
      ]
     ],
     [
      [
       [
        116.13105373945385,
        40.0428105112262
       ],
       [
        116.15060717151157,
        40.04194411134055
       ],
       [
        116.15058803614309,
        40.04267244043878
       ],
       [
        116.13321,
        40.043206000000005
       ],
       [
        116.13711046307283,
        40.0444608925086
       ],
       [
        116.13208700000001,
        40.04367
       ],
       [
        116.12932,
        40.045161
       ],
       [
        116.13795400000001,
        40.053867
       ],
       [
        116.14785927649565,
        40.04791818419725
       ],
       [
        116.15778899999998,
        40.04488200000001
       ],
       [
        116.156956,
        40.04344499999999
       ],
       [
        116.15277106631179,
        40.04293732635475
       ],
       [
        116.156325,
        40.04318000000001
       ],
       [
        116.15608172720106,
        40.04156835405481
       ],
       [
        116.2061445542474,
        40.03811998325585
       ],
       [
        116.20424400000002,
        40.045804000000004
       ],
       [
        116.21360699999998,
        40.045936000000005
       ],
       [
        116.2150403024629,
        40.03750493369359
       ],
       [
        116.21674764919129,
        40.03738680872938
       ],
       [
        116.215656,
        40.042902000000005
       ],
       [
        116.21769419771508,
        40.04333456594572
       ],
       [
        116.219737,
        40.046224
       ],
       [
        116.228019,
        40.04833399999998
       ],
       [
        116.231073,
        40.037528
       ],
       [
        116.2180113466229,
        40.037299361723456
       ],
       [
        116.239114,
        40.035836999999994
       ],
       [
        116.24958700000002,
        40.032962999999995
       ],
       [
        116.25456072885936,
        40.03004882943352
       ],
       [
        116.25107300000002,
        40.033559999999994
       ],
       [
        116.25181299999998,
        40.034374
       ],
       [
        116.260355,
        40.027620000000006
       ],
       [
        116.257708,
        40.02688
       ],
       [
        116.25667742752057,
        40.0279176740277
       ],
       [
        116.25696700000002,
        40.02392199999999
       ],
       [
        116.251901,
        40.015775999999995
       ],
       [
        116.23650300000001,
        39.99796099999999
       ],
       [
        116.22639300000002,
        39.99269400000001
       ],
       [
        116.20027160696063,
        39.9842665024303
       ],
       [
        116.20171102708652,
        39.982802974898625
       ],
       [
        116.203183,
        39.98433
       ],
       [
        116.20579,
        39.983962
       ],
       [
        116.20405600000001,
        39.981044999999995
       ],
       [
        116.2026074492211,
        39.98189149828768
       ],
       [
        116.20357187988213,
        39.98024478973178
       ],
       [
        116.20633,
        39.980257
       ],
       [
        116.20729,
        39.977298
       ],
       [
        116.20364602543705,
        39.9772435451309
       ],
       [
        116.20424400000002,
        39.953025999999994
       ],
       [
        116.20267400000002,
        39.95278900000001
       ],
       [
        116.183283,
        39.966640999999996
       ],
       [
        116.1843923017772,
        39.979139512947896
       ],
       [
        116.168211,
        39.97391199999999
       ],
       [
        116.15667000000002,
        39.97988099999999
       ],
       [
        116.10759600000002,
        40.025306
       ],
       [
        116.109832,
        40.02909999999999
       ],
       [
        116.12152100000002,
        40.040069
       ],
       [
        116.12398886176815,
        40.040778825945154
       ],
       [
        116.122729,
        40.040988999999996
       ],
       [
        116.12900400000001,
        40.045082
       ],
       [
        116.13105373945385,
        40.0428105112262
       ]
      ]
     ],
     [
      [
       [
        116.124086,
        40.04815899999999
       ],
       [
        116.12794900000002,
        40.045657000000006
       ],
       [
        116.12423500000001,
        40.04451899999999
       ],
       [
        116.124086,
        40.04815899999999
       ]
      ]
     ],
     [
      [
       [
        116.13977299999999,
        40.05548600000001
       ],
       [
        116.149578,
        40.049707
       ],
       [
        116.143792,
        40.051072
       ],
       [
        116.13903,
        40.054433
       ],
       [
        116.13977299999999,
        40.05548600000001
       ]
      ]
     ],
     [
      [
       [
        116.12295099999999,
        40.058142999999994
       ],
       [
        116.123012,
        40.056486
       ],
       [
        116.11668100000001,
        40.05714099999999
       ],
       [
        116.117857,
        40.05766200000001
       ],
       [
        116.12295099999999,
        40.058142999999994
       ]
      ]
     ],
     [
      [
       [
        116.128287,
        40.06122700000001
       ],
       [
        116.12848100000001,
        40.06381899999999
       ],
       [
        116.13359400000002,
        40.06298799999998
       ],
       [
        116.133743,
        40.061245
       ],
       [
        116.128287,
        40.06122700000001
       ]
      ]
     ],
     [
      [
       [
        116.142265,
        40.066411
       ],
       [
        116.140495,
        40.058748
       ],
       [
        116.138331,
        40.05861699999999
       ],
       [
        116.137045,
        40.067632999999994
       ],
       [
        116.142265,
        40.066411
       ]
      ]
     ],
     [
      [
       [
        116.14357499999998,
        40.064619
       ],
       [
        116.14274300000001,
        40.06866200000001
       ],
       [
        116.145327,
        40.069047
       ],
       [
        116.145534,
        40.068270999999996
       ],
       [
        116.14357499999998,
        40.064619
       ]
      ]
     ],
     [
      [
       [
        116.132971,
        40.06706899999999
       ],
       [
        116.13034500000002,
        40.064114999999994
       ],
       [
        116.123203,
        40.06455399999999
       ],
       [
        116.121524,
        40.07020599999999
       ],
       [
        116.13263000000002,
        40.068949999999994
       ],
       [
        116.132971,
        40.06706899999999
       ]
      ]
     ],
     [
      [
       [
        116.133875,
        40.07712099999999
       ],
       [
        116.13578299999999,
        40.06942
       ],
       [
        116.13473299999998,
        40.069322
       ],
       [
        116.133875,
        40.07712099999999
       ]
      ]
     ],
     [
      [
       [
        116.125255,
        40.070066
       ],
       [
        116.12203100000002,
        40.07324199999999
       ],
       [
        116.122009,
        40.07665099999999
       ],
       [
        116.131323,
        40.077062999999995
       ],
       [
        116.13260700000001,
        40.069379
       ],
       [
        116.125255,
        40.070066
       ]
      ]
     ],
     [
      [
       [
        116.140528,
        40.077363000000005
       ],
       [
        116.14145700000002,
        40.07112699999999
       ],
       [
        116.137927,
        40.070728
       ],
       [
        116.135206,
        40.076958
       ],
       [
        116.140528,
        40.077363000000005
       ]
      ]
     ],
     [
      [
       [
        116.110796,
        40.071979
       ],
       [
        116.111744,
        40.07610699999999
       ],
       [
        116.121216,
        40.076623
       ],
       [
        116.12134700000001,
        40.075118999999994
       ],
       [
        116.11366400000001,
        40.071689000000006
       ],
       [
        116.110796,
        40.071979
       ]
      ]
     ],
     [
      [
       [
        116.132995,
        40.08590499999999
       ],
       [
        116.134248,
        40.08593499999999
       ],
       [
        116.13428100000002,
        40.077838
       ],
       [
        116.13299600000002,
        40.079479000000006
       ],
       [
        116.132995,
        40.08590499999999
       ]
      ]
     ],
     [
      [
       [
        116.135043,
        40.077865
       ],
       [
        116.13463600000001,
        40.086055
       ],
       [
        116.13977800000002,
        40.085618000000004
       ],
       [
        116.140771,
        40.078160999999994
       ],
       [
        116.135043,
        40.077865
       ]
      ]
     ],
     [
      [
       [
        116.110732,
        40.08623
       ],
       [
        116.115866,
        40.08611899999999
       ],
       [
        116.12127599999998,
        40.08299700000001
       ],
       [
        116.12122400000001,
        40.077869
       ],
       [
        116.11154100000002,
        40.078801999999996
       ],
       [
        116.110732,
        40.08623
       ]
      ]
     ],
     [
      [
       [
        116.12232300000001,
        40.07759999999999
       ],
       [
        116.12206200000001,
        40.08674800000001
       ],
       [
        116.130671,
        40.086332
       ],
       [
        116.131044,
        40.077927
       ],
       [
        116.12232300000001,
        40.07759999999999
       ]
      ]
     ],
     [
      [
       [
        116.121958,
        40.08733200000001
       ],
       [
        116.121817,
        40.092974
       ],
       [
        116.13072700000001,
        40.09269899999999
       ],
       [
        116.130683,
        40.086908
       ],
       [
        116.121958,
        40.08733200000001
       ]
      ]
     ],
     [
      [
       [
        116.132793,
        40.093441999999996
       ],
       [
        116.134241,
        40.09213200000001
       ],
       [
        116.13327899999999,
        40.086618
       ],
       [
        116.132793,
        40.093441999999996
       ]
      ]
     ],
     [
      [
       [
        116.114656,
        40.087134
       ],
       [
        116.110507,
        40.086673
       ],
       [
        116.10795600000002,
        40.09317399999999
       ],
       [
        116.1131,
        40.09415899999999
       ],
       [
        116.114656,
        40.087134
       ]
      ]
     ],
     [
      [
       [
        116.109421,
        40.09457799999999
       ],
       [
        116.107298,
        40.09433000000001
       ],
       [
        116.10742,
        40.097265
       ],
       [
        116.11036100000001,
        40.096692000000004
       ],
       [
        116.109421,
        40.09457799999999
       ]
      ]
     ],
     [
      [
       [
        116.127588,
        40.099818
       ],
       [
        116.12503732263852,
        40.09769830511737
       ],
       [
        116.129305,
        40.098711
       ],
       [
        116.12975999999999,
        40.093564
       ],
       [
        116.12177999999999,
        40.093573
       ],
       [
        116.12283364078333,
        40.096619659289416
       ],
       [
        116.121866,
        40.096146000000005
       ],
       [
        116.12150000000001,
        40.099853
       ],
       [
        116.127588,
        40.099818
       ]
      ]
     ],
     [
      [
       [
        116.114785,
        40.099236999999995
       ],
       [
        116.112336,
        40.09634899999998
       ],
       [
        116.10775799999999,
        40.09731500000001
       ],
       [
        116.10906800000001,
        40.100135
       ],
       [
        116.114785,
        40.099236999999995
       ]
      ]
     ],
     [
      [
       [
        116.12044000000002,
        40.099904
       ],
       [
        116.120495,
        40.09753500000001
       ],
       [
        116.11510799999999,
        40.099158
       ],
       [
        116.116001,
        40.099665
       ],
       [
        116.12044000000002,
        40.099904
       ]
      ]
     ],
     [
      [
       [
        116.140502,
        40.099667999999994
       ],
       [
        116.13342600000001,
        40.100669
       ],
       [
        116.13338,
        40.10503799999999
       ],
       [
        116.13947600000002,
        40.105068
       ],
       [
        116.140502,
        40.099667999999994
       ]
      ]
     ],
     [
      [
       [
        116.182809,
        40.040277
       ],
       [
        116.180927,
        40.03988199999999
       ],
       [
        116.17443900000002,
        40.042075999999994
       ],
       [
        116.175458,
        40.042235000000005
       ],
       [
        116.182809,
        40.040277
       ]
      ]
     ],
     [
      [
       [
        116.16532400000001,
        40.04437999999999
       ],
       [
        116.17327,
        40.042707
       ],
       [
        116.17377399999998,
        40.04191599999999
       ],
       [
        116.166794,
        40.043206000000005
       ],
       [
        116.16532400000001,
        40.04437999999999
       ]
      ]
     ],
     [
      [
       [
        116.150745,
        40.04843899999999
       ],
       [
        116.15227300000001,
        40.048866
       ],
       [
        116.161847,
        40.04476400000001
       ],
       [
        116.160161,
        40.04487999999999
       ],
       [
        116.150745,
        40.04843899999999
       ]
      ]
     ],
     [
      [
       [
        116.14878099999999,
        40.069522
       ],
       [
        116.14647100000002,
        40.063517
       ],
       [
        116.144202,
        40.059872999999996
       ],
       [
        116.14274500000002,
        40.06083499999998
       ],
       [
        116.14683700000002,
        40.06916100000001
       ],
       [
        116.14878099999999,
        40.069522
       ]
      ]
     ],
     [
      [
       [
        116.15991900000002,
        40.071045000000005
       ],
       [
        116.15636100000002,
        40.070759
       ],
       [
        116.15533100000002,
        40.074645000000004
       ],
       [
        116.155757,
        40.074718
       ],
       [
        116.15991900000002,
        40.071045000000005
       ]
      ]
     ],
     [
      [
       [
        116.14957700000001,
        40.077732
       ],
       [
        116.146783,
        40.07110500000001
       ],
       [
        116.14214599999998,
        40.071066
       ],
       [
        116.14129599999998,
        40.077323
       ],
       [
        116.14957700000001,
        40.077732
       ]
      ]
     ],
     [
      [
       [
        116.14837500000002,
        40.070719
       ],
       [
        116.15154600000001,
        40.07818099999999
       ],
       [
        116.15354,
        40.07828599999999
       ],
       [
        116.154298,
        40.071552
       ],
       [
        116.14837500000002,
        40.070719
       ]
      ]
     ],
     [
      [
       [
        116.18565300000002,
        40.07341399999999
       ],
       [
        116.18201700000002,
        40.071909
       ],
       [
        116.17882000000002,
        40.075702
       ],
       [
        116.18535699999998,
        40.078308
       ],
       [
        116.186975,
        40.07669400000001
       ],
       [
        116.18565300000002,
        40.07341399999999
       ]
      ]
     ],
     [
      [
       [
        116.174078,
        40.079734
       ],
       [
        116.180722,
        40.071668
       ],
       [
        116.16532400000001,
        40.071193
       ],
       [
        116.16571,
        40.07490399999999
       ],
       [
        116.174078,
        40.079734
       ]
      ]
     ],
     [
      [
       [
        116.192215,
        40.075876
       ],
       [
        116.18994400000001,
        40.074793
       ],
       [
        116.18766000000001,
        40.07820399999999
       ],
       [
        116.18840100000001,
        40.078514
       ],
       [
        116.192215,
        40.075876
       ]
      ]
     ],
     [
      [
       [
        116.16061600000002,
        40.082345999999994
       ],
       [
        116.166074,
        40.081140000000005
       ],
       [
        116.164836,
        40.077625000000005
       ],
       [
        116.154846,
        40.07761799999999
       ],
       [
        116.154048,
        40.08077599999999
       ],
       [
        116.16061600000002,
        40.082345999999994
       ]
      ]
     ],
     [
      [
       [
        116.14084199999999,
        40.085666999999994
       ],
       [
        116.15245500000002,
        40.083769000000004
       ],
       [
        116.150174,
        40.078624999999995
       ],
       [
        116.141209,
        40.078179999999996
       ],
       [
        116.14084199999999,
        40.085666999999994
       ]
      ]
     ],
     [
      [
       [
        116.15379800000001,
        40.084171
       ],
       [
        116.15779099999999,
        40.08424399999999
       ],
       [
        116.159891,
        40.082412000000005
       ],
       [
        116.15379800000001,
        40.08123199999999
       ],
       [
        116.15379800000001,
        40.084171
       ]
      ]
     ],
     [
      [
       [
        116.159138,
        40.08383899999999
       ],
       [
        116.161614,
        40.084714
       ],
       [
        116.17222399999999,
        40.081828
       ],
       [
        116.16430600000001,
        40.08235299999999
       ],
       [
        116.159138,
        40.08383899999999
       ]
      ]
     ],
     [
      [
       [
        116.15212800000002,
        40.084648999999985
       ],
       [
        116.14837500000002,
        40.08542999999999
       ],
       [
        116.14917199999998,
        40.086589999999994
       ],
       [
        116.15064799999999,
        40.08637199999999
       ],
       [
        116.15212800000002,
        40.084648999999985
       ]
      ]
     ],
     [
      [
       [
        116.18724200000001,
        40.08909500000001
       ],
       [
        116.18058899999998,
        40.082399
       ],
       [
        116.177657,
        40.084076
       ],
       [
        116.185844,
        40.090362
       ],
       [
        116.18724200000001,
        40.08909500000001
       ]
      ]
     ],
     [
      [
       [
        116.157985,
        40.08473600000001
       ],
       [
        116.15402599999999,
        40.08778
       ],
       [
        116.154047,
        40.105926
       ],
       [
        116.16434500000001,
        40.107971000000006
       ],
       [
        116.17135500000002,
        40.10701699999999
       ],
       [
        116.17286543037208,
        40.105607969358964
       ],
       [
        116.17194799999999,
        40.10668
       ],
       [
        116.175928,
        40.107169000000006
       ],
       [
        116.17773682636172,
        40.099991570491824
       ],
       [
        116.17862000046186,
        40.10067160962033
       ],
       [
        116.17558999999999,
        40.110572
       ],
       [
        116.187054,
        40.110339
       ],
       [
        116.18821400000002,
        40.10877099999999
       ],
       [
        116.188538,
        40.096754
       ],
       [
        116.183214,
        40.09421
       ],
       [
        116.18134188979451,
        40.096843356566026
       ],
       [
        116.18253399999999,
        40.09384
       ],
       [
        116.17446100000001,
        40.09112700000001
       ],
       [
        116.17376219303641,
        40.092282134179804
       ],
       [
        116.172451,
        40.090245
       ],
       [
        116.160752,
        40.08474199999999
       ],
       [
        116.157985,
        40.08473600000001
       ]
      ]
     ],
     [
      [
       [
        116.148061,
        40.098481
       ],
       [
        116.150548,
        40.098572000000004
       ],
       [
        116.150374,
        40.094227
       ],
       [
        116.14965099999999,
        40.094836
       ],
       [
        116.148061,
        40.098481
       ]
      ]
     ],
     [
      [
       [
        116.151203,
        40.103735
       ],
       [
        116.15267,
        40.105823999999984
       ],
       [
        116.15277400000001,
        40.090412999999984
       ],
       [
        116.151199,
        40.093971999999994
       ],
       [
        116.151203,
        40.103735
       ]
      ]
     ],
     [
      [
       [
        116.141788,
        40.10176399999999
       ],
       [
        116.14724300000002,
        40.102495
       ],
       [
        116.148665,
        40.099339
       ],
       [
        116.14228099999998,
        40.100162999999995
       ],
       [
        116.141788,
        40.10176399999999
       ]
      ]
     ],
     [
      [
       [
        116.146491,
        40.105125
       ],
       [
        116.150406,
        40.105334000000006
       ],
       [
        116.150533,
        40.10358699999998
       ],
       [
        116.14697600000001,
        40.10301499999999
       ],
       [
        116.146491,
        40.105125
       ]
      ]
     ],
     [
      [
       [
        116.17331099999998,
        40.11126900000001
       ],
       [
        116.17338800000002,
        40.109462
       ],
       [
        116.170438,
        40.109227999999995
       ],
       [
        116.170751,
        40.11169899999999
       ],
       [
        116.17331099999998,
        40.11126900000001
       ]
      ]
     ],
     [
      [
       [
        116.18635300000001,
        40.11437899999999
       ],
       [
        116.19357099999999,
        40.113881
       ],
       [
        116.189666,
        40.11086000000001
       ],
       [
        116.18695,
        40.110821
       ],
       [
        116.18635300000001,
        40.11437899999999
       ]
      ]
     ],
     [
      [
       [
        116.18633799999999,
        40.11098299999999
       ],
       [
        116.175918,
        40.11106399999999
       ],
       [
        116.17476400000001,
        40.111678
       ],
       [
        116.17565,
        40.114615
       ],
       [
        116.185818,
        40.11460499999998
       ],
       [
        116.18633799999999,
        40.11098299999999
       ]
      ]
     ],
     [
      [
       [
        116.170346,
        40.114141999999994
       ],
       [
        116.17399200000001,
        40.11456600000001
       ],
       [
        116.17435299999998,
        40.111616000000005
       ],
       [
        116.171087,
        40.112297999999996
       ],
       [
        116.170346,
        40.114141999999994
       ]
      ]
     ],
     [
      [
       [
        116.174112,
        40.118886999999994
       ],
       [
        116.189266,
        40.119115
       ],
       [
        116.193558,
        40.115021
       ],
       [
        116.17496,
        40.114627
       ],
       [
        116.174112,
        40.118886999999994
       ]
      ]
     ],
     [
      [
       [
        116.170346,
        40.11461599999999
       ],
       [
        116.167715,
        40.119818
       ],
       [
        116.17377300000001,
        40.118981000000005
       ],
       [
        116.174075,
        40.114742
       ],
       [
        116.170346,
        40.11461599999999
       ]
      ]
     ],
     [
      [
       [
        116.18984458818218,
        40.12595506657858
       ],
       [
        116.18937100000001,
        40.127886000000004
       ],
       [
        116.19617400000001,
        40.128367999999995
       ],
       [
        116.198887,
        40.12538
       ],
       [
        116.19635,
        40.11971199999999
       ],
       [
        116.1942,
        40.11959900000001
       ],
       [
        116.1917917898956,
        40.12264309404061
       ],
       [
        116.193519,
        40.11970500000002
       ],
       [
        116.17425099999998,
        40.119639
       ],
       [
        116.17370216524705,
        40.12113182564762
       ],
       [
        116.173604,
        40.11961699999999
       ],
       [
        116.169433,
        40.11973600000001
       ],
       [
        116.16928400000002,
        40.121479
       ],
       [
        116.17367978137534,
        40.121192708095585
       ],
       [
        116.172238,
        40.12511399999999
       ],
       [
        116.17680500000002,
        40.12764500000001
       ],
       [
        116.188721,
        40.127866000000004
       ],
       [
        116.18984458818218,
        40.12595506657858
       ]
      ]
     ],
     [
      [
       [
        116.17884099999999,
        40.132734
       ],
       [
        116.182524,
        40.138101999999996
       ],
       [
        116.18504700000001,
        40.136813
       ],
       [
        116.18665600000001,
        40.13366099999999
       ],
       [
        116.185722,
        40.128346
       ],
       [
        116.17788600000002,
        40.128327
       ],
       [
        116.17884099999999,
        40.132734
       ]
      ]
     ],
     [
      [
       [
        116.222738,
        39.91924100000001
       ],
       [
        116.206948,
        39.917689
       ],
       [
        116.207729,
        39.92181099999999
       ],
       [
        116.21010800000002,
        39.923352999999985
       ],
       [
        116.22194100000002,
        39.92334699999999
       ],
       [
        116.222738,
        39.91924100000001
       ]
      ]
     ],
     [
      [
       [
        116.22112,
        39.93751699999999
       ],
       [
        116.218881,
        39.93148699999999
       ],
       [
        116.21237,
        39.931909000000005
       ],
       [
        116.21251399999998,
        39.936358999999996
       ],
       [
        116.215793,
        39.938072
       ],
       [
        116.22112,
        39.93751699999999
       ]
      ]
     ],
     [
      [
       [
        116.220529,
        39.94530600000001
       ],
       [
        116.213032,
        39.94234800000001
       ],
       [
        116.20929500000001,
        39.944858
       ],
       [
        116.210366,
        39.946587999999984
       ],
       [
        116.220529,
        39.94530600000001
       ]
      ]
     ],
     [
      [
       [
        116.20675499999999,
        39.95255100000001
       ],
       [
        116.208308,
        39.951913999999995
       ],
       [
        116.20904300000001,
        39.947103999999996
       ],
       [
        116.207709,
        39.948212999999996
       ],
       [
        116.20675499999999,
        39.95255100000001
       ]
      ]
     ],
     [
      [
       [
        116.20986299999998,
        39.95468799999999
       ],
       [
        116.21022299999998,
        39.95927
       ],
       [
        116.211708,
        39.959106000000006
       ],
       [
        116.211776,
        39.957752
       ],
       [
        116.20986299999998,
        39.95468799999999
       ]
      ]
     ],
     [
      [
       [
        116.21428800000001,
        39.95706
       ],
       [
        116.214119,
        39.958921
       ],
       [
        116.217373,
        39.95861500000001
       ],
       [
        116.21728700000001,
        39.95709999999999
       ],
       [
        116.21428800000001,
        39.95706
       ]
      ]
     ],
     [
      [
       [
        116.213461,
        39.961988999999996
       ],
       [
        116.22225099999999,
        39.961076
       ],
       [
        116.222761,
        39.959883999999995
       ],
       [
        116.213315,
        39.959434
       ],
       [
        116.213461,
        39.961988999999996
       ]
      ]
     ],
     [
      [
       [
        116.209827,
        39.959761
       ],
       [
        116.20518499999999,
        39.960382
       ],
       [
        116.20620200000002,
        39.96599299999999
       ],
       [
        116.211662,
        39.966023
       ],
       [
        116.209827,
        39.959761
       ]
      ]
     ],
     [
      [
       [
        116.21132200000001,
        39.962542
       ],
       [
        116.21241199999999,
        39.967552000000005
       ],
       [
        116.213437,
        39.96843899999999
       ],
       [
        116.21271,
        39.9627
       ],
       [
        116.21132200000001,
        39.962542
       ]
      ]
     ],
     [
      [
       [
        116.21965699999998,
        39.972589
       ],
       [
        116.222709,
        39.97261499999999
       ],
       [
        116.22262300000001,
        39.968964
       ],
       [
        116.219049,
        39.969029000000006
       ],
       [
        116.21965699999998,
        39.972589
       ]
      ]
     ],
     [
      [
       [
        116.213777,
        39.96894100000001
       ],
       [
        116.213032,
        39.970348
       ],
       [
        116.214319,
        39.977228
       ],
       [
        116.213777,
        39.96894100000001
       ]
      ]
     ],
     [
      [
       [
        116.20710200000002,
        39.97902099999999
       ],
       [
        116.213437,
        39.979354
       ],
       [
        116.21364599999998,
        39.97739599999999
       ],
       [
        116.20790700000002,
        39.978191
       ],
       [
        116.20710200000002,
        39.97902099999999
       ]
      ]
     ],
     [
      [
       [
        116.220651,
        39.97581399999999
       ],
       [
        116.21594900000001,
        39.97682400000001
       ],
       [
        116.21682799999999,
        39.985295
       ],
       [
        116.22464399999998,
        39.978392
       ],
       [
        116.220651,
        39.97581399999999
       ]
      ]
     ],
     [
      [
       [
        116.21364599999998,
        40.04692000000001
       ],
       [
        116.20412100000001,
        40.046296999999996
       ],
       [
        116.202363,
        40.049806999999994
       ],
       [
        116.213014,
        40.050549
       ],
       [
        116.21364599999998,
        40.04692000000001
       ]
      ]
     ],
     [
      [
       [
        116.212741,
        40.05648099999999
       ],
       [
        116.213229,
        40.050839
       ],
       [
        116.20211399999998,
        40.05040300000001
       ],
       [
        116.20153400000001,
        40.056664999999995
       ],
       [
        116.212741,
        40.05648099999999
       ]
      ]
     ],
     [
      [
       [
        116.20122700000002,
        40.05747999999999
       ],
       [
        116.200477,
        40.06383699999999
       ],
       [
        116.211011,
        40.06522
       ],
       [
        116.212665,
        40.05729900000001
       ],
       [
        116.20122700000002,
        40.05747999999999
       ]
      ]
     ],
     [
      [
       [
        116.21252500000001,
        40.065447999999996
       ],
       [
        116.217426,
        40.066684999999985
       ],
       [
        116.22087899999998,
        40.064075
       ],
       [
        116.212863,
        40.06268800000001
       ],
       [
        116.21252500000001,
        40.065447999999996
       ]
      ]
     ],
     [
      [
       [
        116.212404,
        40.065736
       ],
       [
        116.21212800000002,
        40.06821999999999
       ],
       [
        116.21537700000002,
        40.070216
       ],
       [
        116.21801600000002,
        40.067046
       ],
       [
        116.212404,
        40.065736
       ]
      ]
     ],
     [
      [
       [
        116.21846,
        40.067229
       ],
       [
        116.215229,
        40.070955999999995
       ],
       [
        116.21694500000001,
        40.07330099999999
       ],
       [
        116.21984900000001,
        40.067469
       ],
       [
        116.21846,
        40.067229
       ]
      ]
     ],
     [
      [
       [
        116.19652420487341,
        40.07662993205024
       ],
       [
        116.192317,
        40.075702
       ],
       [
        116.19275,
        40.081108
       ],
       [
        116.208578,
        40.08509500000001
       ],
       [
        116.20977800000001,
        40.07955199999999
       ],
       [
        116.20034702059404,
        40.077472930109145
       ],
       [
        116.21017,
        40.078897999999995
       ],
       [
        116.21076599999999,
        40.065586999999994
       ],
       [
        116.19967500000001,
        40.064352
       ],
       [
        116.193,
        40.07536199999999
       ],
       [
        116.19652420487341,
        40.07662993205024
       ]
      ]
     ],
     [
      [
       [
        116.219616,
        40.079448000000006
       ],
       [
        116.214568,
        40.06990100000001
       ],
       [
        116.21231500000002,
        40.06883
       ],
       [
        116.211161,
        40.07932699999999
       ],
       [
        116.219616,
        40.079448000000006
       ]
      ]
     ],
     [
      [
       [
        116.20831200000002,
        40.08715600000001
       ],
       [
        116.186737,
        40.079029999999996
       ],
       [
        116.183875,
        40.08247699999999
       ],
       [
        116.18801400000001,
        40.08820800000001
       ],
       [
        116.196644,
        40.092069
       ],
       [
        116.20831200000002,
        40.08715600000001
       ]
      ]
     ],
     [
      [
       [
        116.217112,
        40.087090999999994
       ],
       [
        116.209266,
        40.086853999999995
       ],
       [
        116.209067,
        40.088224000000004
       ],
       [
        116.21271800000001,
        40.088988999999984
       ],
       [
        116.217112,
        40.087090999999994
       ]
      ]
     ],
     [
      [
       [
        116.213007,
        40.09031999999999
       ],
       [
        116.208559,
        40.08923399999999
       ],
       [
        116.20803699999999,
        40.096914999999996
       ],
       [
        116.211149,
        40.098244
       ],
       [
        116.21902500000002,
        40.098953999999985
       ],
       [
        116.222054,
        40.09721599999999
       ],
       [
        116.225581,
        40.088798999999995
       ],
       [
        116.22455300000001,
        40.087398
       ],
       [
        116.22015200000001,
        40.08686600000001
       ],
       [
        116.213437,
        40.090245999999986
       ],
       [
        116.21292761415101,
        40.092026795899464
       ],
       [
        116.213007,
        40.09031999999999
       ]
      ]
     ],
     [
      [
       [
        116.20145800000002,
        40.09172199999999
       ],
       [
        116.200793,
        40.09518099999999
       ],
       [
        116.20700699999999,
        40.097289999999994
       ],
       [
        116.20769499999999,
        40.08920299999998
       ],
       [
        116.20578200000001,
        40.08899099999999
       ],
       [
        116.20145800000002,
        40.09172199999999
       ]
      ]
     ],
     [
      [
       [
        116.197638,
        40.094992
       ],
       [
        116.19721800000002,
        40.093074
       ],
       [
        116.190913,
        40.09139
       ],
       [
        116.19015700000001,
        40.092423000000004
       ],
       [
        116.197638,
        40.094992
       ]
      ]
     ],
     [
      [
       [
        116.191204,
        40.102002
       ],
       [
        116.19342700000001,
        40.102002999999996
       ],
       [
        116.19383299999998,
        40.099061
       ],
       [
        116.189339,
        40.096853999999986
       ],
       [
        116.188904,
        40.099546
       ],
       [
        116.191204,
        40.102002
       ]
      ]
     ],
     [
      [
       [
        116.1942,
        40.10180299999998
       ],
       [
        116.200283,
        40.102022
       ],
       [
        116.200452,
        40.099574000000004
       ],
       [
        116.194693,
        40.099216
       ],
       [
        116.1942,
        40.10180299999998
       ]
      ]
     ],
     [
      [
       [
        116.20800999999999,
        40.102752
       ],
       [
        116.210167,
        40.102869000000005
       ],
       [
        116.210696,
        40.09947
       ],
       [
        116.208365,
        40.099551000000005
       ],
       [
        116.20800999999999,
        40.102752
       ]
      ]
     ],
     [
      [
       [
        116.203616,
        40.106074
       ],
       [
        116.20315700000002,
        40.10794499999999
       ],
       [
        116.20703,
        40.107375000000005
       ],
       [
        116.205961,
        40.10610200000001
       ],
       [
        116.203616,
        40.106074
       ]
      ]
     ],
     [
      [
       [
        116.204871,
        40.115328
       ],
       [
        116.211494,
        40.115564
       ],
       [
        116.21177499999999,
        40.11483
       ],
       [
        116.205468,
        40.114617
       ],
       [
        116.204871,
        40.115328
       ]
      ]
     ],
     [
      [
       [
        116.199652,
        40.128362
       ],
       [
        116.21100900000002,
        40.123830000000005
       ],
       [
        116.21256123134197,
        40.12023677281357
       ],
       [
        116.21199700000001,
        40.123385
       ],
       [
        116.221179,
        40.121331
       ],
       [
        116.22097,
        40.11937199999999
       ],
       [
        116.203126,
        40.11963999999999
       ],
       [
        116.197394,
        40.128276
       ],
       [
        116.199652,
        40.128362
       ]
      ]
     ],
     [
      [
       [
        116.19562800000001,
        40.128655
       ],
       [
        116.18934700000001,
        40.128404999999994
       ],
       [
        116.1889,
        40.132048
       ],
       [
        116.189318,
        40.13215
       ],
       [
        116.19562800000001,
        40.128655
       ]
      ]
     ],
     [
      [
       [
        116.198902,
        40.13435699999999
       ],
       [
        116.19948300000001,
        40.128958999999995
       ],
       [
        116.19653400000001,
        40.128893999999995
       ],
       [
        116.188663,
        40.13294199999999
       ],
       [
        116.189067,
        40.136193999999996
       ],
       [
        116.19719500000001,
        40.136883
       ],
       [
        116.198902,
        40.13435699999999
       ]
      ]
     ],
     [
      [
       [
        116.196867,
        40.139025
       ],
       [
        116.19681900000002,
        40.137646999999994
       ],
       [
        116.18919100000001,
        40.137089
       ],
       [
        116.191603,
        40.14094500000001
       ],
       [
        116.196867,
        40.139025
       ]
      ]
     ],
     [
      [
       [
        116.23123700000001,
        39.93807699999999
       ],
       [
        116.23155,
        39.928586
       ],
       [
        116.22119300000001,
        39.933094
       ],
       [
        116.221973,
        39.93756900000001
       ],
       [
        116.23123700000001,
        39.93807699999999
       ]
      ]
     ],
     [
      [
       [
        116.23882100000002,
        39.937836
       ],
       [
        116.244331,
        39.93269200000001
       ],
       [
        116.232289,
        39.932438
       ],
       [
        116.231956,
        39.938006999999985
       ],
       [
        116.23882100000002,
        39.937836
       ]
      ]
     ],
     [
      [
       [
        116.245774,
        39.93782800000001
       ],
       [
        116.24194700000001,
        39.935705999999996
       ],
       [
        116.23971300000001,
        39.937342
       ],
       [
        116.241242,
        39.938074999999984
       ],
       [
        116.245774,
        39.93782800000001
       ]
      ]
     ],
     [
      [
       [
        116.23968800000002,
        39.94338599999998
       ],
       [
        116.239327,
        39.941724
       ],
       [
        116.23480600000002,
        39.93904299999999
       ],
       [
        116.228412,
        39.93950099999999
       ],
       [
        116.23080199999998,
        39.943754000000006
       ],
       [
        116.23968800000002,
        39.94338599999998
       ]
      ]
     ],
     [
      [
       [
        116.23999200000002,
        39.943877999999984
       ],
       [
        116.23119400000002,
        39.94377399999999
       ],
       [
        116.23092400000002,
        39.94450700000001
       ],
       [
        116.239114,
        39.94472
       ],
       [
        116.23999200000002,
        39.943877999999984
       ]
      ]
     ],
     [
      [
       [
        116.236886,
        39.945202
       ],
       [
        116.23123700000001,
        39.944958
       ],
       [
        116.23184399999998,
        39.947805
       ],
       [
        116.23425,
        39.94752099999999
       ],
       [
        116.236886,
        39.945202
       ]
      ]
     ],
     [
      [
       [
        116.23160299999999,
        39.95123300000001
       ],
       [
        116.23961900000002,
        39.95200700000001
       ],
       [
        116.23898899999999,
        39.945263000000004
       ],
       [
        116.236037,
        39.94668899999999
       ],
       [
        116.23160299999999,
        39.95123300000001
       ]
      ]
     ],
     [
      [
       [
        116.23531700000001,
        39.955636
       ],
       [
        116.237426,
        39.95580000000001
       ],
       [
        116.239297,
        39.95237800000001
       ],
       [
        116.23602000000001,
        39.95215999999999
       ],
       [
        116.23531700000001,
        39.955636
       ]
      ]
     ],
     [
      [
       [
        116.245355,
        39.95250499999999
       ],
       [
        116.24057700000002,
        39.952558
       ],
       [
        116.240038,
        39.953568
       ],
       [
        116.24481999999999,
        39.95562700000001
       ],
       [
        116.245355,
        39.95250499999999
       ]
      ]
     ],
     [
      [
       [
        116.23719999999999,
        39.956347
       ],
       [
        116.22904,
        39.95611100000001
       ],
       [
        116.229353,
        39.95943299999999
       ],
       [
        116.23578200000001,
        39.95940300000001
       ],
       [
        116.23719999999999,
        39.956347
       ]
      ]
     ],
     [
      [
       [
        116.223533,
        39.956386
       ],
       [
        116.22339,
        39.958957999999996
       ],
       [
        116.228591,
        39.95939
       ],
       [
        116.22835799999999,
        39.95645199999999
       ],
       [
        116.223533,
        39.956386
       ]
      ]
     ],
     [
      [
       [
        116.22339,
        39.968212
       ],
       [
        116.22964300000001,
        39.968303
       ],
       [
        116.22853199999999,
        39.959688
       ],
       [
        116.223414,
        39.95981599999999
       ],
       [
        116.22339,
        39.968212
       ]
      ]
     ],
     [
      [
       [
        116.229993,
        39.968275999999996
       ],
       [
        116.231956,
        39.968439
       ],
       [
        116.235607,
        39.95981599999999
       ],
       [
        116.22954699999998,
        39.95968799999999
       ],
       [
        116.229993,
        39.968275999999996
       ]
      ]
     ],
     [
      [
       [
        116.230122,
        39.96896300000001
       ],
       [
        116.223483,
        39.973026000000004
       ],
       [
        116.22339,
        39.97533099999998
       ],
       [
        116.22894800000002,
        39.975498
       ],
       [
        116.232086,
        39.968993000000005
       ],
       [
        116.230122,
        39.96896300000001
       ]
      ]
     ],
     [
      [
       [
        116.241243,
        39.970236
       ],
       [
        116.239459,
        39.96892799999999
       ],
       [
        116.23343400000002,
        39.968923999999994
       ],
       [
        116.23033200000002,
        39.97544199999999
       ],
       [
        116.238604,
        39.97672599999999
       ],
       [
        116.241243,
        39.970236
       ]
      ]
     ],
     [
      [
       [
        116.23645899999998,
        39.978399
       ],
       [
        116.237927,
        39.976766
       ],
       [
        116.23126099999999,
        39.975714
       ],
       [
        116.23645899999998,
        39.978399
       ]
      ]
     ],
     [
      [
       [
        116.23754700000002,
        39.978545999999994
       ],
       [
        116.24385300000002,
        39.981494999999995
       ],
       [
        116.24692400000002,
        39.97742
       ],
       [
        116.240593,
        39.975808999999984
       ],
       [
        116.23754700000002,
        39.978545999999994
       ]
      ]
     ],
     [
      [
       [
        116.229605,
        39.976047
       ],
       [
        116.22188300000002,
        39.981832
       ],
       [
        116.233809,
        39.983156
       ],
       [
        116.23656600000001,
        39.979078
       ],
       [
        116.229605,
        39.976047
       ]
      ]
     ],
     [
      [
       [
        116.22119300000001,
        39.982448999999995
       ],
       [
        116.21944900000001,
        39.984545
       ],
       [
        116.221313,
        39.98480399999999
       ],
       [
        116.22302899999998,
        39.98328499999999
       ],
       [
        116.22119300000001,
        39.982448999999995
       ]
      ]
     ],
     [
      [
       [
        116.238142,
        39.98221199999999
       ],
       [
        116.24461800000002,
        39.988327999999996
       ],
       [
        116.244032,
        39.982296999999996
       ],
       [
        116.238789,
        39.98007700000001
       ],
       [
        116.238142,
        39.98221199999999
       ]
      ]
     ],
     [
      [
       [
        116.227692,
        39.986650999999995
       ],
       [
        116.22771299999998,
        39.982535999999996
       ],
       [
        116.223508,
        39.982501000000006
       ],
       [
        116.224405,
        39.98663599999999
       ],
       [
        116.227692,
        39.986650999999995
       ]
      ]
     ],
     [
      [
       [
        116.22706399999998,
        39.990446999999996
       ],
       [
        116.2276,
        39.987691000000005
       ],
       [
        116.218078,
        39.98757799999999
       ],
       [
        116.221366,
        39.98978000000002
       ],
       [
        116.22706399999998,
        39.990446999999996
       ]
      ]
     ],
     [
      [
       [
        116.22716599999998,
        39.990696
       ],
       [
        116.232033,
        39.991665999999995
       ],
       [
        116.233071,
        39.988015999999995
       ],
       [
        116.22824299999999,
        39.987707
       ],
       [
        116.22716599999998,
        39.990696
       ]
      ]
     ],
     [
      [
       [
        116.23751400000002,
        39.99383900000001
       ],
       [
        116.235909,
        39.988508999999986
       ],
       [
        116.233604,
        39.98793299999999
       ],
       [
        116.23253,
        39.99181599999999
       ],
       [
        116.23751400000002,
        39.99383900000001
       ]
      ]
     ],
     [
      [
       [
        116.228945,
        40.04887800000001
       ],
       [
        116.233238,
        40.04910799999999
       ],
       [
        116.234351,
        40.046424
       ],
       [
        116.229551,
        40.045345999999995
       ],
       [
        116.228945,
        40.04887800000001
       ]
      ]
     ],
     [
      [
       [
        116.243002,
        40.04749499999999
       ],
       [
        116.23473800000001,
        40.04638899999999
       ],
       [
        116.233907,
        40.049332
       ],
       [
        116.241874,
        40.05078499999999
       ],
       [
        116.243002,
        40.04749499999999
       ]
      ]
     ],
     [
      [
       [
        116.225618,
        40.05292099999999
       ],
       [
        116.228096,
        40.048865
       ],
       [
        116.219904,
        40.046516999999994
       ],
       [
        116.216171,
        40.0496
       ],
       [
        116.21728100000001,
        40.051234
       ],
       [
        116.225618,
        40.05292099999999
       ]
      ]
     ],
     [
      [
       [
        116.21409899999999,
        40.056671
       ],
       [
        116.22430400000002,
        40.057764
       ],
       [
        116.225901,
        40.053398
       ],
       [
        116.214627,
        40.05116799999998
       ],
       [
        116.21409899999999,
        40.056671
       ]
      ]
     ],
     [
      [
       [
        116.23343400000002,
        40.089227
       ],
       [
        116.23277999999999,
        40.082251
       ],
       [
        116.228269,
        40.081185
       ],
       [
        116.226566,
        40.087202999999995
       ],
       [
        116.23343400000002,
        40.089227
       ]
      ]
     ],
     [
      [
       [
        116.24712299999999,
        40.08690399999999
       ],
       [
        116.23826500000001,
        40.083788
       ],
       [
        116.23377099999999,
        40.08913799999999
       ],
       [
        116.24349000000001,
        40.091362
       ],
       [
        116.246236,
        40.08961
       ],
       [
        116.24712299999999,
        40.08690399999999
       ]
      ]
     ],
     [
      [
       [
        116.22630300000002,
        40.088525
       ],
       [
        116.22495900000001,
        40.092074
       ],
       [
        116.22902700000002,
        40.091903
       ],
       [
        116.228686,
        40.090061000000006
       ],
       [
        116.22630300000002,
        40.088525
       ]
      ]
     ],
     [
      [
       [
        116.230295,
        40.089939
       ],
       [
        116.230305,
        40.093318999999994
       ],
       [
        116.23196099999998,
        40.094198
       ],
       [
        116.23561700000002,
        40.091531
       ],
       [
        116.230295,
        40.089939
       ]
      ]
     ],
     [
      [
       [
        116.22893000000002,
        40.092130999999995
       ],
       [
        116.225026,
        40.092402
       ],
       [
        116.22152900000002,
        40.098867
       ],
       [
        116.22896700000001,
        40.098870000000005
       ],
       [
        116.229981,
        40.09444699999999
       ],
       [
        116.22893000000002,
        40.092130999999995
       ]
      ]
     ],
     [
      [
       [
        116.23277,
        40.09552299999999
       ],
       [
        116.23015299999999,
        40.094710000000006
       ],
       [
        116.23004200000001,
        40.099188
       ],
       [
        116.23277,
        40.09552299999999
       ]
      ]
     ],
     [
      [
       [
        116.22807200000001,
        40.105360999999995
       ],
       [
        116.233028,
        40.10529300000001
       ],
       [
        116.23459700000001,
        40.09973699999998
       ],
       [
        116.22913199999999,
        40.09973699999999
       ],
       [
        116.22807200000001,
        40.105360999999995
       ]
      ]
     ],
     [
      [
       [
        116.221507,
        40.099429999999984
       ],
       [
        116.219381,
        40.10575
       ],
       [
        116.227351,
        40.105074
       ],
       [
        116.228668,
        40.099767
       ],
       [
        116.221507,
        40.099429999999984
       ]
      ]
     ],
     [
      [
       [
        116.23780599999999,
        40.110258
       ],
       [
        116.23531700000001,
        40.110108
       ],
       [
        116.23440735643666,
        40.11240933780105
       ],
       [
        116.23509400000002,
        40.106321
       ],
       [
        116.23218599999998,
        40.113375999999995
       ],
       [
        116.23324000000001,
        40.114122999999985
       ],
       [
        116.2341694996778,
        40.113011072127925
       ],
       [
        116.23377699999999,
        40.114003999999994
       ],
       [
        116.237948,
        40.114597999999994
       ],
       [
        116.23780599999999,
        40.110258
       ]
      ]
     ],
     [
      [
       [
        116.23060900000002,
        40.11865
       ],
       [
        116.23876900000002,
        40.11865599999999
       ],
       [
        116.238297,
        40.117020000000004
       ],
       [
        116.23311999999999,
        40.11604
       ],
       [
        116.23060900000002,
        40.11865
       ]
      ]
     ],
     [
      [
       [
        116.22992799999999,
        40.11543300000001
       ],
       [
        116.22194999999999,
        40.11917
       ],
       [
        116.222104,
        40.121021999999996
       ],
       [
        116.22701200000002,
        40.119561000000004
       ],
       [
        116.22992799999999,
        40.11543300000001
       ]
      ]
     ],
     [
      [
       [
        116.24627200000002,
        39.934518999999995
       ],
       [
        116.24635700000002,
        39.93797300000001
       ],
       [
        116.25383399999998,
        39.93520599999999
       ],
       [
        116.24627200000002,
        39.934518999999995
       ]
      ]
     ],
     [
      [
       [
        116.25016099999999,
        39.938384
       ],
       [
        116.25960499999998,
        39.938770999999996
       ],
       [
        116.25946300000001,
        39.935854
       ],
       [
        116.25780300000001,
        39.934059
       ],
       [
        116.25016099999999,
        39.938384
       ]
      ]
     ],
     [
      [
       [
        116.253285,
        39.939345
       ],
       [
        116.252381,
        39.943955
       ],
       [
        116.260029,
        39.943933
       ],
       [
        116.259789,
        39.93920399999999
       ],
       [
        116.253285,
        39.939345
       ]
      ]
     ],
     [
      [
       [
        116.25697400000001,
        39.944721
       ],
       [
        116.256707,
        39.94721799999999
       ],
       [
        116.26026100000001,
        39.949201
       ],
       [
        116.26006999999998,
        39.944838
       ],
       [
        116.25697400000001,
        39.944721
       ]
      ]
     ],
     [
      [
       [
        116.256375,
        39.948656
       ],
       [
        116.25604899999999,
        39.955712000000005
       ],
       [
        116.257602,
        39.956822
       ],
       [
        116.257915,
        39.94874199999999
       ],
       [
        116.256375,
        39.948656
       ]
      ]
     ],
     [
      [
       [
        116.254088,
        39.953878
       ],
       [
        116.254777,
        39.949704
       ],
       [
        116.25115599999998,
        39.948553999999994
       ],
       [
        116.24574499999999,
        39.952401
       ],
       [
        116.244848,
        39.957480000000004
       ],
       [
        116.254088,
        39.953878
       ]
      ]
     ],
     [
      [
       [
        116.251499,
        39.96659100000001
       ],
       [
        116.243816,
        39.968304999999994
       ],
       [
        116.252839,
        39.96858399999999
       ],
       [
        116.251499,
        39.96659100000001
       ]
      ]
     ],
     [
      [
       [
        116.28143,
        39.970254
       ],
       [
        116.278317,
        39.969398000000005
       ],
       [
        116.27835,
        39.97164
       ],
       [
        116.28191799999999,
        39.975064999999994
       ],
       [
        116.28143,
        39.970254
       ]
      ]
     ],
     [
      [
       [
        116.25653199999999,
        39.979792999999994
       ],
       [
        116.26408600000002,
        39.97479700000002
       ],
       [
        116.27101600000002,
        39.968526
       ],
       [
        116.26490200000002,
        39.965847
       ],
       [
        116.25771500000002,
        39.965894
       ],
       [
        116.247877,
        39.976949
       ],
       [
        116.253654,
        39.98027
       ],
       [
        116.25653199999999,
        39.979792999999994
       ]
      ]
     ],
     [
      [
       [
        116.287338,
        39.971137
       ],
       [
        116.28202300000001,
        39.970589
       ],
       [
        116.282469,
        39.97595600000001
       ],
       [
        116.28636400000002,
        39.97816199999998
       ],
       [
        116.28889000000001,
        39.977875999999995
       ],
       [
        116.287338,
        39.971137
       ]
      ]
     ],
     [
      [
       [
        116.26752799999998,
        39.97599000000001
       ],
       [
        116.26316,
        39.975578000000006
       ],
       [
        116.260755,
        39.97777399999999
       ],
       [
        116.265862,
        39.97697899999999
       ],
       [
        116.26752799999998,
        39.97599000000001
       ]
      ]
     ],
     [
      [
       [
        116.282072,
        39.976926
       ],
       [
        116.277524,
        39.97227399999999
       ],
       [
        116.273662,
        39.972826
       ],
       [
        116.271418,
        39.97694499999999
       ],
       [
        116.27220599999998,
        39.984557
       ],
       [
        116.282674,
        39.984221999999995
       ],
       [
        116.282072,
        39.976926
       ]
      ]
     ],
     [
      [
       [
        116.24928158780004,
        39.98212712094034
       ],
       [
        116.24480400000002,
        39.982773
       ],
       [
        116.24728120633208,
        39.98851250239095
       ],
       [
        116.24674199999998,
        39.990469000000004
       ],
       [
        116.25815999999999,
        39.99541100000001
       ],
       [
        116.257576,
        39.99208300000001
       ],
       [
        116.2540561207997,
        39.98985156669369
       ],
       [
        116.25511,
        39.98980399999999
       ],
       [
        116.256545,
        39.981079
       ],
       [
        116.2516462222792,
        39.98178595437289
       ],
       [
        116.253823,
        39.980720999999996
       ],
       [
        116.247467,
        39.977476
       ],
       [
        116.244853,
        39.98192399999999
       ],
       [
        116.24928158780004,
        39.98212712094034
       ]
      ]
     ],
     [
      [
       [
        116.26858700000001,
        39.980076000000004
       ],
       [
        116.269562,
        39.98374199999999
       ],
       [
        116.27156000000001,
        39.98479400000001
       ],
       [
        116.270637,
        39.97773999999999
       ],
       [
        116.26858700000001,
        39.980076000000004
       ]
      ]
     ],
     [
      [
       [
        116.258543,
        39.98671999999999
       ],
       [
        116.255405,
        39.98933799999999
       ],
       [
        116.25920199999999,
        39.994074999999995
       ],
       [
        116.259798,
        39.99358399999999
       ],
       [
        116.258543,
        39.98671999999999
       ]
      ]
     ],
     [
      [
       [
        116.245972,
        39.991066
       ],
       [
        116.244956,
        39.988153999999994
       ],
       [
        116.242646,
        39.99378200000001
       ],
       [
        116.244332,
        39.99400299999999
       ],
       [
        116.245972,
        39.991066
       ]
      ]
     ],
     [
      [
       [
        116.24699999999999,
        40.006088999999996
       ],
       [
        116.252075,
        40.006633
       ],
       [
        116.26063000000002,
        40.001138
       ],
       [
        116.261313,
        39.998923999999995
       ],
       [
        116.258543,
        39.998584
       ],
       [
        116.246716,
        40.00505499999999
       ],
       [
        116.24699999999999,
        40.006088999999996
       ]
      ]
     ],
     [
      [
       [
        116.31409899999998,
        40.01163499999999
       ],
       [
        116.315352,
        40.009945
       ],
       [
        116.313094,
        40.007369000000004
       ],
       [
        116.312221,
        40.01120499999998
       ],
       [
        116.31409899999998,
        40.01163499999999
       ]
      ]
     ],
     [
      [
       [
        116.28925600000001,
        40.010324000000004
       ],
       [
        116.287261,
        40.008344
       ],
       [
        116.284316,
        40.008077
       ],
       [
        116.28308099999998,
        40.012007
       ],
       [
        116.28853200000002,
        40.01302
       ],
       [
        116.28925600000001,
        40.010324000000004
       ]
      ]
     ],
     [
      [
       [
        116.29496600000002,
        40.016923999999996
       ],
       [
        116.298405,
        40.017329999999994
       ],
       [
        116.29870500000001,
        40.012039
       ],
       [
        116.29577700000002,
        40.011652000000005
       ],
       [
        116.29496600000002,
        40.016923999999996
       ]
      ]
     ],
     [
      [
       [
        116.29862700000001,
        40.02034499999999
       ],
       [
        116.298556,
        40.017596
       ],
       [
        116.290912,
        40.017214
       ],
       [
        116.290408,
        40.020148000000006
       ],
       [
        116.29862700000001,
        40.02034499999999
       ]
      ]
     ],
     [
      [
       [
        116.315007,
        40.01838500000001
       ],
       [
        116.31201499999999,
        40.017146999999994
       ],
       [
        116.31040300000001,
        40.021513999999996
       ],
       [
        116.31115899999999,
        40.021547
       ],
       [
        116.315007,
        40.01838500000001
       ]
      ]
     ],
     [
      [
       [
        116.26450700000001,
        40.023974
       ],
       [
        116.26048000000002,
        40.028614000000005
       ],
       [
        116.26939400000002,
        40.02986400000001
       ],
       [
        116.27042800000001,
        40.025040999999995
       ],
       [
        116.26450700000001,
        40.023974
       ]
      ]
     ],
     [
      [
       [
        116.281456,
        40.031567
       ],
       [
        116.282382,
        40.026272
       ],
       [
        116.278854,
        40.025169999999996
       ],
       [
        116.27802100000001,
        40.03069599999999
       ],
       [
        116.281456,
        40.031567
       ]
      ]
     ],
     [
      [
       [
        116.277666,
        40.030708
       ],
       [
        116.27735400000002,
        40.028633
       ],
       [
        116.274747,
        40.028262
       ],
       [
        116.274261,
        40.029997
       ],
       [
        116.277666,
        40.030708
       ]
      ]
     ],
     [
      [
       [
        116.28309500000002,
        40.02801299999999
       ],
       [
        116.28208399999998,
        40.031566999999995
       ],
       [
        116.28402600000001,
        40.032037
       ],
       [
        116.284588,
        40.03114300000001
       ],
       [
        116.28309500000002,
        40.02801299999999
       ]
      ]
     ],
     [
      [
       [
        116.240992,
        40.037592000000004
       ],
       [
        116.250523,
        40.034864000000006
       ],
       [
        116.25057899999999,
        40.033992000000005
       ],
       [
        116.249319,
        40.034196
       ],
       [
        116.240992,
        40.037592000000004
       ]
      ]
     ],
     [
      [
       [
        116.274498,
        40.04522399999999
       ],
       [
        116.274731,
        40.04323599999999
       ],
       [
        116.26425,
        40.041397
       ],
       [
        116.26433500000002,
        40.04339199999999
       ],
       [
        116.274498,
        40.04522399999999
       ]
      ]
     ],
     [
      [
       [
        116.25006899999998,
        40.042956
       ],
       [
        116.24989400000001,
        40.045526
       ],
       [
        116.25503700000002,
        40.04569999999999
       ],
       [
        116.255581,
        40.043235
       ],
       [
        116.25006899999998,
        40.042956
       ]
      ]
     ],
     [
      [
       [
        116.27500400000001,
        40.045764000000005
       ],
       [
        116.28578299999998,
        40.048559999999995
       ],
       [
        116.287299,
        40.043718999999996
       ],
       [
        116.27615099999998,
        40.041534
       ],
       [
        116.27500400000001,
        40.045764000000005
       ]
      ]
     ],
     [
      [
       [
        116.27927099999998,
        40.06045
       ],
       [
        116.280742,
        40.06121799999998
       ],
       [
        116.28391700000002,
        40.060406
       ],
       [
        116.29211500000001,
        40.046344999999995
       ],
       [
        116.288198,
        40.044172
       ],
       [
        116.28548911313645,
        40.04911244769779
       ],
       [
        116.27486500000002,
        40.046041
       ],
       [
        116.2738602271793,
        40.04666201628667
       ],
       [
        116.273122,
        40.045592
       ],
       [
        116.26305600000002,
        40.044906
       ],
       [
        116.26273800000001,
        40.04954599999999
       ],
       [
        116.26764,
        40.05102399999999
       ],
       [
        116.26891286330937,
        40.050158816022
       ],
       [
        116.268702,
        40.05144500000001
       ],
       [
        116.280517,
        40.05695599999999
       ],
       [
        116.28515988588698,
        40.04971283591325
       ],
       [
        116.27927099999998,
        40.06045
       ]
      ]
     ],
     [
      [
       [
        116.25738199999999,
        40.04320500000001
       ],
       [
        116.255732,
        40.04383599999999
       ],
       [
        116.25320800000001,
        40.053160000000005
       ],
       [
        116.26135100000002,
        40.055135
       ],
       [
        116.26229600000002,
        40.04644700000001
       ],
       [
        116.25738199999999,
        40.04320500000001
       ]
      ]
     ],
     [
      [
       [
        116.249755,
        40.05078699999999
       ],
       [
        116.24891100000002,
        40.05214500000001
       ],
       [
        116.25281599999998,
        40.05284100000001
       ],
       [
        116.253108,
        40.051562999999994
       ],
       [
        116.249755,
        40.05078699999999
       ]
      ]
     ],
     [
      [
       [
        116.278284,
        40.06133299999999
       ],
       [
        116.27526400000002,
        40.060114999999996
       ],
       [
        116.27181800000001,
        40.06661499999999
       ],
       [
        116.273846,
        40.065416000000006
       ],
       [
        116.278284,
        40.06133299999999
       ]
      ]
     ],
     [
      [
       [
        116.277746,
        40.06857899999999
       ],
       [
        116.282613,
        40.06224100000001
       ],
       [
        116.27890600000002,
        40.061229
       ],
       [
        116.272673,
        40.06664099999998
       ],
       [
        116.277746,
        40.06857899999999
       ]
      ]
     ],
     [
      [
       [
        116.265426,
        40.075790000000005
       ],
       [
        116.26463299999999,
        40.075037
       ],
       [
        116.25735899999998,
        40.080360000000006
       ],
       [
        116.25967299999999,
        40.080162
       ],
       [
        116.265426,
        40.075790000000005
       ]
      ]
     ],
     [
      [
       [
        116.25343,
        40.08393699999999
       ],
       [
        116.253177,
        40.082347
       ],
       [
        116.24792500000001,
        40.086748
       ],
       [
        116.249293,
        40.08681800000001
       ],
       [
        116.25343,
        40.08393699999999
       ]
      ]
     ]
    ]
   }
  },
  {
   "type": "Feature",
   "properties": {
    "layer": "OFFICIAL_ZONATION_BG",
    "category": "conditional_construction_zone",
    "label_zh": "城镇建设用地（官方分区图）",
    "source": "DATA-SRC-HAIDIAN-DISTRICT-PLAN-2017-2035",
    "source_figure": "图05 国土空间规划分区图",
    "official_boundary": false,
    "usable_for_formal": "background_only",
    "precision_note": "栅格公示图矢量化，配准中误差约百米级；仅作背景参考，不作几何/面积依据"
   },
   "geometry": {
    "type": "MultiPolygon",
    "coordinates": [
     [
      [
       [
        116.112593,
        40.063362999999995
       ],
       [
        116.112506,
        40.064777
       ],
       [
        116.11823,
        40.06461699999999
       ],
       [
        116.118005,
        40.063607
       ],
       [
        116.112593,
        40.063362999999995
       ]
      ]
     ],
     [
      [
       [
        116.121976,
        40.067028
       ],
       [
        116.121787,
        40.064796999999984
       ],
       [
        116.11637899999998,
        40.065653999999995
       ],
       [
        116.11751099999998,
        40.06880699999999
       ],
       [
        116.119956,
        40.069031
       ],
       [
        116.121976,
        40.067028
       ]
      ]
     ],
     [
      [
       [
        116.141906,
        40.065992
       ],
       [
        116.137413,
        40.067543
       ],
       [
        116.13789700000001,
        40.06904000000001
       ],
       [
        116.141783,
        40.069058
       ],
       [
        116.141906,
        40.065992
       ]
      ]
     ],
     [
      [
       [
        116.12577599999999,
        40.074041
       ],
       [
        116.12599800000001,
        40.07055100000001
       ],
       [
        116.121473,
        40.07078799999999
       ],
       [
        116.121795,
        40.073028
       ],
       [
        116.12577599999999,
        40.074041
       ]
      ]
     ],
     [
      [
       [
        116.139259,
        40.071124
       ],
       [
        116.137298,
        40.07072899999999
       ],
       [
        116.13551899999999,
        40.074347
       ],
       [
        116.13864499999998,
        40.074752
       ],
       [
        116.139259,
        40.071124
       ]
      ]
     ],
     [
      [
       [
        116.117758,
        40.087065
       ],
       [
        116.118524,
        40.08485000000001
       ],
       [
        116.11621200000002,
        40.084509000000004
       ],
       [
        116.113882,
        40.086510000000004
       ],
       [
        116.117758,
        40.087065
       ]
      ]
     ],
     [
      [
       [
        116.11479000000001,
        40.08993900000001
       ],
       [
        116.117562,
        40.09007
       ],
       [
        116.11716200000001,
        40.087368
       ],
       [
        116.11516,
        40.08743
       ],
       [
        116.11479000000001,
        40.08993900000001
       ]
      ]
     ],
     [
      [
       [
        116.11469900000002,
        40.09516899999999
       ],
       [
        116.113849,
        40.098717999999984
       ],
       [
        116.117395,
        40.098943999999996
       ],
       [
        116.12042600000001,
        40.097224000000004
       ],
       [
        116.11880423815978,
        40.096642109830135
       ],
       [
        116.12063900000001,
        40.096765999999995
       ],
       [
        116.12068300000001,
        40.09500799999999
       ],
       [
        116.118044,
        40.094738
       ],
       [
        116.11794454336486,
        40.09633363708563
       ],
       [
        116.11469900000002,
        40.09516899999999
       ]
      ]
     ],
     [
      [
       [
        116.185611,
        40.103173
       ],
       [
        116.18565399999999,
        40.10070300000001
       ],
       [
        116.18176500000001,
        40.100429999999996
       ],
       [
        116.18164500000002,
        40.102988999999994
       ],
       [
        116.185611,
        40.103173
       ]
      ]
     ],
     [
      [
       [
        116.178804,
        40.108996000000005
       ],
       [
        116.17911099999999,
        40.107408
       ],
       [
        116.17705799999999,
        40.106092000000004
       ],
       [
        116.175681,
        40.108920999999995
       ],
       [
        116.178804,
        40.108996000000005
       ]
      ]
     ],
     [
      [
       [
        116.173912,
        40.11080299999999
       ],
       [
        116.17597000000002,
        40.107168
       ],
       [
        116.172423,
        40.106804
       ],
       [
        116.17038999999998,
        40.108799
       ],
       [
        116.173912,
        40.11080299999999
       ]
      ]
     ],
     [
      [
       [
        116.17681700000001,
        40.113412
       ],
       [
        116.18319,
        40.11280899999999
       ],
       [
        116.18302100000001,
        40.111075
       ],
       [
        116.176937,
        40.111056999999995
       ],
       [
        116.17681700000001,
        40.113412
       ]
      ]
     ],
     [
      [
       [
        116.173462,
        40.12182299999999
       ],
       [
        116.16767,
        40.12010899999999
       ],
       [
        116.16693,
        40.124694
       ],
       [
        116.17175200000001,
        40.124790000000004
       ],
       [
        116.173462,
        40.12182299999999
       ]
      ]
     ],
     [
      [
       [
        116.199367,
        40.082793
       ],
       [
        116.20106799999999,
        40.078673999999985
       ],
       [
        116.198755,
        40.07810399999999
       ],
       [
        116.1942,
        40.081396000000005
       ],
       [
        116.199367,
        40.082793
       ]
      ]
     ],
     [
      [
       [
        116.18926900000001,
        40.08708099999999
       ],
       [
        116.1923,
        40.083693999999994
       ],
       [
        116.189401,
        40.08282999999999
       ],
       [
        116.18760899999998,
        40.08495599999999
       ],
       [
        116.18926900000001,
        40.08708099999999
       ]
      ]
     ],
     [
      [
       [
        116.217518,
        40.09072
       ],
       [
        116.218339,
        40.092073
       ],
       [
        116.223765,
        40.09207
       ],
       [
        116.224645,
        40.091141999999984
       ],
       [
        116.217518,
        40.09072
       ]
      ]
     ],
     [
      [
       [
        116.217426,
        40.098718
       ],
       [
        116.217112,
        40.096583
       ],
       [
        116.21146300000001,
        40.098481
       ],
       [
        116.217426,
        40.098718
       ]
      ]
     ],
     [
      [
       [
        116.213887,
        40.102916
       ],
       [
        116.215116,
        40.099722
       ],
       [
        116.211849,
        40.099516
       ],
       [
        116.21146300000001,
        40.102751999999995
       ],
       [
        116.213887,
        40.102916
       ]
      ]
     ],
     [
      [
       [
        116.21856700000001,
        40.103992000000005
       ],
       [
        116.215932,
        40.10402199999999
       ],
       [
        116.215658,
        40.10602
       ],
       [
        116.218508,
        40.105574
       ],
       [
        116.21856700000001,
        40.103992000000005
       ]
      ]
     ],
     [
      [
       [
        116.211464,
        40.106334000000004
       ],
       [
        116.215451,
        40.106004
       ],
       [
        116.21550400000001,
        40.104061
       ],
       [
        116.21362799999999,
        40.10346499999999
       ],
       [
        116.211464,
        40.106334000000004
       ]
      ]
     ],
     [
      [
       [
        116.20084000000001,
        40.108099
       ],
       [
        116.20284200000002,
        40.107935
       ],
       [
        116.20295100000001,
        40.104301
       ],
       [
        116.199222,
        40.103226
       ],
       [
        116.20084000000001,
        40.108099
       ]
      ]
     ],
     [
      [
       [
        116.221944,
        40.11883900000001
       ],
       [
        116.225413,
        40.11814999999999
       ],
       [
        116.227972,
        40.11584999999999
       ],
       [
        116.22093200000002,
        40.11543400000001
       ],
       [
        116.221944,
        40.11883900000001
       ]
      ]
     ],
     [
      [
       [
        116.220426,
        40.11908400000001
       ],
       [
        116.220198,
        40.11567099999999
       ],
       [
        116.21631199999999,
        40.11536699999999
       ],
       [
        116.21428800000001,
        40.118413
       ],
       [
        116.220426,
        40.11908400000001
       ]
      ]
     ],
     [
      [
       [
        116.198368,
        40.125047
       ],
       [
        116.201719,
        40.119767
       ],
       [
        116.19630599999999,
        40.119609000000004
       ],
       [
        116.195806,
        40.124219
       ],
       [
        116.198368,
        40.125047
       ]
      ]
     ],
     [
      [
       [
        116.18478399999998,
        40.128616
       ],
       [
        116.18479,
        40.132933
       ],
       [
        116.186102,
        40.133594
       ],
       [
        116.18821200000001,
        40.132266
       ],
       [
        116.188544,
        40.128806999999995
       ],
       [
        116.18478399999998,
        40.128616
       ]
      ]
     ],
     [
      [
       [
        116.19858800000002,
        40.12951799999999
       ],
       [
        116.19733900000001,
        40.12909
       ],
       [
        116.19236099999999,
        40.13181599999999
       ],
       [
        116.19245600000002,
        40.13521999999998
       ],
       [
        116.194954,
        40.135476999999995
       ],
       [
        116.19822700000002,
        40.13325599999999
       ],
       [
        116.19858800000002,
        40.12951799999999
       ]
      ]
     ]
    ]
   }
  },
  {
   "type": "Feature",
   "properties": {
    "layer": "OFFICIAL_ZONATION_BG",
    "category": "village_construction_land",
    "label_zh": "城镇建设用地（官方分区图）",
    "source": "DATA-SRC-HAIDIAN-DISTRICT-PLAN-2017-2035",
    "source_figure": "图05 国土空间规划分区图",
    "official_boundary": false,
    "usable_for_formal": "background_only",
    "precision_note": "栅格公示图矢量化，配准中误差约百米级；仅作背景参考，不作几何/面积依据"
   },
   "geometry": {
    "type": "MultiPolygon",
    "coordinates": [
     [
      [
       [
        116.112506,
        40.064777
       ],
       [
        116.11823,
        40.06461699999999
       ],
       [
        116.118005,
        40.063607
       ],
       [
        116.112542,
        40.063365999999995
       ],
       [
        116.112506,
        40.064777
       ]
      ]
     ],
     [
      [
       [
        116.121976,
        40.067028
       ],
       [
        116.121787,
        40.064796999999984
       ],
       [
        116.11637899999998,
        40.065653999999995
       ],
       [
        116.11751099999998,
        40.06880699999999
       ],
       [
        116.119956,
        40.069031
       ],
       [
        116.121976,
        40.067028
       ]
      ]
     ],
     [
      [
       [
        116.141906,
        40.065992
       ],
       [
        116.137413,
        40.067543
       ],
       [
        116.13789700000001,
        40.06904000000001
       ],
       [
        116.141783,
        40.069058
       ],
       [
        116.141906,
        40.065992
       ]
      ]
     ],
     [
      [
       [
        116.12599800000001,
        40.07055100000001
       ],
       [
        116.121473,
        40.07078799999999
       ],
       [
        116.121795,
        40.073028
       ],
       [
        116.12577599999999,
        40.074041
       ],
       [
        116.12599800000001,
        40.07055100000001
       ]
      ]
     ],
     [
      [
       [
        116.139259,
        40.071124
       ],
       [
        116.137298,
        40.07072899999999
       ],
       [
        116.13551899999999,
        40.074347
       ],
       [
        116.13864499999998,
        40.074752
       ],
       [
        116.139259,
        40.071124
       ]
      ]
     ],
     [
      [
       [
        116.18926900000001,
        40.08708099999999
       ],
       [
        116.1923,
        40.083693999999994
       ],
       [
        116.189401,
        40.08282999999999
       ],
       [
        116.18760899999998,
        40.08495599999999
       ],
       [
        116.18926900000001,
        40.08708099999999
       ]
      ]
     ],
     [
      [
       [
        116.117929,
        40.087090999999994
       ],
       [
        116.11854299999999,
        40.084887
       ],
       [
        116.11673500000002,
        40.084486
       ],
       [
        116.11385299999999,
        40.086578
       ],
       [
        116.117929,
        40.087090999999994
       ]
      ]
     ],
     [
      [
       [
        116.11515899999999,
        40.087194999999994
       ],
       [
        116.11493,
        40.09013600000001
       ],
       [
        116.117559,
        40.090075
       ],
       [
        116.11758200000001,
        40.087222
       ],
       [
        116.11515899999999,
        40.087194999999994
       ]
      ]
     ],
     [
      [
       [
        116.11516200000001,
        40.09516300000001
       ],
       [
        116.11353500000001,
        40.09658300000001
       ],
       [
        116.11410200000002,
        40.098951
       ],
       [
        116.12043400000002,
        40.09757700000001
       ],
       [
        116.1183081813243,
        40.096603656500555
       ],
       [
        116.12068300000001,
        40.09673299999999
       ],
       [
        116.120325,
        40.09450100000001
       ],
       [
        116.11800000000001,
        40.094534
       ],
       [
        116.11793421780597,
        40.09643242384517
       ],
       [
        116.11516200000001,
        40.09516300000001
       ]
      ]
     ],
     [
      [
       [
        116.185611,
        40.103173
       ],
       [
        116.18565399999999,
        40.10070300000001
       ],
       [
        116.18176500000001,
        40.100429999999996
       ],
       [
        116.18164500000002,
        40.102988999999994
       ],
       [
        116.185611,
        40.103173
       ]
      ]
     ],
     [
      [
       [
        116.178804,
        40.108996000000005
       ],
       [
        116.17911099999999,
        40.107408
       ],
       [
        116.17705799999999,
        40.106092000000004
       ],
       [
        116.175681,
        40.108920999999995
       ],
       [
        116.178804,
        40.108996000000005
       ]
      ]
     ],
     [
      [
       [
        116.173912,
        40.11080299999999
       ],
       [
        116.17597000000002,
        40.107168
       ],
       [
        116.172423,
        40.106804
       ],
       [
        116.17038999999998,
        40.108799
       ],
       [
        116.173912,
        40.11080299999999
       ]
      ]
     ],
     [
      [
       [
        116.17681700000001,
        40.113412
       ],
       [
        116.18319,
        40.11280899999999
       ],
       [
        116.18302100000001,
        40.111075
       ],
       [
        116.176937,
        40.111056999999995
       ],
       [
        116.17681700000001,
        40.113412
       ]
      ]
     ],
     [
      [
       [
        116.16767,
        40.12010899999999
       ],
       [
        116.16693,
        40.124694
       ],
       [
        116.17175200000001,
        40.124790000000004
       ],
       [
        116.173462,
        40.12182299999999
       ],
       [
        116.16767,
        40.12010899999999
       ]
      ]
     ],
     [
      [
       [
        116.18478399999998,
        40.128616
       ],
       [
        116.18479,
        40.132933
       ],
       [
        116.186102,
        40.133594
       ],
       [
        116.18821200000001,
        40.132266
       ],
       [
        116.188544,
        40.128806999999995
       ],
       [
        116.18478399999998,
        40.128616
       ]
      ]
     ],
     [
      [
       [
        116.236559,
        39.979533
       ],
       [
        116.23302000000001,
        39.977953
       ],
       [
        116.23156,
        39.98084699999999
       ],
       [
        116.23457299999998,
        39.981958
       ],
       [
        116.236559,
        39.979533
       ]
      ]
     ],
     [
      [
       [
        116.28921100000001,
        39.983090999999995
       ],
       [
        116.288897,
        39.98038300000001
       ],
       [
        116.28285199999999,
        39.97749099999999
       ],
       [
        116.282803,
        39.983091
       ],
       [
        116.28921100000001,
        39.983090999999995
       ]
      ]
     ],
     [
      [
       [
        116.199367,
        40.082793
       ],
       [
        116.20106799999999,
        40.078673999999985
       ],
       [
        116.198755,
        40.07810399999999
       ],
       [
        116.1942,
        40.081396000000005
       ],
       [
        116.199367,
        40.082793
       ]
      ]
     ],
     [
      [
       [
        116.217518,
        40.09072
       ],
       [
        116.218339,
        40.092073
       ],
       [
        116.223765,
        40.09207
       ],
       [
        116.224645,
        40.091141999999984
       ],
       [
        116.217518,
        40.09072
       ]
      ]
     ],
     [
      [
       [
        116.217426,
        40.098718
       ],
       [
        116.217112,
        40.096583
       ],
       [
        116.21146300000001,
        40.098481
       ],
       [
        116.217426,
        40.098718
       ]
      ]
     ],
     [
      [
       [
        116.213907,
        40.102898
       ],
       [
        116.21511399999999,
        40.09948399999999
       ],
       [
        116.211848,
        40.099517
       ],
       [
        116.21146300000001,
        40.102751999999995
       ],
       [
        116.213907,
        40.102898
       ]
      ]
     ],
     [
      [
       [
        116.20716000000002,
        40.102979
       ],
       [
        116.20768200000002,
        40.100072
       ],
       [
        116.200708,
        40.09967600000001
       ],
       [
        116.19388599999999,
        40.102752
       ],
       [
        116.20716000000002,
        40.102979
       ]
      ]
     ],
     [
      [
       [
        116.193006,
        40.109629
       ],
       [
        116.193558,
        40.102205999999995
       ],
       [
        116.19125700000001,
        40.09971899999998
       ],
       [
        116.189401,
        40.09967699999999
       ],
       [
        116.18824500000001,
        40.109689
       ],
       [
        116.193006,
        40.109629
       ]
      ]
     ],
     [
      [
       [
        116.21854200000001,
        40.10397799999999
       ],
       [
        116.215914,
        40.10404
       ],
       [
        116.21567400000002,
        40.106029
       ],
       [
        116.21859000000002,
        40.10553
       ],
       [
        116.21854200000001,
        40.10397799999999
       ]
      ]
     ],
     [
      [
       [
        116.21550600000002,
        40.104064
       ],
       [
        116.213512,
        40.103492
       ],
       [
        116.2115,
        40.10666
       ],
       [
        116.215328,
        40.10629899999999
       ],
       [
        116.21550600000002,
        40.104064
       ]
      ]
     ],
     [
      [
       [
        116.202896,
        40.10813999999999
       ],
       [
        116.202953,
        40.104065999999996
       ],
       [
        116.199388,
        40.103017
       ],
       [
        116.198913,
        40.10516799999999
       ],
       [
        116.200824,
        40.10807799999999
       ],
       [
        116.202896,
        40.10813999999999
       ]
      ]
     ],
     [
      [
       [
        116.19348,
        40.113597
       ],
       [
        116.19348400000001,
        40.110655
       ],
       [
        116.189588,
        40.110885999999994
       ],
       [
        116.189492,
        40.11343
       ],
       [
        116.19348,
        40.113597
       ]
      ]
     ],
     [
      [
       [
        116.221944,
        40.11883900000001
       ],
       [
        116.225413,
        40.11814999999999
       ],
       [
        116.227972,
        40.11584999999999
       ],
       [
        116.22093200000002,
        40.11543400000001
       ],
       [
        116.221944,
        40.11883900000001
       ]
      ]
     ],
     [
      [
       [
        116.220426,
        40.11908400000001
       ],
       [
        116.220198,
        40.11567099999999
       ],
       [
        116.21631199999999,
        40.11536699999999
       ],
       [
        116.21428800000001,
        40.118413
       ],
       [
        116.220426,
        40.11908400000001
       ]
      ]
     ],
     [
      [
       [
        116.198368,
        40.125047
       ],
       [
        116.201719,
        40.119767
       ],
       [
        116.19630599999999,
        40.119609000000004
       ],
       [
        116.195806,
        40.124219
       ],
       [
        116.198368,
        40.125047
       ]
      ]
     ],
     [
      [
       [
        116.19858800000002,
        40.12951799999999
       ],
       [
        116.19733900000001,
        40.12909
       ],
       [
        116.19236099999999,
        40.13181599999999
       ],
       [
        116.19245600000002,
        40.13521999999998
       ],
       [
        116.194954,
        40.135476999999995
       ],
       [
        116.19822700000002,
        40.13325599999999
       ],
       [
        116.19858800000002,
        40.12951799999999
       ]
      ]
     ]
    ]
   }
  }
 ]
}