{"type": "FeatureCollection", "name": "osm_public_facilities_corridor", "attribution": "© OpenStreetMap contributors, ODbL 1.0", "fetch_notes": "See data/processed/osm-overpass-notes.md", "features": [{"type": "Feature", "properties": {"layer": "OSM_PUBLIC_FACILITIES", "osm_id": 281923955, "osm_type": "node", "name": "三元梅园", "amenity": "fast_food", "shop": null, "operator": null, "source": "DATA-SRC-OSM", "official_boundary": false, "usable_for_formal": "background_only", "precision_note": "OSM 社区数据 POI，位置精度数米级；公共服务设施底数背景"}, "geometry": {"type": "Point", "coordinates": [116.31345, 40.031317]}}, {"type": "Feature", "properties": {"layer": "OSM_PUBLIC_FACILITIES", "osm_id": 281925692, "osm_type": "node", "name": "中信银行", "amenity": "bank", "shop": null, "operator": null, "source": "DATA-SRC-OSM", "official_boundary": false, "usable_for_formal": "background_only", "precision_note": "OSM 社区数据 POI，位置精度数米级；公共服务设施底数背景"}, "geometry": {"type": "Point", "coordinates": [116.30713, 40.028882]}}, {"type": "Feature", "properties": {"layer": "OSM_PUBLIC_FACILITIES", "osm_id": 281925699, "osm_type": "node", "name": "同仁堂", "amenity": "pharmacy", "shop": null, "operator": null, "source": "DATA-SRC-OSM", "official_boundary": false, "usable_for_formal": "background_only", "precision_note": "OSM 社区数据 POI，位置精度数米级；公共服务设施底数背景"}, "geometry": {"type": "Point", "coordinates": [116.307162, 40.028791]}}, {"type": "Feature", "properties": {"layer": "OSM_PUBLIC_FACILITIES", "osm_id": 286279448, "osm_type": "node", "name": "上地邮局", "amenity": "post_office", "shop": null, "operator": null, "source": "DATA-SRC-OSM", "official_boundary": false, "usable_for_formal": "background_only", "precision_note": "OSM 社区数据 POI，位置精度数米级；公共服务设施底数背景"}, "geometry": {"type": "Point", "coordinates": [116.305067, 40.029184]}}, {"type": "Feature", "properties": {"layer": "OSM_PUBLIC_FACILITIES", "osm_id": 289394668, "osm_type": "node", "name": "滇池一家餐厅", "amenity": "restaurant", "shop": null, "operator": null, "source": "DATA-SRC-OSM", "official_boundary": false, "usable_for_formal": "background_only", "precision_note": "OSM 社区数据 POI，位置精度数米级；公共服务设施底数背景"}, "geometry": {"type": "Point", "coordinates": [116.305614, 40.033517]}}, {"type": "Feature", "properties": {"layer": "OSM_PUBLIC_FACILITIES", "osm_id": 290597856, "osm_type": "node", "name": "孔乙己酒家", "amenity": "restaurant", "shop": null, "operator": null, "source": "DATA-SRC-OSM", "official_boundary": false, "usable_for_formal": "background_only", "precision_note": "OSM 社区数据 POI，位置精度数米级；公共服务设施底数背景"}, "geometry": {"type": "Point", "coordinates": [116.375031, 39.941467]}}, {"type": "Feature", "properties": {"layer": "OSM_PUBLIC_FACILITIES", "osm_id": 290597968, "osm_type": "node", "name": "上地东里派出所", "amenity": "police", "shop": null, "operator": null, "source": "DATA-SRC-OSM", "official_boundary": false, "usable_for_formal": "background_only", "precision_note": "OSM 社区数据 POI，位置精度数米级；公共服务设施底数背景"}, "geometry": {"type": "Point", "coordinates": [116.307567, 40.0311]}}, {"type": "Feature", "properties": {"layer": "OSM_PUBLIC_FACILITIES", "osm_id": 290600874, "osm_type": "node", "name": "迷你站奶茶专门店", "amenity": "cafe", "shop": null, "operator": null, "source": "DATA-SRC-OSM", "official_boundary": false, "usable_for_formal": "background_only", "precision_note": "OSM 社区数据 POI，位置精度数米级；公共服务设施底数背景"}, "geometry": {"type": "Point", "coordinates": [116.328997, 39.991167]}}, {"type": "Feature", "properties": {"layer": "OSM_PUBLIC_FACILITIES", "osm_id": 297113664, "osm_type": "node", "name": "星巴克", "amenity": "cafe", "shop": null, "operator": null, "source": "DATA-SRC-OSM", "official_boundary": false, "usable_for_formal": "background_only", "precision_note": "OSM 社区数据 POI，位置精度数米级；公共服务设施底数背景"}, "geometry": {"type": "Point", "coordinates": [116.347301, 40.000321]}}, {"type": "Feature", "properties": {"layer": "OSM_PUBLIC_FACILITIES", "osm_id": 297407376, "osm_type": "node", "name": "沸腾渔乡", "amenity": "restaurant", "shop": null, "operator": null, "source": "DATA-SRC-OSM", "official_boundary": false, "usable_for_formal": "background_only", "precision_note": "OSM 社区数据 POI，位置精度数米级；公共服务设施底数背景"}, "geometry": {"type": "Point", "coordinates": [116.339809, 39.975425]}}, {"type": "Feature", "properties": {"layer": "OSM_PUBLIC_FACILITIES", "osm_id": 312152376, "osm_type": "node", "name": "永和大王", "amenity": "fast_food", "shop": null, "operator": null, "source": "DATA-SRC-OSM", "official_boundary": false, "usable_for_formal": "background_only", "precision_note": "OSM 社区数据 POI，位置精度数米级；公共服务设施底数背景"}, "geometry": {"type": "Point", "coordinates": [116.32766, 39.991132]}}, {"type": "Feature", "properties": {"layer": "OSM_PUBLIC_FACILITIES", "osm_id": 312152381, "osm_type": "node", "name": "一品三笑", "amenity": "restaurant", "shop": null, "operator": null, "source": "DATA-SRC-OSM", "official_boundary": false, "usable_for_formal": "background_only", "precision_note": "OSM 社区数据 POI，位置精度数米级；公共服务设施底数背景"}, "geometry": {"type": "Point", "coordinates": [116.327857, 39.99114]}}, {"type": "Feature", "properties": {"layer": "OSM_PUBLIC_FACILITIES", "osm_id": 312152388, "osm_type": "node", "name": "比格披萨", "amenity": "restaurant", "shop": null, "operator": null, "source": "DATA-SRC-OSM", "official_boundary": false, "usable_for_formal": "background_only", "precision_note": "OSM 社区数据 POI，位置精度数米级；公共服务设施底数背景"}, "geometry": {"type": "Point", "coordinates": [116.328063, 39.991152]}}, {"type": "Feature", "properties": {"layer": "OSM_PUBLIC_FACILITIES", "osm_id": 312152407, "osm_type": "node", "name": "品奇", "amenity": "restaurant", "shop": null, "operator": null, "source": "DATA-SRC-OSM", "official_boundary": false, "usable_for_formal": "background_only", "precision_note": "OSM 社区数据 POI，位置精度数米级；公共服务设施底数背景"}, "geometry": {"type": "Point", "coordinates": [116.327473, 39.991126]}}, {"type": "Feature", "properties": {"layer": "OSM_PUBLIC_FACILITIES", "osm_id": 312152413, "osm_type": "node", "name": "肯德基", "amenity": "fast_food", "shop": null, "operator": null, "source": "DATA-SRC-OSM", "official_boundary": false, "usable_for_formal": "background_only", "precision_note": "OSM 社区数据 POI，位置精度数米级；公共服务设施底数背景"}, "geometry": {"type": "Point", "coordinates": [116.330294, 39.991795]}}, {"type": "Feature", "properties": {"layer": "OSM_PUBLIC_FACILITIES", "osm_id": 380423078, "osm_type": "node", "name": "北京银行", "amenity": "bank", "shop": null, "operator": "北京银行", "source": "DATA-SRC-OSM", "official_boundary": false, "usable_for_formal": "background_only", "precision_note": "OSM 社区数据 POI，位置精度数米级；公共服务设施底数背景"}, "geometry": {"type": "Point", "coordinates": [116.318298, 39.997394]}}, {"type": "Feature", "properties": {"layer": "OSM_PUBLIC_FACILITIES", "osm_id": 380423079, "osm_type": "node", "name": "中国建设银行", "amenity": "bank", "shop": null, "operator": null, "source": "DATA-SRC-OSM", "official_boundary": false, "usable_for_formal": "background_only", "precision_note": "OSM 社区数据 POI，位置精度数米级；公共服务设施底数背景"}, "geometry": {"type": "Point", "coordinates": [116.318303, 39.997603]}}, {"type": "Feature", "properties": {"layer": "OSM_PUBLIC_FACILITIES", "osm_id": 380744190, "osm_type": "node", "name": "羊蝎子", "amenity": "restaurant", "shop": null, "operator": null, "source": "DATA-SRC-OSM", "official_boundary": false, "usable_for_formal": "background_only", "precision_note": "OSM 社区数据 POI，位置精度数米级；公共服务设施底数背景"}, "geometry": {"type": "Point", "coordinates": [116.310584, 39.996364]}}, {"type": "Feature", "properties": {"layer": "OSM_PUBLIC_FACILITIES", "osm_id": 380769202, "osm_type": "node", "name": null, "amenity": "restaurant", "shop": null, "operator": null, "source": "DATA-SRC-OSM", "official_boundary": false, "usable_for_formal": "background_only", "precision_note": "OSM 社区数据 POI，位置精度数米级；公共服务设施底数背景"}, "geometry": {"type": "Point", "coordinates": [116.317493, 39.990827]}}, {"type": "Feature", "properties": {"layer": "OSM_PUBLIC_FACILITIES", "osm_id": 380769210, "osm_type": "node", "name": null, "amenity": "restaurant", "shop": null, "operator": null, "source": "DATA-SRC-OSM", "official_boundary": false, "usable_for_formal": "background_only", "precision_note": "OSM 社区数据 POI，位置精度数米级；公共服务设施底数背景"}, "geometry": {"type": "Point", "coordinates": [116.317725, 39.990705]}}, {"type": "Feature", "properties": {"layer": "OSM_PUBLIC_FACILITIES", "osm_id": 380770869, "osm_type": "node", "name": "中国邮政", "amenity": "post_office", "shop": null, "operator": "中国邮政", "source": "DATA-SRC-OSM", "official_boundary": false, "usable_for_formal": "background_only", "precision_note": "OSM 社区数据 POI，位置精度数米级；公共服务设施底数背景"}, "geometry": {"type": "Point", "coordinates": [116.318262, 39.998062]}}, {"type": "Feature", "properties": {"layer": "OSM_PUBLIC_FACILITIES", "osm_id": 395214553, "osm_type": "node", "name": "世宁大厦", "amenity": "college", "shop": null, "operator": null, "source": "DATA-SRC-OSM", "official_boundary": false, "usable_for_formal": "background_only", "precision_note": "OSM 社区数据 POI，位置精度数米级；公共服务设施底数背景"}, "geometry": {"type": "Point", "coordinates": [116.346032, 39.984515]}}, {"type": "Feature", "properties": {"layer": "OSM_PUBLIC_FACILITIES", "osm_id": 528603381, "osm_type": "node", "name": "North Beijing Hospital", "amenity": "hospital", "shop": null, "operator": null, "source": "DATA-SRC-OSM", "official_boundary": false, "usable_for_formal": "background_only", "precision_note": "OSM 社区数据 POI，位置精度数米级；公共服务设施底数背景"}, "geometry": {"type": "Point", "coordinates": [116.344103, 40.027928]}}, {"type": "Feature", "properties": {"layer": "OSM_PUBLIC_FACILITIES", "osm_id": 586468151, "osm_type": "node", "name": null, "amenity": "cafe", "shop": null, "operator": null, "source": "DATA-SRC-OSM", "official_boundary": false, "usable_for_formal": "background_only", "precision_note": "OSM 社区数据 POI，位置精度数米级；公共服务设施底数背景"}, "geometry": {"type": "Point", "coordinates": [116.31708, 39.963708]}}, {"type": "Feature", "properties": {"layer": "OSM_PUBLIC_FACILITIES", "osm_id": 586469195, "osm_type": "node", "name": "南城香", "amenity": "restaurant", "shop": null, "operator": null, "source": "DATA-SRC-OSM", "official_boundary": false, "usable_for_formal": "background_only", "precision_note": "OSM 社区数据 POI，位置精度数米级；公共服务设施底数背景"}, "geometry": {"type": "Point", "coordinates": [116.319204, 39.96666]}}, {"type": "Feature", "properties": {"layer": "OSM_PUBLIC_FACILITIES", "osm_id": 586469196, "osm_type": "node", "name": "金掌勺", "amenity": "restaurant", "shop": null, "operator": null, "source": "DATA-SRC-OSM", "official_boundary": false, "usable_for_formal": "background_only", "precision_note": "OSM 社区数据 POI，位置精度数米级；公共服务设施底数背景"}, "geometry": {"type": "Point", "coordinates": [116.319226, 39.966849]}}, {"type": "Feature", "properties": {"layer": "OSM_PUBLIC_FACILITIES", "osm_id": 586469197, "osm_type": "node", "name": null, "amenity": "restaurant", "shop": null, "operator": null, "source": "DATA-SRC-OSM", "official_boundary": false, "usable_for_formal": "background_only", "precision_note": "OSM 社区数据 POI，位置精度数米级；公共服务设施底数背景"}, "geometry": {"type": "Point", "coordinates": [116.318807, 39.967104]}}, {"type": "Feature", "properties": {"layer": "OSM_PUBLIC_FACILITIES", "osm_id": 586469200, "osm_type": "node", "name": null, "amenity": "restaurant", "shop": null, "operator": null, "source": "DATA-SRC-OSM", "official_boundary": false, "usable_for_formal": "background_only", "precision_note": "OSM 社区数据 POI，位置精度数米级；公共服务设施底数背景"}, "geometry": {"type": "Point", "coordinates": [116.318582, 39.96712]}}, {"type": "Feature", "properties": {"layer": "OSM_PUBLIC_FACILITIES", "osm_id": 671920348, "osm_type": "node", "name": "中国工商银行", "amenity": "bank", "shop": null, "operator": "ICBC", "source": "DATA-SRC-OSM", "official_boundary": false, "usable_for_formal": "background_only", "precision_note": "OSM 社区数据 POI，位置精度数米级；公共服务设施底数背景"}, "geometry": {"type": "Point", "coordinates": [116.389472, 39.936178]}}, {"type": "Feature", "properties": {"layer": "OSM_PUBLIC_FACILITIES", "osm_id": 748859850, "osm_type": "node", "name": "肯德基", "amenity": "fast_food", "shop": null, "operator": null, "source": "DATA-SRC-OSM", "official_boundary": false, "usable_for_formal": "background_only", "precision_note": "OSM 社区数据 POI，位置精度数米级；公共服务设施底数背景"}, "geometry": {"type": "Point", "coordinates": [116.300308, 39.942788]}}, {"type": "Feature", "properties": {"layer": "OSM_PUBLIC_FACILITIES", "osm_id": 836354335, "osm_type": "node", "name": "金榜园", "amenity": "restaurant", "shop": null, "operator": null, "source": "DATA-SRC-OSM", "official_boundary": false, "usable_for_formal": "background_only", "precision_note": "OSM 社区数据 POI，位置精度数米级；公共服务设施底数背景"}, "geometry": {"type": "Point", "coordinates": [116.316479, 40.039768]}}, {"type": "Feature", "properties": {"layer": "OSM_PUBLIC_FACILITIES", "osm_id": 837167084, "osm_type": "node", "name": "郭林家常菜", "amenity": "restaurant", "shop": null, "operator": null, "source": "DATA-SRC-OSM", "official_boundary": false, "usable_for_formal": "background_only", "precision_note": "OSM 社区数据 POI，位置精度数米级；公共服务设施底数背景"}, "geometry": {"type": "Point", "coordinates": [116.325961, 40.038882]}}, {"type": "Feature", "properties": {"layer": "OSM_PUBLIC_FACILITIES", "osm_id": 837167545, "osm_type": "node", "name": "好利来", "amenity": "fast_food", "shop": "bakery", "operator": null, "source": "DATA-SRC-OSM", "official_boundary": false, "usable_for_formal": "background_only", "precision_note": "OSM 社区数据 POI，位置精度数米级；公共服务设施底数背景"}, "geometry": {"type": "Point", "coordinates": [116.325285, 40.038701]}}, {"type": "Feature", "properties": {"layer": "OSM_PUBLIC_FACILITIES", "osm_id": 837167575, "osm_type": "node", "name": "金象大药房", "amenity": "pharmacy", "shop": null, "operator": null, "source": "DATA-SRC-OSM", "official_boundary": false, "usable_for_formal": "background_only", "precision_note": "OSM 社区数据 POI，位置精度数米级；公共服务设施底数背景"}, "geometry": {"type": "Point", "coordinates": [116.326648, 40.038899]}}, {"type": "Feature", "properties": {"layer": "OSM_PUBLIC_FACILITIES", "osm_id": 875454417, "osm_type": "node", "name": "麦当劳", "amenity": "fast_food", "shop": null, "operator": null, "source": "DATA-SRC-OSM", "official_boundary": false, "usable_for_formal": "background_only", "precision_note": "OSM 社区数据 POI，位置精度数米级；公共服务设施底数背景"}, "geometry": {"type": "Point", "coordinates": [116.346443, 39.991676]}}, {"type": "Feature", "properties": {"layer": "OSM_PUBLIC_FACILITIES", "osm_id": 875474501, "osm_type": "node", "name": "东升派出所", "amenity": "police", "shop": null, "operator": null, "source": "DATA-SRC-OSM", "official_boundary": false, "usable_for_formal": "background_only", "precision_note": "OSM 社区数据 POI，位置精度数米级；公共服务设施底数背景"}, "geometry": {"type": "Point", "coordinates": [116.334686, 39.992]}}, {"type": "Feature", "properties": {"layer": "OSM_PUBLIC_FACILITIES", "osm_id": 910039312, "osm_type": "node", "name": "中国银行", "amenity": "bank", "shop": null, "operator": null, "source": "DATA-SRC-OSM", "official_boundary": false, "usable_for_formal": "background_only", "precision_note": "OSM 社区数据 POI，位置精度数米级；公共服务设施底数背景"}, "geometry": {"type": "Point", "coordinates": [116.321794, 39.935641]}}, {"type": "Feature", "properties": {"layer": "OSM_PUBLIC_FACILITIES", "osm_id": 931695609, "osm_type": "node", "name": "紫荆公寓邮政所", "amenity": "post_office", "shop": null, "operator": "中国邮政", "source": "DATA-SRC-OSM", "official_boundary": false, "usable_for_formal": "background_only", "precision_note": "OSM 社区数据 POI，位置精度数米级；公共服务设施底数背景"}, "geometry": {"type": "Point", "coordinates": [116.322112, 40.008924]}}, {"type": "Feature", "properties": {"layer": "OSM_PUBLIC_FACILITIES", "osm_id": 931697312, "osm_type": "node", "name": "中国银行", "amenity": "bank", "shop": null, "operator": null, "source": "DATA-SRC-OSM", "official_boundary": false, "usable_for_formal": "background_only", "precision_note": "OSM 社区数据 POI，位置精度数米级；公共服务设施底数背景"}, "geometry": {"type": "Point", "coordinates": [116.322041, 40.008369]}}, {"type": "Feature", "properties": {"layer": "OSM_PUBLIC_FACILITIES", "osm_id": 937464425, "osm_type": "node", "name": "麦当劳", "amenity": "fast_food", "shop": null, "operator": null, "source": "DATA-SRC-OSM", "official_boundary": false, "usable_for_formal": "background_only", "precision_note": "OSM 社区数据 POI，位置精度数米级；公共服务设施底数背景"}, "geometry": {"type": "Point", "coordinates": [116.318593, 39.997585]}}, {"type": "Feature", "properties": {"layer": "OSM_PUBLIC_FACILITIES", "osm_id": 937464426, "osm_type": "node", "name": "同仁堂", "amenity": "pharmacy", "shop": null, "operator": null, "source": "DATA-SRC-OSM", "official_boundary": false, "usable_for_formal": "background_only", "precision_note": "OSM 社区数据 POI，位置精度数米级；公共服务设施底数背景"}, "geometry": {"type": "Point", "coordinates": [116.318931, 39.99755]}}, {"type": "Feature", "properties": {"layer": "OSM_PUBLIC_FACILITIES", "osm_id": 937627546, "osm_type": "node", "name": "清青咖啡", "amenity": "cafe", "shop": null, "operator": null, "source": "DATA-SRC-OSM", "official_boundary": false, "usable_for_formal": "background_only", "precision_note": "OSM 社区数据 POI，位置精度数米级；公共服务设施底数背景"}, "geometry": {"type": "Point", "coordinates": [116.316035, 40.0054]}}, {"type": "Feature", "properties": {"layer": "OSM_PUBLIC_FACILITIES", "osm_id": 941374337, "osm_type": "node", "name": "澜园教工餐厅", "amenity": "restaurant", "shop": null, "operator": null, "source": "DATA-SRC-OSM", "official_boundary": false, "usable_for_formal": "background_only", "precision_note": "OSM 社区数据 POI，位置精度数米级；公共服务设施底数背景"}, "geometry": {"type": "Point", "coordinates": [116.319138, 39.99728]}}, {"type": "Feature", "properties": {"layer": "OSM_PUBLIC_FACILITIES", "osm_id": 941374342, "osm_type": "node", "name": "李先生", "amenity": "restaurant", "shop": null, "operator": null, "source": "DATA-SRC-OSM", "official_boundary": false, "usable_for_formal": "background_only", "precision_note": "OSM 社区数据 POI，位置精度数米级；公共服务设施底数背景"}, "geometry": {"type": "Point", "coordinates": [116.319131, 39.99764]}}, {"type": "Feature", "properties": {"layer": "OSM_PUBLIC_FACILITIES", "osm_id": 973328216, "osm_type": "node", "name": "Police Station", "amenity": "police", "shop": null, "operator": null, "source": "DATA-SRC-OSM", "official_boundary": false, "usable_for_formal": "background_only", "precision_note": "OSM 社区数据 POI，位置精度数米级；公共服务设施底数背景"}, "geometry": {"type": "Point", "coordinates": [116.377151, 39.950284]}}, {"type": "Feature", "properties": {"layer": "OSM_PUBLIC_FACILITIES", "osm_id": 973340625, "osm_type": "node", "name": "麦当劳", "amenity": "fast_food", "shop": null, "operator": null, "source": "DATA-SRC-OSM", "official_boundary": false, "usable_for_formal": "background_only", "precision_note": "OSM 社区数据 POI，位置精度数米级；公共服务设施底数背景"}, "geometry": {"type": "Point", "coordinates": [116.364084, 39.960074]}}, {"type": "Feature", "properties": {"layer": "OSM_PUBLIC_FACILITIES", "osm_id": 973387686, "osm_type": "node", "name": "麦当劳", "amenity": "fast_food", "shop": null, "operator": null, "source": "DATA-SRC-OSM", "official_boundary": false, "usable_for_formal": "background_only", "precision_note": "OSM 社区数据 POI，位置精度数米级；公共服务设施底数背景"}, "geometry": {"type": "Point", "coordinates": [116.378733, 39.966464]}}, {"type": "Feature", "properties": {"layer": "OSM_PUBLIC_FACILITIES", "osm_id": 980098186, "osm_type": "node", "name": "熙春园餐厅", "amenity": "restaurant", "shop": null, "operator": null, "source": "DATA-SRC-OSM", "official_boundary": false, "usable_for_formal": "background_only", "precision_note": "OSM 社区数据 POI，位置精度数米级；公共服务设施底数背景"}, "geometry": {"type": "Point", "coordinates": [116.315264, 40.000712]}}, {"type": "Feature", "properties": {"layer": "OSM_PUBLIC_FACILITIES", "osm_id": 980098192, "osm_type": "node", "name": "荷园教工餐厅", "amenity": "restaurant", "shop": null, "operator": null, "source": "DATA-SRC-OSM", "official_boundary": false, "usable_for_formal": "background_only", "precision_note": "OSM 社区数据 POI，位置精度数米级；公共服务设施底数背景"}, "geometry": {"type": "Point", "coordinates": [116.315095, 40.001642]}}, {"type": "Feature", "properties": {"layer": "OSM_PUBLIC_FACILITIES", "osm_id": 984042402, "osm_type": "node", "name": "1911咖啡", "amenity": "cafe", "shop": null, "operator": null, "source": "DATA-SRC-OSM", "official_boundary": false, "usable_for_formal": "background_only", "precision_note": "OSM 社区数据 POI，位置精度数米级；公共服务设施底数背景"}, "geometry": {"type": "Point", "coordinates": [116.31381, 40.000448]}}, {"type": "Feature", "properties": {"layer": "OSM_PUBLIC_FACILITIES", "osm_id": 984077087, "osm_type": "node", "name": "招商银行VIP财富中心", "amenity": "bank", "shop": null, "operator": null, "source": "DATA-SRC-OSM", "official_boundary": false, "usable_for_formal": "background_only", "precision_note": "OSM 社区数据 POI，位置精度数米级；公共服务设施底数背景"}, "geometry": {"type": "Point", "coordinates": [116.325205, 39.99255]}}, {"type": "Feature", "properties": {"layer": "OSM_PUBLIC_FACILITIES", "osm_id": 984204505, "osm_type": "node", "name": "Jazz Cafe", "amenity": "cafe", "shop": null, "operator": null, "source": "DATA-SRC-OSM", "official_boundary": false, "usable_for_formal": "background_only", "precision_note": "OSM 社区数据 POI，位置精度数米级；公共服务设施底数背景"}, "geometry": {"type": "Point", "coordinates": [116.31753, 40.006053]}}, {"type": "Feature", "properties": {"layer": "OSM_PUBLIC_FACILITIES", "osm_id": 984971282, "osm_type": "node", "name": null, "amenity": "post_office", "shop": null, "operator": null, "source": "DATA-SRC-OSM", "official_boundary": false, "usable_for_formal": "background_only", "precision_note": "OSM 社区数据 POI，位置精度数米级；公共服务设施底数背景"}, "geometry": {"type": "Point", "coordinates": [116.345752, 39.992252]}}, {"type": "Feature", "properties": {"layer": "OSM_PUBLIC_FACILITIES", "osm_id": 987499349, "osm_type": "node", "name": "中国工商银行", "amenity": "bank", "shop": null, "operator": null, "source": "DATA-SRC-OSM", "official_boundary": false, "usable_for_formal": "background_only", "precision_note": "OSM 社区数据 POI，位置精度数米级；公共服务设施底数背景"}, "geometry": {"type": "Point", "coordinates": [116.308747, 40.052954]}}, {"type": "Feature", "properties": {"layer": "OSM_PUBLIC_FACILITIES", "osm_id": 1030342290, "osm_type": "node", "name": "雕刻时光", "amenity": "cafe", "shop": null, "operator": null, "source": "DATA-SRC-OSM", "official_boundary": false, "usable_for_formal": "background_only", "precision_note": "OSM 社区数据 POI，位置精度数米级；公共服务设施底数背景"}, "geometry": {"type": "Point", "coordinates": [116.342179, 39.978555]}}, {"type": "Feature", "properties": {"layer": "OSM_PUBLIC_FACILITIES", "osm_id": 1030342344, "osm_type": "node", "name": "招商银行", "amenity": "bank", "shop": null, "operator": null, "source": "DATA-SRC-OSM", "official_boundary": false, "usable_for_formal": "background_only", "precision_note": "OSM 社区数据 POI，位置精度数米级；公共服务设施底数背景"}, "geometry": {"type": "Point", "coordinates": [116.33806, 39.975414]}}, {"type": "Feature", "properties": {"layer": "OSM_PUBLIC_FACILITIES", "osm_id": 1206918963, "osm_type": "node", "name": "麦当劳", "amenity": "fast_food", "shop": null, "operator": null, "source": "DATA-SRC-OSM", "official_boundary": false, "usable_for_formal": "background_only", "precision_note": "OSM 社区数据 POI，位置精度数米级；公共服务设施底数背景"}, "geometry": {"type": "Point", "coordinates": [116.301006, 39.980885]}}, {"type": "Feature", "properties": {"layer": "OSM_PUBLIC_FACILITIES", "osm_id": 1213223889, "osm_type": "node", "name": "中国银行", "amenity": "bank", "shop": null, "operator": null, "source": "DATA-SRC-OSM", "official_boundary": false, "usable_for_formal": "background_only", "precision_note": "OSM 社区数据 POI，位置精度数米级；公共服务设施底数背景"}, "geometry": {"type": "Point", "coordinates": [116.324901, 39.994526]}}, {"type": "Feature", "properties": {"layer": "OSM_PUBLIC_FACILITIES", "osm_id": 1253535282, "osm_type": "node", "name": "中国工商银行", "amenity": "bank", "shop": null, "operator": null, "source": "DATA-SRC-OSM", "official_boundary": false, "usable_for_formal": "background_only", "precision_note": "OSM 社区数据 POI，位置精度数米级；公共服务设施底数背景"}, "geometry": {"type": "Point", "coordinates": [116.343692, 39.938915]}}, {"type": "Feature", "properties": {"layer": "OSM_PUBLIC_FACILITIES", "osm_id": 1292883529, "osm_type": "node", "name": "动物园枢纽站", "amenity": "bus_station", "shop": null, "operator": null, "source": "DATA-SRC-OSM", "official_boundary": false, "usable_for_formal": "background_only", "precision_note": "OSM 社区数据 POI，位置精度数米级；公共服务设施底数背景"}, "geometry": {"type": "Point", "coordinates": [116.333428, 39.936254]}}, {"type": "Feature", "properties": {"layer": "OSM_PUBLIC_FACILITIES", "osm_id": 1367428477, "osm_type": "node", "name": "北京市海淀区职业学校", "amenity": "college", "shop": null, "operator": null, "source": "DATA-SRC-OSM", "official_boundary": false, "usable_for_formal": "background_only", "precision_note": "OSM 社区数据 POI，位置精度数米级；公共服务设施底数背景"}, "geometry": {"type": "Point", "coordinates": [116.338391, 39.98586]}}, {"type": "Feature", "properties": {"layer": "OSM_PUBLIC_FACILITIES", "osm_id": 1367439206, "osm_type": "node", "name": "老上海城隍庙小吃", "amenity": "restaurant", "shop": null, "operator": null, "source": "DATA-SRC-OSM", "official_boundary": false, "usable_for_formal": "background_only", "precision_note": "OSM 社区数据 POI，位置精度数米级；公共服务设施底数背景"}, "geometry": {"type": "Point", "coordinates": [116.341137, 39.984894]}}, {"type": "Feature", "properties": {"layer": "OSM_PUBLIC_FACILITIES", "osm_id": 1367469531, "osm_type": "node", "name": "Paradiso Coffee", "amenity": "cafe", "shop": null, "operator": null, "source": "DATA-SRC-OSM", "official_boundary": false, "usable_for_formal": "background_only", "precision_note": "OSM 社区数据 POI，位置精度数米级；公共服务设施底数背景"}, "geometry": {"type": "Point", "coordinates": [116.32692, 40.0092]}}, {"type": "Feature", "properties": {"layer": "OSM_PUBLIC_FACILITIES", "osm_id": 1367484689, "osm_type": "node", "name": "三叶草咖啡", "amenity": "cafe", "shop": null, "operator": null, "source": "DATA-SRC-OSM", "official_boundary": false, "usable_for_formal": "background_only", "precision_note": "OSM 社区数据 POI，位置精度数米级；公共服务设施底数背景"}, "geometry": {"type": "Point", "coordinates": [116.344243, 40.020649]}}, {"type": "Feature", "properties": {"layer": "OSM_PUBLIC_FACILITIES", "osm_id": 1367488980, "osm_type": "node", "name": null, "amenity": "restaurant", "shop": null, "operator": null, "source": "DATA-SRC-OSM", "official_boundary": false, "usable_for_formal": "background_only", "precision_note": "OSM 社区数据 POI，位置精度数米级；公共服务设施底数背景"}, "geometry": {"type": "Point", "coordinates": [116.335579, 39.976247]}}, {"type": "Feature", "properties": {"layer": "OSM_PUBLIC_FACILITIES", "osm_id": 1372364012, "osm_type": "node", "name": "肯德基", "amenity": "fast_food", "shop": null, "operator": null, "source": "DATA-SRC-OSM", "official_boundary": false, "usable_for_formal": "background_only", "precision_note": "OSM 社区数据 POI，位置精度数米级；公共服务设施底数背景"}, "geometry": {"type": "Point", "coordinates": [116.348532, 40.007142]}}, {"type": "Feature", "properties": {"layer": "OSM_PUBLIC_FACILITIES", "osm_id": 1500081854, "osm_type": "node", "name": "Maan Coffee", "amenity": "cafe", "shop": null, "operator": null, "source": "DATA-SRC-OSM", "official_boundary": false, "usable_for_formal": "background_only", "precision_note": "OSM 社区数据 POI，位置精度数米级；公共服务设施底数背景"}, "geometry": {"type": "Point", "coordinates": [116.33345, 39.99682]}}, {"type": "Feature", "properties": {"layer": "OSM_PUBLIC_FACILITIES", "osm_id": 1554253301, "osm_type": "node", "name": "必胜客", "amenity": "restaurant", "shop": null, "operator": null, "source": "DATA-SRC-OSM", "official_boundary": false, "usable_for_formal": "background_only", "precision_note": "OSM 社区数据 POI，位置精度数米级；公共服务设施底数背景"}, "geometry": {"type": "Point", "coordinates": [116.324277, 39.937576]}}, {"type": "Feature", "properties": {"layer": "OSM_PUBLIC_FACILITIES", "osm_id": 1554253318, "osm_type": "node", "name": "上海浦东发展银行", "amenity": "bank", "shop": null, "operator": "上海浦东发展银行", "source": "DATA-SRC-OSM", "official_boundary": false, "usable_for_formal": "background_only", "precision_note": "OSM 社区数据 POI，位置精度数米级；公共服务设施底数背景"}, "geometry": {"type": "Point", "coordinates": [116.323083, 39.937918]}}, {"type": "Feature", "properties": {"layer": "OSM_PUBLIC_FACILITIES", "osm_id": 1561196463, "osm_type": "node", "name": "二食堂", "amenity": "restaurant", "shop": null, "operator": null, "source": "DATA-SRC-OSM", "official_boundary": false, "usable_for_formal": "background_only", "precision_note": "OSM 社区数据 POI，位置精度数米级；公共服务设施底数背景"}, "geometry": {"type": "Point", "coordinates": [116.335662, 40.001153]}}, {"type": "Feature", "properties": {"layer": "OSM_PUBLIC_FACILITIES", "osm_id": 1570436999, "osm_type": "node", "name": "Nanmen Snacks", "amenity": "restaurant", "shop": null, "operator": null, "source": "DATA-SRC-OSM", "official_boundary": false, "usable_for_formal": "background_only", "precision_note": "OSM 社区数据 POI，位置精度数米级；公共服务设施底数背景"}, "geometry": {"type": "Point", "coordinates": [116.352337, 39.956063]}}, {"type": "Feature", "properties": {"layer": "OSM_PUBLIC_FACILITIES", "osm_id": 1635366642, "osm_type": "node", "name": "瑞幸咖啡", "amenity": "cafe", "shop": null, "operator": null, "source": "DATA-SRC-OSM", "official_boundary": false, "usable_for_formal": "background_only", "precision_note": "OSM 社区数据 POI，位置精度数米级；公共服务设施底数背景"}, "geometry": {"type": "Point", "coordinates": [116.31096, 39.982315]}}, {"type": "Feature", "properties": {"layer": "OSM_PUBLIC_FACILITIES", "osm_id": 1678269043, "osm_type": "node", "name": "清真食堂", "amenity": "restaurant", "shop": null, "operator": null, "source": "DATA-SRC-OSM", "official_boundary": false, "usable_for_formal": "background_only", "precision_note": "OSM 社区数据 POI，位置精度数米级；公共服务设施底数背景"}, "geometry": {"type": "Point", "coordinates": [116.332236, 39.949101]}}, {"type": "Feature", "properties": {"layer": "OSM_PUBLIC_FACILITIES", "osm_id": 1678269071, "osm_type": "node", "name": "船长日记", "amenity": "cafe", "shop": null, "operator": null, "source": "DATA-SRC-OSM", "official_boundary": false, "usable_for_formal": "background_only", "precision_note": "OSM 社区数据 POI，位置精度数米级；公共服务设施底数背景"}, "geometry": {"type": "Point", "coordinates": [116.332007, 39.949051]}}, {"type": "Feature", "properties": {"layer": "OSM_PUBLIC_FACILITIES", "osm_id": 1678269072, "osm_type": "node", "name": "学生第三食堂", "amenity": "restaurant", "shop": null, "operator": null, "source": "DATA-SRC-OSM", "official_boundary": false, "usable_for_formal": "background_only", "precision_note": "OSM 社区数据 POI，位置精度数米级；公共服务设施底数背景"}, "geometry": {"type": "Point", "coordinates": [116.331888, 39.949249]}}, {"type": "Feature", "properties": {"layer": "OSM_PUBLIC_FACILITIES", "osm_id": 1678269099, "osm_type": "node", "name": "学生第四食堂", "amenity": "restaurant", "shop": null, "operator": null, "source": "DATA-SRC-OSM", "official_boundary": false, "usable_for_formal": "background_only", "precision_note": "OSM 社区数据 POI，位置精度数米级；公共服务设施底数背景"}, "geometry": {"type": "Point", "coordinates": [116.338208, 39.94833]}}, {"type": "Feature", "properties": {"layer": "OSM_PUBLIC_FACILITIES", "osm_id": 1678269102, "osm_type": "node", "name": "学生第二食堂", "amenity": "restaurant", "shop": null, "operator": null, "source": "DATA-SRC-OSM", "official_boundary": false, "usable_for_formal": "background_only", "precision_note": "OSM 社区数据 POI，位置精度数米级；公共服务设施底数背景"}, "geometry": {"type": "Point", "coordinates": [116.331755, 39.949302]}}, {"type": "Feature", "properties": {"layer": "OSM_PUBLIC_FACILITIES", "osm_id": 1678269105, "osm_type": "node", "name": "小剧场", "amenity": "theatre", "shop": null, "operator": null, "source": "DATA-SRC-OSM", "official_boundary": false, "usable_for_formal": "background_only", "precision_note": "OSM 社区数据 POI，位置精度数米级；公共服务设施底数背景"}, "geometry": {"type": "Point", "coordinates": [116.331949, 39.94915]}}, {"type": "Feature", "properties": {"layer": "OSM_PUBLIC_FACILITIES", "osm_id": 1678269115, "osm_type": "node", "name": "学苑餐厅", "amenity": "restaurant", "shop": null, "operator": null, "source": "DATA-SRC-OSM", "official_boundary": false, "usable_for_formal": "background_only", "precision_note": "OSM 社区数据 POI，位置精度数米级；公共服务设施底数背景"}, "geometry": {"type": "Point", "coordinates": [116.341662, 39.953199]}}, {"type": "Feature", "properties": {"layer": "OSM_PUBLIC_FACILITIES", "osm_id": 1678269117, "osm_type": "node", "name": "中国工商银行", "amenity": "bank", "shop": null, "operator": null, "source": "DATA-SRC-OSM", "official_boundary": false, "usable_for_formal": "background_only", "precision_note": "OSM 社区数据 POI，位置精度数米级；公共服务设施底数背景"}, "geometry": {"type": "Point", "coordinates": [116.341448, 39.953125]}}, {"type": "Feature", "properties": {"layer": "OSM_PUBLIC_FACILITIES", "osm_id": 1685413132, "osm_type": "node", "name": "招商银行", "amenity": "bank", "shop": null, "operator": null, "source": "DATA-SRC-OSM", "official_boundary": false, "usable_for_formal": "background_only", "precision_note": "OSM 社区数据 POI，位置精度数米级；公共服务设施底数背景"}, "geometry": {"type": "Point", "coordinates": [116.325784, 39.993768]}}, {"type": "Feature", "properties": {"layer": "OSM_PUBLIC_FACILITIES", "osm_id": 1721722905, "osm_type": "node", "name": "中国民生银行", "amenity": "bank", "shop": null, "operator": null, "source": "DATA-SRC-OSM", "official_boundary": false, "usable_for_formal": "background_only", "precision_note": "OSM 社区数据 POI，位置精度数米级；公共服务设施底数背景"}, "geometry": {"type": "Point", "coordinates": [116.317881, 39.955084]}}, {"type": "Feature", "properties": {"layer": "OSM_PUBLIC_FACILITIES", "osm_id": 1724026954, "osm_type": "node", "name": "Peet's Coffee", "amenity": "cafe", "shop": null, "operator": null, "source": "DATA-SRC-OSM", "official_boundary": false, "usable_for_formal": "background_only", "precision_note": "OSM 社区数据 POI，位置精度数米级；公共服务设施底数背景"}, "geometry": {"type": "Point", "coordinates": [116.307937, 39.983006]}}, {"type": "Feature", "properties": {"layer": "OSM_PUBLIC_FACILITIES", "osm_id": 1732799822, "osm_type": "node", "name": "中国人民大学继续教育学院", "amenity": "college", "shop": null, "operator": null, "source": "DATA-SRC-OSM", "official_boundary": false, "usable_for_formal": "background_only", "precision_note": "OSM 社区数据 POI，位置精度数米级；公共服务设施底数背景"}, "geometry": {"type": "Point", "coordinates": [116.357714, 40.000634]}}, {"type": "Feature", "properties": {"layer": "OSM_PUBLIC_FACILITIES", "osm_id": 1734208818, "osm_type": "node", "name": "北京京城皮肤病医院", "amenity": "hospital", "shop": null, "operator": null, "source": "DATA-SRC-OSM", "official_boundary": false, "usable_for_formal": "background_only", "precision_note": "OSM 社区数据 POI，位置精度数米级；公共服务设施底数背景"}, "geometry": {"type": "Point", "coordinates": [116.359368, 40.007171]}}, {"type": "Feature", "properties": {"layer": "OSM_PUBLIC_FACILITIES", "osm_id": 1734326726, "osm_type": "node", "name": "中国银行", "amenity": "bank", "shop": null, "operator": "中国银行", "source": "DATA-SRC-OSM", "official_boundary": false, "usable_for_formal": "background_only", "precision_note": "OSM 社区数据 POI，位置精度数米级；公共服务设施底数背景"}, "geometry": {"type": "Point", "coordinates": [116.349942, 40.033829]}}, {"type": "Feature", "properties": {"layer": "OSM_PUBLIC_FACILITIES", "osm_id": 1743112504, "osm_type": "node", "name": "首都体育学院", "amenity": "college", "shop": null, "operator": null, "source": "DATA-SRC-OSM", "official_boundary": false, "usable_for_formal": "background_only", "precision_note": "OSM 社区数据 POI，位置精度数米级；公共服务设施底数背景"}, "geometry": {"type": "Point", "coordinates": [116.343091, 39.968763]}}, {"type": "Feature", "properties": {"layer": "OSM_PUBLIC_FACILITIES", "osm_id": 1743112506, "osm_type": "node", "name": "北京国都医院", "amenity": "hospital", "shop": null, "operator": null, "source": "DATA-SRC-OSM", "official_boundary": false, "usable_for_formal": "background_only", "precision_note": "OSM 社区数据 POI，位置精度数米级；公共服务设施底数背景"}, "geometry": {"type": "Point", "coordinates": [116.361442, 39.967211]}}, {"type": "Feature", "properties": {"layer": "OSM_PUBLIC_FACILITIES", "osm_id": 1747551888, "osm_type": "node", "name": "中国农业银行", "amenity": "bank", "shop": null, "operator": "中国农业银行", "source": "DATA-SRC-OSM", "official_boundary": false, "usable_for_formal": "background_only", "precision_note": "OSM 社区数据 POI，位置精度数米级；公共服务设施底数背景"}, "geometry": {"type": "Point", "coordinates": [116.31903, 39.991536]}}, {"type": "Feature", "properties": {"layer": "OSM_PUBLIC_FACILITIES", "osm_id": 1747551902, "osm_type": "node", "name": "上海浦东发展银行", "amenity": "bank", "shop": null, "operator": "上海浦东发展银行", "source": "DATA-SRC-OSM", "official_boundary": false, "usable_for_formal": "background_only", "precision_note": "OSM 社区数据 POI，位置精度数米级；公共服务设施底数背景"}, "geometry": {"type": "Point", "coordinates": [116.321424, 39.991817]}}, {"type": "Feature", "properties": {"layer": "OSM_PUBLIC_FACILITIES", "osm_id": 1747551913, "osm_type": "node", "name": "雪侬舍咖啡", "amenity": "cafe", "shop": null, "operator": null, "source": "DATA-SRC-OSM", "official_boundary": false, "usable_for_formal": "background_only", "precision_note": "OSM 社区数据 POI，位置精度数米级；公共服务设施底数背景"}, "geometry": {"type": "Point", "coordinates": [116.31877, 39.991528]}}, {"type": "Feature", "properties": {"layer": "OSM_PUBLIC_FACILITIES", "osm_id": 1747557698, "osm_type": "node", "name": "13CLUB", "amenity": "cafe", "shop": null, "operator": null, "source": "DATA-SRC-OSM", "official_boundary": false, "usable_for_formal": "background_only", "precision_note": "OSM 社区数据 POI，位置精度数米级；公共服务设施底数背景"}, "geometry": {"type": "Point", "coordinates": [116.318198, 39.990645]}}, {"type": "Feature", "properties": {"layer": "OSM_PUBLIC_FACILITIES", "osm_id": 1752074386, "osm_type": "node", "name": "西三旗社区卫生服务站", "amenity": "hospital", "shop": null, "operator": null, "source": "DATA-SRC-OSM", "official_boundary": false, "usable_for_formal": "background_only", "precision_note": "OSM 社区数据 POI，位置精度数米级；公共服务设施底数背景"}, "geometry": {"type": "Point", "coordinates": [116.361463, 40.031526]}}, {"type": "Feature", "properties": {"layer": "OSM_PUBLIC_FACILITIES", "osm_id": 1762839571, "osm_type": "node", "name": "招商银行", "amenity": "bank", "shop": null, "operator": null, "source": "DATA-SRC-OSM", "official_boundary": false, "usable_for_formal": "background_only", "precision_note": "OSM 社区数据 POI，位置精度数米级；公共服务设施底数背景"}, "geometry": {"type": "Point", "coordinates": [116.342421, 39.974803]}}, {"type": "Feature", "properties": {"layer": "OSM_PUBLIC_FACILITIES", "osm_id": 1767314664, "osm_type": "node", "name": "北京海淀支行蓟门里储蓄所", "amenity": "bank", "shop": null, "operator": "中国工商银行", "source": "DATA-SRC-OSM", "official_boundary": false, "usable_for_formal": "background_only", "precision_note": "OSM 社区数据 POI，位置精度数米级；公共服务设施底数背景"}, "geometry": {"type": "Point", "coordinates": [116.345082, 39.96675]}}, {"type": "Feature", "properties": {"layer": "OSM_PUBLIC_FACILITIES", "osm_id": 1767314665, "osm_type": "node", "name": "嘉事堂药店", "amenity": "pharmacy", "shop": null, "operator": null, "source": "DATA-SRC-OSM", "official_boundary": false, "usable_for_formal": "background_only", "precision_note": "OSM 社区数据 POI，位置精度数米级；公共服务设施底数背景"}, "geometry": {"type": "Point", "coordinates": [116.344698, 39.966749]}}, {"type": "Feature", "properties": {"layer": "OSM_PUBLIC_FACILITIES", "osm_id": 1785669301, "osm_type": "node", "name": "中国农业大学东校区幼儿园", "amenity": "kindergarten", "shop": null, "operator": null, "source": "DATA-SRC-OSM", "official_boundary": false, "usable_for_formal": "background_only", "precision_note": "OSM 社区数据 POI，位置精度数米级；公共服务设施底数背景"}, "geometry": {"type": "Point", "coordinates": [116.349514, 40.003674]}}, {"type": "Feature", "properties": {"layer": "OSM_PUBLIC_FACILITIES", "osm_id": 1785670165, "osm_type": "node", "name": null, "amenity": "pharmacy", "shop": null, "operator": null, "source": "DATA-SRC-OSM", "official_boundary": false, "usable_for_formal": "background_only", "precision_note": "OSM 社区数据 POI，位置精度数米级；公共服务设施底数背景"}, "geometry": {"type": "Point", "coordinates": [116.346815, 40.003165]}}, {"type": "Feature", "properties": {"layer": "OSM_PUBLIC_FACILITIES", "osm_id": 1785670624, "osm_type": "node", "name": null, "amenity": "marketplace", "shop": null, "operator": null, "source": "DATA-SRC-OSM", "official_boundary": false, "usable_for_formal": "background_only", "precision_note": "OSM 社区数据 POI，位置精度数米级；公共服务设施底数背景"}, "geometry": {"type": "Point", "coordinates": [116.349019, 40.004334]}}, {"type": "Feature", "properties": {"layer": "OSM_PUBLIC_FACILITIES", "osm_id": 1785670657, "osm_type": "node", "name": null, "amenity": "restaurant", "shop": null, "operator": null, "source": "DATA-SRC-OSM", "official_boundary": false, "usable_for_formal": "background_only", "precision_note": "OSM 社区数据 POI，位置精度数米级；公共服务设施底数背景"}, "geometry": {"type": "Point", "coordinates": [116.353707, 40.000137]}}, {"type": "Feature", "properties": {"layer": "OSM_PUBLIC_FACILITIES", "osm_id": 1785671175, "osm_type": "node", "name": null, "amenity": "restaurant", "shop": null, "operator": null, "source": "DATA-SRC-OSM", "official_boundary": false, "usable_for_formal": "background_only", "precision_note": "OSM 社区数据 POI，位置精度数米级；公共服务设施底数背景"}, "geometry": {"type": "Point", "coordinates": [116.35522, 40.000182]}}, {"type": "Feature", "properties": {"layer": "OSM_PUBLIC_FACILITIES", "osm_id": 1785692599, "osm_type": "node", "name": null, "amenity": "cafe", "shop": null, "operator": null, "source": "DATA-SRC-OSM", "official_boundary": false, "usable_for_formal": "background_only", "precision_note": "OSM 社区数据 POI，位置精度数米级；公共服务设施底数背景"}, "geometry": {"type": "Point", "coordinates": [116.355135, 40.000584]}}, {"type": "Feature", "properties": {"layer": "OSM_PUBLIC_FACILITIES", "osm_id": 1785698082, "osm_type": "node", "name": null, "amenity": "restaurant", "shop": null, "operator": null, "source": "DATA-SRC-OSM", "official_boundary": false, "usable_for_formal": "background_only", "precision_note": "OSM 社区数据 POI，位置精度数米级；公共服务设施底数背景"}, "geometry": {"type": "Point", "coordinates": [116.353562, 40.000449]}}, {"type": "Feature", "properties": {"layer": "OSM_PUBLIC_FACILITIES", "osm_id": 1785698083, "osm_type": "node", "name": null, "amenity": "fast_food", "shop": null, "operator": null, "source": "DATA-SRC-OSM", "official_boundary": false, "usable_for_formal": "background_only", "precision_note": "OSM 社区数据 POI，位置精度数米级；公共服务设施底数背景"}, "geometry": {"type": "Point", "coordinates": [116.353701, 40.000465]}}, {"type": "Feature", "properties": {"layer": "OSM_PUBLIC_FACILITIES", "osm_id": 1785698089, "osm_type": "node", "name": null, "amenity": "restaurant", "shop": null, "operator": null, "source": "DATA-SRC-OSM", "official_boundary": false, "usable_for_formal": "background_only", "precision_note": "OSM 社区数据 POI，位置精度数米级；公共服务设施底数背景"}, "geometry": {"type": "Point", "coordinates": [116.355718, 40.001961]}}, {"type": "Feature", "properties": {"layer": "OSM_PUBLIC_FACILITIES", "osm_id": 1785698093, "osm_type": "node", "name": null, "amenity": "cafe", "shop": null, "operator": null, "source": "DATA-SRC-OSM", "official_boundary": false, "usable_for_formal": "background_only", "precision_note": "OSM 社区数据 POI，位置精度数米级；公共服务设施底数背景"}, "geometry": {"type": "Point", "coordinates": [116.355692, 40.001838]}}, {"type": "Feature", "properties": {"layer": "OSM_PUBLIC_FACILITIES", "osm_id": 1785698438, "osm_type": "node", "name": null, "amenity": "fast_food", "shop": null, "operator": null, "source": "DATA-SRC-OSM", "official_boundary": false, "usable_for_formal": "background_only", "precision_note": "OSM 社区数据 POI，位置精度数米级；公共服务设施底数背景"}, "geometry": {"type": "Point", "coordinates": [116.35582, 40.001817]}}, {"type": "Feature", "properties": {"layer": "OSM_PUBLIC_FACILITIES", "osm_id": 1785698456, "osm_type": "node", "name": null, "amenity": "fast_food", "shop": null, "operator": null, "source": "DATA-SRC-OSM", "official_boundary": false, "usable_for_formal": "background_only", "precision_note": "OSM 社区数据 POI，位置精度数米级；公共服务设施底数背景"}, "geometry": {"type": "Point", "coordinates": [116.353868, 40.003884]}}, {"type": "Feature", "properties": {"layer": "OSM_PUBLIC_FACILITIES", "osm_id": 1785698914, "osm_type": "node", "name": null, "amenity": "restaurant", "shop": null, "operator": null, "source": "DATA-SRC-OSM", "official_boundary": false, "usable_for_formal": "background_only", "precision_note": "OSM 社区数据 POI，位置精度数米级；公共服务设施底数背景"}, "geometry": {"type": "Point", "coordinates": [116.353868, 40.003995]}}, {"type": "Feature", "properties": {"layer": "OSM_PUBLIC_FACILITIES", "osm_id": 1785706317, "osm_type": "node", "name": "中国银行", "amenity": "bank", "shop": null, "operator": null, "source": "DATA-SRC-OSM", "official_boundary": false, "usable_for_formal": "background_only", "precision_note": "OSM 社区数据 POI，位置精度数米级；公共服务设施底数背景"}, "geometry": {"type": "Point", "coordinates": [116.347149, 40.000325]}}, {"type": "Feature", "properties": {"layer": "OSM_PUBLIC_FACILITIES", "osm_id": 1785707182, "osm_type": "node", "name": "赛百味", "amenity": "fast_food", "shop": null, "operator": null, "source": "DATA-SRC-OSM", "official_boundary": false, "usable_for_formal": "background_only", "precision_note": "OSM 社区数据 POI，位置精度数米级；公共服务设施底数背景"}, "geometry": {"type": "Point", "coordinates": [116.347133, 40.000449]}}, {"type": "Feature", "properties": {"layer": "OSM_PUBLIC_FACILITIES", "osm_id": 1785707951, "osm_type": "node", "name": "肯德基", "amenity": "fast_food", "shop": null, "operator": null, "source": "DATA-SRC-OSM", "official_boundary": false, "usable_for_formal": "background_only", "precision_note": "OSM 社区数据 POI，位置精度数米级；公共服务设施底数背景"}, "geometry": {"type": "Point", "coordinates": [116.347133, 40.000506]}}, {"type": "Feature", "properties": {"layer": "OSM_PUBLIC_FACILITIES", "osm_id": 1785709532, "osm_type": "node", "name": null, "amenity": "fast_food", "shop": null, "operator": null, "source": "DATA-SRC-OSM", "official_boundary": false, "usable_for_formal": "background_only", "precision_note": "OSM 社区数据 POI，位置精度数米级；公共服务设施底数背景"}, "geometry": {"type": "Point", "coordinates": [116.348071, 40.000011]}}, {"type": "Feature", "properties": {"layer": "OSM_PUBLIC_FACILITIES", "osm_id": 1785711097, "osm_type": "node", "name": null, "amenity": "restaurant", "shop": null, "operator": null, "source": "DATA-SRC-OSM", "official_boundary": false, "usable_for_formal": "background_only", "precision_note": "OSM 社区数据 POI，位置精度数米级；公共服务设施底数背景"}, "geometry": {"type": "Point", "coordinates": [116.34731, 40.000434]}}, {"type": "Feature", "properties": {"layer": "OSM_PUBLIC_FACILITIES", "osm_id": 1785714559, "osm_type": "node", "name": "Here Cafe", "amenity": "cafe", "shop": null, "operator": null, "source": "DATA-SRC-OSM", "official_boundary": false, "usable_for_formal": "background_only", "precision_note": "OSM 社区数据 POI，位置精度数米级；公共服务设施底数背景"}, "geometry": {"type": "Point", "coordinates": [116.350863, 40.003465]}}, {"type": "Feature", "properties": {"layer": "OSM_PUBLIC_FACILITIES", "osm_id": 1785734499, "osm_type": "node", "name": null, "amenity": "restaurant", "shop": null, "operator": null, "source": "DATA-SRC-OSM", "official_boundary": false, "usable_for_formal": "background_only", "precision_note": "OSM 社区数据 POI，位置精度数米级；公共服务设施底数背景"}, "geometry": {"type": "Point", "coordinates": [116.355912, 40.001534]}}, {"type": "Feature", "properties": {"layer": "OSM_PUBLIC_FACILITIES", "osm_id": 1787110151, "osm_type": "node", "name": null, "amenity": "marketplace", "shop": null, "operator": null, "source": "DATA-SRC-OSM", "official_boundary": false, "usable_for_formal": "background_only", "precision_note": "OSM 社区数据 POI，位置精度数米级；公共服务设施底数背景"}, "geometry": {"type": "Point", "coordinates": [116.346809, 40.003784]}}, {"type": "Feature", "properties": {"layer": "OSM_PUBLIC_FACILITIES", "osm_id": 1787115358, "osm_type": "node", "name": "中国建设银行", "amenity": "bank", "shop": null, "operator": null, "source": "DATA-SRC-OSM", "official_boundary": false, "usable_for_formal": "background_only", "precision_note": "OSM 社区数据 POI，位置精度数米级；公共服务设施底数背景"}, "geometry": {"type": "Point", "coordinates": [116.346924, 40.001417]}}, {"type": "Feature", "properties": {"layer": "OSM_PUBLIC_FACILITIES", "osm_id": 1787115896, "osm_type": "node", "name": "兰州拉面", "amenity": "restaurant", "shop": null, "operator": null, "source": "DATA-SRC-OSM", "official_boundary": false, "usable_for_formal": "background_only", "precision_note": "OSM 社区数据 POI，位置精度数米级；公共服务设施底数背景"}, "geometry": {"type": "Point", "coordinates": [116.346951, 40.001078]}}, {"type": "Feature", "properties": {"layer": "OSM_PUBLIC_FACILITIES", "osm_id": 1787116000, "osm_type": "node", "name": null, "amenity": "police", "shop": null, "operator": null, "source": "DATA-SRC-OSM", "official_boundary": false, "usable_for_formal": "background_only", "precision_note": "OSM 社区数据 POI，位置精度数米级；公共服务设施底数背景"}, "geometry": {"type": "Point", "coordinates": [116.346935, 39.999871]}}, {"type": "Feature", "properties": {"layer": "OSM_PUBLIC_FACILITIES", "osm_id": 1787116377, "osm_type": "node", "name": null, "amenity": "police", "shop": null, "operator": null, "source": "DATA-SRC-OSM", "official_boundary": false, "usable_for_formal": "background_only", "precision_note": "OSM 社区数据 POI，位置精度数米级；公共服务设施底数背景"}, "geometry": {"type": "Point", "coordinates": [116.346575, 40.006642]}}, {"type": "Feature", "properties": {"layer": "OSM_PUBLIC_FACILITIES", "osm_id": 1787291733, "osm_type": "node", "name": "嘉和一品", "amenity": "restaurant", "shop": null, "operator": null, "source": "DATA-SRC-OSM", "official_boundary": false, "usable_for_formal": "background_only", "precision_note": "OSM 社区数据 POI，位置精度数米级；公共服务设施底数背景"}, "geometry": {"type": "Point", "coordinates": [116.349154, 40.007083]}}, {"type": "Feature", "properties": {"layer": "OSM_PUBLIC_FACILITIES", "osm_id": 1787294095, "osm_type": "node", "name": "欢乐汇KTV", "amenity": "theatre", "shop": null, "operator": null, "source": "DATA-SRC-OSM", "official_boundary": false, "usable_for_formal": "background_only", "precision_note": "OSM 社区数据 POI，位置精度数米级；公共服务设施底数背景"}, "geometry": {"type": "Point", "coordinates": [116.349309, 40.007009]}}, {"type": "Feature", "properties": {"layer": "OSM_PUBLIC_FACILITIES", "osm_id": 1787511711, "osm_type": "node", "name": null, "amenity": "cafe", "shop": null, "operator": null, "source": "DATA-SRC-OSM", "official_boundary": false, "usable_for_formal": "background_only", "precision_note": "OSM 社区数据 POI，位置精度数米级；公共服务设施底数背景"}, "geometry": {"type": "Point", "coordinates": [116.347382, 39.998981]}}, {"type": "Feature", "properties": {"layer": "OSM_PUBLIC_FACILITIES", "osm_id": 1787514203, "osm_type": "node", "name": null, "amenity": "restaurant", "shop": null, "operator": null, "source": "DATA-SRC-OSM", "official_boundary": false, "usable_for_formal": "background_only", "precision_note": "OSM 社区数据 POI，位置精度数米级；公共服务设施底数背景"}, "geometry": {"type": "Point", "coordinates": [116.345912, 39.998948]}}, {"type": "Feature", "properties": {"layer": "OSM_PUBLIC_FACILITIES", "osm_id": 1787514368, "osm_type": "node", "name": null, "amenity": "restaurant", "shop": null, "operator": null, "source": "DATA-SRC-OSM", "official_boundary": false, "usable_for_formal": "background_only", "precision_note": "OSM 社区数据 POI，位置精度数米级；公共服务设施底数背景"}, "geometry": {"type": "Point", "coordinates": [116.34448, 39.99887]}}, {"type": "Feature", "properties": {"layer": "OSM_PUBLIC_FACILITIES", "osm_id": 1787515225, "osm_type": "node", "name": null, "amenity": "restaurant", "shop": null, "operator": null, "source": "DATA-SRC-OSM", "official_boundary": false, "usable_for_formal": "background_only", "precision_note": "OSM 社区数据 POI，位置精度数米级；公共服务设施底数背景"}, "geometry": {"type": "Point", "coordinates": [116.34404, 39.998751]}}, {"type": "Feature", "properties": {"layer": "OSM_PUBLIC_FACILITIES", "osm_id": 1787515234, "osm_type": "node", "name": null, "amenity": "restaurant", "shop": null, "operator": null, "source": "DATA-SRC-OSM", "official_boundary": false, "usable_for_formal": "background_only", "precision_note": "OSM 社区数据 POI，位置精度数米级；公共服务设施底数背景"}, "geometry": {"type": "Point", "coordinates": [116.344694, 39.998599]}}, {"type": "Feature", "properties": {"layer": "OSM_PUBLIC_FACILITIES", "osm_id": 1787516001, "osm_type": "node", "name": null, "amenity": "restaurant", "shop": null, "operator": null, "source": "DATA-SRC-OSM", "official_boundary": false, "usable_for_formal": "background_only", "precision_note": "OSM 社区数据 POI，位置精度数米级；公共服务设施底数背景"}, "geometry": {"type": "Point", "coordinates": [116.345322, 40.000264]}}, {"type": "Feature", "properties": {"layer": "OSM_PUBLIC_FACILITIES", "osm_id": 1787516006, "osm_type": "node", "name": null, "amenity": "restaurant", "shop": null, "operator": null, "source": "DATA-SRC-OSM", "official_boundary": false, "usable_for_formal": "background_only", "precision_note": "OSM 社区数据 POI，位置精度数米级；公共服务设施底数背景"}, "geometry": {"type": "Point", "coordinates": [116.34529, 40.000498]}}, {"type": "Feature", "properties": {"layer": "OSM_PUBLIC_FACILITIES", "osm_id": 1787519841, "osm_type": "node", "name": null, "amenity": "cafe", "shop": null, "operator": null, "source": "DATA-SRC-OSM", "official_boundary": false, "usable_for_formal": "background_only", "precision_note": "OSM 社区数据 POI，位置精度数米级；公共服务设施底数背景"}, "geometry": {"type": "Point", "coordinates": [116.345708, 40.009825]}}, {"type": "Feature", "properties": {"layer": "OSM_PUBLIC_FACILITIES", "osm_id": 1787521170, "osm_type": "node", "name": "奕品风尚干锅辣鸭头", "amenity": "restaurant", "shop": null, "operator": null, "source": "DATA-SRC-OSM", "official_boundary": false, "usable_for_formal": "background_only", "precision_note": "OSM 社区数据 POI，位置精度数米级；公共服务设施底数背景"}, "geometry": {"type": "Point", "coordinates": [116.345794, 40.00707]}}, {"type": "Feature", "properties": {"layer": "OSM_PUBLIC_FACILITIES", "osm_id": 1795414679, "osm_type": "node", "name": "中国人民大学附属中学分校", "amenity": "school", "shop": null, "operator": null, "source": "DATA-SRC-OSM", "official_boundary": false, "usable_for_formal": "background_only", "precision_note": "OSM 社区数据 POI，位置精度数米级；公共服务设施底数背景"}, "geometry": {"type": "Point", "coordinates": [116.322097, 39.964665]}}, {"type": "Feature", "properties": {"layer": "OSM_PUBLIC_FACILITIES", "osm_id": 1795415910, "osm_type": "node", "name": "小北鲸饺子", "amenity": "restaurant", "shop": null, "operator": null, "source": "DATA-SRC-OSM", "official_boundary": false, "usable_for_formal": "background_only", "precision_note": "OSM 社区数据 POI，位置精度数米级；公共服务设施底数背景"}, "geometry": {"type": "Point", "coordinates": [116.319657, 39.966766]}}, {"type": "Feature", "properties": {"layer": "OSM_PUBLIC_FACILITIES", "osm_id": 1795421145, "osm_type": "node", "name": null, "amenity": "pharmacy", "shop": null, "operator": null, "source": "DATA-SRC-OSM", "official_boundary": false, "usable_for_formal": "background_only", "precision_note": "OSM 社区数据 POI，位置精度数米级；公共服务设施底数背景"}, "geometry": {"type": "Point", "coordinates": [116.31859, 39.965303]}}, {"type": "Feature", "properties": {"layer": "OSM_PUBLIC_FACILITIES", "osm_id": 1806801666, "osm_type": "node", "name": null, "amenity": "fast_food", "shop": null, "operator": null, "source": "DATA-SRC-OSM", "official_boundary": false, "usable_for_formal": "background_only", "precision_note": "OSM 社区数据 POI，位置精度数米级；公共服务设施底数背景"}, "geometry": {"type": "Point", "coordinates": [116.382013, 39.992625]}}, {"type": "Feature", "properties": {"layer": "OSM_PUBLIC_FACILITIES", "osm_id": 1817782002, "osm_type": "node", "name": "庆丰包子铺", "amenity": "fast_food", "shop": null, "operator": null, "source": "DATA-SRC-OSM", "official_boundary": false, "usable_for_formal": "background_only", "precision_note": "OSM 社区数据 POI，位置精度数米级；公共服务设施底数背景"}, "geometry": {"type": "Point", "coordinates": [116.310416, 39.986272]}}, {"type": "Feature", "properties": {"layer": "OSM_PUBLIC_FACILITIES", "osm_id": 1827417311, "osm_type": "node", "name": "中国农业银行", "amenity": "bank", "shop": null, "operator": null, "source": "DATA-SRC-OSM", "official_boundary": false, "usable_for_formal": "background_only", "precision_note": "OSM 社区数据 POI，位置精度数米级；公共服务设施底数背景"}, "geometry": {"type": "Point", "coordinates": [116.343919, 39.990194]}}, {"type": "Feature", "properties": {"layer": "OSM_PUBLIC_FACILITIES", "osm_id": 1840814545, "osm_type": "node", "name": "京民医院", "amenity": "hospital", "shop": null, "operator": null, "source": "DATA-SRC-OSM", "official_boundary": false, "usable_for_formal": "background_only", "precision_note": "OSM 社区数据 POI，位置精度数米级；公共服务设施底数背景"}, "geometry": {"type": "Point", "coordinates": [116.310105, 39.938125]}}, {"type": "Feature", "properties": {"layer": "OSM_PUBLIC_FACILITIES", "osm_id": 1853224527, "osm_type": "node", "name": "西二旗", "amenity": "bus_station", "shop": null, "operator": null, "source": "DATA-SRC-OSM", "official_boundary": false, "usable_for_formal": "background_only", "precision_note": "OSM 社区数据 POI，位置精度数米级；公共服务设施底数背景"}, "geometry": {"type": "Point", "coordinates": [116.304557, 40.051188]}}, {"type": "Feature", "properties": {"layer": "OSM_PUBLIC_FACILITIES", "osm_id": 1886079890, "osm_type": "node", "name": "西三旗生态园", "amenity": "restaurant", "shop": null, "operator": null, "source": "DATA-SRC-OSM", "official_boundary": false, "usable_for_formal": "background_only", "precision_note": "OSM 社区数据 POI，位置精度数米级；公共服务设施底数背景"}, "geometry": {"type": "Point", "coordinates": [116.33385, 40.046795]}}, {"type": "Feature", "properties": {"layer": "OSM_PUBLIC_FACILITIES", "osm_id": 1886085036, "osm_type": "node", "name": "权金城", "amenity": "restaurant", "shop": null, "operator": null, "source": "DATA-SRC-OSM", "official_boundary": false, "usable_for_formal": "background_only", "precision_note": "OSM 社区数据 POI，位置精度数米级；公共服务设施底数背景"}, "geometry": {"type": "Point", "coordinates": [116.349221, 40.035088]}}, {"type": "Feature", "properties": {"layer": "OSM_PUBLIC_FACILITIES", "osm_id": 1923832798, "osm_type": "node", "name": "北京新干线学校", "amenity": "school", "shop": null, "operator": null, "source": "DATA-SRC-OSM", "official_boundary": false, "usable_for_formal": "background_only", "precision_note": "OSM 社区数据 POI，位置精度数米级；公共服务设施底数背景"}, "geometry": {"type": "Point", "coordinates": [116.305838, 39.961624]}}, {"type": "Feature", "properties": {"layer": "OSM_PUBLIC_FACILITIES", "osm_id": 1924486312, "osm_type": "node", "name": "中国建设银行", "amenity": "bank", "shop": null, "operator": null, "source": "DATA-SRC-OSM", "official_boundary": false, "usable_for_formal": "background_only", "precision_note": "OSM 社区数据 POI，位置精度数米级；公共服务设施底数背景"}, "geometry": {"type": "Point", "coordinates": [116.359568, 39.943807]}}, {"type": "Feature", "properties": {"layer": "OSM_PUBLIC_FACILITIES", "osm_id": 1924568768, "osm_type": "node", "name": "星巴克", "amenity": "cafe", "shop": null, "operator": null, "source": "DATA-SRC-OSM", "official_boundary": false, "usable_for_formal": "background_only", "precision_note": "OSM 社区数据 POI，位置精度数米级；公共服务设施底数背景"}, "geometry": {"type": "Point", "coordinates": [116.381595, 39.997907]}}, {"type": "Feature", "properties": {"layer": "OSM_PUBLIC_FACILITIES", "osm_id": 1924677389, "osm_type": "node", "name": "李先生", "amenity": "restaurant", "shop": null, "operator": null, "source": "DATA-SRC-OSM", "official_boundary": false, "usable_for_formal": "background_only", "precision_note": "OSM 社区数据 POI，位置精度数米级；公共服务设施底数背景"}, "geometry": {"type": "Point", "coordinates": [116.382151, 39.99791]}}, {"type": "Feature", "properties": {"layer": "OSM_PUBLIC_FACILITIES", "osm_id": 1924725186, "osm_type": "node", "name": "御马墩", "amenity": "restaurant", "shop": null, "operator": null, "source": "DATA-SRC-OSM", "official_boundary": false, "usable_for_formal": "background_only", "precision_note": "OSM 社区数据 POI，位置精度数米级；公共服务设施底数背景"}, "geometry": {"type": "Point", "coordinates": [116.364119, 39.959805]}}, {"type": "Feature", "properties": {"layer": "OSM_PUBLIC_FACILITIES", "osm_id": 1924729425, "osm_type": "node", "name": "12橡树咖啡", "amenity": "cafe", "shop": null, "operator": null, "source": "DATA-SRC-OSM", "official_boundary": false, "usable_for_formal": "background_only", "precision_note": "OSM 社区数据 POI，位置精度数米级；公共服务设施底数背景"}, "geometry": {"type": "Point", "coordinates": [116.364047, 39.960302]}}, {"type": "Feature", "properties": {"layer": "OSM_PUBLIC_FACILITIES", "osm_id": 1993343157, "osm_type": "node", "name": "泊星地咖啡馆", "amenity": "cafe", "shop": null, "operator": null, "source": "DATA-SRC-OSM", "official_boundary": false, "usable_for_formal": "background_only", "precision_note": "OSM 社区数据 POI，位置精度数米级；公共服务设施底数背景"}, "geometry": {"type": "Point", "coordinates": [116.301863, 39.986699]}}, {"type": "Feature", "properties": {"layer": "OSM_PUBLIC_FACILITIES", "osm_id": 2102380969, "osm_type": "node", "name": "无名居", "amenity": "restaurant", "shop": null, "operator": null, "source": "DATA-SRC-OSM", "official_boundary": false, "usable_for_formal": "background_only", "precision_note": "OSM 社区数据 POI，位置精度数米级；公共服务设施底数背景"}, "geometry": {"type": "Point", "coordinates": [116.335998, 39.944989]}}, {"type": "Feature", "properties": {"layer": "OSM_PUBLIC_FACILITIES", "osm_id": 2185439882, "osm_type": "node", "name": "招商银行", "amenity": "bank", "shop": null, "operator": null, "source": "DATA-SRC-OSM", "official_boundary": false, "usable_for_formal": "background_only", "precision_note": "OSM 社区数据 POI，位置精度数米级；公共服务设施底数背景"}, "geometry": {"type": "Point", "coordinates": [116.367775, 39.999742]}}, {"type": "Feature", "properties": {"layer": "OSM_PUBLIC_FACILITIES", "osm_id": 2185439889, "osm_type": "node", "name": "中国农业银行", "amenity": "bank", "shop": null, "operator": null, "source": "DATA-SRC-OSM", "official_boundary": false, "usable_for_formal": "background_only", "precision_note": "OSM 社区数据 POI，位置精度数米级；公共服务设施底数背景"}, "geometry": {"type": "Point", "coordinates": [116.379824, 40.000305]}}, {"type": "Feature", "properties": {"layer": "OSM_PUBLIC_FACILITIES", "osm_id": 2185439896, "osm_type": "node", "name": "大鸭梨", "amenity": "restaurant", "shop": null, "operator": null, "source": "DATA-SRC-OSM", "official_boundary": false, "usable_for_formal": "background_only", "precision_note": "OSM 社区数据 POI，位置精度数米级；公共服务设施底数背景"}, "geometry": {"type": "Point", "coordinates": [116.370878, 40.00012]}}, {"type": "Feature", "properties": {"layer": "OSM_PUBLIC_FACILITIES", "osm_id": 2189256032, "osm_type": "node", "name": "交通银行", "amenity": "bank", "shop": null, "operator": null, "source": "DATA-SRC-OSM", "official_boundary": false, "usable_for_formal": "background_only", "precision_note": "OSM 社区数据 POI，位置精度数米级；公共服务设施底数背景"}, "geometry": {"type": "Point", "coordinates": [116.300502, 39.978296]}}, {"type": "Feature", "properties": {"layer": "OSM_PUBLIC_FACILITIES", "osm_id": 2250094134, "osm_type": "node", "name": "中国建设银行", "amenity": "bank", "shop": null, "operator": null, "source": "DATA-SRC-OSM", "official_boundary": false, "usable_for_formal": "background_only", "precision_note": "OSM 社区数据 POI，位置精度数米级；公共服务设施底数背景"}, "geometry": {"type": "Point", "coordinates": [116.368474, 39.978998]}}, {"type": "Feature", "properties": {"layer": "OSM_PUBLIC_FACILITIES", "osm_id": 2280265272, "osm_type": "node", "name": "山釜餐厅", "amenity": "restaurant", "shop": null, "operator": null, "source": "DATA-SRC-OSM", "official_boundary": false, "usable_for_formal": "background_only", "precision_note": "OSM 社区数据 POI，位置精度数米级；公共服务设施底数背景"}, "geometry": {"type": "Point", "coordinates": [116.368432, 39.94679]}}, {"type": "Feature", "properties": {"layer": "OSM_PUBLIC_FACILITIES", "osm_id": 2291485129, "osm_type": "node", "name": "中国建设银行", "amenity": "bank", "shop": null, "operator": null, "source": "DATA-SRC-OSM", "official_boundary": false, "usable_for_formal": "background_only", "precision_note": "OSM 社区数据 POI，位置精度数米级；公共服务设施底数背景"}, "geometry": {"type": "Point", "coordinates": [116.305947, 40.030161]}}, {"type": "Feature", "properties": {"layer": "OSM_PUBLIC_FACILITIES", "osm_id": 2291485133, "osm_type": "node", "name": "中国民生银行", "amenity": "bank", "shop": null, "operator": null, "source": "DATA-SRC-OSM", "official_boundary": false, "usable_for_formal": "background_only", "precision_note": "OSM 社区数据 POI，位置精度数米级；公共服务设施底数背景"}, "geometry": {"type": "Point", "coordinates": [116.307744, 40.028379]}}, {"type": "Feature", "properties": {"layer": "OSM_PUBLIC_FACILITIES", "osm_id": 2291485138, "osm_type": "node", "name": "交通银行", "amenity": "bank", "shop": null, "operator": null, "source": "DATA-SRC-OSM", "official_boundary": false, "usable_for_formal": "background_only", "precision_note": "OSM 社区数据 POI，位置精度数米级；公共服务设施底数背景"}, "geometry": {"type": "Point", "coordinates": [116.30599, 40.035739]}}, {"type": "Feature", "properties": {"layer": "OSM_PUBLIC_FACILITIES", "osm_id": 2326467135, "osm_type": "node", "name": "麦当劳", "amenity": "fast_food", "shop": null, "operator": null, "source": "DATA-SRC-OSM", "official_boundary": false, "usable_for_formal": "background_only", "precision_note": "OSM 社区数据 POI，位置精度数米级；公共服务设施底数背景"}, "geometry": {"type": "Point", "coordinates": [116.34922, 39.980393]}}, {"type": "Feature", "properties": {"layer": "OSM_PUBLIC_FACILITIES", "osm_id": 2345946148, "osm_type": "node", "name": "中国地震局地壳应力研究所", "amenity": "college", "shop": null, "operator": null, "source": "DATA-SRC-OSM", "official_boundary": false, "usable_for_formal": "background_only", "precision_note": "OSM 社区数据 POI，位置精度数米级；公共服务设施底数背景"}, "geometry": {"type": "Point", "coordinates": [116.321138, 40.053405]}}, {"type": "Feature", "properties": {"layer": "OSM_PUBLIC_FACILITIES", "osm_id": 2345946154, "osm_type": "node", "name": "睿泽幼儿园", "amenity": "kindergarten", "shop": null, "operator": null, "source": "DATA-SRC-OSM", "official_boundary": false, "usable_for_formal": "background_only", "precision_note": "OSM 社区数据 POI，位置精度数米级；公共服务设施底数背景"}, "geometry": {"type": "Point", "coordinates": [116.320612, 40.051651]}}, {"type": "Feature", "properties": {"layer": "OSM_PUBLIC_FACILITIES", "osm_id": 2393726378, "osm_type": "node", "name": "中国邮政", "amenity": "post_office", "shop": null, "operator": null, "source": "DATA-SRC-OSM", "official_boundary": false, "usable_for_formal": "background_only", "precision_note": "OSM 社区数据 POI，位置精度数米级；公共服务设施底数背景"}, "geometry": {"type": "Point", "coordinates": [116.378234, 39.996239]}}, {"type": "Feature", "properties": {"layer": "OSM_PUBLIC_FACILITIES", "osm_id": 2442565650, "osm_type": "node", "name": "北京银行", "amenity": "bank", "shop": null, "operator": null, "source": "DATA-SRC-OSM", "official_boundary": false, "usable_for_formal": "background_only", "precision_note": "OSM 社区数据 POI，位置精度数米级；公共服务设施底数背景"}, "geometry": {"type": "Point", "coordinates": [116.371381, 39.992198]}}, {"type": "Feature", "properties": {"layer": "OSM_PUBLIC_FACILITIES", "osm_id": 2442565651, "osm_type": "node", "name": "贵和永昌", "amenity": "restaurant", "shop": null, "operator": null, "source": "DATA-SRC-OSM", "official_boundary": false, "usable_for_formal": "background_only", "precision_note": "OSM 社区数据 POI，位置精度数米级；公共服务设施底数背景"}, "geometry": {"type": "Point", "coordinates": [116.371072, 39.992092]}}, {"type": "Feature", "properties": {"layer": "OSM_PUBLIC_FACILITIES", "osm_id": 2463550014, "osm_type": "node", "name": "金疆西域食府", "amenity": "restaurant", "shop": null, "operator": null, "source": "DATA-SRC-OSM", "official_boundary": false, "usable_for_formal": "background_only", "precision_note": "OSM 社区数据 POI，位置精度数米级；公共服务设施底数背景"}, "geometry": {"type": "Point", "coordinates": [116.394834, 40.001479]}}, {"type": "Feature", "properties": {"layer": "OSM_PUBLIC_FACILITIES", "osm_id": 2469781624, "osm_type": "node", "name": null, "amenity": "bank", "shop": null, "operator": "中國郵政儲蓄銀行", "source": "DATA-SRC-OSM", "official_boundary": false, "usable_for_formal": "background_only", "precision_note": "OSM 社区数据 POI，位置精度数米级；公共服务设施底数背景"}, "geometry": {"type": "Point", "coordinates": [116.342773, 40.002896]}}, {"type": "Feature", "properties": {"layer": "OSM_PUBLIC_FACILITIES", "osm_id": 2470664590, "osm_type": "node", "name": "面香八方", "amenity": "restaurant", "shop": null, "operator": null, "source": "DATA-SRC-OSM", "official_boundary": false, "usable_for_formal": "background_only", "precision_note": "OSM 社区数据 POI，位置精度数米级；公共服务设施底数背景"}, "geometry": {"type": "Point", "coordinates": [116.328458, 39.994859]}}, {"type": "Feature", "properties": {"layer": "OSM_PUBLIC_FACILITIES", "osm_id": 2470664700, "osm_type": "node", "name": "肯德基", "amenity": "fast_food", "shop": null, "operator": null, "source": "DATA-SRC-OSM", "official_boundary": false, "usable_for_formal": "background_only", "precision_note": "OSM 社区数据 POI，位置精度数米级；公共服务设施底数背景"}, "geometry": {"type": "Point", "coordinates": [116.328284, 39.994849]}}, {"type": "Feature", "properties": {"layer": "OSM_PUBLIC_FACILITIES", "osm_id": 2470669433, "osm_type": "node", "name": "星巴克", "amenity": "cafe", "shop": null, "operator": null, "source": "DATA-SRC-OSM", "official_boundary": false, "usable_for_formal": "background_only", "precision_note": "OSM 社区数据 POI，位置精度数米级；公共服务设施底数背景"}, "geometry": {"type": "Point", "coordinates": [116.326089, 39.992189]}}, {"type": "Feature", "properties": {"layer": "OSM_PUBLIC_FACILITIES", "osm_id": 2470669434, "osm_type": "node", "name": "和味坊", "amenity": "fast_food", "shop": null, "operator": null, "source": "DATA-SRC-OSM", "official_boundary": false, "usable_for_formal": "background_only", "precision_note": "OSM 社区数据 POI，位置精度数米级；公共服务设施底数背景"}, "geometry": {"type": "Point", "coordinates": [116.325196, 39.992768]}}, {"type": "Feature", "properties": {"layer": "OSM_PUBLIC_FACILITIES", "osm_id": 2470681898, "osm_type": "node", "name": "中国银行", "amenity": "bank", "shop": null, "operator": null, "source": "DATA-SRC-OSM", "official_boundary": false, "usable_for_formal": "background_only", "precision_note": "OSM 社区数据 POI，位置精度数米级；公共服务设施底数背景"}, "geometry": {"type": "Point", "coordinates": [116.303519, 39.983278]}}, {"type": "Feature", "properties": {"layer": "OSM_PUBLIC_FACILITIES", "osm_id": 2470684836, "osm_type": "node", "name": "瑞幸咖啡", "amenity": "cafe", "shop": null, "operator": null, "source": "DATA-SRC-OSM", "official_boundary": false, "usable_for_formal": "background_only", "precision_note": "OSM 社区数据 POI，位置精度数米级；公共服务设施底数背景"}, "geometry": {"type": "Point", "coordinates": [116.307452, 39.981387]}}, {"type": "Feature", "properties": {"layer": "OSM_PUBLIC_FACILITIES", "osm_id": 2494900393, "osm_type": "node", "name": "中国银行", "amenity": "bank", "shop": null, "operator": null, "source": "DATA-SRC-OSM", "official_boundary": false, "usable_for_formal": "background_only", "precision_note": "OSM 社区数据 POI，位置精度数米级；公共服务设施底数背景"}, "geometry": {"type": "Point", "coordinates": [116.381435, 39.999241]}}, {"type": "Feature", "properties": {"layer": "OSM_PUBLIC_FACILITIES", "osm_id": 2494901876, "osm_type": "node", "name": "中国民生银行", "amenity": "bank", "shop": null, "operator": null, "source": "DATA-SRC-OSM", "official_boundary": false, "usable_for_formal": "background_only", "precision_note": "OSM 社区数据 POI，位置精度数米级；公共服务设施底数背景"}, "geometry": {"type": "Point", "coordinates": [116.381623, 39.999103]}}, {"type": "Feature", "properties": {"layer": "OSM_PUBLIC_FACILITIES", "osm_id": 2494902783, "osm_type": "node", "name": "北京银行", "amenity": "bank", "shop": null, "operator": null, "source": "DATA-SRC-OSM", "official_boundary": false, "usable_for_formal": "background_only", "precision_note": "OSM 社区数据 POI，位置精度数米级；公共服务设施底数背景"}, "geometry": {"type": "Point", "coordinates": [116.381574, 39.998711]}}, {"type": "Feature", "properties": {"layer": "OSM_PUBLIC_FACILITIES", "osm_id": 2531844206, "osm_type": "node", "name": "眉州东坡酒楼", "amenity": "restaurant", "shop": null, "operator": null, "source": "DATA-SRC-OSM", "official_boundary": false, "usable_for_formal": "background_only", "precision_note": "OSM 社区数据 POI，位置精度数米级；公共服务设施底数背景"}, "geometry": {"type": "Point", "coordinates": [116.37522, 40.007097]}}, {"type": "Feature", "properties": {"layer": "OSM_PUBLIC_FACILITIES", "osm_id": 2586815951, "osm_type": "node", "name": "东亚银行", "amenity": "bank", "shop": null, "operator": "东亚银行（中国）有限公司", "source": "DATA-SRC-OSM", "official_boundary": false, "usable_for_formal": "background_only", "precision_note": "OSM 社区数据 POI，位置精度数米级；公共服务设施底数背景"}, "geometry": {"type": "Point", "coordinates": [116.302652, 39.980508]}}, {"type": "Feature", "properties": {"layer": "OSM_PUBLIC_FACILITIES", "osm_id": 2613075519, "osm_type": "node", "name": "麦当劳", "amenity": "fast_food", "shop": null, "operator": null, "source": "DATA-SRC-OSM", "official_boundary": false, "usable_for_formal": "background_only", "precision_note": "OSM 社区数据 POI，位置精度数米级；公共服务设施底数背景"}, "geometry": {"type": "Point", "coordinates": [116.3405, 40.03236]}}, {"type": "Feature", "properties": {"layer": "OSM_PUBLIC_FACILITIES", "osm_id": 2613075522, "osm_type": "node", "name": null, "amenity": "fast_food", "shop": null, "operator": null, "source": "DATA-SRC-OSM", "official_boundary": false, "usable_for_formal": "background_only", "precision_note": "OSM 社区数据 POI，位置精度数米级；公共服务设施底数背景"}, "geometry": {"type": "Point", "coordinates": [116.342922, 40.030087]}}, {"type": "Feature", "properties": {"layer": "OSM_PUBLIC_FACILITIES", "osm_id": 2614217390, "osm_type": "node", "name": "老回回小吃", "amenity": "restaurant", "shop": null, "operator": null, "source": "DATA-SRC-OSM", "official_boundary": false, "usable_for_formal": "background_only", "precision_note": "OSM 社区数据 POI，位置精度数米级；公共服务设施底数背景"}, "geometry": {"type": "Point", "coordinates": [116.366825, 39.979169]}}, {"type": "Feature", "properties": {"layer": "OSM_PUBLIC_FACILITIES", "osm_id": 2621131368, "osm_type": "node", "name": "桂林米粉", "amenity": "restaurant", "shop": null, "operator": null, "source": "DATA-SRC-OSM", "official_boundary": false, "usable_for_formal": "background_only", "precision_note": "OSM 社区数据 POI，位置精度数米级；公共服务设施底数背景"}, "geometry": {"type": "Point", "coordinates": [116.344305, 39.998959]}}, {"type": "Feature", "properties": {"layer": "OSM_PUBLIC_FACILITIES", "osm_id": 2621160948, "osm_type": "node", "name": "庆丰包子铺", "amenity": "fast_food", "shop": null, "operator": null, "source": "DATA-SRC-OSM", "official_boundary": false, "usable_for_formal": "background_only", "precision_note": "OSM 社区数据 POI，位置精度数米级；公共服务设施底数背景"}, "geometry": {"type": "Point", "coordinates": [116.369648, 40.000076]}}, {"type": "Feature", "properties": {"layer": "OSM_PUBLIC_FACILITIES", "osm_id": 2621160949, "osm_type": "node", "name": "关圣羊杂汤", "amenity": "restaurant", "shop": null, "operator": null, "source": "DATA-SRC-OSM", "official_boundary": false, "usable_for_formal": "background_only", "precision_note": "OSM 社区数据 POI，位置精度数米级；公共服务设施底数背景"}, "geometry": {"type": "Point", "coordinates": [116.371361, 40.000083]}}, {"type": "Feature", "properties": {"layer": "OSM_PUBLIC_FACILITIES", "osm_id": 2621160956, "osm_type": "node", "name": "西区餐厅", "amenity": "restaurant", "shop": null, "operator": null, "source": "DATA-SRC-OSM", "official_boundary": false, "usable_for_formal": "background_only", "precision_note": "OSM 社区数据 POI，位置精度数米级；公共服务设施底数背景"}, "geometry": {"type": "Point", "coordinates": [116.372394, 40.000674]}}, {"type": "Feature", "properties": {"layer": "OSM_PUBLIC_FACILITIES", "osm_id": 2623020519, "osm_type": "node", "name": "Paradiso Coffee", "amenity": "cafe", "shop": null, "operator": null, "source": "DATA-SRC-OSM", "official_boundary": false, "usable_for_formal": "background_only", "precision_note": "OSM 社区数据 POI，位置精度数米级；公共服务设施底数背景"}, "geometry": {"type": "Point", "coordinates": [116.325908, 39.998165]}}, {"type": "Feature", "properties": {"layer": "OSM_PUBLIC_FACILITIES", "osm_id": 2623020520, "osm_type": "node", "name": "Jazz Cafe", "amenity": "cafe", "shop": null, "operator": null, "source": "DATA-SRC-OSM", "official_boundary": false, "usable_for_formal": "background_only", "precision_note": "OSM 社区数据 POI，位置精度数米级；公共服务设施底数背景"}, "geometry": {"type": "Point", "coordinates": [116.32457, 39.998366]}}, {"type": "Feature", "properties": {"layer": "OSM_PUBLIC_FACILITIES", "osm_id": 2623025679, "osm_type": "node", "name": "饭点儿串吧", "amenity": "restaurant", "shop": null, "operator": null, "source": "DATA-SRC-OSM", "official_boundary": false, "usable_for_formal": "background_only", "precision_note": "OSM 社区数据 POI，位置精度数米级；公共服务设施底数背景"}, "geometry": {"type": "Point", "coordinates": [116.345949, 40.003716]}}, {"type": "Feature", "properties": {"layer": "OSM_PUBLIC_FACILITIES", "osm_id": 2623034918, "osm_type": "node", "name": "必胜客", "amenity": "restaurant", "shop": null, "operator": null, "source": "DATA-SRC-OSM", "official_boundary": false, "usable_for_formal": "background_only", "precision_note": "OSM 社区数据 POI，位置精度数米级；公共服务设施底数背景"}, "geometry": {"type": "Point", "coordinates": [116.330398, 39.99186]}}, {"type": "Feature", "properties": {"layer": "OSM_PUBLIC_FACILITIES", "osm_id": 2623034921, "osm_type": "node", "name": "麦当劳", "amenity": "fast_food", "shop": null, "operator": null, "source": "DATA-SRC-OSM", "official_boundary": false, "usable_for_formal": "background_only", "precision_note": "OSM 社区数据 POI，位置精度数米级；公共服务设施底数背景"}, "geometry": {"type": "Point", "coordinates": [116.327566, 39.991133]}}, {"type": "Feature", "properties": {"layer": "OSM_PUBLIC_FACILITIES", "osm_id": 2623034922, "osm_type": "node", "name": "汉堡王", "amenity": "fast_food", "shop": null, "operator": null, "source": "DATA-SRC-OSM", "official_boundary": false, "usable_for_formal": "background_only", "precision_note": "OSM 社区数据 POI，位置精度数米级；公共服务设施底数背景"}, "geometry": {"type": "Point", "coordinates": [116.32799, 39.991147]}}, {"type": "Feature", "properties": {"layer": "OSM_PUBLIC_FACILITIES", "osm_id": 2680132028, "osm_type": "node", "name": "华夏银行", "amenity": "bank", "shop": null, "operator": null, "source": "DATA-SRC-OSM", "official_boundary": false, "usable_for_formal": "background_only", "precision_note": "OSM 社区数据 POI，位置精度数米级；公共服务设施底数背景"}, "geometry": {"type": "Point", "coordinates": [116.36566, 40.000507]}}, {"type": "Feature", "properties": {"layer": "OSM_PUBLIC_FACILITIES", "osm_id": 2684958522, "osm_type": "node", "name": "Cote Cafe", "amenity": "cafe", "shop": null, "operator": null, "source": "DATA-SRC-OSM", "official_boundary": false, "usable_for_formal": "background_only", "precision_note": "OSM 社区数据 POI，位置精度数米级；公共服务设施底数背景"}, "geometry": {"type": "Point", "coordinates": [116.3937, 39.939548]}}, {"type": "Feature", "properties": {"layer": "OSM_PUBLIC_FACILITIES", "osm_id": 2684958523, "osm_type": "node", "name": "Malvafou", "amenity": "restaurant", "shop": null, "operator": null, "source": "DATA-SRC-OSM", "official_boundary": false, "usable_for_formal": "background_only", "precision_note": "OSM 社区数据 POI，位置精度数米级；公共服务设施底数背景"}, "geometry": {"type": "Point", "coordinates": [116.392246, 39.939495]}}, {"type": "Feature", "properties": {"layer": "OSM_PUBLIC_FACILITIES", "osm_id": 2689602235, "osm_type": "node", "name": "哈尼个旧", "amenity": "restaurant", "shop": null, "operator": null, "source": "DATA-SRC-OSM", "official_boundary": false, "usable_for_formal": "background_only", "precision_note": "OSM 社区数据 POI，位置精度数米级；公共服务设施底数背景"}, "geometry": {"type": "Point", "coordinates": [116.390272, 39.940568]}}, {"type": "Feature", "properties": {"layer": "OSM_PUBLIC_FACILITIES", "osm_id": 2706659360, "osm_type": "node", "name": "保卫处", "amenity": "police", "shop": null, "operator": null, "source": "DATA-SRC-OSM", "official_boundary": false, "usable_for_formal": "background_only", "precision_note": "OSM 社区数据 POI，位置精度数米级；公共服务设施底数背景"}, "geometry": {"type": "Point", "coordinates": [116.341557, 39.981677]}}, {"type": "Feature", "properties": {"layer": "OSM_PUBLIC_FACILITIES", "osm_id": 2735715763, "osm_type": "node", "name": "沙县小吃", "amenity": "restaurant", "shop": null, "operator": null, "source": "DATA-SRC-OSM", "official_boundary": false, "usable_for_formal": "background_only", "precision_note": "OSM 社区数据 POI，位置精度数米级；公共服务设施底数背景"}, "geometry": {"type": "Point", "coordinates": [116.372418, 40.000149]}}, {"type": "Feature", "properties": {"layer": "OSM_PUBLIC_FACILITIES", "osm_id": 2735715791, "osm_type": "node", "name": "真王子蒸菜馆", "amenity": "restaurant", "shop": null, "operator": null, "source": "DATA-SRC-OSM", "official_boundary": false, "usable_for_formal": "background_only", "precision_note": "OSM 社区数据 POI，位置精度数米级；公共服务设施底数背景"}, "geometry": {"type": "Point", "coordinates": [116.369519, 40.000087]}}, {"type": "Feature", "properties": {"layer": "OSM_PUBLIC_FACILITIES", "osm_id": 2738958563, "osm_type": "node", "name": "北京市第十三中学分校", "amenity": "school", "shop": null, "operator": null, "source": "DATA-SRC-OSM", "official_boundary": false, "usable_for_formal": "background_only", "precision_note": "OSM 社区数据 POI，位置精度数米级；公共服务设施底数背景"}, "geometry": {"type": "Point", "coordinates": [116.380322, 39.946749]}}, {"type": "Feature", "properties": {"layer": "OSM_PUBLIC_FACILITIES", "osm_id": 2742133730, "osm_type": "node", "name": "庆丰包子铺", "amenity": "fast_food", "shop": null, "operator": null, "source": "DATA-SRC-OSM", "official_boundary": false, "usable_for_formal": "background_only", "precision_note": "OSM 社区数据 POI，位置精度数米级；公共服务设施底数背景"}, "geometry": {"type": "Point", "coordinates": [116.39004, 39.99846]}}, {"type": "Feature", "properties": {"layer": "OSM_PUBLIC_FACILITIES", "osm_id": 2742289537, "osm_type": "node", "name": "中国工商银行", "amenity": "bank", "shop": null, "operator": null, "source": "DATA-SRC-OSM", "official_boundary": false, "usable_for_formal": "background_only", "precision_note": "OSM 社区数据 POI，位置精度数米级；公共服务设施底数背景"}, "geometry": {"type": "Point", "coordinates": [116.378802, 39.996256]}}, {"type": "Feature", "properties": {"layer": "OSM_PUBLIC_FACILITIES", "osm_id": 2742292040, "osm_type": "node", "name": "中国建设银行", "amenity": "bank", "shop": null, "operator": null, "source": "DATA-SRC-OSM", "official_boundary": false, "usable_for_formal": "background_only", "precision_note": "OSM 社区数据 POI，位置精度数米级；公共服务设施底数背景"}, "geometry": {"type": "Point", "coordinates": [116.376535, 39.99621]}}, {"type": "Feature", "properties": {"layer": "OSM_PUBLIC_FACILITIES", "osm_id": 2751833460, "osm_type": "node", "name": "沙县小吃", "amenity": "fast_food", "shop": null, "operator": null, "source": "DATA-SRC-OSM", "official_boundary": false, "usable_for_formal": "background_only", "precision_note": "OSM 社区数据 POI，位置精度数米级；公共服务设施底数背景"}, "geometry": {"type": "Point", "coordinates": [116.369778, 39.999992]}}, {"type": "Feature", "properties": {"layer": "OSM_PUBLIC_FACILITIES", "osm_id": 2753161499, "osm_type": "node", "name": "巫山烤全鱼", "amenity": "restaurant", "shop": null, "operator": null, "source": "DATA-SRC-OSM", "official_boundary": false, "usable_for_formal": "background_only", "precision_note": "OSM 社区数据 POI，位置精度数米级；公共服务设施底数背景"}, "geometry": {"type": "Point", "coordinates": [116.369868, 39.999888]}}, {"type": "Feature", "properties": {"layer": "OSM_PUBLIC_FACILITIES", "osm_id": 2753165464, "osm_type": "node", "name": "北京奥北中医院", "amenity": "hospital", "shop": null, "operator": null, "source": "DATA-SRC-OSM", "official_boundary": false, "usable_for_formal": "background_only", "precision_note": "OSM 社区数据 POI，位置精度数米级；公共服务设施底数背景"}, "geometry": {"type": "Point", "coordinates": [116.369276, 40.000055]}}, {"type": "Feature", "properties": {"layer": "OSM_PUBLIC_FACILITIES", "osm_id": 2753167013, "osm_type": "node", "name": "中国光大银行", "amenity": "bank", "shop": null, "operator": null, "source": "DATA-SRC-OSM", "official_boundary": false, "usable_for_formal": "background_only", "precision_note": "OSM 社区数据 POI，位置精度数米级；公共服务设施底数背景"}, "geometry": {"type": "Point", "coordinates": [116.368177, 39.999748]}}, {"type": "Feature", "properties": {"layer": "OSM_PUBLIC_FACILITIES", "osm_id": 2753167754, "osm_type": "node", "name": "桂林米粉", "amenity": "restaurant", "shop": null, "operator": null, "source": "DATA-SRC-OSM", "official_boundary": false, "usable_for_formal": "background_only", "precision_note": "OSM 社区数据 POI，位置精度数米级；公共服务设施底数背景"}, "geometry": {"type": "Point", "coordinates": [116.367577, 40.000533]}}, {"type": "Feature", "properties": {"layer": "OSM_PUBLIC_FACILITIES", "osm_id": 2753168541, "osm_type": "node", "name": "中国邮政储蓄", "amenity": "bank", "shop": null, "operator": null, "source": "DATA-SRC-OSM", "official_boundary": false, "usable_for_formal": "background_only", "precision_note": "OSM 社区数据 POI，位置精度数米级；公共服务设施底数背景"}, "geometry": {"type": "Point", "coordinates": [116.366327, 40.000514]}}, {"type": "Feature", "properties": {"layer": "OSM_PUBLIC_FACILITIES", "osm_id": 2753168561, "osm_type": "node", "name": "麦当劳", "amenity": "fast_food", "shop": null, "operator": null, "source": "DATA-SRC-OSM", "official_boundary": false, "usable_for_formal": "background_only", "precision_note": "OSM 社区数据 POI，位置精度数米级；公共服务设施底数背景"}, "geometry": {"type": "Point", "coordinates": [116.364078, 40.000591]}}, {"type": "Feature", "properties": {"layer": "OSM_PUBLIC_FACILITIES", "osm_id": 2753174886, "osm_type": "node", "name": "沙县小吃", "amenity": "fast_food", "shop": null, "operator": null, "source": "DATA-SRC-OSM", "official_boundary": false, "usable_for_formal": "background_only", "precision_note": "OSM 社区数据 POI，位置精度数米级；公共服务设施底数背景"}, "geometry": {"type": "Point", "coordinates": [116.329215, 39.995681]}}, {"type": "Feature", "properties": {"layer": "OSM_PUBLIC_FACILITIES", "osm_id": 2753545720, "osm_type": "node", "name": "星巴克", "amenity": "cafe", "shop": null, "operator": null, "source": "DATA-SRC-OSM", "official_boundary": false, "usable_for_formal": "background_only", "precision_note": "OSM 社区数据 POI，位置精度数米级；公共服务设施底数背景"}, "geometry": {"type": "Point", "coordinates": [116.309302, 39.981825]}}, {"type": "Feature", "properties": {"layer": "OSM_PUBLIC_FACILITIES", "osm_id": 2783253624, "osm_type": "node", "name": "浦东发展银行", "amenity": "bank", "shop": null, "operator": null, "source": "DATA-SRC-OSM", "official_boundary": false, "usable_for_formal": "background_only", "precision_note": "OSM 社区数据 POI，位置精度数米级；公共服务设施底数背景"}, "geometry": {"type": "Point", "coordinates": [116.369309, 40.001791]}}, {"type": "Feature", "properties": {"layer": "OSM_PUBLIC_FACILITIES", "osm_id": 2783258344, "osm_type": "node", "name": "上岛咖啡", "amenity": "cafe", "shop": null, "operator": null, "source": "DATA-SRC-OSM", "official_boundary": false, "usable_for_formal": "background_only", "precision_note": "OSM 社区数据 POI，位置精度数米级；公共服务设施底数背景"}, "geometry": {"type": "Point", "coordinates": [116.369126, 40.003305]}}, {"type": "Feature", "properties": {"layer": "OSM_PUBLIC_FACILITIES", "osm_id": 2783263301, "osm_type": "node", "name": "中国工商银行", "amenity": "bank", "shop": null, "operator": null, "source": "DATA-SRC-OSM", "official_boundary": false, "usable_for_formal": "background_only", "precision_note": "OSM 社区数据 POI，位置精度数米级；公共服务设施底数背景"}, "geometry": {"type": "Point", "coordinates": [116.375218, 40.007257]}}, {"type": "Feature", "properties": {"layer": "OSM_PUBLIC_FACILITIES", "osm_id": 2783264872, "osm_type": "node", "name": "星巴克", "amenity": "cafe", "shop": null, "operator": null, "source": "DATA-SRC-OSM", "official_boundary": false, "usable_for_formal": "background_only", "precision_note": "OSM 社区数据 POI，位置精度数米级；公共服务设施底数背景"}, "geometry": {"type": "Point", "coordinates": [116.375224, 40.007671]}}, {"type": "Feature", "properties": {"layer": "OSM_PUBLIC_FACILITIES", "osm_id": 2783266444, "osm_type": "node", "name": "中信银行", "amenity": "bank", "shop": null, "operator": null, "source": "DATA-SRC-OSM", "official_boundary": false, "usable_for_formal": "background_only", "precision_note": "OSM 社区数据 POI，位置精度数米级；公共服务设施底数背景"}, "geometry": {"type": "Point", "coordinates": [116.375776, 40.008095]}}, {"type": "Feature", "properties": {"layer": "OSM_PUBLIC_FACILITIES", "osm_id": 2783307173, "osm_type": "node", "name": "中国银行", "amenity": "bank", "shop": null, "operator": null, "source": "DATA-SRC-OSM", "official_boundary": false, "usable_for_formal": "background_only", "precision_note": "OSM 社区数据 POI，位置精度数米级；公共服务设施底数背景"}, "geometry": {"type": "Point", "coordinates": [116.375381, 39.999234]}}, {"type": "Feature", "properties": {"layer": "OSM_PUBLIC_FACILITIES", "osm_id": 2783310348, "osm_type": "node", "name": "中国工商银行", "amenity": "bank", "shop": null, "operator": null, "source": "DATA-SRC-OSM", "official_boundary": false, "usable_for_formal": "background_only", "precision_note": "OSM 社区数据 POI，位置精度数米级；公共服务设施底数背景"}, "geometry": {"type": "Point", "coordinates": [116.364749, 40.000538]}}, {"type": "Feature", "properties": {"layer": "OSM_PUBLIC_FACILITIES", "osm_id": 2783311652, "osm_type": "node", "name": "上岛咖啡", "amenity": "cafe", "shop": null, "operator": null, "source": "DATA-SRC-OSM", "official_boundary": false, "usable_for_formal": "background_only", "precision_note": "OSM 社区数据 POI，位置精度数米级；公共服务设施底数背景"}, "geometry": {"type": "Point", "coordinates": [116.345985, 39.998681]}}, {"type": "Feature", "properties": {"layer": "OSM_PUBLIC_FACILITIES", "osm_id": 2783311964, "osm_type": "node", "name": "中国农业银行", "amenity": "bank", "shop": null, "operator": null, "source": "DATA-SRC-OSM", "official_boundary": false, "usable_for_formal": "background_only", "precision_note": "OSM 社区数据 POI，位置精度数米级；公共服务设施底数背景"}, "geometry": {"type": "Point", "coordinates": [116.346128, 39.995946]}}, {"type": "Feature", "properties": {"layer": "OSM_PUBLIC_FACILITIES", "osm_id": 2783312829, "osm_type": "node", "name": "肯德基", "amenity": "fast_food", "shop": null, "operator": null, "source": "DATA-SRC-OSM", "official_boundary": false, "usable_for_formal": "background_only", "precision_note": "OSM 社区数据 POI，位置精度数米级；公共服务设施底数背景"}, "geometry": {"type": "Point", "coordinates": [116.346409, 39.993319]}}, {"type": "Feature", "properties": {"layer": "OSM_PUBLIC_FACILITIES", "osm_id": 2783316360, "osm_type": "node", "name": "拾年咖啡", "amenity": "cafe", "shop": null, "operator": null, "source": "DATA-SRC-OSM", "official_boundary": false, "usable_for_formal": "background_only", "precision_note": "OSM 社区数据 POI，位置精度数米级；公共服务设施底数背景"}, "geometry": {"type": "Point", "coordinates": [116.328354, 39.99472]}}, {"type": "Feature", "properties": {"layer": "OSM_PUBLIC_FACILITIES", "osm_id": 2783325953, "osm_type": "node", "name": "嘉和一品粥", "amenity": "restaurant", "shop": null, "operator": null, "source": "DATA-SRC-OSM", "official_boundary": false, "usable_for_formal": "background_only", "precision_note": "OSM 社区数据 POI，位置精度数米级；公共服务设施底数背景"}, "geometry": {"type": "Point", "coordinates": [116.332385, 39.991867]}}, {"type": "Feature", "properties": {"layer": "OSM_PUBLIC_FACILITIES", "osm_id": 2783328738, "osm_type": "node", "name": "火齐潮汕砂锅粥", "amenity": "restaurant", "shop": null, "operator": null, "source": "DATA-SRC-OSM", "official_boundary": false, "usable_for_formal": "background_only", "precision_note": "OSM 社区数据 POI，位置精度数米级；公共服务设施底数背景"}, "geometry": {"type": "Point", "coordinates": [116.332529, 39.992283]}}, {"type": "Feature", "properties": {"layer": "OSM_PUBLIC_FACILITIES", "osm_id": 2783330586, "osm_type": "node", "name": "星巴克", "amenity": "cafe", "shop": null, "operator": null, "source": "DATA-SRC-OSM", "official_boundary": false, "usable_for_formal": "background_only", "precision_note": "OSM 社区数据 POI，位置精度数米级；公共服务设施底数背景"}, "geometry": {"type": "Point", "coordinates": [116.332887, 39.991131]}}, {"type": "Feature", "properties": {"layer": "OSM_PUBLIC_FACILITIES", "osm_id": 2783332190, "osm_type": "node", "name": "中国工商银行", "amenity": "bank", "shop": null, "operator": null, "source": "DATA-SRC-OSM", "official_boundary": false, "usable_for_formal": "background_only", "precision_note": "OSM 社区数据 POI，位置精度数米级；公共服务设施底数背景"}, "geometry": {"type": "Point", "coordinates": [116.333782, 39.992168]}}, {"type": "Feature", "properties": {"layer": "OSM_PUBLIC_FACILITIES", "osm_id": 2787221711, "osm_type": "node", "name": "蝎子李", "amenity": "restaurant", "shop": null, "operator": null, "source": "DATA-SRC-OSM", "official_boundary": false, "usable_for_formal": "background_only", "precision_note": "OSM 社区数据 POI，位置精度数米级；公共服务设施底数背景"}, "geometry": {"type": "Point", "coordinates": [116.369285, 40.002941]}}, {"type": "Feature", "properties": {"layer": "OSM_PUBLIC_FACILITIES", "osm_id": 2787238072, "osm_type": "node", "name": "Mi Coffee", "amenity": "cafe", "shop": null, "operator": null, "source": "DATA-SRC-OSM", "official_boundary": false, "usable_for_formal": "background_only", "precision_note": "OSM 社区数据 POI，位置精度数米级；公共服务设施底数背景"}, "geometry": {"type": "Point", "coordinates": [116.372131, 40.000704]}}, {"type": "Feature", "properties": {"layer": "OSM_PUBLIC_FACILITIES", "osm_id": 2818438201, "osm_type": "node", "name": "同仁堂", "amenity": "pharmacy", "shop": null, "operator": null, "source": "DATA-SRC-OSM", "official_boundary": false, "usable_for_formal": "background_only", "precision_note": "OSM 社区数据 POI，位置精度数米级；公共服务设施底数背景"}, "geometry": {"type": "Point", "coordinates": [116.376943, 39.996227]}}, {"type": "Feature", "properties": {"layer": "OSM_PUBLIC_FACILITIES", "osm_id": 2819845701, "osm_type": "node", "name": "顺口溜", "amenity": "restaurant", "shop": null, "operator": null, "source": "DATA-SRC-OSM", "official_boundary": false, "usable_for_formal": "background_only", "precision_note": "OSM 社区数据 POI，位置精度数米级；公共服务设施底数背景"}, "geometry": {"type": "Point", "coordinates": [116.389632, 39.999315]}}, {"type": "Feature", "properties": {"layer": "OSM_PUBLIC_FACILITIES", "osm_id": 2819866502, "osm_type": "node", "name": "肯德基", "amenity": "fast_food", "shop": null, "operator": null, "source": "DATA-SRC-OSM", "official_boundary": false, "usable_for_formal": "background_only", "precision_note": "OSM 社区数据 POI，位置精度数米级；公共服务设施底数背景"}, "geometry": {"type": "Point", "coordinates": [116.387358, 39.998756]}}, {"type": "Feature", "properties": {"layer": "OSM_PUBLIC_FACILITIES", "osm_id": 2858027401, "osm_type": "node", "name": "吾道口羊蝎子", "amenity": "restaurant", "shop": null, "operator": null, "source": "DATA-SRC-OSM", "official_boundary": false, "usable_for_formal": "background_only", "precision_note": "OSM 社区数据 POI，位置精度数米级；公共服务设施底数背景"}, "geometry": {"type": "Point", "coordinates": [116.359769, 39.992022]}}, {"type": "Feature", "properties": {"layer": "OSM_PUBLIC_FACILITIES", "osm_id": 2858062102, "osm_type": "node", "name": "小渝府", "amenity": "restaurant", "shop": null, "operator": null, "source": "DATA-SRC-OSM", "official_boundary": false, "usable_for_formal": "background_only", "precision_note": "OSM 社区数据 POI，位置精度数米级；公共服务设施底数背景"}, "geometry": {"type": "Point", "coordinates": [116.359209, 39.992839]}}, {"type": "Feature", "properties": {"layer": "OSM_PUBLIC_FACILITIES", "osm_id": 2871865149, "osm_type": "node", "name": "呷哺呷哺", "amenity": "restaurant", "shop": null, "operator": null, "source": "DATA-SRC-OSM", "official_boundary": false, "usable_for_formal": "background_only", "precision_note": "OSM 社区数据 POI，位置精度数米级；公共服务设施底数背景"}, "geometry": {"type": "Point", "coordinates": [116.328186, 39.992311]}}, {"type": "Feature", "properties": {"layer": "OSM_PUBLIC_FACILITIES", "osm_id": 2872733101, "osm_type": "node", "name": "一碗居", "amenity": "restaurant", "shop": null, "operator": null, "source": "DATA-SRC-OSM", "official_boundary": false, "usable_for_formal": "background_only", "precision_note": "OSM 社区数据 POI，位置精度数米级；公共服务设施底数背景"}, "geometry": {"type": "Point", "coordinates": [116.389685, 39.999542]}}, {"type": "Feature", "properties": {"layer": "OSM_PUBLIC_FACILITIES", "osm_id": 2905507845, "osm_type": "node", "name": "渝粥美食", "amenity": "restaurant", "shop": null, "operator": null, "source": "DATA-SRC-OSM", "official_boundary": false, "usable_for_formal": "background_only", "precision_note": "OSM 社区数据 POI，位置精度数米级；公共服务设施底数背景"}, "geometry": {"type": "Point", "coordinates": [116.370234, 39.995961]}}, {"type": "Feature", "properties": {"layer": "OSM_PUBLIC_FACILITIES", "osm_id": 2905509867, "osm_type": "node", "name": "稻香春", "amenity": "restaurant", "shop": null, "operator": null, "source": "DATA-SRC-OSM", "official_boundary": false, "usable_for_formal": "background_only", "precision_note": "OSM 社区数据 POI，位置精度数米级；公共服务设施底数背景"}, "geometry": {"type": "Point", "coordinates": [116.370943, 39.996076]}}, {"type": "Feature", "properties": {"layer": "OSM_PUBLIC_FACILITIES", "osm_id": 2905723001, "osm_type": "node", "name": "伊鼎香牛肉面", "amenity": "restaurant", "shop": null, "operator": null, "source": "DATA-SRC-OSM", "official_boundary": false, "usable_for_formal": "background_only", "precision_note": "OSM 社区数据 POI，位置精度数米级；公共服务设施底数背景"}, "geometry": {"type": "Point", "coordinates": [116.37014, 39.995943]}}, {"type": "Feature", "properties": {"layer": "OSM_PUBLIC_FACILITIES", "osm_id": 2914402955, "osm_type": "node", "name": "蚝哥海鲜", "amenity": "restaurant", "shop": null, "operator": null, "source": "DATA-SRC-OSM", "official_boundary": false, "usable_for_formal": "background_only", "precision_note": "OSM 社区数据 POI，位置精度数米级；公共服务设施底数背景"}, "geometry": {"type": "Point", "coordinates": [116.374519, 39.94381]}}, {"type": "Feature", "properties": {"layer": "OSM_PUBLIC_FACILITIES", "osm_id": 2919681740, "osm_type": "node", "name": "金兰夜话茶楼", "amenity": "restaurant", "shop": null, "operator": null, "source": "DATA-SRC-OSM", "official_boundary": false, "usable_for_formal": "background_only", "precision_note": "OSM 社区数据 POI，位置精度数米级；公共服务设施底数背景"}, "geometry": {"type": "Point", "coordinates": [116.375989, 40.000229]}}, {"type": "Feature", "properties": {"layer": "OSM_PUBLIC_FACILITIES", "osm_id": 2922835904, "osm_type": "node", "name": "中国光大银行", "amenity": "bank", "shop": null, "operator": null, "source": "DATA-SRC-OSM", "official_boundary": false, "usable_for_formal": "background_only", "precision_note": "OSM 社区数据 POI，位置精度数米级；公共服务设施底数背景"}, "geometry": {"type": "Point", "coordinates": [116.378068, 40.000273]}}, {"type": "Feature", "properties": {"layer": "OSM_PUBLIC_FACILITIES", "osm_id": 2924754019, "osm_type": "node", "name": "学生食堂（含回民餐厅）", "amenity": "restaurant", "shop": null, "operator": null, "source": "DATA-SRC-OSM", "official_boundary": false, "usable_for_formal": "background_only", "precision_note": "OSM 社区数据 POI，位置精度数米级；公共服务设施底数背景"}, "geometry": {"type": "Point", "coordinates": [116.338758, 39.980916]}}, {"type": "Feature", "properties": {"layer": "OSM_PUBLIC_FACILITIES", "osm_id": 2926904802, "osm_type": "node", "name": "和味坊", "amenity": "restaurant", "shop": null, "operator": null, "source": "DATA-SRC-OSM", "official_boundary": false, "usable_for_formal": "background_only", "precision_note": "OSM 社区数据 POI，位置精度数米级；公共服务设施底数背景"}, "geometry": {"type": "Point", "coordinates": [116.372466, 40.000679]}}, {"type": "Feature", "properties": {"layer": "OSM_PUBLIC_FACILITIES", "osm_id": 2926904803, "osm_type": "node", "name": "沙县小吃", "amenity": "restaurant", "shop": null, "operator": null, "source": "DATA-SRC-OSM", "official_boundary": false, "usable_for_formal": "background_only", "precision_note": "OSM 社区数据 POI，位置精度数米级；公共服务设施底数背景"}, "geometry": {"type": "Point", "coordinates": [116.377666, 40.00026]}}, {"type": "Feature", "properties": {"layer": "OSM_PUBLIC_FACILITIES", "osm_id": 2926924003, "osm_type": "node", "name": "中国光大银行", "amenity": "bank", "shop": null, "operator": null, "source": "DATA-SRC-OSM", "official_boundary": false, "usable_for_formal": "background_only", "precision_note": "OSM 社区数据 POI，位置精度数米级；公共服务设施底数背景"}, "geometry": {"type": "Point", "coordinates": [116.377781, 40.000263]}}, {"type": "Feature", "properties": {"layer": "OSM_PUBLIC_FACILITIES", "osm_id": 2941779307, "osm_type": "node", "name": "金象大药房", "amenity": "pharmacy", "shop": null, "operator": null, "source": "DATA-SRC-OSM", "official_boundary": false, "usable_for_formal": "background_only", "precision_note": "OSM 社区数据 POI，位置精度数米级；公共服务设施底数背景"}, "geometry": {"type": "Point", "coordinates": [116.394932, 39.995961]}}, {"type": "Feature", "properties": {"layer": "OSM_PUBLIC_FACILITIES", "osm_id": 2957172836, "osm_type": "node", "name": "黄门老灶火锅", "amenity": "restaurant", "shop": null, "operator": null, "source": "DATA-SRC-OSM", "official_boundary": false, "usable_for_formal": "background_only", "precision_note": "OSM 社区数据 POI，位置精度数米级；公共服务设施底数背景"}, "geometry": {"type": "Point", "coordinates": [116.394846, 39.996931]}}, {"type": "Feature", "properties": {"layer": "OSM_PUBLIC_FACILITIES", "osm_id": 2980474933, "osm_type": "node", "name": "长村口腔", "amenity": "clinic", "shop": null, "operator": null, "source": "DATA-SRC-OSM", "official_boundary": false, "usable_for_formal": "background_only", "precision_note": "OSM 社区数据 POI，位置精度数米级；公共服务设施底数背景"}, "geometry": {"type": "Point", "coordinates": [116.371779, 40.000071]}}, {"type": "Feature", "properties": {"layer": "OSM_PUBLIC_FACILITIES", "osm_id": 2980483533, "osm_type": "node", "name": "五谷煎饼", "amenity": "fast_food", "shop": null, "operator": null, "source": "DATA-SRC-OSM", "official_boundary": false, "usable_for_formal": "background_only", "precision_note": "OSM 社区数据 POI，位置精度数米级；公共服务设施底数背景"}, "geometry": {"type": "Point", "coordinates": [116.372552, 40.000136]}}, {"type": "Feature", "properties": {"layer": "OSM_PUBLIC_FACILITIES", "osm_id": 2981978051, "osm_type": "node", "name": "乡巴佬拉面", "amenity": "restaurant", "shop": null, "operator": null, "source": "DATA-SRC-OSM", "official_boundary": false, "usable_for_formal": "background_only", "precision_note": "OSM 社区数据 POI，位置精度数米级；公共服务设施底数背景"}, "geometry": {"type": "Point", "coordinates": [116.36987, 39.995961]}}, {"type": "Feature", "properties": {"layer": "OSM_PUBLIC_FACILITIES", "osm_id": 2981984033, "osm_type": "node", "name": "刀削面家常菜", "amenity": "restaurant", "shop": null, "operator": null, "source": "DATA-SRC-OSM", "official_boundary": false, "usable_for_formal": "background_only", "precision_note": "OSM 社区数据 POI，位置精度数米级；公共服务设施底数背景"}, "geometry": {"type": "Point", "coordinates": [116.369913, 39.995649]}}, {"type": "Feature", "properties": {"layer": "OSM_PUBLIC_FACILITIES", "osm_id": 2981984633, "osm_type": "node", "name": "恒天世纪彩印公司", "amenity": "place_of_worship", "shop": null, "operator": null, "source": "DATA-SRC-OSM", "official_boundary": false, "usable_for_formal": "background_only", "precision_note": "OSM 社区数据 POI，位置精度数米级；公共服务设施底数背景"}, "geometry": {"type": "Point", "coordinates": [116.370149, 39.995665]}}, {"type": "Feature", "properties": {"layer": "OSM_PUBLIC_FACILITIES", "osm_id": 2981984634, "osm_type": "node", "name": "成都美食", "amenity": "restaurant", "shop": null, "operator": null, "source": "DATA-SRC-OSM", "official_boundary": false, "usable_for_formal": "background_only", "precision_note": "OSM 社区数据 POI，位置精度数米级；公共服务设施底数背景"}, "geometry": {"type": "Point", "coordinates": [116.372681, 39.995797]}}, {"type": "Feature", "properties": {"layer": "OSM_PUBLIC_FACILITIES", "osm_id": 2981984734, "osm_type": "node", "name": "111医药馆", "amenity": "pharmacy", "shop": null, "operator": null, "source": "DATA-SRC-OSM", "official_boundary": false, "usable_for_formal": "background_only", "precision_note": "OSM 社区数据 POI，位置精度数米级；公共服务设施底数背景"}, "geometry": {"type": "Point", "coordinates": [116.370878, 39.996093]}}, {"type": "Feature", "properties": {"layer": "OSM_PUBLIC_FACILITIES", "osm_id": 2981986533, "osm_type": "node", "name": "合川酒楼", "amenity": "restaurant", "shop": null, "operator": null, "source": "DATA-SRC-OSM", "official_boundary": false, "usable_for_formal": "background_only", "precision_note": "OSM 社区数据 POI，位置精度数米级；公共服务设施底数背景"}, "geometry": {"type": "Point", "coordinates": [116.372037, 39.995731]}}, {"type": "Feature", "properties": {"layer": "OSM_PUBLIC_FACILITIES", "osm_id": 2981989333, "osm_type": "node", "name": "北大学园幼儿园", "amenity": "kindergarten", "shop": null, "operator": null, "source": "DATA-SRC-OSM", "official_boundary": false, "usable_for_formal": "background_only", "precision_note": "OSM 社区数据 POI，位置精度数米级；公共服务设施底数背景"}, "geometry": {"type": "Point", "coordinates": [116.371028, 39.997835]}}, {"type": "Feature", "properties": {"layer": "OSM_PUBLIC_FACILITIES", "osm_id": 2981991733, "osm_type": "node", "name": "兰州素福拉面", "amenity": "restaurant", "shop": null, "operator": null, "source": "DATA-SRC-OSM", "official_boundary": false, "usable_for_formal": "background_only", "precision_note": "OSM 社区数据 POI，位置精度数米级；公共服务设施底数背景"}, "geometry": {"type": "Point", "coordinates": [116.369977, 39.998509]}}, {"type": "Feature", "properties": {"layer": "OSM_PUBLIC_FACILITIES", "osm_id": 2981991933, "osm_type": "node", "name": "好前程饺子馆", "amenity": "restaurant", "shop": null, "operator": null, "source": "DATA-SRC-OSM", "official_boundary": false, "usable_for_formal": "background_only", "precision_note": "OSM 社区数据 POI，位置精度数米级；公共服务设施底数背景"}, "geometry": {"type": "Point", "coordinates": [116.369977, 39.998657]}}, {"type": "Feature", "properties": {"layer": "OSM_PUBLIC_FACILITIES", "osm_id": 2981992233, "osm_type": "node", "name": "鸭梨香家常菜", "amenity": "restaurant", "shop": null, "operator": null, "source": "DATA-SRC-OSM", "official_boundary": false, "usable_for_formal": "background_only", "precision_note": "OSM 社区数据 POI，位置精度数米级；公共服务设施底数背景"}, "geometry": {"type": "Point", "coordinates": [116.369891, 39.99892]}}, {"type": "Feature", "properties": {"layer": "OSM_PUBLIC_FACILITIES", "osm_id": 2982154333, "osm_type": "node", "name": "TWOSOME+COFFEE", "amenity": "cafe", "shop": null, "operator": null, "source": "DATA-SRC-OSM", "official_boundary": false, "usable_for_formal": "background_only", "precision_note": "OSM 社区数据 POI，位置精度数米级；公共服务设施底数背景"}, "geometry": {"type": "Point", "coordinates": [116.390362, 39.997539]}}, {"type": "Feature", "properties": {"layer": "OSM_PUBLIC_FACILITIES", "osm_id": 2982154833, "osm_type": "node", "name": "思味浓咖喱屋", "amenity": "restaurant", "shop": null, "operator": null, "source": "DATA-SRC-OSM", "official_boundary": false, "usable_for_formal": "background_only", "precision_note": "OSM 社区数据 POI，位置精度数米级；公共服务设施底数背景"}, "geometry": {"type": "Point", "coordinates": [116.390233, 39.997769]}}, {"type": "Feature", "properties": {"layer": "OSM_PUBLIC_FACILITIES", "osm_id": 2982155233, "osm_type": "node", "name": "麦当劳", "amenity": "fast_food", "shop": null, "operator": null, "source": "DATA-SRC-OSM", "official_boundary": false, "usable_for_formal": "background_only", "precision_note": "OSM 社区数据 POI，位置精度数米级；公共服务设施底数背景"}, "geometry": {"type": "Point", "coordinates": [116.390104, 39.997769]}}, {"type": "Feature", "properties": {"layer": "OSM_PUBLIC_FACILITIES", "osm_id": 2982156033, "osm_type": "node", "name": "美食汇美食广场", "amenity": "restaurant", "shop": null, "operator": null, "source": "DATA-SRC-OSM", "official_boundary": false, "usable_for_formal": "background_only", "precision_note": "OSM 社区数据 POI，位置精度数米级；公共服务设施底数背景"}, "geometry": {"type": "Point", "coordinates": [116.390233, 39.997901]}}, {"type": "Feature", "properties": {"layer": "OSM_PUBLIC_FACILITIES", "osm_id": 2982156433, "osm_type": "node", "name": "品奇比萨", "amenity": "restaurant", "shop": null, "operator": null, "source": "DATA-SRC-OSM", "official_boundary": false, "usable_for_formal": "background_only", "precision_note": "OSM 社区数据 POI，位置精度数米级；公共服务设施底数背景"}, "geometry": {"type": "Point", "coordinates": [116.390104, 39.997901]}}, {"type": "Feature", "properties": {"layer": "OSM_PUBLIC_FACILITIES", "osm_id": 2982157533, "osm_type": "node", "name": "回转寿司", "amenity": "restaurant", "shop": null, "operator": null, "source": "DATA-SRC-OSM", "official_boundary": false, "usable_for_formal": "background_only", "precision_note": "OSM 社区数据 POI，位置精度数米级；公共服务设施底数背景"}, "geometry": {"type": "Point", "coordinates": [116.390083, 39.997983]}}, {"type": "Feature", "properties": {"layer": "OSM_PUBLIC_FACILITIES", "osm_id": 2982157733, "osm_type": "node", "name": "泡泡火锅", "amenity": "restaurant", "shop": null, "operator": null, "source": "DATA-SRC-OSM", "official_boundary": false, "usable_for_formal": "background_only", "precision_note": "OSM 社区数据 POI，位置精度数米级；公共服务设施底数背景"}, "geometry": {"type": "Point", "coordinates": [116.39004, 39.998082]}}, {"type": "Feature", "properties": {"layer": "OSM_PUBLIC_FACILITIES", "osm_id": 2982159033, "osm_type": "node", "name": "纽约客美式餐厅", "amenity": "restaurant", "shop": null, "operator": null, "source": "DATA-SRC-OSM", "official_boundary": false, "usable_for_formal": "background_only", "precision_note": "OSM 社区数据 POI，位置精度数米级；公共服务设施底数背景"}, "geometry": {"type": "Point", "coordinates": [116.390233, 39.998032]}}, {"type": "Feature", "properties": {"layer": "OSM_PUBLIC_FACILITIES", "osm_id": 2982159833, "osm_type": "node", "name": "拿渡麻辣香锅", "amenity": "restaurant", "shop": null, "operator": null, "source": "DATA-SRC-OSM", "official_boundary": false, "usable_for_formal": "background_only", "precision_note": "OSM 社区数据 POI，位置精度数米级；公共服务设施底数背景"}, "geometry": {"type": "Point", "coordinates": [116.39004, 39.998328]}}, {"type": "Feature", "properties": {"layer": "OSM_PUBLIC_FACILITIES", "osm_id": 2982160233, "osm_type": "node", "name": "东方饺子王", "amenity": "restaurant", "shop": null, "operator": null, "source": "DATA-SRC-OSM", "official_boundary": false, "usable_for_formal": "background_only", "precision_note": "OSM 社区数据 POI，位置精度数米级；公共服务设施底数背景"}, "geometry": {"type": "Point", "coordinates": [116.39019, 39.998328]}}, {"type": "Feature", "properties": {"layer": "OSM_PUBLIC_FACILITIES", "osm_id": 2982162733, "osm_type": "node", "name": "华天延吉", "amenity": "restaurant", "shop": null, "operator": null, "source": "DATA-SRC-OSM", "official_boundary": false, "usable_for_formal": "background_only", "precision_note": "OSM 社区数据 POI，位置精度数米级；公共服务设施底数背景"}, "geometry": {"type": "Point", "coordinates": [116.390169, 39.998558]}}, {"type": "Feature", "properties": {"layer": "OSM_PUBLIC_FACILITIES", "osm_id": 2982162734, "osm_type": "node", "name": "利易法式铁板主题餐厅", "amenity": "restaurant", "shop": null, "operator": null, "source": "DATA-SRC-OSM", "official_boundary": false, "usable_for_formal": "background_only", "precision_note": "OSM 社区数据 POI，位置精度数米级；公共服务设施底数背景"}, "geometry": {"type": "Point", "coordinates": [116.389976, 39.998591]}}, {"type": "Feature", "properties": {"layer": "OSM_PUBLIC_FACILITIES", "osm_id": 2982167733, "osm_type": "node", "name": "护国寺小吃店", "amenity": "restaurant", "shop": null, "operator": null, "source": "DATA-SRC-OSM", "official_boundary": false, "usable_for_formal": "background_only", "precision_note": "OSM 社区数据 POI，位置精度数米级；公共服务设施底数背景"}, "geometry": {"type": "Point", "coordinates": [116.390147, 39.998674]}}, {"type": "Feature", "properties": {"layer": "OSM_PUBLIC_FACILITIES", "osm_id": 2982167734, "osm_type": "node", "name": "香妃烤鸡", "amenity": "restaurant", "shop": null, "operator": null, "source": "DATA-SRC-OSM", "official_boundary": false, "usable_for_formal": "background_only", "precision_note": "OSM 社区数据 POI，位置精度数米级；公共服务设施底数背景"}, "geometry": {"type": "Point", "coordinates": [116.390233, 39.99869]}}, {"type": "Feature", "properties": {"layer": "OSM_PUBLIC_FACILITIES", "osm_id": 2982167735, "osm_type": "node", "name": "港品元素", "amenity": "restaurant", "shop": null, "operator": null, "source": "DATA-SRC-OSM", "official_boundary": false, "usable_for_formal": "background_only", "precision_note": "OSM 社区数据 POI，位置精度数米级；公共服务设施底数背景"}, "geometry": {"type": "Point", "coordinates": [116.389825, 39.999232]}}, {"type": "Feature", "properties": {"layer": "OSM_PUBLIC_FACILITIES", "osm_id": 2982170233, "osm_type": "node", "name": "咖啡工厂", "amenity": "cafe", "shop": null, "operator": null, "source": "DATA-SRC-OSM", "official_boundary": false, "usable_for_formal": "background_only", "precision_note": "OSM 社区数据 POI，位置精度数米级；公共服务设施底数背景"}, "geometry": {"type": "Point", "coordinates": [116.390083, 39.998904]}}, {"type": "Feature", "properties": {"layer": "OSM_PUBLIC_FACILITIES", "osm_id": 2982170535, "osm_type": "node", "name": "呷哺呷哺", "amenity": "restaurant", "shop": null, "operator": null, "source": "DATA-SRC-OSM", "official_boundary": false, "usable_for_formal": "background_only", "precision_note": "OSM 社区数据 POI，位置精度数米级；公共服务设施底数背景"}, "geometry": {"type": "Point", "coordinates": [116.389589, 39.999479]}}, {"type": "Feature", "properties": {"layer": "OSM_PUBLIC_FACILITIES", "osm_id": 2982172133, "osm_type": "node", "name": "赛百味", "amenity": "fast_food", "shop": null, "operator": null, "source": "DATA-SRC-OSM", "official_boundary": false, "usable_for_formal": "background_only", "precision_note": "OSM 社区数据 POI，位置精度数米级；公共服务设施底数背景"}, "geometry": {"type": "Point", "coordinates": [116.38989, 39.999052]}}, {"type": "Feature", "properties": {"layer": "OSM_PUBLIC_FACILITIES", "osm_id": 2982173433, "osm_type": "node", "name": "优源", "amenity": "restaurant", "shop": null, "operator": null, "source": "DATA-SRC-OSM", "official_boundary": false, "usable_for_formal": "background_only", "precision_note": "OSM 社区数据 POI，位置精度数米级；公共服务设施底数背景"}, "geometry": {"type": "Point", "coordinates": [116.39004, 39.999052]}}, {"type": "Feature", "properties": {"layer": "OSM_PUBLIC_FACILITIES", "osm_id": 2982174633, "osm_type": "node", "name": "全面金典", "amenity": "restaurant", "shop": null, "operator": null, "source": "DATA-SRC-OSM", "official_boundary": false, "usable_for_formal": "background_only", "precision_note": "OSM 社区数据 POI，位置精度数米级；公共服务设施底数背景"}, "geometry": {"type": "Point", "coordinates": [116.389847, 39.99915]}}, {"type": "Feature", "properties": {"layer": "OSM_PUBLIC_FACILITIES", "osm_id": 2982177833, "osm_type": "node", "name": "合利屋", "amenity": "restaurant", "shop": null, "operator": null, "source": "DATA-SRC-OSM", "official_boundary": false, "usable_for_formal": "background_only", "precision_note": "OSM 社区数据 POI，位置精度数米级；公共服务设施底数背景"}, "geometry": {"type": "Point", "coordinates": [116.389954, 39.99938]}}, {"type": "Feature", "properties": {"layer": "OSM_PUBLIC_FACILITIES", "osm_id": 3015376472, "osm_type": "node", "name": "肯德基", "amenity": "fast_food", "shop": null, "operator": null, "source": "DATA-SRC-OSM", "official_boundary": false, "usable_for_formal": "background_only", "precision_note": "OSM 社区数据 POI，位置精度数米级；公共服务设施底数背景"}, "geometry": {"type": "Point", "coordinates": [116.337707, 39.975404]}}, {"type": "Feature", "properties": {"layer": "OSM_PUBLIC_FACILITIES", "osm_id": 3023953841, "osm_type": "node", "name": "味多美蛋糕房", "amenity": "fast_food", "shop": null, "operator": null, "source": "DATA-SRC-OSM", "official_boundary": false, "usable_for_formal": "background_only", "precision_note": "OSM 社区数据 POI，位置精度数米级；公共服务设施底数背景"}, "geometry": {"type": "Point", "coordinates": [116.348154, 40.035787]}}, {"type": "Feature", "properties": {"layer": "OSM_PUBLIC_FACILITIES", "osm_id": 3036828645, "osm_type": "node", "name": "中国农业银行", "amenity": "bank", "shop": null, "operator": null, "source": "DATA-SRC-OSM", "official_boundary": false, "usable_for_formal": "background_only", "precision_note": "OSM 社区数据 POI，位置精度数米级；公共服务设施底数背景"}, "geometry": {"type": "Point", "coordinates": [116.368432, 40.008026]}}, {"type": "Feature", "properties": {"layer": "OSM_PUBLIC_FACILITIES", "osm_id": 3036846733, "osm_type": "node", "name": "肯德基", "amenity": "fast_food", "shop": null, "operator": null, "source": "DATA-SRC-OSM", "official_boundary": false, "usable_for_formal": "background_only", "precision_note": "OSM 社区数据 POI，位置精度数米级；公共服务设施底数背景"}, "geometry": {"type": "Point", "coordinates": [116.365643, 40.008618]}}, {"type": "Feature", "properties": {"layer": "OSM_PUBLIC_FACILITIES", "osm_id": 3036848635, "osm_type": "node", "name": "比格自助比萨", "amenity": "restaurant", "shop": null, "operator": null, "source": "DATA-SRC-OSM", "official_boundary": false, "usable_for_formal": "background_only", "precision_note": "OSM 社区数据 POI，位置精度数米级；公共服务设施底数背景"}, "geometry": {"type": "Point", "coordinates": [116.366351, 40.008683]}}, {"type": "Feature", "properties": {"layer": "OSM_PUBLIC_FACILITIES", "osm_id": 3036848934, "osm_type": "node", "name": "呷哺呷哺", "amenity": "restaurant", "shop": null, "operator": null, "source": "DATA-SRC-OSM", "official_boundary": false, "usable_for_formal": "background_only", "precision_note": "OSM 社区数据 POI，位置精度数米级；公共服务设施底数背景"}, "geometry": {"type": "Point", "coordinates": [116.366179, 40.008667]}}, {"type": "Feature", "properties": {"layer": "OSM_PUBLIC_FACILITIES", "osm_id": 3040949438, "osm_type": "node", "name": "九格麻辣烫", "amenity": "restaurant", "shop": null, "operator": null, "source": "DATA-SRC-OSM", "official_boundary": false, "usable_for_formal": "background_only", "precision_note": "OSM 社区数据 POI，位置精度数米级；公共服务设施底数背景"}, "geometry": {"type": "Point", "coordinates": [116.300044, 39.980805]}}, {"type": "Feature", "properties": {"layer": "OSM_PUBLIC_FACILITIES", "osm_id": 3041093433, "osm_type": "node", "name": "星巴克", "amenity": "cafe", "shop": null, "operator": null, "source": "DATA-SRC-OSM", "official_boundary": false, "usable_for_formal": "background_only", "precision_note": "OSM 社区数据 POI，位置精度数米级；公共服务设施底数背景"}, "geometry": {"type": "Point", "coordinates": [116.309063, 39.980049]}}, {"type": "Feature", "properties": {"layer": "OSM_PUBLIC_FACILITIES", "osm_id": 3044947860, "osm_type": "node", "name": "必胜客", "amenity": "restaurant", "shop": null, "operator": null, "source": "DATA-SRC-OSM", "official_boundary": false, "usable_for_formal": "background_only", "precision_note": "OSM 社区数据 POI，位置精度数米级；公共服务设施底数背景"}, "geometry": {"type": "Point", "coordinates": [116.311634, 39.975889]}}, {"type": "Feature", "properties": {"layer": "OSM_PUBLIC_FACILITIES", "osm_id": 3049750133, "osm_type": "node", "name": "小吊梨汤", "amenity": "restaurant", "shop": null, "operator": null, "source": "DATA-SRC-OSM", "official_boundary": false, "usable_for_formal": "background_only", "precision_note": "OSM 社区数据 POI，位置精度数米级；公共服务设施底数背景"}, "geometry": {"type": "Point", "coordinates": [116.387937, 39.998361]}}, {"type": "Feature", "properties": {"layer": "OSM_PUBLIC_FACILITIES", "osm_id": 3049751233, "osm_type": "node", "name": "玲珑小馆", "amenity": "restaurant", "shop": null, "operator": null, "source": "DATA-SRC-OSM", "official_boundary": false, "usable_for_formal": "background_only", "precision_note": "OSM 社区数据 POI，位置精度数米级；公共服务设施底数背景"}, "geometry": {"type": "Point", "coordinates": [116.38813, 39.996323]}}, {"type": "Feature", "properties": {"layer": "OSM_PUBLIC_FACILITIES", "osm_id": 3049772633, "osm_type": "node", "name": "盒乐弁当", "amenity": "restaurant", "shop": null, "operator": null, "source": "DATA-SRC-OSM", "official_boundary": false, "usable_for_formal": "background_only", "precision_note": "OSM 社区数据 POI，位置精度数米级；公共服务设施底数背景"}, "geometry": {"type": "Point", "coordinates": [116.382079, 39.997917]}}, {"type": "Feature", "properties": {"layer": "OSM_PUBLIC_FACILITIES", "osm_id": 3064361033, "osm_type": "node", "name": "小豆面馆", "amenity": "restaurant", "shop": null, "operator": null, "source": "DATA-SRC-OSM", "official_boundary": false, "usable_for_formal": "background_only", "precision_note": "OSM 社区数据 POI，位置精度数米级；公共服务设施底数背景"}, "geometry": {"type": "Point", "coordinates": [116.317799, 39.946992]}}, {"type": "Feature", "properties": {"layer": "OSM_PUBLIC_FACILITIES", "osm_id": 3064367533, "osm_type": "node", "name": "马兰拉面", "amenity": "restaurant", "shop": null, "operator": null, "source": "DATA-SRC-OSM", "official_boundary": false, "usable_for_formal": "background_only", "precision_note": "OSM 社区数据 POI，位置精度数米级；公共服务设施底数背景"}, "geometry": {"type": "Point", "coordinates": [116.317815, 39.946813]}}, {"type": "Feature", "properties": {"layer": "OSM_PUBLIC_FACILITIES", "osm_id": 3064384154, "osm_type": "node", "name": null, "amenity": "fast_food", "shop": null, "operator": null, "source": "DATA-SRC-OSM", "official_boundary": false, "usable_for_formal": "background_only", "precision_note": "OSM 社区数据 POI，位置精度数米级；公共服务设施底数背景"}, "geometry": {"type": "Point", "coordinates": [116.319213, 39.943953]}}, {"type": "Feature", "properties": {"layer": "OSM_PUBLIC_FACILITIES", "osm_id": 3064819747, "osm_type": "node", "name": "汉拿山", "amenity": "restaurant", "shop": null, "operator": null, "source": "DATA-SRC-OSM", "official_boundary": false, "usable_for_formal": "background_only", "precision_note": "OSM 社区数据 POI，位置精度数米级；公共服务设施底数背景"}, "geometry": {"type": "Point", "coordinates": [116.325409, 39.937547]}}, {"type": "Feature", "properties": {"layer": "OSM_PUBLIC_FACILITIES", "osm_id": 3064820144, "osm_type": "node", "name": "中国工商银行", "amenity": "bank", "shop": null, "operator": "中国工商银行", "source": "DATA-SRC-OSM", "official_boundary": false, "usable_for_formal": "background_only", "precision_note": "OSM 社区数据 POI，位置精度数米级；公共服务设施底数背景"}, "geometry": {"type": "Point", "coordinates": [116.321444, 39.936896]}}, {"type": "Feature", "properties": {"layer": "OSM_PUBLIC_FACILITIES", "osm_id": 3066176533, "osm_type": "node", "name": "中国银行", "amenity": "bank", "shop": null, "operator": null, "source": "DATA-SRC-OSM", "official_boundary": false, "usable_for_formal": "background_only", "precision_note": "OSM 社区数据 POI，位置精度数米级；公共服务设施底数背景"}, "geometry": {"type": "Point", "coordinates": [116.318779, 39.947204]}}, {"type": "Feature", "properties": {"layer": "OSM_PUBLIC_FACILITIES", "osm_id": 3066176534, "osm_type": "node", "name": "平安银行", "amenity": "bank", "shop": null, "operator": null, "source": "DATA-SRC-OSM", "official_boundary": false, "usable_for_formal": "background_only", "precision_note": "OSM 社区数据 POI，位置精度数米级；公共服务设施底数背景"}, "geometry": {"type": "Point", "coordinates": [116.318715, 39.947516]}}, {"type": "Feature", "properties": {"layer": "OSM_PUBLIC_FACILITIES", "osm_id": 3066177033, "osm_type": "node", "name": "兴业银行", "amenity": "bank", "shop": null, "operator": null, "source": "DATA-SRC-OSM", "official_boundary": false, "usable_for_formal": "background_only", "precision_note": "OSM 社区数据 POI，位置精度数米级；公共服务设施底数背景"}, "geometry": {"type": "Point", "coordinates": [116.318672, 39.947779]}}, {"type": "Feature", "properties": {"layer": "OSM_PUBLIC_FACILITIES", "osm_id": 3092424790, "osm_type": "node", "name": "小吊梨汤", "amenity": "restaurant", "shop": null, "operator": null, "source": "DATA-SRC-OSM", "official_boundary": false, "usable_for_formal": "background_only", "precision_note": "OSM 社区数据 POI，位置精度数米级；公共服务设施底数背景"}, "geometry": {"type": "Point", "coordinates": [116.322064, 39.98105]}}, {"type": "Feature", "properties": {"layer": "OSM_PUBLIC_FACILITIES", "osm_id": 3098255240, "osm_type": "node", "name": "山外餐厅", "amenity": "restaurant", "shop": null, "operator": null, "source": "DATA-SRC-OSM", "official_boundary": false, "usable_for_formal": "background_only", "precision_note": "OSM 社区数据 POI，位置精度数米级；公共服务设施底数背景"}, "geometry": {"type": "Point", "coordinates": [116.300062, 39.980678]}}, {"type": "Feature", "properties": {"layer": "OSM_PUBLIC_FACILITIES", "osm_id": 3116216486, "osm_type": "node", "name": "Corner Coffee", "amenity": "cafe", "shop": null, "operator": null, "source": "DATA-SRC-OSM", "official_boundary": false, "usable_for_formal": "background_only", "precision_note": "OSM 社区数据 POI，位置精度数米级；公共服务设施底数背景"}, "geometry": {"type": "Point", "coordinates": [116.393769, 39.93678]}}, {"type": "Feature", "properties": {"layer": "OSM_PUBLIC_FACILITIES", "osm_id": 3161029915, "osm_type": "node", "name": "沙县小吃", "amenity": "restaurant", "shop": null, "operator": null, "source": "DATA-SRC-OSM", "official_boundary": false, "usable_for_formal": "background_only", "precision_note": "OSM 社区数据 POI，位置精度数米级；公共服务设施底数背景"}, "geometry": {"type": "Point", "coordinates": [116.362942, 40.002074]}}, {"type": "Feature", "properties": {"layer": "OSM_PUBLIC_FACILITIES", "osm_id": 3196516822, "osm_type": "node", "name": "中国科学院大学中关村校区", "amenity": "university", "shop": null, "operator": "中国科学院大学", "source": "DATA-SRC-OSM", "official_boundary": false, "usable_for_formal": "background_only", "precision_note": "OSM 社区数据 POI，位置精度数米级；公共服务设施底数背景"}, "geometry": {"type": "Point", "coordinates": [116.328872, 39.981363]}}, {"type": "Feature", "properties": {"layer": "OSM_PUBLIC_FACILITIES", "osm_id": 3379199267, "osm_type": "node", "name": "辽宁饭店", "amenity": "restaurant", "shop": null, "operator": null, "source": "DATA-SRC-OSM", "official_boundary": false, "usable_for_formal": "background_only", "precision_note": "OSM 社区数据 POI，位置精度数米级；公共服务设施底数背景"}, "geometry": {"type": "Point", "coordinates": [116.373576, 39.965143]}}, {"type": "Feature", "properties": {"layer": "OSM_PUBLIC_FACILITIES", "osm_id": 3409841712, "osm_type": "node", "name": "婺源小镇江西菜", "amenity": "restaurant", "shop": null, "operator": null, "source": "DATA-SRC-OSM", "official_boundary": false, "usable_for_formal": "background_only", "precision_note": "OSM 社区数据 POI，位置精度数米级；公共服务设施底数背景"}, "geometry": {"type": "Point", "coordinates": [116.340794, 39.984874]}}, {"type": "Feature", "properties": {"layer": "OSM_PUBLIC_FACILITIES", "osm_id": 3440474991, "osm_type": "node", "name": "麦当劳", "amenity": "fast_food", "shop": null, "operator": "McDonald's China", "source": "DATA-SRC-OSM", "official_boundary": false, "usable_for_formal": "background_only", "precision_note": "OSM 社区数据 POI，位置精度数米级；公共服务设施底数背景"}, "geometry": {"type": "Point", "coordinates": [116.36333, 39.974347]}}, {"type": "Feature", "properties": {"layer": "OSM_PUBLIC_FACILITIES", "osm_id": 3463470751, "osm_type": "node", "name": "中国光大银行", "amenity": "bank", "shop": null, "operator": "中国光大银行", "source": "DATA-SRC-OSM", "official_boundary": false, "usable_for_formal": "background_only", "precision_note": "OSM 社区数据 POI，位置精度数米级；公共服务设施底数背景"}, "geometry": {"type": "Point", "coordinates": [116.328344, 39.994867]}}, {"type": "Feature", "properties": {"layer": "OSM_PUBLIC_FACILITIES", "osm_id": 3481103331, "osm_type": "node", "name": "广发银行", "amenity": "bank", "shop": null, "operator": null, "source": "DATA-SRC-OSM", "official_boundary": false, "usable_for_formal": "background_only", "precision_note": "OSM 社区数据 POI，位置精度数米级；公共服务设施底数背景"}, "geometry": {"type": "Point", "coordinates": [116.36502, 40.000552]}}, {"type": "Feature", "properties": {"layer": "OSM_PUBLIC_FACILITIES", "osm_id": 3495257964, "osm_type": "node", "name": "荒野咖啡", "amenity": "cafe", "shop": null, "operator": null, "source": "DATA-SRC-OSM", "official_boundary": false, "usable_for_formal": "background_only", "precision_note": "OSM 社区数据 POI，位置精度数米级；公共服务设施底数背景"}, "geometry": {"type": "Point", "coordinates": [116.330811, 39.990736]}}, {"type": "Feature", "properties": {"layer": "OSM_PUBLIC_FACILITIES", "osm_id": 3504651665, "osm_type": "node", "name": "中国光大银行", "amenity": "bank", "shop": null, "operator": null, "source": "DATA-SRC-OSM", "official_boundary": false, "usable_for_formal": "background_only", "precision_note": "OSM 社区数据 POI，位置精度数米级；公共服务设施底数背景"}, "geometry": {"type": "Point", "coordinates": [116.331074, 39.949368]}}, {"type": "Feature", "properties": {"layer": "OSM_PUBLIC_FACILITIES", "osm_id": 3511264385, "osm_type": "node", "name": "零壹时光咖啡馆", "amenity": "cafe", "shop": null, "operator": null, "source": "DATA-SRC-OSM", "official_boundary": false, "usable_for_formal": "background_only", "precision_note": "OSM 社区数据 POI，位置精度数米级；公共服务设施底数背景"}, "geometry": {"type": "Point", "coordinates": [116.350506, 39.958296]}}, {"type": "Feature", "properties": {"layer": "OSM_PUBLIC_FACILITIES", "osm_id": 3511264387, "osm_type": "node", "name": "中国移动", "amenity": "marketplace", "shop": null, "operator": null, "source": "DATA-SRC-OSM", "official_boundary": false, "usable_for_formal": "background_only", "precision_note": "OSM 社区数据 POI，位置精度数米级；公共服务设施底数背景"}, "geometry": {"type": "Point", "coordinates": [116.35103, 39.958045]}}, {"type": "Feature", "properties": {"layer": "OSM_PUBLIC_FACILITIES", "osm_id": 3583724532, "osm_type": "node", "name": "中国建设银行", "amenity": "bank", "shop": null, "operator": null, "source": "DATA-SRC-OSM", "official_boundary": false, "usable_for_formal": "background_only", "precision_note": "OSM 社区数据 POI，位置精度数米级；公共服务设施底数背景"}, "geometry": {"type": "Point", "coordinates": [116.319286, 39.974574]}}, {"type": "Feature", "properties": {"layer": "OSM_PUBLIC_FACILITIES", "osm_id": 3583724533, "osm_type": "node", "name": "中国银行", "amenity": "bank", "shop": null, "operator": null, "source": "DATA-SRC-OSM", "official_boundary": false, "usable_for_formal": "background_only", "precision_note": "OSM 社区数据 POI，位置精度数米级；公共服务设施底数背景"}, "geometry": {"type": "Point", "coordinates": [116.318756, 39.974601]}}, {"type": "Feature", "properties": {"layer": "OSM_PUBLIC_FACILITIES", "osm_id": 3666702439, "osm_type": "node", "name": "盒子咖啡馆", "amenity": "cafe", "shop": null, "operator": null, "source": "DATA-SRC-OSM", "official_boundary": false, "usable_for_formal": "background_only", "precision_note": "OSM 社区数据 POI，位置精度数米级；公共服务设施底数背景"}, "geometry": {"type": "Point", "coordinates": [116.329653, 39.995587]}}, {"type": "Feature", "properties": {"layer": "OSM_PUBLIC_FACILITIES", "osm_id": 3666711436, "osm_type": "node", "name": "全聚德", "amenity": "restaurant", "shop": null, "operator": null, "source": "DATA-SRC-OSM", "official_boundary": false, "usable_for_formal": "background_only", "precision_note": "OSM 社区数据 POI，位置精度数米级；公共服务设施底数背景"}, "geometry": {"type": "Point", "coordinates": [116.325173, 39.992047]}}, {"type": "Feature", "properties": {"layer": "OSM_PUBLIC_FACILITIES", "osm_id": 3687871726, "osm_type": "node", "name": null, "amenity": "post_office", "shop": null, "operator": null, "source": "DATA-SRC-OSM", "official_boundary": false, "usable_for_formal": "background_only", "precision_note": "OSM 社区数据 POI，位置精度数米级；公共服务设施底数背景"}, "geometry": {"type": "Point", "coordinates": [116.314488, 39.961366]}}, {"type": "Feature", "properties": {"layer": "OSM_PUBLIC_FACILITIES", "osm_id": 3688728825, "osm_type": "node", "name": "JIM'S BUFFET", "amenity": "restaurant", "shop": null, "operator": null, "source": "DATA-SRC-OSM", "official_boundary": false, "usable_for_formal": "background_only", "precision_note": "OSM 社区数据 POI，位置精度数米级；公共服务设施底数背景"}, "geometry": {"type": "Point", "coordinates": [116.313795, 39.964801]}}, {"type": "Feature", "properties": {"layer": "OSM_PUBLIC_FACILITIES", "osm_id": 3698165116, "osm_type": "node", "name": "中国邮政", "amenity": "post_office", "shop": null, "operator": null, "source": "DATA-SRC-OSM", "official_boundary": false, "usable_for_formal": "background_only", "precision_note": "OSM 社区数据 POI，位置精度数米级；公共服务设施底数背景"}, "geometry": {"type": "Point", "coordinates": [116.360059, 39.993107]}}, {"type": "Feature", "properties": {"layer": "OSM_PUBLIC_FACILITIES", "osm_id": 3698246728, "osm_type": "node", "name": "兰州拉面", "amenity": "restaurant", "shop": null, "operator": null, "source": "DATA-SRC-OSM", "official_boundary": false, "usable_for_formal": "background_only", "precision_note": "OSM 社区数据 POI，位置精度数米级；公共服务设施底数背景"}, "geometry": {"type": "Point", "coordinates": [116.360576, 39.992578]}}, {"type": "Feature", "properties": {"layer": "OSM_PUBLIC_FACILITIES", "osm_id": 3698246730, "osm_type": "node", "name": "公交卡充值", "amenity": "cafe", "shop": null, "operator": null, "source": "DATA-SRC-OSM", "official_boundary": false, "usable_for_formal": "background_only", "precision_note": "OSM 社区数据 POI，位置精度数米级；公共服务设施底数背景"}, "geometry": {"type": "Point", "coordinates": [116.358788, 39.998423]}}, {"type": "Feature", "properties": {"layer": "OSM_PUBLIC_FACILITIES", "osm_id": 3698246731, "osm_type": "node", "name": "学院路社会服务中心", "amenity": "cafe", "shop": null, "operator": null, "source": "DATA-SRC-OSM", "official_boundary": false, "usable_for_formal": "background_only", "precision_note": "OSM 社区数据 POI，位置精度数米级；公共服务设施底数背景"}, "geometry": {"type": "Point", "coordinates": [116.358815, 39.998117]}}, {"type": "Feature", "properties": {"layer": "OSM_PUBLIC_FACILITIES", "osm_id": 3698246732, "osm_type": "node", "name": "晋风庄园", "amenity": "restaurant", "shop": null, "operator": null, "source": "DATA-SRC-OSM", "official_boundary": false, "usable_for_formal": "background_only", "precision_note": "OSM 社区数据 POI，位置精度数米级；公共服务设施底数背景"}, "geometry": {"type": "Point", "coordinates": [116.358826, 39.997841]}}, {"type": "Feature", "properties": {"layer": "OSM_PUBLIC_FACILITIES", "osm_id": 3707494174, "osm_type": "node", "name": "醉面", "amenity": "restaurant", "shop": null, "operator": null, "source": "DATA-SRC-OSM", "official_boundary": false, "usable_for_formal": "background_only", "precision_note": "OSM 社区数据 POI，位置精度数米级；公共服务设施底数背景"}, "geometry": {"type": "Point", "coordinates": [116.301118, 39.981355]}}, {"type": "Feature", "properties": {"layer": "OSM_PUBLIC_FACILITIES", "osm_id": 3722980685, "osm_type": "node", "name": "中国银行", "amenity": "bank", "shop": null, "operator": null, "source": "DATA-SRC-OSM", "official_boundary": false, "usable_for_formal": "background_only", "precision_note": "OSM 社区数据 POI，位置精度数米级；公共服务设施底数背景"}, "geometry": {"type": "Point", "coordinates": [116.346765, 40.014629]}}, {"type": "Feature", "properties": {"layer": "OSM_PUBLIC_FACILITIES", "osm_id": 3725597525, "osm_type": "node", "name": "西直门邮局", "amenity": "post_office", "shop": null, "operator": null, "source": "DATA-SRC-OSM", "official_boundary": false, "usable_for_formal": "background_only", "precision_note": "OSM 社区数据 POI，位置精度数米级；公共服务设施底数背景"}, "geometry": {"type": "Point", "coordinates": [116.341521, 39.938504]}}, {"type": "Feature", "properties": {"layer": "OSM_PUBLIC_FACILITIES", "osm_id": 3725597527, "osm_type": "node", "name": "中国光大银行", "amenity": "bank", "shop": null, "operator": null, "source": "DATA-SRC-OSM", "official_boundary": false, "usable_for_formal": "background_only", "precision_note": "OSM 社区数据 POI，位置精度数米级；公共服务设施底数背景"}, "geometry": {"type": "Point", "coordinates": [116.341898, 39.938518]}}, {"type": "Feature", "properties": {"layer": "OSM_PUBLIC_FACILITIES", "osm_id": 3731346199, "osm_type": "node", "name": null, "amenity": "restaurant", "shop": null, "operator": null, "source": "DATA-SRC-OSM", "official_boundary": false, "usable_for_formal": "background_only", "precision_note": "OSM 社区数据 POI，位置精度数米级；公共服务设施底数背景"}, "geometry": {"type": "Point", "coordinates": [116.314309, 39.988778]}}, {"type": "Feature", "properties": {"layer": "OSM_PUBLIC_FACILITIES", "osm_id": 3735386625, "osm_type": "node", "name": "Egg Pancake", "amenity": "fast_food", "shop": null, "operator": null, "source": "DATA-SRC-OSM", "official_boundary": false, "usable_for_formal": "background_only", "precision_note": "OSM 社区数据 POI，位置精度数米级；公共服务设施底数背景"}, "geometry": {"type": "Point", "coordinates": [116.302722, 39.975643]}}, {"type": "Feature", "properties": {"layer": "OSM_PUBLIC_FACILITIES", "osm_id": 3760049789, "osm_type": "node", "name": "星巴克", "amenity": "cafe", "shop": null, "operator": null, "source": "DATA-SRC-OSM", "official_boundary": false, "usable_for_formal": "background_only", "precision_note": "OSM 社区数据 POI，位置精度数米级；公共服务设施底数背景"}, "geometry": {"type": "Point", "coordinates": [116.394877, 40.039184]}}, {"type": "Feature", "properties": {"layer": "OSM_PUBLIC_FACILITIES", "osm_id": 3784410257, "osm_type": "node", "name": "九号火锅", "amenity": "restaurant", "shop": null, "operator": null, "source": "DATA-SRC-OSM", "official_boundary": false, "usable_for_formal": "background_only", "precision_note": "OSM 社区数据 POI，位置精度数米级；公共服务设施底数背景"}, "geometry": {"type": "Point", "coordinates": [116.350262, 39.992287]}}, {"type": "Feature", "properties": {"layer": "OSM_PUBLIC_FACILITIES", "osm_id": 3784411857, "osm_type": "node", "name": "食堂", "amenity": "restaurant", "shop": null, "operator": null, "source": "DATA-SRC-OSM", "official_boundary": false, "usable_for_formal": "background_only", "precision_note": "OSM 社区数据 POI，位置精度数米级；公共服务设施底数背景"}, "geometry": {"type": "Point", "coordinates": [116.347264, 39.99502]}}, {"type": "Feature", "properties": {"layer": "OSM_PUBLIC_FACILITIES", "osm_id": 3792208362, "osm_type": "node", "name": "上海银行", "amenity": "bank", "shop": null, "operator": null, "source": "DATA-SRC-OSM", "official_boundary": false, "usable_for_formal": "background_only", "precision_note": "OSM 社区数据 POI，位置精度数米级；公共服务设施底数背景"}, "geometry": {"type": "Point", "coordinates": [116.346807, 39.957138]}}, {"type": "Feature", "properties": {"layer": "OSM_PUBLIC_FACILITIES", "osm_id": 3793781118, "osm_type": "node", "name": "小三峡", "amenity": "restaurant", "shop": null, "operator": null, "source": "DATA-SRC-OSM", "official_boundary": false, "usable_for_formal": "background_only", "precision_note": "OSM 社区数据 POI，位置精度数米级；公共服务设施底数背景"}, "geometry": {"type": "Point", "coordinates": [116.352459, 39.956344]}}, {"type": "Feature", "properties": {"layer": "OSM_PUBLIC_FACILITIES", "osm_id": 3796321985, "osm_type": "node", "name": "小三峡", "amenity": "restaurant", "shop": null, "operator": null, "source": "DATA-SRC-OSM", "official_boundary": false, "usable_for_formal": "background_only", "precision_note": "OSM 社区数据 POI，位置精度数米级；公共服务设施底数背景"}, "geometry": {"type": "Point", "coordinates": [116.345108, 39.957169]}}, {"type": "Feature", "properties": {"layer": "OSM_PUBLIC_FACILITIES", "osm_id": 3796461818, "osm_type": "node", "name": "金百万烤鸭", "amenity": "restaurant", "shop": null, "operator": null, "source": "DATA-SRC-OSM", "official_boundary": false, "usable_for_formal": "background_only", "precision_note": "OSM 社区数据 POI，位置精度数米级；公共服务设施底数背景"}, "geometry": {"type": "Point", "coordinates": [116.340225, 39.957576]}}, {"type": "Feature", "properties": {"layer": "OSM_PUBLIC_FACILITIES", "osm_id": 3797748786, "osm_type": "node", "name": "庆丰包子铺", "amenity": "fast_food", "shop": null, "operator": null, "source": "DATA-SRC-OSM", "official_boundary": false, "usable_for_formal": "background_only", "precision_note": "OSM 社区数据 POI，位置精度数米级；公共服务设施底数背景"}, "geometry": {"type": "Point", "coordinates": [116.34463, 39.957002]}}, {"type": "Feature", "properties": {"layer": "OSM_PUBLIC_FACILITIES", "osm_id": 3798287298, "osm_type": "node", "name": "中国银行", "amenity": "bank", "shop": null, "operator": null, "source": "DATA-SRC-OSM", "official_boundary": false, "usable_for_formal": "background_only", "precision_note": "OSM 社区数据 POI，位置精度数米级；公共服务设施底数背景"}, "geometry": {"type": "Point", "coordinates": [116.363935, 39.981294]}}, {"type": "Feature", "properties": {"layer": "OSM_PUBLIC_FACILITIES", "osm_id": 3798896993, "osm_type": "node", "name": "中国银行", "amenity": "bank", "shop": null, "operator": null, "source": "DATA-SRC-OSM", "official_boundary": false, "usable_for_formal": "background_only", "precision_note": "OSM 社区数据 POI，位置精度数米级；公共服务设施底数背景"}, "geometry": {"type": "Point", "coordinates": [116.347172, 39.977343]}}, {"type": "Feature", "properties": {"layer": "OSM_PUBLIC_FACILITIES", "osm_id": 3798896994, "osm_type": "node", "name": "中国邮政储蓄银行", "amenity": "bank", "shop": null, "operator": null, "source": "DATA-SRC-OSM", "official_boundary": false, "usable_for_formal": "background_only", "precision_note": "OSM 社区数据 POI，位置精度数米级；公共服务设施底数背景"}, "geometry": {"type": "Point", "coordinates": [116.347077, 39.976283]}}, {"type": "Feature", "properties": {"layer": "OSM_PUBLIC_FACILITIES", "osm_id": 3799126815, "osm_type": "node", "name": "平安银行", "amenity": "bank", "shop": null, "operator": null, "source": "DATA-SRC-OSM", "official_boundary": false, "usable_for_formal": "background_only", "precision_note": "OSM 社区数据 POI，位置精度数米级；公共服务设施底数背景"}, "geometry": {"type": "Point", "coordinates": [116.345667, 39.95713]}}, {"type": "Feature", "properties": {"layer": "OSM_PUBLIC_FACILITIES", "osm_id": 3804456970, "osm_type": "node", "name": "北京银行", "amenity": "bank", "shop": null, "operator": null, "source": "DATA-SRC-OSM", "official_boundary": false, "usable_for_formal": "background_only", "precision_note": "OSM 社区数据 POI，位置精度数米级；公共服务设施底数背景"}, "geometry": {"type": "Point", "coordinates": [116.371462, 39.967398]}}, {"type": "Feature", "properties": {"layer": "OSM_PUBLIC_FACILITIES", "osm_id": 3804527452, "osm_type": "node", "name": "京味斋", "amenity": "restaurant", "shop": null, "operator": null, "source": "DATA-SRC-OSM", "official_boundary": false, "usable_for_formal": "background_only", "precision_note": "OSM 社区数据 POI，位置精度数米级；公共服务设施底数背景"}, "geometry": {"type": "Point", "coordinates": [116.355531, 39.953749]}}, {"type": "Feature", "properties": {"layer": "OSM_PUBLIC_FACILITIES", "osm_id": 3804527453, "osm_type": "node", "name": "中国银行", "amenity": "bank", "shop": null, "operator": null, "source": "DATA-SRC-OSM", "official_boundary": false, "usable_for_formal": "background_only", "precision_note": "OSM 社区数据 POI，位置精度数米级；公共服务设施底数背景"}, "geometry": {"type": "Point", "coordinates": [116.355499, 39.954205]}}, {"type": "Feature", "properties": {"layer": "OSM_PUBLIC_FACILITIES", "osm_id": 3804527827, "osm_type": "node", "name": "中国建设银行", "amenity": "bank", "shop": null, "operator": null, "source": "DATA-SRC-OSM", "official_boundary": false, "usable_for_formal": "background_only", "precision_note": "OSM 社区数据 POI，位置精度数米级；公共服务设施底数背景"}, "geometry": {"type": "Point", "coordinates": [116.355513, 39.952982]}}, {"type": "Feature", "properties": {"layer": "OSM_PUBLIC_FACILITIES", "osm_id": 3806093490, "osm_type": "node", "name": "中国建设银行", "amenity": "bank", "shop": null, "operator": null, "source": "DATA-SRC-OSM", "official_boundary": false, "usable_for_formal": "background_only", "precision_note": "OSM 社区数据 POI，位置精度数米级；公共服务设施底数背景"}, "geometry": {"type": "Point", "coordinates": [116.364589, 39.967271]}}, {"type": "Feature", "properties": {"layer": "OSM_PUBLIC_FACILITIES", "osm_id": 3806093491, "osm_type": "node", "name": "中国光大银行", "amenity": "bank", "shop": null, "operator": null, "source": "DATA-SRC-OSM", "official_boundary": false, "usable_for_formal": "background_only", "precision_note": "OSM 社区数据 POI，位置精度数米级；公共服务设施底数背景"}, "geometry": {"type": "Point", "coordinates": [116.365265, 39.967288]}}, {"type": "Feature", "properties": {"layer": "OSM_PUBLIC_FACILITIES", "osm_id": 3806093494, "osm_type": "node", "name": "招商银行", "amenity": "bank", "shop": null, "operator": null, "source": "DATA-SRC-OSM", "official_boundary": false, "usable_for_formal": "background_only", "precision_note": "OSM 社区数据 POI，位置精度数米级；公共服务设施底数背景"}, "geometry": {"type": "Point", "coordinates": [116.364562, 39.967571]}}, {"type": "Feature", "properties": {"layer": "OSM_PUBLIC_FACILITIES", "osm_id": 3806099320, "osm_type": "node", "name": "麦当劳", "amenity": "fast_food", "shop": null, "operator": "McDonald's China", "source": "DATA-SRC-OSM", "official_boundary": false, "usable_for_formal": "background_only", "precision_note": "OSM 社区数据 POI，位置精度数米级；公共服务设施底数背景"}, "geometry": {"type": "Point", "coordinates": [116.362367, 39.991762]}}, {"type": "Feature", "properties": {"layer": "OSM_PUBLIC_FACILITIES", "osm_id": 3806253397, "osm_type": "node", "name": "麦当劳", "amenity": "fast_food", "shop": null, "operator": null, "source": "DATA-SRC-OSM", "official_boundary": false, "usable_for_formal": "background_only", "precision_note": "OSM 社区数据 POI，位置精度数米级；公共服务设施底数背景"}, "geometry": {"type": "Point", "coordinates": [116.339746, 39.956347]}}, {"type": "Feature", "properties": {"layer": "OSM_PUBLIC_FACILITIES", "osm_id": 3806253398, "osm_type": "node", "name": "小榆树春饼", "amenity": "restaurant", "shop": null, "operator": null, "source": "DATA-SRC-OSM", "official_boundary": false, "usable_for_formal": "background_only", "precision_note": "OSM 社区数据 POI，位置精度数米级；公共服务设施底数背景"}, "geometry": {"type": "Point", "coordinates": [116.339511, 39.957314]}}, {"type": "Feature", "properties": {"layer": "OSM_PUBLIC_FACILITIES", "osm_id": 3807730911, "osm_type": "node", "name": "麦当劳", "amenity": "fast_food", "shop": null, "operator": null, "source": "DATA-SRC-OSM", "official_boundary": false, "usable_for_formal": "background_only", "precision_note": "OSM 社区数据 POI，位置精度数米级；公共服务设施底数背景"}, "geometry": {"type": "Point", "coordinates": [116.37446, 39.974868]}}, {"type": "Feature", "properties": {"layer": "OSM_PUBLIC_FACILITIES", "osm_id": 3807734926, "osm_type": "node", "name": "肯德基", "amenity": "fast_food", "shop": null, "operator": null, "source": "DATA-SRC-OSM", "official_boundary": false, "usable_for_formal": "background_only", "precision_note": "OSM 社区数据 POI，位置精度数米级；公共服务设施底数背景"}, "geometry": {"type": "Point", "coordinates": [116.375035, 39.978719]}}, {"type": "Feature", "properties": {"layer": "OSM_PUBLIC_FACILITIES", "osm_id": 3807735200, "osm_type": "node", "name": "庆丰包子铺", "amenity": "fast_food", "shop": null, "operator": null, "source": "DATA-SRC-OSM", "official_boundary": false, "usable_for_formal": "background_only", "precision_note": "OSM 社区数据 POI，位置精度数米级；公共服务设施底数背景"}, "geometry": {"type": "Point", "coordinates": [116.374432, 39.980361]}}, {"type": "Feature", "properties": {"layer": "OSM_PUBLIC_FACILITIES", "osm_id": 3807905113, "osm_type": "node", "name": "永和大王", "amenity": "fast_food", "shop": null, "operator": null, "source": "DATA-SRC-OSM", "official_boundary": false, "usable_for_formal": "background_only", "precision_note": "OSM 社区数据 POI，位置精度数米级；公共服务设施底数背景"}, "geometry": {"type": "Point", "coordinates": [116.339475, 39.956993]}}, {"type": "Feature", "properties": {"layer": "OSM_PUBLIC_FACILITIES", "osm_id": 3807906440, "osm_type": "node", "name": "麦当劳", "amenity": "fast_food", "shop": null, "operator": null, "source": "DATA-SRC-OSM", "official_boundary": false, "usable_for_formal": "background_only", "precision_note": "OSM 社区数据 POI，位置精度数米级；公共服务设施底数背景"}, "geometry": {"type": "Point", "coordinates": [116.335947, 39.946327]}}, {"type": "Feature", "properties": {"layer": "OSM_PUBLIC_FACILITIES", "osm_id": 3809417051, "osm_type": "node", "name": "中国银行", "amenity": "bank", "shop": null, "operator": null, "source": "DATA-SRC-OSM", "official_boundary": false, "usable_for_formal": "background_only", "precision_note": "OSM 社区数据 POI，位置精度数米级；公共服务设施底数背景"}, "geometry": {"type": "Point", "coordinates": [116.380732, 39.975784]}}, {"type": "Feature", "properties": {"layer": "OSM_PUBLIC_FACILITIES", "osm_id": 3809453528, "osm_type": "node", "name": "宏状元", "amenity": "restaurant", "shop": null, "operator": null, "source": "DATA-SRC-OSM", "official_boundary": false, "usable_for_formal": "background_only", "precision_note": "OSM 社区数据 POI，位置精度数米级；公共服务设施底数背景"}, "geometry": {"type": "Point", "coordinates": [116.339364, 39.957013]}}, {"type": "Feature", "properties": {"layer": "OSM_PUBLIC_FACILITIES", "osm_id": 3814786279, "osm_type": "node", "name": "食立方", "amenity": "restaurant", "shop": null, "operator": null, "source": "DATA-SRC-OSM", "official_boundary": false, "usable_for_formal": "background_only", "precision_note": "OSM 社区数据 POI，位置精度数米级；公共服务设施底数背景"}, "geometry": {"type": "Point", "coordinates": [116.362723, 39.987649]}}, {"type": "Feature", "properties": {"layer": "OSM_PUBLIC_FACILITIES", "osm_id": 3814791503, "osm_type": "node", "name": "中国工商银行", "amenity": "bank", "shop": null, "operator": null, "source": "DATA-SRC-OSM", "official_boundary": false, "usable_for_formal": "background_only", "precision_note": "OSM 社区数据 POI，位置精度数米级；公共服务设施底数背景"}, "geometry": {"type": "Point", "coordinates": [116.362967, 39.977684]}}, {"type": "Feature", "properties": {"layer": "OSM_PUBLIC_FACILITIES", "osm_id": 3814792337, "osm_type": "node", "name": "中国工商银行", "amenity": "bank", "shop": null, "operator": null, "source": "DATA-SRC-OSM", "official_boundary": false, "usable_for_formal": "background_only", "precision_note": "OSM 社区数据 POI，位置精度数米级；公共服务设施底数背景"}, "geometry": {"type": "Point", "coordinates": [116.362871, 39.984001]}}, {"type": "Feature", "properties": {"layer": "OSM_PUBLIC_FACILITIES", "osm_id": 3814799021, "osm_type": "node", "name": "平安银行", "amenity": "bank", "shop": null, "operator": null, "source": "DATA-SRC-OSM", "official_boundary": false, "usable_for_formal": "background_only", "precision_note": "OSM 社区数据 POI，位置精度数米级；公共服务设施底数背景"}, "geometry": {"type": "Point", "coordinates": [116.362973, 39.978775]}}, {"type": "Feature", "properties": {"layer": "OSM_PUBLIC_FACILITIES", "osm_id": 3814799022, "osm_type": "node", "name": "兴业银行", "amenity": "bank", "shop": null, "operator": null, "source": "DATA-SRC-OSM", "official_boundary": false, "usable_for_formal": "background_only", "precision_note": "OSM 社区数据 POI，位置精度数米级；公共服务设施底数背景"}, "geometry": {"type": "Point", "coordinates": [116.362982, 39.978428]}}, {"type": "Feature", "properties": {"layer": "OSM_PUBLIC_FACILITIES", "osm_id": 3814886179, "osm_type": "node", "name": "百万庄园", "amenity": "restaurant", "shop": null, "operator": null, "source": "DATA-SRC-OSM", "official_boundary": false, "usable_for_formal": "background_only", "precision_note": "OSM 社区数据 POI，位置精度数米级；公共服务设施底数背景"}, "geometry": {"type": "Point", "coordinates": [116.363229, 39.976285]}}, {"type": "Feature", "properties": {"layer": "OSM_PUBLIC_FACILITIES", "osm_id": 3816451582, "osm_type": "node", "name": "郭林家常菜", "amenity": "restaurant", "shop": null, "operator": null, "source": "DATA-SRC-OSM", "official_boundary": false, "usable_for_formal": "background_only", "precision_note": "OSM 社区数据 POI，位置精度数米级；公共服务设施底数背景"}, "geometry": {"type": "Point", "coordinates": [116.363201, 39.976725]}}, {"type": "Feature", "properties": {"layer": "OSM_PUBLIC_FACILITIES", "osm_id": 3816457569, "osm_type": "node", "name": "中国农业银行", "amenity": "bank", "shop": null, "operator": null, "source": "DATA-SRC-OSM", "official_boundary": false, "usable_for_formal": "background_only", "precision_note": "OSM 社区数据 POI，位置精度数米级；公共服务设施底数背景"}, "geometry": {"type": "Point", "coordinates": [116.363353, 39.970255]}}, {"type": "Feature", "properties": {"layer": "OSM_PUBLIC_FACILITIES", "osm_id": 3816458477, "osm_type": "node", "name": "中国工商银行", "amenity": "bank", "shop": null, "operator": null, "source": "DATA-SRC-OSM", "official_boundary": false, "usable_for_formal": "background_only", "precision_note": "OSM 社区数据 POI，位置精度数米级；公共服务设施底数背景"}, "geometry": {"type": "Point", "coordinates": [116.363373, 39.968942]}}, {"type": "Feature", "properties": {"layer": "OSM_PUBLIC_FACILITIES", "osm_id": 3818278969, "osm_type": "node", "name": "川渝小馆", "amenity": "restaurant", "shop": null, "operator": null, "source": "DATA-SRC-OSM", "official_boundary": false, "usable_for_formal": "background_only", "precision_note": "OSM 社区数据 POI，位置精度数米级；公共服务设施底数背景"}, "geometry": {"type": "Point", "coordinates": [116.348524, 39.954005]}}, {"type": "Feature", "properties": {"layer": "OSM_PUBLIC_FACILITIES", "osm_id": 3818278970, "osm_type": "node", "name": "马兰拉面", "amenity": "restaurant", "shop": null, "operator": null, "source": "DATA-SRC-OSM", "official_boundary": false, "usable_for_formal": "background_only", "precision_note": "OSM 社区数据 POI，位置精度数米级；公共服务设施底数背景"}, "geometry": {"type": "Point", "coordinates": [116.348522, 39.953984]}}, {"type": "Feature", "properties": {"layer": "OSM_PUBLIC_FACILITIES", "osm_id": 3833873027, "osm_type": "node", "name": "招商银行", "amenity": "bank", "shop": null, "operator": null, "source": "DATA-SRC-OSM", "official_boundary": false, "usable_for_formal": "background_only", "precision_note": "OSM 社区数据 POI，位置精度数米级；公共服务设施底数背景"}, "geometry": {"type": "Point", "coordinates": [116.349666, 39.95231]}}, {"type": "Feature", "properties": {"layer": "OSM_PUBLIC_FACILITIES", "osm_id": 3833873028, "osm_type": "node", "name": "必胜客", "amenity": "restaurant", "shop": null, "operator": null, "source": "DATA-SRC-OSM", "official_boundary": false, "usable_for_formal": "background_only", "precision_note": "OSM 社区数据 POI，位置精度数米级；公共服务设施底数背景"}, "geometry": {"type": "Point", "coordinates": [116.349804, 39.952541]}}, {"type": "Feature", "properties": {"layer": "OSM_PUBLIC_FACILITIES", "osm_id": 3838325202, "osm_type": "node", "name": "交通银行", "amenity": "bank", "shop": null, "operator": null, "source": "DATA-SRC-OSM", "official_boundary": false, "usable_for_formal": "background_only", "precision_note": "OSM 社区数据 POI，位置精度数米级；公共服务设施底数背景"}, "geometry": {"type": "Point", "coordinates": [116.364241, 39.976273]}}, {"type": "Feature", "properties": {"layer": "OSM_PUBLIC_FACILITIES", "osm_id": 3855965958, "osm_type": "node", "name": "中国银行", "amenity": "bank", "shop": null, "operator": null, "source": "DATA-SRC-OSM", "official_boundary": false, "usable_for_formal": "background_only", "precision_note": "OSM 社区数据 POI，位置精度数米级；公共服务设施底数背景"}, "geometry": {"type": "Point", "coordinates": [116.380691, 39.988267]}}, {"type": "Feature", "properties": {"layer": "OSM_PUBLIC_FACILITIES", "osm_id": 3868384352, "osm_type": "node", "name": "上岛咖啡", "amenity": "cafe", "shop": null, "operator": null, "source": "DATA-SRC-OSM", "official_boundary": false, "usable_for_formal": "background_only", "precision_note": "OSM 社区数据 POI，位置精度数米级；公共服务设施底数背景"}, "geometry": {"type": "Point", "coordinates": [116.362771, 39.977686]}}, {"type": "Feature", "properties": {"layer": "OSM_PUBLIC_FACILITIES", "osm_id": 3872145075, "osm_type": "node", "name": "中国工商银行", "amenity": "bank", "shop": null, "operator": null, "source": "DATA-SRC-OSM", "official_boundary": false, "usable_for_formal": "background_only", "precision_note": "OSM 社区数据 POI，位置精度数米级；公共服务设施底数背景"}, "geometry": {"type": "Point", "coordinates": [116.350253, 39.99176]}}, {"type": "Feature", "properties": {"layer": "OSM_PUBLIC_FACILITIES", "osm_id": 3899188057, "osm_type": "node", "name": "中国银行", "amenity": "bank", "shop": null, "operator": null, "source": "DATA-SRC-OSM", "official_boundary": false, "usable_for_formal": "background_only", "precision_note": "OSM 社区数据 POI，位置精度数米级；公共服务设施底数背景"}, "geometry": {"type": "Point", "coordinates": [116.37601, 39.970689]}}, {"type": "Feature", "properties": {"layer": "OSM_PUBLIC_FACILITIES", "osm_id": 3906349857, "osm_type": "node", "name": "汉堡王", "amenity": "fast_food", "shop": null, "operator": null, "source": "DATA-SRC-OSM", "official_boundary": false, "usable_for_formal": "background_only", "precision_note": "OSM 社区数据 POI，位置精度数米级；公共服务设施底数背景"}, "geometry": {"type": "Point", "coordinates": [116.342456, 39.956373]}}, {"type": "Feature", "properties": {"layer": "OSM_PUBLIC_FACILITIES", "osm_id": 3906349858, "osm_type": "node", "name": "吉野家", "amenity": "fast_food", "shop": null, "operator": null, "source": "DATA-SRC-OSM", "official_boundary": false, "usable_for_formal": "background_only", "precision_note": "OSM 社区数据 POI，位置精度数米级；公共服务设施底数背景"}, "geometry": {"type": "Point", "coordinates": [116.342593, 39.95638]}}, {"type": "Feature", "properties": {"layer": "OSM_PUBLIC_FACILITIES", "osm_id": 3915648140, "osm_type": "node", "name": "比格比萨自助", "amenity": "restaurant", "shop": null, "operator": null, "source": "DATA-SRC-OSM", "official_boundary": false, "usable_for_formal": "background_only", "precision_note": "OSM 社区数据 POI，位置精度数米级；公共服务设施底数背景"}, "geometry": {"type": "Point", "coordinates": [116.348636, 39.980381]}}, {"type": "Feature", "properties": {"layer": "OSM_PUBLIC_FACILITIES", "osm_id": 3915648579, "osm_type": "node", "name": "中国建设银行", "amenity": "bank", "shop": null, "operator": null, "source": "DATA-SRC-OSM", "official_boundary": false, "usable_for_formal": "background_only", "precision_note": "OSM 社区数据 POI，位置精度数米级；公共服务设施底数背景"}, "geometry": {"type": "Point", "coordinates": [116.34852, 39.980391]}}, {"type": "Feature", "properties": {"layer": "OSM_PUBLIC_FACILITIES", "osm_id": 3919965393, "osm_type": "node", "name": "必胜客", "amenity": "restaurant", "shop": null, "operator": null, "source": "DATA-SRC-OSM", "official_boundary": false, "usable_for_formal": "background_only", "precision_note": "OSM 社区数据 POI，位置精度数米级；公共服务设施底数背景"}, "geometry": {"type": "Point", "coordinates": [116.339828, 39.974715]}}, {"type": "Feature", "properties": {"layer": "OSM_PUBLIC_FACILITIES", "osm_id": 3926751586, "osm_type": "node", "name": "北京国医中联医院", "amenity": "hospital", "shop": null, "operator": null, "source": "DATA-SRC-OSM", "official_boundary": false, "usable_for_formal": "background_only", "precision_note": "OSM 社区数据 POI，位置精度数米级；公共服务设施底数背景"}, "geometry": {"type": "Point", "coordinates": [116.338072, 39.959743]}}, {"type": "Feature", "properties": {"layer": "OSM_PUBLIC_FACILITIES", "osm_id": 3926755659, "osm_type": "node", "name": "华夏银行", "amenity": "bank", "shop": null, "operator": null, "source": "DATA-SRC-OSM", "official_boundary": false, "usable_for_formal": "background_only", "precision_note": "OSM 社区数据 POI，位置精度数米级；公共服务设施底数背景"}, "geometry": {"type": "Point", "coordinates": [116.33907, 39.959661]}}, {"type": "Feature", "properties": {"layer": "OSM_PUBLIC_FACILITIES", "osm_id": 3926758575, "osm_type": "node", "name": "呷哺呷哺", "amenity": "restaurant", "shop": null, "operator": null, "source": "DATA-SRC-OSM", "official_boundary": false, "usable_for_formal": "background_only", "precision_note": "OSM 社区数据 POI，位置精度数米级；公共服务设施底数背景"}, "geometry": {"type": "Point", "coordinates": [116.340068, 39.958139]}}, {"type": "Feature", "properties": {"layer": "OSM_PUBLIC_FACILITIES", "osm_id": 3926765582, "osm_type": "node", "name": "长来四川宜宾燃面", "amenity": "restaurant", "shop": null, "operator": null, "source": "DATA-SRC-OSM", "official_boundary": false, "usable_for_formal": "background_only", "precision_note": "OSM 社区数据 POI，位置精度数米级；公共服务设施底数背景"}, "geometry": {"type": "Point", "coordinates": [116.341143, 39.957208]}}, {"type": "Feature", "properties": {"layer": "OSM_PUBLIC_FACILITIES", "osm_id": 3928133969, "osm_type": "node", "name": "兰蕙餐厅", "amenity": "restaurant", "shop": null, "operator": null, "source": "DATA-SRC-OSM", "official_boundary": false, "usable_for_formal": "background_only", "precision_note": "OSM 社区数据 POI，位置精度数米级；公共服务设施底数背景"}, "geometry": {"type": "Point", "coordinates": [116.355419, 39.957654]}}, {"type": "Feature", "properties": {"layer": "OSM_PUBLIC_FACILITIES", "osm_id": 3949904356, "osm_type": "node", "name": "大理人家", "amenity": "restaurant", "shop": null, "operator": null, "source": "DATA-SRC-OSM", "official_boundary": false, "usable_for_formal": "background_only", "precision_note": "OSM 社区数据 POI，位置精度数米级；公共服务设施底数背景"}, "geometry": {"type": "Point", "coordinates": [116.393524, 39.941334]}}, {"type": "Feature", "properties": {"layer": "OSM_PUBLIC_FACILITIES", "osm_id": 3951207286, "osm_type": "node", "name": "中国工商银行", "amenity": "bank", "shop": null, "operator": null, "source": "DATA-SRC-OSM", "official_boundary": false, "usable_for_formal": "background_only", "precision_note": "OSM 社区数据 POI，位置精度数米级；公共服务设施底数背景"}, "geometry": {"type": "Point", "coordinates": [116.327857, 39.976526]}}, {"type": "Feature", "properties": {"layer": "OSM_PUBLIC_FACILITIES", "osm_id": 3967783261, "osm_type": "node", "name": "上岛咖啡", "amenity": "cafe", "shop": null, "operator": null, "source": "DATA-SRC-OSM", "official_boundary": false, "usable_for_formal": "background_only", "precision_note": "OSM 社区数据 POI，位置精度数米级；公共服务设施底数背景"}, "geometry": {"type": "Point", "coordinates": [116.327664, 39.982751]}}, {"type": "Feature", "properties": {"layer": "OSM_PUBLIC_FACILITIES", "osm_id": 4012047935, "osm_type": "node", "name": "民天渔村", "amenity": "restaurant", "shop": null, "operator": null, "source": "DATA-SRC-OSM", "official_boundary": false, "usable_for_formal": "background_only", "precision_note": "OSM 社区数据 POI，位置精度数米级；公共服务设施底数背景"}, "geometry": {"type": "Point", "coordinates": [116.345115, 39.956445]}}, {"type": "Feature", "properties": {"layer": "OSM_PUBLIC_FACILITIES", "osm_id": 4012137987, "osm_type": "node", "name": "宝聚都东北家常菜", "amenity": "restaurant", "shop": null, "operator": null, "source": "DATA-SRC-OSM", "official_boundary": false, "usable_for_formal": "background_only", "precision_note": "OSM 社区数据 POI，位置精度数米级；公共服务设施底数背景"}, "geometry": {"type": "Point", "coordinates": [116.34509, 39.957013]}}, {"type": "Feature", "properties": {"layer": "OSM_PUBLIC_FACILITIES", "osm_id": 4056288604, "osm_type": "node", "name": "肆角餐吧4Corners", "amenity": "restaurant", "shop": null, "operator": null, "source": "DATA-SRC-OSM", "official_boundary": false, "usable_for_formal": "background_only", "precision_note": "OSM 社区数据 POI，位置精度数米级；公共服务设施底数背景"}, "geometry": {"type": "Point", "coordinates": [116.387484, 39.938953]}}, {"type": "Feature", "properties": {"layer": "OSM_PUBLIC_FACILITIES", "osm_id": 4059450586, "osm_type": "node", "name": "肯德基", "amenity": "fast_food", "shop": null, "operator": null, "source": "DATA-SRC-OSM", "official_boundary": false, "usable_for_formal": "background_only", "precision_note": "OSM 社区数据 POI，位置精度数米级；公共服务设施底数背景"}, "geometry": {"type": "Point", "coordinates": [116.339541, 39.937821]}}, {"type": "Feature", "properties": {"layer": "OSM_PUBLIC_FACILITIES", "osm_id": 4059450587, "osm_type": "node", "name": "麦当劳", "amenity": "fast_food", "shop": null, "operator": null, "source": "DATA-SRC-OSM", "official_boundary": false, "usable_for_formal": "background_only", "precision_note": "OSM 社区数据 POI，位置精度数米级；公共服务设施底数背景"}, "geometry": {"type": "Point", "coordinates": [116.339869, 39.936822]}}, {"type": "Feature", "properties": {"layer": "OSM_PUBLIC_FACILITIES", "osm_id": 4079521784, "osm_type": "node", "name": "金百万烤鸭", "amenity": "restaurant", "shop": null, "operator": null, "source": "DATA-SRC-OSM", "official_boundary": false, "usable_for_formal": "background_only", "precision_note": "OSM 社区数据 POI，位置精度数米级；公共服务设施底数背景"}, "geometry": {"type": "Point", "coordinates": [116.353031, 39.951099]}}, {"type": "Feature", "properties": {"layer": "OSM_PUBLIC_FACILITIES", "osm_id": 4104795389, "osm_type": "node", "name": "康又健大药房", "amenity": "pharmacy", "shop": null, "operator": null, "source": "DATA-SRC-OSM", "official_boundary": false, "usable_for_formal": "background_only", "precision_note": "OSM 社区数据 POI，位置精度数米级；公共服务设施底数背景"}, "geometry": {"type": "Point", "coordinates": [116.345391, 39.957144]}}, {"type": "Feature", "properties": {"layer": "OSM_PUBLIC_FACILITIES", "osm_id": 4143120689, "osm_type": "node", "name": "姚记炒肝店", "amenity": "restaurant", "shop": null, "operator": null, "source": "DATA-SRC-OSM", "official_boundary": false, "usable_for_formal": "background_only", "precision_note": "OSM 社区数据 POI，位置精度数米级；公共服务设施底数背景"}, "geometry": {"type": "Point", "coordinates": [116.390565, 39.939454]}}, {"type": "Feature", "properties": {"layer": "OSM_PUBLIC_FACILITIES", "osm_id": 4186879497, "osm_type": "node", "name": "大钟寺派出所", "amenity": "police", "shop": null, "operator": null, "source": "DATA-SRC-OSM", "official_boundary": false, "usable_for_formal": "background_only", "precision_note": "OSM 社区数据 POI，位置精度数米级；公共服务设施底数背景"}, "geometry": {"type": "Point", "coordinates": [116.330336, 39.959375]}}, {"type": "Feature", "properties": {"layer": "OSM_PUBLIC_FACILITIES", "osm_id": 4213390492, "osm_type": "node", "name": "清真食堂", "amenity": "restaurant", "shop": null, "operator": null, "source": "DATA-SRC-OSM", "official_boundary": false, "usable_for_formal": "background_only", "precision_note": "OSM 社区数据 POI，位置精度数米级；公共服务设施底数背景"}, "geometry": {"type": "Point", "coordinates": [116.340224, 39.947236]}}, {"type": "Feature", "properties": {"layer": "OSM_PUBLIC_FACILITIES", "osm_id": 4213393030, "osm_type": "node", "name": "巫山烤全鱼", "amenity": "restaurant", "shop": null, "operator": null, "source": "DATA-SRC-OSM", "official_boundary": false, "usable_for_formal": "background_only", "precision_note": "OSM 社区数据 POI，位置精度数米级；公共服务设施底数背景"}, "geometry": {"type": "Point", "coordinates": [116.336826, 39.947166]}}, {"type": "Feature", "properties": {"layer": "OSM_PUBLIC_FACILITIES", "osm_id": 4213393032, "osm_type": "node", "name": "黄焖鸡米饭", "amenity": "restaurant", "shop": null, "operator": null, "source": "DATA-SRC-OSM", "official_boundary": false, "usable_for_formal": "background_only", "precision_note": "OSM 社区数据 POI，位置精度数米级；公共服务设施底数背景"}, "geometry": {"type": "Point", "coordinates": [116.336941, 39.947232]}}, {"type": "Feature", "properties": {"layer": "OSM_PUBLIC_FACILITIES", "osm_id": 4217498062, "osm_type": "node", "name": "校医院", "amenity": "hospital", "shop": null, "operator": null, "source": "DATA-SRC-OSM", "official_boundary": false, "usable_for_formal": "background_only", "precision_note": "OSM 社区数据 POI，位置精度数米级；公共服务设施底数背景"}, "geometry": {"type": "Point", "coordinates": [116.340715, 39.952062]}}, {"type": "Feature", "properties": {"layer": "OSM_PUBLIC_FACILITIES", "osm_id": 4218545637, "osm_type": "node", "name": null, "amenity": "restaurant", "shop": null, "operator": null, "source": "DATA-SRC-OSM", "official_boundary": false, "usable_for_formal": "background_only", "precision_note": "OSM 社区数据 POI，位置精度数米级；公共服务设施底数背景"}, "geometry": {"type": "Point", "coordinates": [116.33716, 39.949168]}}, {"type": "Feature", "properties": {"layer": "OSM_PUBLIC_FACILITIES", "osm_id": 4226435990, "osm_type": "node", "name": "肯德基", "amenity": "fast_food", "shop": null, "operator": null, "source": "DATA-SRC-OSM", "official_boundary": false, "usable_for_formal": "background_only", "precision_note": "OSM 社区数据 POI，位置精度数米级；公共服务设施底数背景"}, "geometry": {"type": "Point", "coordinates": [116.305643, 40.026793]}}, {"type": "Feature", "properties": {"layer": "OSM_PUBLIC_FACILITIES", "osm_id": 4226439589, "osm_type": "node", "name": "一茶一坐", "amenity": "restaurant", "shop": null, "operator": null, "source": "DATA-SRC-OSM", "official_boundary": false, "usable_for_formal": "background_only", "precision_note": "OSM 社区数据 POI，位置精度数米级；公共服务设施底数背景"}, "geometry": {"type": "Point", "coordinates": [116.305613, 40.026997]}}, {"type": "Feature", "properties": {"layer": "OSM_PUBLIC_FACILITIES", "osm_id": 4226439590, "osm_type": "node", "name": "必胜客", "amenity": "restaurant", "shop": null, "operator": null, "source": "DATA-SRC-OSM", "official_boundary": false, "usable_for_formal": "background_only", "precision_note": "OSM 社区数据 POI，位置精度数米级；公共服务设施底数背景"}, "geometry": {"type": "Point", "coordinates": [116.305623, 40.026927]}}, {"type": "Feature", "properties": {"layer": "OSM_PUBLIC_FACILITIES", "osm_id": 4226743583, "osm_type": "node", "name": "川浙会", "amenity": "restaurant", "shop": null, "operator": null, "source": "DATA-SRC-OSM", "official_boundary": false, "usable_for_formal": "background_only", "precision_note": "OSM 社区数据 POI，位置精度数米级；公共服务设施底数背景"}, "geometry": {"type": "Point", "coordinates": [116.305288, 40.029238]}}, {"type": "Feature", "properties": {"layer": "OSM_PUBLIC_FACILITIES", "osm_id": 4231834989, "osm_type": "node", "name": "招商银行双榆树支行", "amenity": "bank", "shop": null, "operator": null, "source": "DATA-SRC-OSM", "official_boundary": false, "usable_for_formal": "background_only", "precision_note": "OSM 社区数据 POI，位置精度数米级；公共服务设施底数背景"}, "geometry": {"type": "Point", "coordinates": [116.316293, 39.956547]}}, {"type": "Feature", "properties": {"layer": "OSM_PUBLIC_FACILITIES", "osm_id": 4234010615, "osm_type": "node", "name": "木屋烧烤", "amenity": "restaurant", "shop": null, "operator": null, "source": "DATA-SRC-OSM", "official_boundary": false, "usable_for_formal": "background_only", "precision_note": "OSM 社区数据 POI，位置精度数米级；公共服务设施底数背景"}, "geometry": {"type": "Point", "coordinates": [116.34251, 39.956222]}}, {"type": "Feature", "properties": {"layer": "OSM_PUBLIC_FACILITIES", "osm_id": 4238854504, "osm_type": "node", "name": "老城一锅羊蝎子", "amenity": "restaurant", "shop": null, "operator": null, "source": "DATA-SRC-OSM", "official_boundary": false, "usable_for_formal": "background_only", "precision_note": "OSM 社区数据 POI，位置精度数米级；公共服务设施底数背景"}, "geometry": {"type": "Point", "coordinates": [116.346284, 39.98748]}}, {"type": "Feature", "properties": {"layer": "OSM_PUBLIC_FACILITIES", "osm_id": 4238854508, "osm_type": "node", "name": "四川老巷子火锅店", "amenity": "restaurant", "shop": null, "operator": null, "source": "DATA-SRC-OSM", "official_boundary": false, "usable_for_formal": "background_only", "precision_note": "OSM 社区数据 POI，位置精度数米级；公共服务设施底数背景"}, "geometry": {"type": "Point", "coordinates": [116.358128, 39.956348]}}, {"type": "Feature", "properties": {"layer": "OSM_PUBLIC_FACILITIES", "osm_id": 4238854712, "osm_type": "node", "name": "巴依老爷新疆美食", "amenity": "restaurant", "shop": null, "operator": null, "source": "DATA-SRC-OSM", "official_boundary": false, "usable_for_formal": "background_only", "precision_note": "OSM 社区数据 POI，位置精度数米级；公共服务设施底数背景"}, "geometry": {"type": "Point", "coordinates": [116.357602, 39.956356]}}, {"type": "Feature", "properties": {"layer": "OSM_PUBLIC_FACILITIES", "osm_id": 4238854713, "osm_type": "node", "name": "关二碳烤羊腿", "amenity": "restaurant", "shop": null, "operator": null, "source": "DATA-SRC-OSM", "official_boundary": false, "usable_for_formal": "background_only", "precision_note": "OSM 社区数据 POI，位置精度数米级；公共服务设施底数背景"}, "geometry": {"type": "Point", "coordinates": [116.357909, 39.956371]}}, {"type": "Feature", "properties": {"layer": "OSM_PUBLIC_FACILITIES", "osm_id": 4238854716, "osm_type": "node", "name": "马记粤式快餐", "amenity": "restaurant", "shop": null, "operator": null, "source": "DATA-SRC-OSM", "official_boundary": false, "usable_for_formal": "background_only", "precision_note": "OSM 社区数据 POI，位置精度数米级；公共服务设施底数背景"}, "geometry": {"type": "Point", "coordinates": [116.353884, 39.956809]}}, {"type": "Feature", "properties": {"layer": "OSM_PUBLIC_FACILITIES", "osm_id": 4238855103, "osm_type": "node", "name": "鱼味小馆", "amenity": "restaurant", "shop": null, "operator": null, "source": "DATA-SRC-OSM", "official_boundary": false, "usable_for_formal": "background_only", "precision_note": "OSM 社区数据 POI，位置精度数米级；公共服务设施底数背景"}, "geometry": {"type": "Point", "coordinates": [116.350478, 39.963703]}}, {"type": "Feature", "properties": {"layer": "OSM_PUBLIC_FACILITIES", "osm_id": 4238855493, "osm_type": "node", "name": "俏幺妹串吧", "amenity": "restaurant", "shop": null, "operator": null, "source": "DATA-SRC-OSM", "official_boundary": false, "usable_for_formal": "background_only", "precision_note": "OSM 社区数据 POI，位置精度数米级；公共服务设施底数背景"}, "geometry": {"type": "Point", "coordinates": [116.354982, 39.956366]}}, {"type": "Feature", "properties": {"layer": "OSM_PUBLIC_FACILITIES", "osm_id": 4243934689, "osm_type": "node", "name": "中国工商银行", "amenity": "bank", "shop": null, "operator": null, "source": "DATA-SRC-OSM", "official_boundary": false, "usable_for_formal": "background_only", "precision_note": "OSM 社区数据 POI，位置精度数米级；公共服务设施底数背景"}, "geometry": {"type": "Point", "coordinates": [116.365499, 39.953893]}}, {"type": "Feature", "properties": {"layer": "OSM_PUBLIC_FACILITIES", "osm_id": 4245281189, "osm_type": "node", "name": null, "amenity": "fast_food", "shop": null, "operator": null, "source": "DATA-SRC-OSM", "official_boundary": false, "usable_for_formal": "background_only", "precision_note": "OSM 社区数据 POI，位置精度数米级；公共服务设施底数背景"}, "geometry": {"type": "Point", "coordinates": [116.365496, 39.953805]}}, {"type": "Feature", "properties": {"layer": "OSM_PUBLIC_FACILITIES", "osm_id": 4247701391, "osm_type": "node", "name": "中国工商银行", "amenity": "bank", "shop": null, "operator": null, "source": "DATA-SRC-OSM", "official_boundary": false, "usable_for_formal": "background_only", "precision_note": "OSM 社区数据 POI，位置精度数米级；公共服务设施底数背景"}, "geometry": {"type": "Point", "coordinates": [116.334363, 39.956925]}}, {"type": "Feature", "properties": {"layer": "OSM_PUBLIC_FACILITIES", "osm_id": 4253770991, "osm_type": "node", "name": null, "amenity": "charging_station", "shop": null, "operator": "公司", "source": "DATA-SRC-OSM", "official_boundary": false, "usable_for_formal": "background_only", "precision_note": "OSM 社区数据 POI，位置精度数米级；公共服务设施底数背景"}, "geometry": {"type": "Point", "coordinates": [116.358342, 39.950767]}}, {"type": "Feature", "properties": {"layer": "OSM_PUBLIC_FACILITIES", "osm_id": 4254887234, "osm_type": "node", "name": "麦当劳", "amenity": "fast_food", "shop": null, "operator": null, "source": "DATA-SRC-OSM", "official_boundary": false, "usable_for_formal": "background_only", "precision_note": "OSM 社区数据 POI，位置精度数米级；公共服务设施底数背景"}, "geometry": {"type": "Point", "coordinates": [116.387419, 39.944127]}}, {"type": "Feature", "properties": {"layer": "OSM_PUBLIC_FACILITIES", "osm_id": 4258304290, "osm_type": "node", "name": "西贝莜面村", "amenity": "restaurant", "shop": null, "operator": null, "source": "DATA-SRC-OSM", "official_boundary": false, "usable_for_formal": "background_only", "precision_note": "OSM 社区数据 POI，位置精度数米级；公共服务设施底数背景"}, "geometry": {"type": "Point", "coordinates": [116.341271, 39.953169]}}, {"type": "Feature", "properties": {"layer": "OSM_PUBLIC_FACILITIES", "osm_id": 4269208989, "osm_type": "node", "name": "Mercante", "amenity": "restaurant", "shop": null, "operator": null, "source": "DATA-SRC-OSM", "official_boundary": false, "usable_for_formal": "background_only", "precision_note": "OSM 社区数据 POI，位置精度数米级；公共服务设施底数背景"}, "geometry": {"type": "Point", "coordinates": [116.393438, 39.93666]}}, {"type": "Feature", "properties": {"layer": "OSM_PUBLIC_FACILITIES", "osm_id": 4275134189, "osm_type": "node", "name": null, "amenity": "restaurant", "shop": null, "operator": null, "source": "DATA-SRC-OSM", "official_boundary": false, "usable_for_formal": "background_only", "precision_note": "OSM 社区数据 POI，位置精度数米级；公共服务设施底数背景"}, "geometry": {"type": "Point", "coordinates": [116.31195, 39.941508]}}, {"type": "Feature", "properties": {"layer": "OSM_PUBLIC_FACILITIES", "osm_id": 4275912990, "osm_type": "node", "name": "中国工商银行", "amenity": "bank", "shop": null, "operator": null, "source": "DATA-SRC-OSM", "official_boundary": false, "usable_for_formal": "background_only", "precision_note": "OSM 社区数据 POI，位置精度数米级；公共服务设施底数背景"}, "geometry": {"type": "Point", "coordinates": [116.355195, 39.951393]}}, {"type": "Feature", "properties": {"layer": "OSM_PUBLIC_FACILITIES", "osm_id": 4277744905, "osm_type": "node", "name": "上海浦东发展银行", "amenity": "bank", "shop": null, "operator": null, "source": "DATA-SRC-OSM", "official_boundary": false, "usable_for_formal": "background_only", "precision_note": "OSM 社区数据 POI，位置精度数米级；公共服务设施底数背景"}, "geometry": {"type": "Point", "coordinates": [116.355215, 39.951519]}}, {"type": "Feature", "properties": {"layer": "OSM_PUBLIC_FACILITIES", "osm_id": 4277750096, "osm_type": "node", "name": "中国建设银行", "amenity": "bank", "shop": null, "operator": null, "source": "DATA-SRC-OSM", "official_boundary": false, "usable_for_formal": "background_only", "precision_note": "OSM 社区数据 POI，位置精度数米级；公共服务设施底数背景"}, "geometry": {"type": "Point", "coordinates": [116.350997, 39.950935]}}, {"type": "Feature", "properties": {"layer": "OSM_PUBLIC_FACILITIES", "osm_id": 4300709091, "osm_type": "node", "name": "宽巷子老灶火锅", "amenity": "restaurant", "shop": null, "operator": null, "source": "DATA-SRC-OSM", "official_boundary": false, "usable_for_formal": "background_only", "precision_note": "OSM 社区数据 POI，位置精度数米级；公共服务设施底数背景"}, "geometry": {"type": "Point", "coordinates": [116.313392, 39.951887]}}, {"type": "Feature", "properties": {"layer": "OSM_PUBLIC_FACILITIES", "osm_id": 4362368094, "osm_type": "node", "name": null, "amenity": "restaurant", "shop": null, "operator": null, "source": "DATA-SRC-OSM", "official_boundary": false, "usable_for_formal": "background_only", "precision_note": "OSM 社区数据 POI，位置精度数米级；公共服务设施底数背景"}, "geometry": {"type": "Point", "coordinates": [116.392151, 39.935529]}}, {"type": "Feature", "properties": {"layer": "OSM_PUBLIC_FACILITIES", "osm_id": 4371265938, "osm_type": "node", "name": "微薄之盐（Just Kids）", "amenity": "cafe", "shop": null, "operator": null, "source": "DATA-SRC-OSM", "official_boundary": false, "usable_for_formal": "background_only", "precision_note": "OSM 社区数据 POI，位置精度数米级；公共服务设施底数背景"}, "geometry": {"type": "Point", "coordinates": [116.339388, 39.984837]}}, {"type": "Feature", "properties": {"layer": "OSM_PUBLIC_FACILITIES", "osm_id": 4406898897, "osm_type": "node", "name": "中国银行", "amenity": "bank", "shop": null, "operator": null, "source": "DATA-SRC-OSM", "official_boundary": false, "usable_for_formal": "background_only", "precision_note": "OSM 社区数据 POI，位置精度数米级；公共服务设施底数背景"}, "geometry": {"type": "Point", "coordinates": [116.34363, 39.943331]}}, {"type": "Feature", "properties": {"layer": "OSM_PUBLIC_FACILITIES", "osm_id": 4443633089, "osm_type": "node", "name": null, "amenity": "restaurant", "shop": null, "operator": null, "source": "DATA-SRC-OSM", "official_boundary": false, "usable_for_formal": "background_only", "precision_note": "OSM 社区数据 POI，位置精度数米级；公共服务设施底数背景"}, "geometry": {"type": "Point", "coordinates": [116.387809, 39.940639]}}, {"type": "Feature", "properties": {"layer": "OSM_PUBLIC_FACILITIES", "osm_id": 4449498237, "osm_type": "node", "name": "汉堡王", "amenity": "fast_food", "shop": null, "operator": null, "source": "DATA-SRC-OSM", "official_boundary": false, "usable_for_formal": "background_only", "precision_note": "OSM 社区数据 POI，位置精度数米级；公共服务设施底数背景"}, "geometry": {"type": "Point", "coordinates": [116.31676, 39.964269]}}, {"type": "Feature", "properties": {"layer": "OSM_PUBLIC_FACILITIES", "osm_id": 4449498238, "osm_type": "node", "name": "Paris Baguette", "amenity": "cafe", "shop": null, "operator": null, "source": "DATA-SRC-OSM", "official_boundary": false, "usable_for_formal": "background_only", "precision_note": "OSM 社区数据 POI，位置精度数米级；公共服务设施底数背景"}, "geometry": {"type": "Point", "coordinates": [116.316794, 39.964181]}}, {"type": "Feature", "properties": {"layer": "OSM_PUBLIC_FACILITIES", "osm_id": 4449499898, "osm_type": "node", "name": "肯德基", "amenity": "fast_food", "shop": null, "operator": null, "source": "DATA-SRC-OSM", "official_boundary": false, "usable_for_formal": "background_only", "precision_note": "OSM 社区数据 POI，位置精度数米级；公共服务设施底数背景"}, "geometry": {"type": "Point", "coordinates": [116.318797, 39.965343]}}, {"type": "Feature", "properties": {"layer": "OSM_PUBLIC_FACILITIES", "osm_id": 4450261096, "osm_type": "node", "name": "烤肉季", "amenity": "restaurant", "shop": null, "operator": null, "source": "DATA-SRC-OSM", "official_boundary": false, "usable_for_formal": "background_only", "precision_note": "OSM 社区数据 POI，位置精度数米级；公共服务设施底数背景"}, "geometry": {"type": "Point", "coordinates": [116.387638, 39.937678]}}, {"type": "Feature", "properties": {"layer": "OSM_PUBLIC_FACILITIES", "osm_id": 4453321105, "osm_type": "node", "name": "广发银行", "amenity": "bank", "shop": null, "operator": null, "source": "DATA-SRC-OSM", "official_boundary": false, "usable_for_formal": "background_only", "precision_note": "OSM 社区数据 POI，位置精度数米级；公共服务设施底数背景"}, "geometry": {"type": "Point", "coordinates": [116.301541, 39.981321]}}, {"type": "Feature", "properties": {"layer": "OSM_PUBLIC_FACILITIES", "osm_id": 4453321106, "osm_type": "node", "name": "巴厘岛咖啡", "amenity": "cafe", "shop": null, "operator": null, "source": "DATA-SRC-OSM", "official_boundary": false, "usable_for_formal": "background_only", "precision_note": "OSM 社区数据 POI，位置精度数米级；公共服务设施底数背景"}, "geometry": {"type": "Point", "coordinates": [116.30162, 39.981746]}}, {"type": "Feature", "properties": {"layer": "OSM_PUBLIC_FACILITIES", "osm_id": 4453322211, "osm_type": "node", "name": "上海银行", "amenity": "bank", "shop": null, "operator": null, "source": "DATA-SRC-OSM", "official_boundary": false, "usable_for_formal": "background_only", "precision_note": "OSM 社区数据 POI，位置精度数米级；公共服务设施底数背景"}, "geometry": {"type": "Point", "coordinates": [116.30125, 39.98306]}}, {"type": "Feature", "properties": {"layer": "OSM_PUBLIC_FACILITIES", "osm_id": 4453322212, "osm_type": "node", "name": "上海浦东发展银行", "amenity": "bank", "shop": null, "operator": null, "source": "DATA-SRC-OSM", "official_boundary": false, "usable_for_formal": "background_only", "precision_note": "OSM 社区数据 POI，位置精度数米级；公共服务设施底数背景"}, "geometry": {"type": "Point", "coordinates": [116.302769, 39.982868]}}, {"type": "Feature", "properties": {"layer": "OSM_PUBLIC_FACILITIES", "osm_id": 4453322396, "osm_type": "node", "name": "北京银行", "amenity": "bank", "shop": null, "operator": null, "source": "DATA-SRC-OSM", "official_boundary": false, "usable_for_formal": "background_only", "precision_note": "OSM 社区数据 POI，位置精度数米级；公共服务设施底数背景"}, "geometry": {"type": "Point", "coordinates": [116.302645, 39.981644]}}, {"type": "Feature", "properties": {"layer": "OSM_PUBLIC_FACILITIES", "osm_id": 4453429789, "osm_type": "node", "name": "中国民生银行", "amenity": "bank", "shop": null, "operator": null, "source": "DATA-SRC-OSM", "official_boundary": false, "usable_for_formal": "background_only", "precision_note": "OSM 社区数据 POI，位置精度数米级；公共服务设施底数背景"}, "geometry": {"type": "Point", "coordinates": [116.302845, 39.982442]}}, {"type": "Feature", "properties": {"layer": "OSM_PUBLIC_FACILITIES", "osm_id": 4454350680, "osm_type": "node", "name": "马兰拉面", "amenity": "restaurant", "shop": null, "operator": null, "source": "DATA-SRC-OSM", "official_boundary": false, "usable_for_formal": "background_only", "precision_note": "OSM 社区数据 POI，位置精度数米级；公共服务设施底数背景"}, "geometry": {"type": "Point", "coordinates": [116.302497, 39.982873]}}, {"type": "Feature", "properties": {"layer": "OSM_PUBLIC_FACILITIES", "osm_id": 4454637794, "osm_type": "node", "name": "肯德基", "amenity": "fast_food", "shop": null, "operator": null, "source": "DATA-SRC-OSM", "official_boundary": false, "usable_for_formal": "background_only", "precision_note": "OSM 社区数据 POI，位置精度数米级；公共服务设施底数背景"}, "geometry": {"type": "Point", "coordinates": [116.311205, 39.979894]}}, {"type": "Feature", "properties": {"layer": "OSM_PUBLIC_FACILITIES", "osm_id": 4454751690, "osm_type": "node", "name": "北京银行", "amenity": "bank", "shop": null, "operator": null, "source": "DATA-SRC-OSM", "official_boundary": false, "usable_for_formal": "background_only", "precision_note": "OSM 社区数据 POI，位置精度数米级；公共服务设施底数背景"}, "geometry": {"type": "Point", "coordinates": [116.310397, 39.990347]}}, {"type": "Feature", "properties": {"layer": "OSM_PUBLIC_FACILITIES", "osm_id": 4454757990, "osm_type": "node", "name": "一品生煎", "amenity": "restaurant", "shop": null, "operator": null, "source": "DATA-SRC-OSM", "official_boundary": false, "usable_for_formal": "background_only", "precision_note": "OSM 社区数据 POI，位置精度数米级；公共服务设施底数背景"}, "geometry": {"type": "Point", "coordinates": [116.31047, 39.985618]}}, {"type": "Feature", "properties": {"layer": "OSM_PUBLIC_FACILITIES", "osm_id": 4454758189, "osm_type": "node", "name": "中国民生银行", "amenity": "bank", "shop": null, "operator": null, "source": "DATA-SRC-OSM", "official_boundary": false, "usable_for_formal": "background_only", "precision_note": "OSM 社区数据 POI，位置精度数米级；公共服务设施底数背景"}, "geometry": {"type": "Point", "coordinates": [116.310365, 39.989834]}}, {"type": "Feature", "properties": {"layer": "OSM_PUBLIC_FACILITIES", "osm_id": 4454890589, "osm_type": "node", "name": "必胜客", "amenity": "restaurant", "shop": null, "operator": null, "source": "DATA-SRC-OSM", "official_boundary": false, "usable_for_formal": "background_only", "precision_note": "OSM 社区数据 POI，位置精度数米级；公共服务设施底数背景"}, "geometry": {"type": "Point", "coordinates": [116.387582, 39.936595]}}, {"type": "Feature", "properties": {"layer": "OSM_PUBLIC_FACILITIES", "osm_id": 4457321802, "osm_type": "node", "name": "安家小厨", "amenity": "cafe", "shop": null, "operator": null, "source": "DATA-SRC-OSM", "official_boundary": false, "usable_for_formal": "background_only", "precision_note": "OSM 社区数据 POI，位置精度数米级；公共服务设施底数背景"}, "geometry": {"type": "Point", "coordinates": [116.321997, 40.003163]}}, {"type": "Feature", "properties": {"layer": "OSM_PUBLIC_FACILITIES", "osm_id": 4481326735, "osm_type": "node", "name": "北园餐厅", "amenity": "restaurant", "shop": null, "operator": null, "source": "DATA-SRC-OSM", "official_boundary": false, "usable_for_formal": "background_only", "precision_note": "OSM 社区数据 POI，位置精度数米级；公共服务设施底数背景"}, "geometry": {"type": "Point", "coordinates": [116.312809, 40.010611]}}, {"type": "Feature", "properties": {"layer": "OSM_PUBLIC_FACILITIES", "osm_id": 4481447330, "osm_type": "node", "name": "玉树园餐厅", "amenity": "restaurant", "shop": null, "operator": null, "source": "DATA-SRC-OSM", "official_boundary": false, "usable_for_formal": "background_only", "precision_note": "OSM 社区数据 POI，位置精度数米级；公共服务设施底数背景"}, "geometry": {"type": "Point", "coordinates": [116.326011, 40.010505]}}, {"type": "Feature", "properties": {"layer": "OSM_PUBLIC_FACILITIES", "osm_id": 4481447331, "osm_type": "node", "name": "芝兰园餐厅", "amenity": "restaurant", "shop": null, "operator": null, "source": "DATA-SRC-OSM", "official_boundary": false, "usable_for_formal": "background_only", "precision_note": "OSM 社区数据 POI，位置精度数米级；公共服务设施底数背景"}, "geometry": {"type": "Point", "coordinates": [116.327658, 40.009042]}}, {"type": "Feature", "properties": {"layer": "OSM_PUBLIC_FACILITIES", "osm_id": 4481615167, "osm_type": "node", "name": "清青快餐", "amenity": "fast_food", "shop": null, "operator": "清华大学", "source": "DATA-SRC-OSM", "official_boundary": false, "usable_for_formal": "background_only", "precision_note": "OSM 社区数据 POI，位置精度数米级；公共服务设施底数背景"}, "geometry": {"type": "Point", "coordinates": [116.321886, 40.004643]}}, {"type": "Feature", "properties": {"layer": "OSM_PUBLIC_FACILITIES", "osm_id": 4481648162, "osm_type": "node", "name": "Hundred Years Cafe", "amenity": "cafe", "shop": null, "operator": null, "source": "DATA-SRC-OSM", "official_boundary": false, "usable_for_formal": "background_only", "precision_note": "OSM 社区数据 POI，位置精度数米级；公共服务设施底数背景"}, "geometry": {"type": "Point", "coordinates": [116.3214, 39.999171]}}, {"type": "Feature", "properties": {"layer": "OSM_PUBLIC_FACILITIES", "osm_id": 4485338091, "osm_type": "node", "name": null, "amenity": "place_of_worship", "shop": null, "operator": null, "source": "DATA-SRC-OSM", "official_boundary": false, "usable_for_formal": "background_only", "precision_note": "OSM 社区数据 POI，位置精度数米级；公共服务设施底数背景"}, "geometry": {"type": "Point", "coordinates": [116.337105, 39.995757]}}, {"type": "Feature", "properties": {"layer": "OSM_PUBLIC_FACILITIES", "osm_id": 4486722992, "osm_type": "node", "name": "蜀国演义", "amenity": "restaurant", "shop": null, "operator": null, "source": "DATA-SRC-OSM", "official_boundary": false, "usable_for_formal": "background_only", "precision_note": "OSM 社区数据 POI，位置精度数米级；公共服务设施底数背景"}, "geometry": {"type": "Point", "coordinates": [116.378902, 39.96215]}}, {"type": "Feature", "properties": {"layer": "OSM_PUBLIC_FACILITIES", "osm_id": 4489507584, "osm_type": "node", "name": "北京上地信息路医院", "amenity": "hospital", "shop": null, "operator": null, "source": "DATA-SRC-OSM", "official_boundary": false, "usable_for_formal": "background_only", "precision_note": "OSM 社区数据 POI，位置精度数米级；公共服务设施底数背景"}, "geometry": {"type": "Point", "coordinates": [116.307815, 40.02518]}}, {"type": "Feature", "properties": {"layer": "OSM_PUBLIC_FACILITIES", "osm_id": 4489507587, "osm_type": "node", "name": "Shang Di Clinic", "amenity": "hospital", "shop": null, "operator": null, "source": "DATA-SRC-OSM", "official_boundary": false, "usable_for_formal": "background_only", "precision_note": "OSM 社区数据 POI，位置精度数米级；公共服务设施底数背景"}, "geometry": {"type": "Point", "coordinates": [116.312536, 40.028614]}}, {"type": "Feature", "properties": {"layer": "OSM_PUBLIC_FACILITIES", "osm_id": 4498342989, "osm_type": "node", "name": null, "amenity": "restaurant", "shop": null, "operator": null, "source": "DATA-SRC-OSM", "official_boundary": false, "usable_for_formal": "background_only", "precision_note": "OSM 社区数据 POI，位置精度数米级；公共服务设施底数背景"}, "geometry": {"type": "Point", "coordinates": [116.393839, 39.94323]}}, {"type": "Feature", "properties": {"layer": "OSM_PUBLIC_FACILITIES", "osm_id": 4503942338, "osm_type": "node", "name": "中国建设银行", "amenity": "bank", "shop": null, "operator": null, "source": "DATA-SRC-OSM", "official_boundary": false, "usable_for_formal": "background_only", "precision_note": "OSM 社区数据 POI，位置精度数米级；公共服务设施底数背景"}, "geometry": {"type": "Point", "coordinates": [116.312751, 40.010169]}}, {"type": "Feature", "properties": {"layer": "OSM_PUBLIC_FACILITIES", "osm_id": 4503942369, "osm_type": "node", "name": "诗雅艺术学校", "amenity": "school", "shop": null, "operator": null, "source": "DATA-SRC-OSM", "official_boundary": false, "usable_for_formal": "background_only", "precision_note": "OSM 社区数据 POI，位置精度数米级；公共服务设施底数背景"}, "geometry": {"type": "Point", "coordinates": [116.317632, 40.010958]}}, {"type": "Feature", "properties": {"layer": "OSM_PUBLIC_FACILITIES", "osm_id": 4503942370, "osm_type": "node", "name": "同仁堂", "amenity": "pharmacy", "shop": null, "operator": null, "source": "DATA-SRC-OSM", "official_boundary": false, "usable_for_formal": "background_only", "precision_note": "OSM 社区数据 POI，位置精度数米级；公共服务设施底数背景"}, "geometry": {"type": "Point", "coordinates": [116.312897, 40.009752]}}, {"type": "Feature", "properties": {"layer": "OSM_PUBLIC_FACILITIES", "osm_id": 4550562571, "osm_type": "node", "name": "麦当劳", "amenity": "fast_food", "shop": null, "operator": null, "source": "DATA-SRC-OSM", "official_boundary": false, "usable_for_formal": "background_only", "precision_note": "OSM 社区数据 POI，位置精度数米级；公共服务设施底数背景"}, "geometry": {"type": "Point", "coordinates": [116.384081, 39.980849]}}, {"type": "Feature", "properties": {"layer": "OSM_PUBLIC_FACILITIES", "osm_id": 4557319306, "osm_type": "node", "name": "科苑餐厅", "amenity": "restaurant", "shop": null, "operator": null, "source": "DATA-SRC-OSM", "official_boundary": false, "usable_for_formal": "background_only", "precision_note": "OSM 社区数据 POI，位置精度数米级；公共服务设施底数背景"}, "geometry": {"type": "Point", "coordinates": [116.324587, 39.984144]}}, {"type": "Feature", "properties": {"layer": "OSM_PUBLIC_FACILITIES", "osm_id": 4590728690, "osm_type": "node", "name": "招商银行", "amenity": "bank", "shop": null, "operator": null, "source": "DATA-SRC-OSM", "official_boundary": false, "usable_for_formal": "background_only", "precision_note": "OSM 社区数据 POI，位置精度数米级；公共服务设施底数背景"}, "geometry": {"type": "Point", "coordinates": [116.347315, 39.999194]}}, {"type": "Feature", "properties": {"layer": "OSM_PUBLIC_FACILITIES", "osm_id": 4603595192, "osm_type": "node", "name": "北京银行", "amenity": "bank", "shop": null, "operator": null, "source": "DATA-SRC-OSM", "official_boundary": false, "usable_for_formal": "background_only", "precision_note": "OSM 社区数据 POI，位置精度数米级；公共服务设施底数背景"}, "geometry": {"type": "Point", "coordinates": [116.328382, 39.995879]}}, {"type": "Feature", "properties": {"layer": "OSM_PUBLIC_FACILITIES", "osm_id": 4603600793, "osm_type": "node", "name": "山林风", "amenity": "restaurant", "shop": null, "operator": null, "source": "DATA-SRC-OSM", "official_boundary": false, "usable_for_formal": "background_only", "precision_note": "OSM 社区数据 POI，位置精度数米级；公共服务设施底数背景"}, "geometry": {"type": "Point", "coordinates": [116.337382, 39.999666]}}, {"type": "Feature", "properties": {"layer": "OSM_PUBLIC_FACILITIES", "osm_id": 4611162490, "osm_type": "node", "name": "招商银行", "amenity": "bank", "shop": null, "operator": null, "source": "DATA-SRC-OSM", "official_boundary": false, "usable_for_formal": "background_only", "precision_note": "OSM 社区数据 POI，位置精度数米级；公共服务设施底数背景"}, "geometry": {"type": "Point", "coordinates": [116.30569, 39.983118]}}, {"type": "Feature", "properties": {"layer": "OSM_PUBLIC_FACILITIES", "osm_id": 4646739894, "osm_type": "node", "name": "加藤屋", "amenity": "restaurant", "shop": null, "operator": null, "source": "DATA-SRC-OSM", "official_boundary": false, "usable_for_formal": "background_only", "precision_note": "OSM 社区数据 POI，位置精度数米级；公共服务设施底数背景"}, "geometry": {"type": "Point", "coordinates": [116.309765, 39.952371]}}, {"type": "Feature", "properties": {"layer": "OSM_PUBLIC_FACILITIES", "osm_id": 4646739895, "osm_type": "node", "name": "宝炒面馆（南锣店）", "amenity": "cafe", "shop": null, "operator": null, "source": "DATA-SRC-OSM", "official_boundary": false, "usable_for_formal": "background_only", "precision_note": "OSM 社区数据 POI，位置精度数米级；公共服务设施底数背景"}, "geometry": {"type": "Point", "coordinates": [116.393971, 39.93956]}}, {"type": "Feature", "properties": {"layer": "OSM_PUBLIC_FACILITIES", "osm_id": 4677253494, "osm_type": "node", "name": "莫斯科餐厅", "amenity": "restaurant", "shop": null, "operator": null, "source": "DATA-SRC-OSM", "official_boundary": false, "usable_for_formal": "background_only", "precision_note": "OSM 社区数据 POI，位置精度数米级；公共服务设施底数背景"}, "geometry": {"type": "Point", "coordinates": [116.336844, 39.939063]}}, {"type": "Feature", "properties": {"layer": "OSM_PUBLIC_FACILITIES", "osm_id": 4696632704, "osm_type": "node", "name": "汉堡王", "amenity": "fast_food", "shop": null, "operator": null, "source": "DATA-SRC-OSM", "official_boundary": false, "usable_for_formal": "background_only", "precision_note": "OSM 社区数据 POI，位置精度数米级；公共服务设施底数背景"}, "geometry": {"type": "Point", "coordinates": [116.334701, 39.946182]}}, {"type": "Feature", "properties": {"layer": "OSM_PUBLIC_FACILITIES", "osm_id": 4710972189, "osm_type": "node", "name": "招商银行", "amenity": "bank", "shop": null, "operator": null, "source": "DATA-SRC-OSM", "official_boundary": false, "usable_for_formal": "background_only", "precision_note": "OSM 社区数据 POI，位置精度数米级；公共服务设施底数背景"}, "geometry": {"type": "Point", "coordinates": [116.317062, 39.965035]}}, {"type": "Feature", "properties": {"layer": "OSM_PUBLIC_FACILITIES", "osm_id": 4716502956, "osm_type": "node", "name": "肯德基", "amenity": "fast_food", "shop": null, "operator": null, "source": "DATA-SRC-OSM", "official_boundary": false, "usable_for_formal": "background_only", "precision_note": "OSM 社区数据 POI，位置精度数米级；公共服务设施底数背景"}, "geometry": {"type": "Point", "coordinates": [116.32328, 39.937736]}}, {"type": "Feature", "properties": {"layer": "OSM_PUBLIC_FACILITIES", "osm_id": 4716729751, "osm_type": "node", "name": "华夏银行", "amenity": "bank", "shop": null, "operator": null, "source": "DATA-SRC-OSM", "official_boundary": false, "usable_for_formal": "background_only", "precision_note": "OSM 社区数据 POI，位置精度数米级；公共服务设施底数背景"}, "geometry": {"type": "Point", "coordinates": [116.321952, 39.936839]}}, {"type": "Feature", "properties": {"layer": "OSM_PUBLIC_FACILITIES", "osm_id": 4716729756, "osm_type": "node", "name": "招商银行", "amenity": "bank", "shop": null, "operator": null, "source": "DATA-SRC-OSM", "official_boundary": false, "usable_for_formal": "background_only", "precision_note": "OSM 社区数据 POI，位置精度数米级；公共服务设施底数背景"}, "geometry": {"type": "Point", "coordinates": [116.321138, 39.936818]}}, {"type": "Feature", "properties": {"layer": "OSM_PUBLIC_FACILITIES", "osm_id": 4718115962, "osm_type": "node", "name": "益民餐厅", "amenity": "restaurant", "shop": null, "operator": null, "source": "DATA-SRC-OSM", "official_boundary": false, "usable_for_formal": "background_only", "precision_note": "OSM 社区数据 POI，位置精度数米级；公共服务设施底数背景"}, "geometry": {"type": "Point", "coordinates": [116.337643, 39.95177]}}, {"type": "Feature", "properties": {"layer": "OSM_PUBLIC_FACILITIES", "osm_id": 4719952796, "osm_type": "node", "name": "海淀剧院", "amenity": "theatre", "shop": null, "operator": null, "source": "DATA-SRC-OSM", "official_boundary": false, "usable_for_formal": "background_only", "precision_note": "OSM 社区数据 POI，位置精度数米级；公共服务设施底数背景"}, "geometry": {"type": "Point", "coordinates": [116.311884, 39.9755]}}, {"type": "Feature", "properties": {"layer": "OSM_PUBLIC_FACILITIES", "osm_id": 4722078712, "osm_type": "node", "name": "中国建设银行", "amenity": "bank", "shop": null, "operator": "CCB", "source": "DATA-SRC-OSM", "official_boundary": false, "usable_for_formal": "background_only", "precision_note": "OSM 社区数据 POI，位置精度数米级；公共服务设施底数背景"}, "geometry": {"type": "Point", "coordinates": [116.310397, 40.053026]}}, {"type": "Feature", "properties": {"layer": "OSM_PUBLIC_FACILITIES", "osm_id": 4736259000, "osm_type": "node", "name": "Cici咖啡屋", "amenity": "cafe", "shop": null, "operator": null, "source": "DATA-SRC-OSM", "official_boundary": false, "usable_for_formal": "background_only", "precision_note": "OSM 社区数据 POI，位置精度数米级；公共服务设施底数背景"}, "geometry": {"type": "Point", "coordinates": [116.309806, 39.969487]}}, {"type": "Feature", "properties": {"layer": "OSM_PUBLIC_FACILITIES", "osm_id": 4740836523, "osm_type": "node", "name": null, "amenity": "community_centre", "shop": null, "operator": null, "source": "DATA-SRC-OSM", "official_boundary": false, "usable_for_formal": "background_only", "precision_note": "OSM 社区数据 POI，位置精度数米级；公共服务设施底数背景"}, "geometry": {"type": "Point", "coordinates": [116.33469, 39.935927]}}, {"type": "Feature", "properties": {"layer": "OSM_PUBLIC_FACILITIES", "osm_id": 4755378627, "osm_type": "node", "name": "交通银行", "amenity": "bank", "shop": null, "operator": null, "source": "DATA-SRC-OSM", "official_boundary": false, "usable_for_formal": "background_only", "precision_note": "OSM 社区数据 POI，位置精度数米级；公共服务设施底数背景"}, "geometry": {"type": "Point", "coordinates": [116.394791, 40.002473]}}, {"type": "Feature", "properties": {"layer": "OSM_PUBLIC_FACILITIES", "osm_id": 4756090272, "osm_type": "node", "name": "宁波银行", "amenity": "bank", "shop": null, "operator": null, "source": "DATA-SRC-OSM", "official_boundary": false, "usable_for_formal": "background_only", "precision_note": "OSM 社区数据 POI，位置精度数米级；公共服务设施底数背景"}, "geometry": {"type": "Point", "coordinates": [116.381505, 39.998935]}}, {"type": "Feature", "properties": {"layer": "OSM_PUBLIC_FACILITIES", "osm_id": 4791212585, "osm_type": "node", "name": "中国农业银行", "amenity": "bank", "shop": null, "operator": null, "source": "DATA-SRC-OSM", "official_boundary": false, "usable_for_formal": "background_only", "precision_note": "OSM 社区数据 POI，位置精度数米级；公共服务设施底数背景"}, "geometry": {"type": "Point", "coordinates": [116.318424, 39.980454]}}, {"type": "Feature", "properties": {"layer": "OSM_PUBLIC_FACILITIES", "osm_id": 4800429821, "osm_type": "node", "name": "老北京爆肚儿", "amenity": "restaurant", "shop": null, "operator": null, "source": "DATA-SRC-OSM", "official_boundary": false, "usable_for_formal": "background_only", "precision_note": "OSM 社区数据 POI，位置精度数米级；公共服务设施底数背景"}, "geometry": {"type": "Point", "coordinates": [116.386165, 39.938633]}}, {"type": "Feature", "properties": {"layer": "OSM_PUBLIC_FACILITIES", "osm_id": 4810718017, "osm_type": "node", "name": "萨莉亚", "amenity": "restaurant", "shop": null, "operator": null, "source": "DATA-SRC-OSM", "official_boundary": false, "usable_for_formal": "background_only", "precision_note": "OSM 社区数据 POI，位置精度数米级；公共服务设施底数背景"}, "geometry": {"type": "Point", "coordinates": [116.348151, 40.007561]}}, {"type": "Feature", "properties": {"layer": "OSM_PUBLIC_FACILITIES", "osm_id": 4812592333, "osm_type": "node", "name": "星巴克", "amenity": "cafe", "shop": null, "operator": null, "source": "DATA-SRC-OSM", "official_boundary": false, "usable_for_formal": "background_only", "precision_note": "OSM 社区数据 POI，位置精度数米级；公共服务设施底数背景"}, "geometry": {"type": "Point", "coordinates": [116.327255, 40.028924]}}, {"type": "Feature", "properties": {"layer": "OSM_PUBLIC_FACILITIES", "osm_id": 4822079921, "osm_type": "node", "name": "大钟寺派出所户籍大厅", "amenity": "police", "shop": null, "operator": null, "source": "DATA-SRC-OSM", "official_boundary": false, "usable_for_formal": "background_only", "precision_note": "OSM 社区数据 POI，位置精度数米级；公共服务设施底数背景"}, "geometry": {"type": "Point", "coordinates": [116.325829, 39.964524]}}, {"type": "Feature", "properties": {"layer": "OSM_PUBLIC_FACILITIES", "osm_id": 4826963813, "osm_type": "node", "name": "什刹海九门小吃", "amenity": "restaurant", "shop": null, "operator": null, "source": "DATA-SRC-OSM", "official_boundary": false, "usable_for_formal": "background_only", "precision_note": "OSM 社区数据 POI，位置精度数米级；公共服务设施底数背景"}, "geometry": {"type": "Point", "coordinates": [116.375622, 39.94429]}}, {"type": "Feature", "properties": {"layer": "OSM_PUBLIC_FACILITIES", "osm_id": 4828503522, "osm_type": "node", "name": "拉兹RAJ印度音乐餐厅", "amenity": "restaurant", "shop": null, "operator": null, "source": "DATA-SRC-OSM", "official_boundary": false, "usable_for_formal": "background_only", "precision_note": "OSM 社区数据 POI，位置精度数米级；公共服务设施底数背景"}, "geometry": {"type": "Point", "coordinates": [116.387621, 39.939478]}}, {"type": "Feature", "properties": {"layer": "OSM_PUBLIC_FACILITIES", "osm_id": 4860839321, "osm_type": "node", "name": "鑫蜀源", "amenity": "restaurant", "shop": null, "operator": null, "source": "DATA-SRC-OSM", "official_boundary": false, "usable_for_formal": "background_only", "precision_note": "OSM 社区数据 POI，位置精度数米级；公共服务设施底数背景"}, "geometry": {"type": "Point", "coordinates": [116.327607, 39.979043]}}, {"type": "Feature", "properties": {"layer": "OSM_PUBLIC_FACILITIES", "osm_id": 4907465800, "osm_type": "node", "name": "庆丰包子铺", "amenity": "fast_food", "shop": null, "operator": null, "source": "DATA-SRC-OSM", "official_boundary": false, "usable_for_formal": "background_only", "precision_note": "OSM 社区数据 POI，位置精度数米级；公共服务设施底数背景"}, "geometry": {"type": "Point", "coordinates": [116.341911, 39.972408]}}, {"type": "Feature", "properties": {"layer": "OSM_PUBLIC_FACILITIES", "osm_id": 4915390727, "osm_type": "node", "name": "开心喵", "amenity": "fast_food", "shop": null, "operator": null, "source": "DATA-SRC-OSM", "official_boundary": false, "usable_for_formal": "background_only", "precision_note": "OSM 社区数据 POI，位置精度数米级；公共服务设施底数背景"}, "geometry": {"type": "Point", "coordinates": [116.387626, 39.939987]}}, {"type": "Feature", "properties": {"layer": "OSM_PUBLIC_FACILITIES", "osm_id": 4915447021, "osm_type": "node", "name": null, "amenity": "restaurant", "shop": null, "operator": null, "source": "DATA-SRC-OSM", "official_boundary": false, "usable_for_formal": "background_only", "precision_note": "OSM 社区数据 POI，位置精度数米级；公共服务设施底数背景"}, "geometry": {"type": "Point", "coordinates": [116.384717, 39.937787]}}, {"type": "Feature", "properties": {"layer": "OSM_PUBLIC_FACILITIES", "osm_id": 4915466631, "osm_type": "node", "name": "弥生寿司", "amenity": "restaurant", "shop": null, "operator": null, "source": "DATA-SRC-OSM", "official_boundary": false, "usable_for_formal": "background_only", "precision_note": "OSM 社区数据 POI，位置精度数米级；公共服务设施底数背景"}, "geometry": {"type": "Point", "coordinates": [116.379543, 39.938666]}}, {"type": "Feature", "properties": {"layer": "OSM_PUBLIC_FACILITIES", "osm_id": 4934361321, "osm_type": "node", "name": "Palms L.A. Kitchen and Bar", "amenity": "restaurant", "shop": null, "operator": null, "source": "DATA-SRC-OSM", "official_boundary": false, "usable_for_formal": "background_only", "precision_note": "OSM 社区数据 POI，位置精度数米级；公共服务设施底数背景"}, "geometry": {"type": "Point", "coordinates": [116.388189, 39.943127]}}, {"type": "Feature", "properties": {"layer": "OSM_PUBLIC_FACILITIES", "osm_id": 4936512721, "osm_type": "node", "name": null, "amenity": "cafe", "shop": null, "operator": null, "source": "DATA-SRC-OSM", "official_boundary": false, "usable_for_formal": "background_only", "precision_note": "OSM 社区数据 POI，位置精度数米级；公共服务设施底数背景"}, "geometry": {"type": "Point", "coordinates": [116.306356, 40.012421]}}, {"type": "Feature", "properties": {"layer": "OSM_PUBLIC_FACILITIES", "osm_id": 4944013921, "osm_type": "node", "name": null, "amenity": "restaurant", "shop": null, "operator": null, "source": "DATA-SRC-OSM", "official_boundary": false, "usable_for_formal": "background_only", "precision_note": "OSM 社区数据 POI，位置精度数米级；公共服务设施底数背景"}, "geometry": {"type": "Point", "coordinates": [116.388205, 39.943157]}}, {"type": "Feature", "properties": {"layer": "OSM_PUBLIC_FACILITIES", "osm_id": 4993235925, "osm_type": "node", "name": null, "amenity": "police", "shop": null, "operator": null, "source": "DATA-SRC-OSM", "official_boundary": false, "usable_for_formal": "background_only", "precision_note": "OSM 社区数据 POI，位置精度数米级；公共服务设施底数背景"}, "geometry": {"type": "Point", "coordinates": [116.38905, 39.962377]}}, {"type": "Feature", "properties": {"layer": "OSM_PUBLIC_FACILITIES", "osm_id": 5008851024, "osm_type": "node", "name": "基层健康服务空间", "amenity": "hospital", "shop": null, "operator": null, "source": "DATA-SRC-OSM", "official_boundary": false, "usable_for_formal": "background_only", "precision_note": "OSM 社区数据 POI，位置精度数米级；公共服务设施底数背景"}, "geometry": {"type": "Point", "coordinates": [116.378869, 39.948392]}}, {"type": "Feature", "properties": {"layer": "OSM_PUBLIC_FACILITIES", "osm_id": 5017519343, "osm_type": "node", "name": "星巴克", "amenity": "cafe", "shop": null, "operator": null, "source": "DATA-SRC-OSM", "official_boundary": false, "usable_for_formal": "background_only", "precision_note": "OSM 社区数据 POI，位置精度数米级；公共服务设施底数背景"}, "geometry": {"type": "Point", "coordinates": [116.35079, 40.045497]}}, {"type": "Feature", "properties": {"layer": "OSM_PUBLIC_FACILITIES", "osm_id": 5018578062, "osm_type": "node", "name": "天使食府", "amenity": "restaurant", "shop": null, "operator": null, "source": "DATA-SRC-OSM", "official_boundary": false, "usable_for_formal": "background_only", "precision_note": "OSM 社区数据 POI，位置精度数米级；公共服务设施底数背景"}, "geometry": {"type": "Point", "coordinates": [116.301383, 39.969021]}}, {"type": "Feature", "properties": {"layer": "OSM_PUBLIC_FACILITIES", "osm_id": 5018578063, "osm_type": "node", "name": "有薰一心和风洋食BISTRO", "amenity": "restaurant", "shop": null, "operator": null, "source": "DATA-SRC-OSM", "official_boundary": false, "usable_for_formal": "background_only", "precision_note": "OSM 社区数据 POI，位置精度数米级；公共服务设施底数背景"}, "geometry": {"type": "Point", "coordinates": [116.302154, 39.968714]}}, {"type": "Feature", "properties": {"layer": "OSM_PUBLIC_FACILITIES", "osm_id": 5018578064, "osm_type": "node", "name": "美食厨房", "amenity": "restaurant", "shop": null, "operator": null, "source": "DATA-SRC-OSM", "official_boundary": false, "usable_for_formal": "background_only", "precision_note": "OSM 社区数据 POI，位置精度数米级；公共服务设施底数背景"}, "geometry": {"type": "Point", "coordinates": [116.301729, 39.968395]}}, {"type": "Feature", "properties": {"layer": "OSM_PUBLIC_FACILITIES", "osm_id": 5018578066, "osm_type": "node", "name": "学子居", "amenity": "restaurant", "shop": null, "operator": null, "source": "DATA-SRC-OSM", "official_boundary": false, "usable_for_formal": "background_only", "precision_note": "OSM 社区数据 POI，位置精度数米级；公共服务设施底数背景"}, "geometry": {"type": "Point", "coordinates": [116.301723, 39.967617]}}, {"type": "Feature", "properties": {"layer": "OSM_PUBLIC_FACILITIES", "osm_id": 5018595023, "osm_type": "node", "name": "清真食堂", "amenity": "restaurant", "shop": null, "operator": null, "source": "DATA-SRC-OSM", "official_boundary": false, "usable_for_formal": "background_only", "precision_note": "OSM 社区数据 POI，位置精度数米级；公共服务设施底数背景"}, "geometry": {"type": "Point", "coordinates": [116.308944, 39.969748]}}, {"type": "Feature", "properties": {"layer": "OSM_PUBLIC_FACILITIES", "osm_id": 5018595024, "osm_type": "node", "name": "汇贤食府", "amenity": "restaurant", "shop": null, "operator": null, "source": "DATA-SRC-OSM", "official_boundary": false, "usable_for_formal": "background_only", "precision_note": "OSM 社区数据 POI，位置精度数米级；公共服务设施底数背景"}, "geometry": {"type": "Point", "coordinates": [116.309165, 39.969768]}}, {"type": "Feature", "properties": {"layer": "OSM_PUBLIC_FACILITIES", "osm_id": 5041996127, "osm_type": "node", "name": "王家渡火锅", "amenity": "restaurant", "shop": null, "operator": null, "source": "DATA-SRC-OSM", "official_boundary": false, "usable_for_formal": "background_only", "precision_note": "OSM 社区数据 POI，位置精度数米级；公共服务设施底数背景"}, "geometry": {"type": "Point", "coordinates": [116.394671, 40.003168]}}, {"type": "Feature", "properties": {"layer": "OSM_PUBLIC_FACILITIES", "osm_id": 5061732521, "osm_type": "node", "name": "Bunny Drop", "amenity": "restaurant", "shop": null, "operator": null, "source": "DATA-SRC-OSM", "official_boundary": false, "usable_for_formal": "background_only", "precision_note": "OSM 社区数据 POI，位置精度数米级；公共服务设施底数背景"}, "geometry": {"type": "Point", "coordinates": [116.347661, 39.999176]}}, {"type": "Feature", "properties": {"layer": "OSM_PUBLIC_FACILITIES", "osm_id": 5083754922, "osm_type": "node", "name": null, "amenity": "cafe", "shop": null, "operator": null, "source": "DATA-SRC-OSM", "official_boundary": false, "usable_for_formal": "background_only", "precision_note": "OSM 社区数据 POI，位置精度数米级；公共服务设施底数背景"}, "geometry": {"type": "Point", "coordinates": [116.391157, 39.939465]}}, {"type": "Feature", "properties": {"layer": "OSM_PUBLIC_FACILITIES", "osm_id": 5087680500, "osm_type": "node", "name": null, "amenity": "restaurant", "shop": null, "operator": null, "source": "DATA-SRC-OSM", "official_boundary": false, "usable_for_formal": "background_only", "precision_note": "OSM 社区数据 POI，位置精度数米级；公共服务设施底数背景"}, "geometry": {"type": "Point", "coordinates": [116.369849, 39.941192]}}, {"type": "Feature", "properties": {"layer": "OSM_PUBLIC_FACILITIES", "osm_id": 5087680502, "osm_type": "node", "name": null, "amenity": "restaurant", "shop": null, "operator": null, "source": "DATA-SRC-OSM", "official_boundary": false, "usable_for_formal": "background_only", "precision_note": "OSM 社区数据 POI，位置精度数米级；公共服务设施底数背景"}, "geometry": {"type": "Point", "coordinates": [116.366568, 39.945932]}}, {"type": "Feature", "properties": {"layer": "OSM_PUBLIC_FACILITIES", "osm_id": 5087680503, "osm_type": "node", "name": null, "amenity": "restaurant", "shop": null, "operator": null, "source": "DATA-SRC-OSM", "official_boundary": false, "usable_for_formal": "background_only", "precision_note": "OSM 社区数据 POI，位置精度数米级；公共服务设施底数背景"}, "geometry": {"type": "Point", "coordinates": [116.366949, 39.946024]}}, {"type": "Feature", "properties": {"layer": "OSM_PUBLIC_FACILITIES", "osm_id": 5087680504, "osm_type": "node", "name": null, "amenity": "restaurant", "shop": null, "operator": null, "source": "DATA-SRC-OSM", "official_boundary": false, "usable_for_formal": "background_only", "precision_note": "OSM 社区数据 POI，位置精度数米级；公共服务设施底数背景"}, "geometry": {"type": "Point", "coordinates": [116.36786, 39.94564]}}, {"type": "Feature", "properties": {"layer": "OSM_PUBLIC_FACILITIES", "osm_id": 5087680505, "osm_type": "node", "name": null, "amenity": "restaurant", "shop": null, "operator": null, "source": "DATA-SRC-OSM", "official_boundary": false, "usable_for_formal": "background_only", "precision_note": "OSM 社区数据 POI，位置精度数米级；公共服务设施底数背景"}, "geometry": {"type": "Point", "coordinates": [116.366415, 39.945606]}}, {"type": "Feature", "properties": {"layer": "OSM_PUBLIC_FACILITIES", "osm_id": 5087680506, "osm_type": "node", "name": null, "amenity": "restaurant", "shop": null, "operator": null, "source": "DATA-SRC-OSM", "official_boundary": false, "usable_for_formal": "background_only", "precision_note": "OSM 社区数据 POI，位置精度数米级；公共服务设施底数背景"}, "geometry": {"type": "Point", "coordinates": [116.366437, 39.945127]}}, {"type": "Feature", "properties": {"layer": "OSM_PUBLIC_FACILITIES", "osm_id": 5087680507, "osm_type": "node", "name": null, "amenity": "restaurant", "shop": null, "operator": null, "source": "DATA-SRC-OSM", "official_boundary": false, "usable_for_formal": "background_only", "precision_note": "OSM 社区数据 POI，位置精度数米级；公共服务设施底数背景"}, "geometry": {"type": "Point", "coordinates": [116.367075, 39.945084]}}, {"type": "Feature", "properties": {"layer": "OSM_PUBLIC_FACILITIES", "osm_id": 5087680509, "osm_type": "node", "name": null, "amenity": "restaurant", "shop": null, "operator": null, "source": "DATA-SRC-OSM", "official_boundary": false, "usable_for_formal": "background_only", "precision_note": "OSM 社区数据 POI，位置精度数米级；公共服务设施底数背景"}, "geometry": {"type": "Point", "coordinates": [116.366465, 39.944814]}}, {"type": "Feature", "properties": {"layer": "OSM_PUBLIC_FACILITIES", "osm_id": 5087680510, "osm_type": "node", "name": null, "amenity": "restaurant", "shop": null, "operator": null, "source": "DATA-SRC-OSM", "official_boundary": false, "usable_for_formal": "background_only", "precision_note": "OSM 社区数据 POI，位置精度数米级；公共服务设施底数背景"}, "geometry": {"type": "Point", "coordinates": [116.366887, 39.944519]}}, {"type": "Feature", "properties": {"layer": "OSM_PUBLIC_FACILITIES", "osm_id": 5087680511, "osm_type": "node", "name": null, "amenity": "restaurant", "shop": null, "operator": null, "source": "DATA-SRC-OSM", "official_boundary": false, "usable_for_formal": "background_only", "precision_note": "OSM 社区数据 POI，位置精度数米级；公共服务设施底数背景"}, "geometry": {"type": "Point", "coordinates": [116.368844, 39.944724]}}, {"type": "Feature", "properties": {"layer": "OSM_PUBLIC_FACILITIES", "osm_id": 5087680512, "osm_type": "node", "name": null, "amenity": "restaurant", "shop": null, "operator": null, "source": "DATA-SRC-OSM", "official_boundary": false, "usable_for_formal": "background_only", "precision_note": "OSM 社区数据 POI，位置精度数米级；公共服务设施底数背景"}, "geometry": {"type": "Point", "coordinates": [116.366521, 39.943713]}}, {"type": "Feature", "properties": {"layer": "OSM_PUBLIC_FACILITIES", "osm_id": 5087680513, "osm_type": "node", "name": null, "amenity": "restaurant", "shop": null, "operator": null, "source": "DATA-SRC-OSM", "official_boundary": false, "usable_for_formal": "background_only", "precision_note": "OSM 社区数据 POI，位置精度数米级；公共服务设施底数背景"}, "geometry": {"type": "Point", "coordinates": [116.366498, 39.943282]}}, {"type": "Feature", "properties": {"layer": "OSM_PUBLIC_FACILITIES", "osm_id": 5087680515, "osm_type": "node", "name": null, "amenity": "restaurant", "shop": null, "operator": null, "source": "DATA-SRC-OSM", "official_boundary": false, "usable_for_formal": "background_only", "precision_note": "OSM 社区数据 POI，位置精度数米级；公共服务设施底数背景"}, "geometry": {"type": "Point", "coordinates": [116.366488, 39.943073]}}, {"type": "Feature", "properties": {"layer": "OSM_PUBLIC_FACILITIES", "osm_id": 5087680516, "osm_type": "node", "name": null, "amenity": "restaurant", "shop": null, "operator": null, "source": "DATA-SRC-OSM", "official_boundary": false, "usable_for_formal": "background_only", "precision_note": "OSM 社区数据 POI，位置精度数米级；公共服务设施底数背景"}, "geometry": {"type": "Point", "coordinates": [116.366437, 39.942904]}}, {"type": "Feature", "properties": {"layer": "OSM_PUBLIC_FACILITIES", "osm_id": 5087680518, "osm_type": "node", "name": null, "amenity": "restaurant", "shop": null, "operator": null, "source": "DATA-SRC-OSM", "official_boundary": false, "usable_for_formal": "background_only", "precision_note": "OSM 社区数据 POI，位置精度数米级；公共服务设施底数背景"}, "geometry": {"type": "Point", "coordinates": [116.366376, 39.942706]}}, {"type": "Feature", "properties": {"layer": "OSM_PUBLIC_FACILITIES", "osm_id": 5087680519, "osm_type": "node", "name": null, "amenity": "restaurant", "shop": null, "operator": null, "source": "DATA-SRC-OSM", "official_boundary": false, "usable_for_formal": "background_only", "precision_note": "OSM 社区数据 POI，位置精度数米级；公共服务设施底数背景"}, "geometry": {"type": "Point", "coordinates": [116.366474, 39.942573]}}, {"type": "Feature", "properties": {"layer": "OSM_PUBLIC_FACILITIES", "osm_id": 5087680520, "osm_type": "node", "name": null, "amenity": "restaurant", "shop": null, "operator": null, "source": "DATA-SRC-OSM", "official_boundary": false, "usable_for_formal": "background_only", "precision_note": "OSM 社区数据 POI，位置精度数米级；公共服务设施底数背景"}, "geometry": {"type": "Point", "coordinates": [116.366624, 39.941807]}}, {"type": "Feature", "properties": {"layer": "OSM_PUBLIC_FACILITIES", "osm_id": 5087682721, "osm_type": "node", "name": null, "amenity": "restaurant", "shop": null, "operator": null, "source": "DATA-SRC-OSM", "official_boundary": false, "usable_for_formal": "background_only", "precision_note": "OSM 社区数据 POI，位置精度数米级；公共服务设施底数背景"}, "geometry": {"type": "Point", "coordinates": [116.366587, 39.94135]}}, {"type": "Feature", "properties": {"layer": "OSM_PUBLIC_FACILITIES", "osm_id": 5087682722, "osm_type": "node", "name": null, "amenity": "restaurant", "shop": null, "operator": null, "source": "DATA-SRC-OSM", "official_boundary": false, "usable_for_formal": "background_only", "precision_note": "OSM 社区数据 POI，位置精度数米级；公共服务设施底数背景"}, "geometry": {"type": "Point", "coordinates": [116.36677, 39.940303]}}, {"type": "Feature", "properties": {"layer": "OSM_PUBLIC_FACILITIES", "osm_id": 5087682723, "osm_type": "node", "name": null, "amenity": "restaurant", "shop": null, "operator": null, "source": "DATA-SRC-OSM", "official_boundary": false, "usable_for_formal": "background_only", "precision_note": "OSM 社区数据 POI，位置精度数米级；公共服务设施底数背景"}, "geometry": {"type": "Point", "coordinates": [116.367188, 39.94044]}}, {"type": "Feature", "properties": {"layer": "OSM_PUBLIC_FACILITIES", "osm_id": 5087682724, "osm_type": "node", "name": null, "amenity": "restaurant", "shop": null, "operator": null, "source": "DATA-SRC-OSM", "official_boundary": false, "usable_for_formal": "background_only", "precision_note": "OSM 社区数据 POI，位置精度数米级；公共服务设施底数背景"}, "geometry": {"type": "Point", "coordinates": [116.367694, 39.940656]}}, {"type": "Feature", "properties": {"layer": "OSM_PUBLIC_FACILITIES", "osm_id": 5087682725, "osm_type": "node", "name": null, "amenity": "restaurant", "shop": null, "operator": null, "source": "DATA-SRC-OSM", "official_boundary": false, "usable_for_formal": "background_only", "precision_note": "OSM 社区数据 POI，位置精度数米级；公共服务设施底数背景"}, "geometry": {"type": "Point", "coordinates": [116.3689, 39.941156]}}, {"type": "Feature", "properties": {"layer": "OSM_PUBLIC_FACILITIES", "osm_id": 5087682726, "osm_type": "node", "name": null, "amenity": "restaurant", "shop": null, "operator": null, "source": "DATA-SRC-OSM", "official_boundary": false, "usable_for_formal": "background_only", "precision_note": "OSM 社区数据 POI，位置精度数米级；公共服务设施底数背景"}, "geometry": {"type": "Point", "coordinates": [116.372846, 39.941583]}}, {"type": "Feature", "properties": {"layer": "OSM_PUBLIC_FACILITIES", "osm_id": 5087682727, "osm_type": "node", "name": null, "amenity": "restaurant", "shop": null, "operator": null, "source": "DATA-SRC-OSM", "official_boundary": false, "usable_for_formal": "background_only", "precision_note": "OSM 社区数据 POI，位置精度数米级；公共服务设施底数背景"}, "geometry": {"type": "Point", "coordinates": [116.372846, 39.941939]}}, {"type": "Feature", "properties": {"layer": "OSM_PUBLIC_FACILITIES", "osm_id": 5087682728, "osm_type": "node", "name": null, "amenity": "restaurant", "shop": null, "operator": null, "source": "DATA-SRC-OSM", "official_boundary": false, "usable_for_formal": "background_only", "precision_note": "OSM 社区数据 POI，位置精度数米级；公共服务设施底数背景"}, "geometry": {"type": "Point", "coordinates": [116.372987, 39.942442]}}, {"type": "Feature", "properties": {"layer": "OSM_PUBLIC_FACILITIES", "osm_id": 5087682729, "osm_type": "node", "name": null, "amenity": "restaurant", "shop": null, "operator": null, "source": "DATA-SRC-OSM", "official_boundary": false, "usable_for_formal": "background_only", "precision_note": "OSM 社区数据 POI，位置精度数米级；公共服务设施底数背景"}, "geometry": {"type": "Point", "coordinates": [116.373005, 39.94315]}}, {"type": "Feature", "properties": {"layer": "OSM_PUBLIC_FACILITIES", "osm_id": 5087682730, "osm_type": "node", "name": null, "amenity": "restaurant", "shop": null, "operator": null, "source": "DATA-SRC-OSM", "official_boundary": false, "usable_for_formal": "background_only", "precision_note": "OSM 社区数据 POI，位置精度数米级；公共服务设施底数背景"}, "geometry": {"type": "Point", "coordinates": [116.373664, 39.943978]}}, {"type": "Feature", "properties": {"layer": "OSM_PUBLIC_FACILITIES", "osm_id": 5087682731, "osm_type": "node", "name": null, "amenity": "restaurant", "shop": null, "operator": null, "source": "DATA-SRC-OSM", "official_boundary": false, "usable_for_formal": "background_only", "precision_note": "OSM 社区数据 POI，位置精度数米级；公共服务设施底数背景"}, "geometry": {"type": "Point", "coordinates": [116.373839, 39.944375]}}, {"type": "Feature", "properties": {"layer": "OSM_PUBLIC_FACILITIES", "osm_id": 5087682732, "osm_type": "node", "name": null, "amenity": "restaurant", "shop": null, "operator": null, "source": "DATA-SRC-OSM", "official_boundary": false, "usable_for_formal": "background_only", "precision_note": "OSM 社区数据 POI，位置精度数米级；公共服务设施底数背景"}, "geometry": {"type": "Point", "coordinates": [116.374287, 39.943143]}}, {"type": "Feature", "properties": {"layer": "OSM_PUBLIC_FACILITIES", "osm_id": 5087682733, "osm_type": "node", "name": null, "amenity": "restaurant", "shop": null, "operator": null, "source": "DATA-SRC-OSM", "official_boundary": false, "usable_for_formal": "background_only", "precision_note": "OSM 社区数据 POI，位置精度数米级；公共服务设施底数背景"}, "geometry": {"type": "Point", "coordinates": [116.374357, 39.943453]}}, {"type": "Feature", "properties": {"layer": "OSM_PUBLIC_FACILITIES", "osm_id": 5087682734, "osm_type": "node", "name": "老门框门钉肉饼", "amenity": "restaurant", "shop": null, "operator": null, "source": "DATA-SRC-OSM", "official_boundary": false, "usable_for_formal": "background_only", "precision_note": "OSM 社区数据 POI，位置精度数米级；公共服务设施底数背景"}, "geometry": {"type": "Point", "coordinates": [116.375805, 39.944664]}}, {"type": "Feature", "properties": {"layer": "OSM_PUBLIC_FACILITIES", "osm_id": 5087682735, "osm_type": "node", "name": "庆丰包子铺", "amenity": "fast_food", "shop": null, "operator": null, "source": "DATA-SRC-OSM", "official_boundary": false, "usable_for_formal": "background_only", "precision_note": "OSM 社区数据 POI，位置精度数米级；公共服务设施底数背景"}, "geometry": {"type": "Point", "coordinates": [116.376138, 39.945532]}}, {"type": "Feature", "properties": {"layer": "OSM_PUBLIC_FACILITIES", "osm_id": 5087682737, "osm_type": "node", "name": "德胜门南卤煮小肠", "amenity": "restaurant", "shop": null, "operator": null, "source": "DATA-SRC-OSM", "official_boundary": false, "usable_for_formal": "background_only", "precision_note": "OSM 社区数据 POI，位置精度数米级；公共服务设施底数背景"}, "geometry": {"type": "Point", "coordinates": [116.375568, 39.945875]}}, {"type": "Feature", "properties": {"layer": "OSM_PUBLIC_FACILITIES", "osm_id": 5087682738, "osm_type": "node", "name": null, "amenity": "restaurant", "shop": null, "operator": null, "source": "DATA-SRC-OSM", "official_boundary": false, "usable_for_formal": "background_only", "precision_note": "OSM 社区数据 POI，位置精度数米级；公共服务设施底数背景"}, "geometry": {"type": "Point", "coordinates": [116.373806, 39.945542]}}, {"type": "Feature", "properties": {"layer": "OSM_PUBLIC_FACILITIES", "osm_id": 5087682739, "osm_type": "node", "name": null, "amenity": "restaurant", "shop": null, "operator": null, "source": "DATA-SRC-OSM", "official_boundary": false, "usable_for_formal": "background_only", "precision_note": "OSM 社区数据 POI，位置精度数米级；公共服务设施底数背景"}, "geometry": {"type": "Point", "coordinates": [116.367977, 39.946887]}}, {"type": "Feature", "properties": {"layer": "OSM_PUBLIC_FACILITIES", "osm_id": 5087682740, "osm_type": "node", "name": null, "amenity": "restaurant", "shop": null, "operator": null, "source": "DATA-SRC-OSM", "official_boundary": false, "usable_for_formal": "background_only", "precision_note": "OSM 社区数据 POI，位置精度数米级；公共服务设施底数背景"}, "geometry": {"type": "Point", "coordinates": [116.373442, 39.942413]}}, {"type": "Feature", "properties": {"layer": "OSM_PUBLIC_FACILITIES", "osm_id": 5087682741, "osm_type": "node", "name": null, "amenity": "restaurant", "shop": null, "operator": null, "source": "DATA-SRC-OSM", "official_boundary": false, "usable_for_formal": "background_only", "precision_note": "OSM 社区数据 POI，位置精度数米级；公共服务设施底数背景"}, "geometry": {"type": "Point", "coordinates": [116.373267, 39.941404]}}, {"type": "Feature", "properties": {"layer": "OSM_PUBLIC_FACILITIES", "osm_id": 5087682742, "osm_type": "node", "name": null, "amenity": "restaurant", "shop": null, "operator": null, "source": "DATA-SRC-OSM", "official_boundary": false, "usable_for_formal": "background_only", "precision_note": "OSM 社区数据 POI，位置精度数米级；公共服务设施底数背景"}, "geometry": {"type": "Point", "coordinates": [116.373556, 39.941128]}}, {"type": "Feature", "properties": {"layer": "OSM_PUBLIC_FACILITIES", "osm_id": 5087682743, "osm_type": "node", "name": null, "amenity": "restaurant", "shop": null, "operator": null, "source": "DATA-SRC-OSM", "official_boundary": false, "usable_for_formal": "background_only", "precision_note": "OSM 社区数据 POI，位置精度数米级；公共服务设施底数背景"}, "geometry": {"type": "Point", "coordinates": [116.375197, 39.940576]}}, {"type": "Feature", "properties": {"layer": "OSM_PUBLIC_FACILITIES", "osm_id": 5087682744, "osm_type": "node", "name": null, "amenity": "restaurant", "shop": null, "operator": null, "source": "DATA-SRC-OSM", "official_boundary": false, "usable_for_formal": "background_only", "precision_note": "OSM 社区数据 POI，位置精度数米级；公共服务设施底数背景"}, "geometry": {"type": "Point", "coordinates": [116.376969, 39.940618]}}, {"type": "Feature", "properties": {"layer": "OSM_PUBLIC_FACILITIES", "osm_id": 5087682745, "osm_type": "node", "name": null, "amenity": "restaurant", "shop": null, "operator": null, "source": "DATA-SRC-OSM", "official_boundary": false, "usable_for_formal": "background_only", "precision_note": "OSM 社区数据 POI，位置精度数米级；公共服务设施底数背景"}, "geometry": {"type": "Point", "coordinates": [116.376969, 39.939864]}}, {"type": "Feature", "properties": {"layer": "OSM_PUBLIC_FACILITIES", "osm_id": 5087682746, "osm_type": "node", "name": null, "amenity": "restaurant", "shop": null, "operator": null, "source": "DATA-SRC-OSM", "official_boundary": false, "usable_for_formal": "background_only", "precision_note": "OSM 社区数据 POI，位置精度数米级；公共服务设施底数背景"}, "geometry": {"type": "Point", "coordinates": [116.37822, 39.938635]}}, {"type": "Feature", "properties": {"layer": "OSM_PUBLIC_FACILITIES", "osm_id": 5087682748, "osm_type": "node", "name": null, "amenity": "restaurant", "shop": null, "operator": null, "source": "DATA-SRC-OSM", "official_boundary": false, "usable_for_formal": "background_only", "precision_note": "OSM 社区数据 POI，位置精度数米级；公共服务设施底数背景"}, "geometry": {"type": "Point", "coordinates": [116.3799, 39.938635]}}, {"type": "Feature", "properties": {"layer": "OSM_PUBLIC_FACILITIES", "osm_id": 5087682749, "osm_type": "node", "name": "萤火虫咖啡", "amenity": "cafe", "shop": null, "operator": null, "source": "DATA-SRC-OSM", "official_boundary": false, "usable_for_formal": "background_only", "precision_note": "OSM 社区数据 POI，位置精度数米级；公共服务设施底数背景"}, "geometry": {"type": "Point", "coordinates": [116.380525, 39.938603]}}, {"type": "Feature", "properties": {"layer": "OSM_PUBLIC_FACILITIES", "osm_id": 5087682750, "osm_type": "node", "name": null, "amenity": "restaurant", "shop": null, "operator": null, "source": "DATA-SRC-OSM", "official_boundary": false, "usable_for_formal": "background_only", "precision_note": "OSM 社区数据 POI，位置精度数米级；公共服务设施底数背景"}, "geometry": {"type": "Point", "coordinates": [116.382241, 39.938267]}}, {"type": "Feature", "properties": {"layer": "OSM_PUBLIC_FACILITIES", "osm_id": 5087682751, "osm_type": "node", "name": "新冀菜", "amenity": "restaurant", "shop": null, "operator": null, "source": "DATA-SRC-OSM", "official_boundary": false, "usable_for_formal": "background_only", "precision_note": "OSM 社区数据 POI，位置精度数米级；公共服务设施底数背景"}, "geometry": {"type": "Point", "coordinates": [116.381852, 39.937566]}}, {"type": "Feature", "properties": {"layer": "OSM_PUBLIC_FACILITIES", "osm_id": 5087682762, "osm_type": "node", "name": "旺状元", "amenity": "fast_food", "shop": null, "operator": null, "source": "DATA-SRC-OSM", "official_boundary": false, "usable_for_formal": "background_only", "precision_note": "OSM 社区数据 POI，位置精度数米级；公共服务设施底数背景"}, "geometry": {"type": "Point", "coordinates": [116.384867, 39.935105]}}, {"type": "Feature", "properties": {"layer": "OSM_PUBLIC_FACILITIES", "osm_id": 5087682763, "osm_type": "node", "name": "南门涮肉", "amenity": "restaurant", "shop": null, "operator": null, "source": "DATA-SRC-OSM", "official_boundary": false, "usable_for_formal": "background_only", "precision_note": "OSM 社区数据 POI，位置精度数米级；公共服务设施底数背景"}, "geometry": {"type": "Point", "coordinates": [116.385937, 39.935657]}}, {"type": "Feature", "properties": {"layer": "OSM_PUBLIC_FACILITIES", "osm_id": 5087682764, "osm_type": "node", "name": "兔兔猪家", "amenity": "restaurant", "shop": null, "operator": null, "source": "DATA-SRC-OSM", "official_boundary": false, "usable_for_formal": "background_only", "precision_note": "OSM 社区数据 POI，位置精度数米级；公共服务设施底数背景"}, "geometry": {"type": "Point", "coordinates": [116.387175, 39.936667]}}, {"type": "Feature", "properties": {"layer": "OSM_PUBLIC_FACILITIES", "osm_id": 5087682765, "osm_type": "node", "name": "后海十六号•北京私房菜", "amenity": "restaurant", "shop": null, "operator": null, "source": "DATA-SRC-OSM", "official_boundary": false, "usable_for_formal": "background_only", "precision_note": "OSM 社区数据 POI，位置精度数米级；公共服务设施底数背景"}, "geometry": {"type": "Point", "coordinates": [116.386829, 39.936769]}}, {"type": "Feature", "properties": {"layer": "OSM_PUBLIC_FACILITIES", "osm_id": 5087682767, "osm_type": "node", "name": "胡子爷爷·古法冰糖葫芦", "amenity": "fast_food", "shop": null, "operator": null, "source": "DATA-SRC-OSM", "official_boundary": false, "usable_for_formal": "background_only", "precision_note": "OSM 社区数据 POI，位置精度数米级；公共服务设施底数背景"}, "geometry": {"type": "Point", "coordinates": [116.387217, 39.93735]}}, {"type": "Feature", "properties": {"layer": "OSM_PUBLIC_FACILITIES", "osm_id": 5087682768, "osm_type": "node", "name": "一家面馆", "amenity": "restaurant", "shop": null, "operator": null, "source": "DATA-SRC-OSM", "official_boundary": false, "usable_for_formal": "background_only", "precision_note": "OSM 社区数据 POI，位置精度数米级；公共服务设施底数背景"}, "geometry": {"type": "Point", "coordinates": [116.38695, 39.937445]}}, {"type": "Feature", "properties": {"layer": "OSM_PUBLIC_FACILITIES", "osm_id": 5087682769, "osm_type": "node", "name": null, "amenity": "restaurant", "shop": null, "operator": null, "source": "DATA-SRC-OSM", "official_boundary": false, "usable_for_formal": "background_only", "precision_note": "OSM 社区数据 POI，位置精度数米级；公共服务设施底数背景"}, "geometry": {"type": "Point", "coordinates": [116.380655, 39.943295]}}, {"type": "Feature", "properties": {"layer": "OSM_PUBLIC_FACILITIES", "osm_id": 5087682770, "osm_type": "node", "name": null, "amenity": "restaurant", "shop": null, "operator": null, "source": "DATA-SRC-OSM", "official_boundary": false, "usable_for_formal": "background_only", "precision_note": "OSM 社区数据 POI，位置精度数米级；公共服务设施底数背景"}, "geometry": {"type": "Point", "coordinates": [116.38168, 39.942143]}}, {"type": "Feature", "properties": {"layer": "OSM_PUBLIC_FACILITIES", "osm_id": 5087682771, "osm_type": "node", "name": null, "amenity": "restaurant", "shop": null, "operator": null, "source": "DATA-SRC-OSM", "official_boundary": false, "usable_for_formal": "background_only", "precision_note": "OSM 社区数据 POI，位置精度数米级；公共服务设施底数背景"}, "geometry": {"type": "Point", "coordinates": [116.381272, 39.941788]}}, {"type": "Feature", "properties": {"layer": "OSM_PUBLIC_FACILITIES", "osm_id": 5087682772, "osm_type": "node", "name": null, "amenity": "restaurant", "shop": null, "operator": null, "source": "DATA-SRC-OSM", "official_boundary": false, "usable_for_formal": "background_only", "precision_note": "OSM 社区数据 POI，位置精度数米级；公共服务设施底数背景"}, "geometry": {"type": "Point", "coordinates": [116.382381, 39.942197]}}, {"type": "Feature", "properties": {"layer": "OSM_PUBLIC_FACILITIES", "osm_id": 5087682773, "osm_type": "node", "name": null, "amenity": "restaurant", "shop": null, "operator": null, "source": "DATA-SRC-OSM", "official_boundary": false, "usable_for_formal": "background_only", "precision_note": "OSM 社区数据 POI，位置精度数米级；公共服务设施底数背景"}, "geometry": {"type": "Point", "coordinates": [116.381904, 39.941885]}}, {"type": "Feature", "properties": {"layer": "OSM_PUBLIC_FACILITIES", "osm_id": 5087682774, "osm_type": "node", "name": null, "amenity": "restaurant", "shop": null, "operator": null, "source": "DATA-SRC-OSM", "official_boundary": false, "usable_for_formal": "background_only", "precision_note": "OSM 社区数据 POI，位置精度数米级；公共服务设施底数背景"}, "geometry": {"type": "Point", "coordinates": [116.384992, 39.940314]}}, {"type": "Feature", "properties": {"layer": "OSM_PUBLIC_FACILITIES", "osm_id": 5087682775, "osm_type": "node", "name": "Papà Danilo达尼罗叔叔·意大利面", "amenity": "restaurant", "shop": null, "operator": null, "source": "DATA-SRC-OSM", "official_boundary": false, "usable_for_formal": "background_only", "precision_note": "OSM 社区数据 POI，位置精度数米级；公共服务设施底数背景"}, "geometry": {"type": "Point", "coordinates": [116.38568, 39.938646]}}, {"type": "Feature", "properties": {"layer": "OSM_PUBLIC_FACILITIES", "osm_id": 5087682776, "osm_type": "node", "name": "老北京光亮龙哥肘子", "amenity": "restaurant", "shop": null, "operator": null, "source": "DATA-SRC-OSM", "official_boundary": false, "usable_for_formal": "background_only", "precision_note": "OSM 社区数据 POI，位置精度数米级；公共服务设施底数背景"}, "geometry": {"type": "Point", "coordinates": [116.385975, 39.938786]}}, {"type": "Feature", "properties": {"layer": "OSM_PUBLIC_FACILITIES", "osm_id": 5087682778, "osm_type": "node", "name": null, "amenity": "restaurant", "shop": null, "operator": null, "source": "DATA-SRC-OSM", "official_boundary": false, "usable_for_formal": "background_only", "precision_note": "OSM 社区数据 POI，位置精度数米级；公共服务设施底数背景"}, "geometry": {"type": "Point", "coordinates": [116.385905, 39.939152]}}, {"type": "Feature", "properties": {"layer": "OSM_PUBLIC_FACILITIES", "osm_id": 5087682779, "osm_type": "node", "name": null, "amenity": "restaurant", "shop": null, "operator": null, "source": "DATA-SRC-OSM", "official_boundary": false, "usable_for_formal": "background_only", "precision_note": "OSM 社区数据 POI，位置精度数米级；公共服务设施底数背景"}, "geometry": {"type": "Point", "coordinates": [116.386354, 39.93941]}}, {"type": "Feature", "properties": {"layer": "OSM_PUBLIC_FACILITIES", "osm_id": 5087682780, "osm_type": "node", "name": "清真•鸦儿李记•小馆", "amenity": "restaurant", "shop": null, "operator": null, "source": "DATA-SRC-OSM", "official_boundary": false, "usable_for_formal": "background_only", "precision_note": "OSM 社区数据 POI，位置精度数米级；公共服务设施底数背景"}, "geometry": {"type": "Point", "coordinates": [116.386635, 39.93815]}}, {"type": "Feature", "properties": {"layer": "OSM_PUBLIC_FACILITIES", "osm_id": 5087682781, "osm_type": "node", "name": "兰·泰餐", "amenity": "restaurant", "shop": null, "operator": null, "source": "DATA-SRC-OSM", "official_boundary": false, "usable_for_formal": "background_only", "precision_note": "OSM 社区数据 POI，位置精度数米级；公共服务设施底数背景"}, "geometry": {"type": "Point", "coordinates": [116.387286, 39.937917]}}, {"type": "Feature", "properties": {"layer": "OSM_PUBLIC_FACILITIES", "osm_id": 5087682784, "osm_type": "node", "name": null, "amenity": "restaurant", "shop": null, "operator": null, "source": "DATA-SRC-OSM", "official_boundary": false, "usable_for_formal": "background_only", "precision_note": "OSM 社区数据 POI，位置精度数米级；公共服务设施底数背景"}, "geometry": {"type": "Point", "coordinates": [116.389596, 39.938194]}}, {"type": "Feature", "properties": {"layer": "OSM_PUBLIC_FACILITIES", "osm_id": 5087682785, "osm_type": "node", "name": null, "amenity": "restaurant", "shop": null, "operator": null, "source": "DATA-SRC-OSM", "official_boundary": false, "usable_for_formal": "background_only", "precision_note": "OSM 社区数据 POI，位置精度数米级；公共服务设施底数背景"}, "geometry": {"type": "Point", "coordinates": [116.389428, 39.938021]}}, {"type": "Feature", "properties": {"layer": "OSM_PUBLIC_FACILITIES", "osm_id": 5087682786, "osm_type": "node", "name": null, "amenity": "restaurant", "shop": null, "operator": null, "source": "DATA-SRC-OSM", "official_boundary": false, "usable_for_formal": "background_only", "precision_note": "OSM 社区数据 POI，位置精度数米级；公共服务设施底数背景"}, "geometry": {"type": "Point", "coordinates": [116.389021, 39.938333]}}, {"type": "Feature", "properties": {"layer": "OSM_PUBLIC_FACILITIES", "osm_id": 5087682787, "osm_type": "node", "name": "九榀咖啡", "amenity": "cafe", "shop": null, "operator": null, "source": "DATA-SRC-OSM", "official_boundary": false, "usable_for_formal": "background_only", "precision_note": "OSM 社区数据 POI，位置精度数米级；公共服务设施底数背景"}, "geometry": {"type": "Point", "coordinates": [116.387805, 39.938421]}}, {"type": "Feature", "properties": {"layer": "OSM_PUBLIC_FACILITIES", "osm_id": 5087682788, "osm_type": "node", "name": "后海南门涮肉", "amenity": "restaurant", "shop": null, "operator": null, "source": "DATA-SRC-OSM", "official_boundary": false, "usable_for_formal": "background_only", "precision_note": "OSM 社区数据 POI，位置精度数米级；公共服务设施底数背景"}, "geometry": {"type": "Point", "coordinates": [116.388165, 39.937516]}}, {"type": "Feature", "properties": {"layer": "OSM_PUBLIC_FACILITIES", "osm_id": 5087682789, "osm_type": "node", "name": null, "amenity": "restaurant", "shop": null, "operator": null, "source": "DATA-SRC-OSM", "official_boundary": false, "usable_for_formal": "background_only", "precision_note": "OSM 社区数据 POI，位置精度数米级；公共服务设施底数背景"}, "geometry": {"type": "Point", "coordinates": [116.389695, 39.935298]}}, {"type": "Feature", "properties": {"layer": "OSM_PUBLIC_FACILITIES", "osm_id": 5100834407, "osm_type": "node", "name": "北区食堂", "amenity": "restaurant", "shop": null, "operator": null, "source": "DATA-SRC-OSM", "official_boundary": false, "usable_for_formal": "background_only", "precision_note": "OSM 社区数据 POI，位置精度数米级；公共服务设施底数背景"}, "geometry": {"type": "Point", "coordinates": [116.303276, 39.970993]}}, {"type": "Feature", "properties": {"layer": "OSM_PUBLIC_FACILITIES", "osm_id": 5100835852, "osm_type": "node", "name": "民园餐厅", "amenity": "restaurant", "shop": null, "operator": null, "source": "DATA-SRC-OSM", "official_boundary": false, "usable_for_formal": "background_only", "precision_note": "OSM 社区数据 POI，位置精度数米级；公共服务设施底数背景"}, "geometry": {"type": "Point", "coordinates": [116.307787, 39.966951]}}, {"type": "Feature", "properties": {"layer": "OSM_PUBLIC_FACILITIES", "osm_id": 5100950208, "osm_type": "node", "name": "校卫队", "amenity": "police", "shop": null, "operator": null, "source": "DATA-SRC-OSM", "official_boundary": false, "usable_for_formal": "background_only", "precision_note": "OSM 社区数据 POI，位置精度数米级；公共服务设施底数背景"}, "geometry": {"type": "Point", "coordinates": [116.313287, 39.96844]}}, {"type": "Feature", "properties": {"layer": "OSM_PUBLIC_FACILITIES", "osm_id": 5101645715, "osm_type": "node", "name": "便民市场", "amenity": "marketplace", "shop": null, "operator": null, "source": "DATA-SRC-OSM", "official_boundary": false, "usable_for_formal": "background_only", "precision_note": "OSM 社区数据 POI，位置精度数米级；公共服务设施底数背景"}, "geometry": {"type": "Point", "coordinates": [116.30709, 39.971622]}}, {"type": "Feature", "properties": {"layer": "OSM_PUBLIC_FACILITIES", "osm_id": 5101650510, "osm_type": "node", "name": "北区食堂", "amenity": "restaurant", "shop": null, "operator": null, "source": "DATA-SRC-OSM", "official_boundary": false, "usable_for_formal": "background_only", "precision_note": "OSM 社区数据 POI，位置精度数米级；公共服务设施底数背景"}, "geometry": {"type": "Point", "coordinates": [116.305073, 39.973352]}}, {"type": "Feature", "properties": {"layer": "OSM_PUBLIC_FACILITIES", "osm_id": 5107735324, "osm_type": "node", "name": null, "amenity": "college", "shop": null, "operator": "SGCC State Grid Corporation of China", "source": "DATA-SRC-OSM", "official_boundary": false, "usable_for_formal": "background_only", "precision_note": "OSM 社区数据 POI，位置精度数米级；公共服务设施底数背景"}, "geometry": {"type": "Point", "coordinates": [116.341418, 40.038798]}}, {"type": "Feature", "properties": {"layer": "OSM_PUBLIC_FACILITIES", "osm_id": 5112562926, "osm_type": "node", "name": null, "amenity": "bank", "shop": null, "operator": null, "source": "DATA-SRC-OSM", "official_boundary": false, "usable_for_formal": "background_only", "precision_note": "OSM 社区数据 POI，位置精度数米级；公共服务设施底数背景"}, "geometry": {"type": "Point", "coordinates": [116.347835, 40.040641]}}, {"type": "Feature", "properties": {"layer": "OSM_PUBLIC_FACILITIES", "osm_id": 5117743023, "osm_type": "node", "name": "中国邮政储蓄银行", "amenity": "bank", "shop": null, "operator": null, "source": "DATA-SRC-OSM", "official_boundary": false, "usable_for_formal": "background_only", "precision_note": "OSM 社区数据 POI，位置精度数米级；公共服务设施底数背景"}, "geometry": {"type": "Point", "coordinates": [116.339772, 39.952898]}}, {"type": "Feature", "properties": {"layer": "OSM_PUBLIC_FACILITIES", "osm_id": 5130666923, "osm_type": "node", "name": null, "amenity": "pharmacy", "shop": null, "operator": null, "source": "DATA-SRC-OSM", "official_boundary": false, "usable_for_formal": "background_only", "precision_note": "OSM 社区数据 POI，位置精度数米级；公共服务设施底数背景"}, "geometry": {"type": "Point", "coordinates": [116.359052, 40.015944]}}, {"type": "Feature", "properties": {"layer": "OSM_PUBLIC_FACILITIES", "osm_id": 5134403821, "osm_type": "node", "name": null, "amenity": "cafe", "shop": null, "operator": null, "source": "DATA-SRC-OSM", "official_boundary": false, "usable_for_formal": "background_only", "precision_note": "OSM 社区数据 POI，位置精度数米级；公共服务设施底数背景"}, "geometry": {"type": "Point", "coordinates": [116.39353, 39.939407]}}, {"type": "Feature", "properties": {"layer": "OSM_PUBLIC_FACILITIES", "osm_id": 5136949081, "osm_type": "node", "name": "天文学系", "amenity": "college", "shop": null, "operator": null, "source": "DATA-SRC-OSM", "official_boundary": false, "usable_for_formal": "background_only", "precision_note": "OSM 社区数据 POI，位置精度数米级；公共服务设施底数背景"}, "geometry": {"type": "Point", "coordinates": [116.361049, 39.957889]}}, {"type": "Feature", "properties": {"layer": "OSM_PUBLIC_FACILITIES", "osm_id": 5136949082, "osm_type": "node", "name": "物理学系", "amenity": "college", "shop": null, "operator": null, "source": "DATA-SRC-OSM", "official_boundary": false, "usable_for_formal": "background_only", "precision_note": "OSM 社区数据 POI，位置精度数米级；公共服务设施底数背景"}, "geometry": {"type": "Point", "coordinates": [116.361271, 39.957881]}}, {"type": "Feature", "properties": {"layer": "OSM_PUBLIC_FACILITIES", "osm_id": 5168781621, "osm_type": "node", "name": null, "amenity": "cafe", "shop": null, "operator": null, "source": "DATA-SRC-OSM", "official_boundary": false, "usable_for_formal": "background_only", "precision_note": "OSM 社区数据 POI，位置精度数米级；公共服务设施底数背景"}, "geometry": {"type": "Point", "coordinates": [116.387272, 39.93724]}}, {"type": "Feature", "properties": {"layer": "OSM_PUBLIC_FACILITIES", "osm_id": 5177922830, "osm_type": "node", "name": "江苏银行", "amenity": "bank", "shop": null, "operator": null, "source": "DATA-SRC-OSM", "official_boundary": false, "usable_for_formal": "background_only", "precision_note": "OSM 社区数据 POI，位置精度数米级；公共服务设施底数背景"}, "geometry": {"type": "Point", "coordinates": [116.30254, 39.979636]}}, {"type": "Feature", "properties": {"layer": "OSM_PUBLIC_FACILITIES", "osm_id": 5177922831, "osm_type": "node", "name": "招商银行", "amenity": "bank", "shop": null, "operator": null, "source": "DATA-SRC-OSM", "official_boundary": false, "usable_for_formal": "background_only", "precision_note": "OSM 社区数据 POI，位置精度数米级；公共服务设施底数背景"}, "geometry": {"type": "Point", "coordinates": [116.307541, 39.977043]}}, {"type": "Feature", "properties": {"layer": "OSM_PUBLIC_FACILITIES", "osm_id": 5184435991, "osm_type": "node", "name": "静莲斋", "amenity": "restaurant", "shop": null, "operator": null, "source": "DATA-SRC-OSM", "official_boundary": false, "usable_for_formal": "background_only", "precision_note": "OSM 社区数据 POI，位置精度数米级；公共服务设施底数背景"}, "geometry": {"type": "Point", "coordinates": [116.333517, 39.946614]}}, {"type": "Feature", "properties": {"layer": "OSM_PUBLIC_FACILITIES", "osm_id": 5184441087, "osm_type": "node", "name": null, "amenity": "restaurant", "shop": null, "operator": null, "source": "DATA-SRC-OSM", "official_boundary": false, "usable_for_formal": "background_only", "precision_note": "OSM 社区数据 POI，位置精度数米级；公共服务设施底数背景"}, "geometry": {"type": "Point", "coordinates": [116.367152, 39.956325]}}, {"type": "Feature", "properties": {"layer": "OSM_PUBLIC_FACILITIES", "osm_id": 5184441088, "osm_type": "node", "name": null, "amenity": "cafe", "shop": null, "operator": null, "source": "DATA-SRC-OSM", "official_boundary": false, "usable_for_formal": "background_only", "precision_note": "OSM 社区数据 POI，位置精度数米级；公共服务设施底数背景"}, "geometry": {"type": "Point", "coordinates": [116.367431, 39.956325]}}, {"type": "Feature", "properties": {"layer": "OSM_PUBLIC_FACILITIES", "osm_id": 5184443479, "osm_type": "node", "name": null, "amenity": "pharmacy", "shop": null, "operator": null, "source": "DATA-SRC-OSM", "official_boundary": false, "usable_for_formal": "background_only", "precision_note": "OSM 社区数据 POI，位置精度数米级；公共服务设施底数背景"}, "geometry": {"type": "Point", "coordinates": [116.393541, 39.961847]}}, {"type": "Feature", "properties": {"layer": "OSM_PUBLIC_FACILITIES", "osm_id": 5184445757, "osm_type": "node", "name": null, "amenity": "pharmacy", "shop": null, "operator": null, "source": "DATA-SRC-OSM", "official_boundary": false, "usable_for_formal": "background_only", "precision_note": "OSM 社区数据 POI，位置精度数米级；公共服务设施底数背景"}, "geometry": {"type": "Point", "coordinates": [116.375407, 39.977026]}}, {"type": "Feature", "properties": {"layer": "OSM_PUBLIC_FACILITIES", "osm_id": 5193863223, "osm_type": "node", "name": "餡老滿", "amenity": "restaurant", "shop": null, "operator": null, "source": "DATA-SRC-OSM", "official_boundary": false, "usable_for_formal": "background_only", "precision_note": "OSM 社区数据 POI，位置精度数米级；公共服务设施底数背景"}, "geometry": {"type": "Point", "coordinates": [116.387614, 39.943479]}}, {"type": "Feature", "properties": {"layer": "OSM_PUBLIC_FACILITIES", "osm_id": 5209904927, "osm_type": "node", "name": "匆匆那年串串香", "amenity": "restaurant", "shop": null, "operator": null, "source": "DATA-SRC-OSM", "official_boundary": false, "usable_for_formal": "background_only", "precision_note": "OSM 社区数据 POI，位置精度数米级；公共服务设施底数背景"}, "geometry": {"type": "Point", "coordinates": [116.302658, 39.980601]}}, {"type": "Feature", "properties": {"layer": "OSM_PUBLIC_FACILITIES", "osm_id": 5209928821, "osm_type": "node", "name": "虎头军煎饼", "amenity": "fast_food", "shop": null, "operator": null, "source": "DATA-SRC-OSM", "official_boundary": false, "usable_for_formal": "background_only", "precision_note": "OSM 社区数据 POI，位置精度数米级；公共服务设施底数背景"}, "geometry": {"type": "Point", "coordinates": [116.301837, 39.981567]}}, {"type": "Feature", "properties": {"layer": "OSM_PUBLIC_FACILITIES", "osm_id": 5209928823, "osm_type": "node", "name": "管氏翅吧", "amenity": "restaurant", "shop": null, "operator": null, "source": "DATA-SRC-OSM", "official_boundary": false, "usable_for_formal": "background_only", "precision_note": "OSM 社区数据 POI，位置精度数米级；公共服务设施底数背景"}, "geometry": {"type": "Point", "coordinates": [116.302644, 39.980739]}}, {"type": "Feature", "properties": {"layer": "OSM_PUBLIC_FACILITIES", "osm_id": 5209939721, "osm_type": "node", "name": "杨国福麻辣烫", "amenity": "restaurant", "shop": null, "operator": null, "source": "DATA-SRC-OSM", "official_boundary": false, "usable_for_formal": "background_only", "precision_note": "OSM 社区数据 POI，位置精度数米级；公共服务设施底数背景"}, "geometry": {"type": "Point", "coordinates": [116.302831, 39.980811]}}, {"type": "Feature", "properties": {"layer": "OSM_PUBLIC_FACILITIES", "osm_id": 5257082242, "osm_type": "node", "name": "第四教室", "amenity": "college", "shop": null, "operator": null, "source": "DATA-SRC-OSM", "official_boundary": false, "usable_for_formal": "background_only", "precision_note": "OSM 社区数据 POI，位置精度数米级；公共服务设施底数背景"}, "geometry": {"type": "Point", "coordinates": [116.350411, 39.983998]}}, {"type": "Feature", "properties": {"layer": "OSM_PUBLIC_FACILITIES", "osm_id": 5257082243, "osm_type": "node", "name": "第三教室", "amenity": "college", "shop": null, "operator": null, "source": "DATA-SRC-OSM", "official_boundary": false, "usable_for_formal": "background_only", "precision_note": "OSM 社区数据 POI，位置精度数米级；公共服务设施底数背景"}, "geometry": {"type": "Point", "coordinates": [116.351637, 39.984057]}}, {"type": "Feature", "properties": {"layer": "OSM_PUBLIC_FACILITIES", "osm_id": 5257097523, "osm_type": "node", "name": "医学部医院", "amenity": "hospital", "shop": null, "operator": null, "source": "DATA-SRC-OSM", "official_boundary": false, "usable_for_formal": "background_only", "precision_note": "OSM 社区数据 POI，位置精度数米级；公共服务设施底数背景"}, "geometry": {"type": "Point", "coordinates": [116.354115, 39.984274]}}, {"type": "Feature", "properties": {"layer": "OSM_PUBLIC_FACILITIES", "osm_id": 5257097550, "osm_type": "node", "name": "面包房", "amenity": "restaurant", "shop": null, "operator": null, "source": "DATA-SRC-OSM", "official_boundary": false, "usable_for_formal": "background_only", "precision_note": "OSM 社区数据 POI，位置精度数米级；公共服务设施底数背景"}, "geometry": {"type": "Point", "coordinates": [116.355613, 39.984198]}}, {"type": "Feature", "properties": {"layer": "OSM_PUBLIC_FACILITIES", "osm_id": 5257147008, "osm_type": "node", "name": "第十二教室", "amenity": "college", "shop": null, "operator": null, "source": "DATA-SRC-OSM", "official_boundary": false, "usable_for_formal": "background_only", "precision_note": "OSM 社区数据 POI，位置精度数米级；公共服务设施底数背景"}, "geometry": {"type": "Point", "coordinates": [116.351763, 39.981824]}}, {"type": "Feature", "properties": {"layer": "OSM_PUBLIC_FACILITIES", "osm_id": 5257147009, "osm_type": "node", "name": "第五教室", "amenity": "college", "shop": null, "operator": null, "source": "DATA-SRC-OSM", "official_boundary": false, "usable_for_formal": "background_only", "precision_note": "OSM 社区数据 POI，位置精度数米级；公共服务设施底数背景"}, "geometry": {"type": "Point", "coordinates": [116.350447, 39.98355]}}, {"type": "Feature", "properties": {"layer": "OSM_PUBLIC_FACILITIES", "osm_id": 5257149295, "osm_type": "node", "name": "报告厅", "amenity": "college", "shop": null, "operator": null, "source": "DATA-SRC-OSM", "official_boundary": false, "usable_for_formal": "background_only", "precision_note": "OSM 社区数据 POI，位置精度数米级；公共服务设施底数背景"}, "geometry": {"type": "Point", "coordinates": [116.35249, 39.982472]}}, {"type": "Feature", "properties": {"layer": "OSM_PUBLIC_FACILITIES", "osm_id": 5258936057, "osm_type": "node", "name": "厚朴西餐厅", "amenity": "restaurant", "shop": null, "operator": null, "source": "DATA-SRC-OSM", "official_boundary": false, "usable_for_formal": "background_only", "precision_note": "OSM 社区数据 POI，位置精度数米级；公共服务设施底数背景"}, "geometry": {"type": "Point", "coordinates": [116.343001, 39.992269]}}, {"type": "Feature", "properties": {"layer": "OSM_PUBLIC_FACILITIES", "osm_id": 5261588232, "osm_type": "node", "name": "北京大学BSL-3实验室", "amenity": "university", "shop": null, "operator": null, "source": "DATA-SRC-OSM", "official_boundary": false, "usable_for_formal": "background_only", "precision_note": "OSM 社区数据 POI，位置精度数米级；公共服务设施底数背景"}, "geometry": {"type": "Point", "coordinates": [116.350506, 39.982161]}}, {"type": "Feature", "properties": {"layer": "OSM_PUBLIC_FACILITIES", "osm_id": 5273200122, "osm_type": "node", "name": "麦当劳", "amenity": "fast_food", "shop": null, "operator": null, "source": "DATA-SRC-OSM", "official_boundary": false, "usable_for_formal": "background_only", "precision_note": "OSM 社区数据 POI，位置精度数米级；公共服务设施底数背景"}, "geometry": {"type": "Point", "coordinates": [116.330014, 40.035148]}}, {"type": "Feature", "properties": {"layer": "OSM_PUBLIC_FACILITIES", "osm_id": 5273204122, "osm_type": "node", "name": "庆丰包子铺", "amenity": "fast_food", "shop": null, "operator": null, "source": "DATA-SRC-OSM", "official_boundary": false, "usable_for_formal": "background_only", "precision_note": "OSM 社区数据 POI，位置精度数米级；公共服务设施底数背景"}, "geometry": {"type": "Point", "coordinates": [116.326824, 40.039364]}}, {"type": "Feature", "properties": {"layer": "OSM_PUBLIC_FACILITIES", "osm_id": 5273204123, "osm_type": "node", "name": "中国农业银行", "amenity": "bank", "shop": null, "operator": null, "source": "DATA-SRC-OSM", "official_boundary": false, "usable_for_formal": "background_only", "precision_note": "OSM 社区数据 POI，位置精度数米级；公共服务设施底数背景"}, "geometry": {"type": "Point", "coordinates": [116.329746, 40.035543]}}, {"type": "Feature", "properties": {"layer": "OSM_PUBLIC_FACILITIES", "osm_id": 5289888110, "osm_type": "node", "name": "庆丰包子铺", "amenity": "fast_food", "shop": null, "operator": null, "source": "DATA-SRC-OSM", "official_boundary": false, "usable_for_formal": "background_only", "precision_note": "OSM 社区数据 POI，位置精度数米级；公共服务设施底数背景"}, "geometry": {"type": "Point", "coordinates": [116.303335, 40.050805]}}, {"type": "Feature", "properties": {"layer": "OSM_PUBLIC_FACILITIES", "osm_id": 5342303287, "osm_type": "node", "name": "玉华台饭店", "amenity": "restaurant", "shop": null, "operator": null, "source": "DATA-SRC-OSM", "official_boundary": false, "usable_for_formal": "background_only", "precision_note": "OSM 社区数据 POI，位置精度数米级；公共服务设施底数背景"}, "geometry": {"type": "Point", "coordinates": [116.377767, 39.971147]}}, {"type": "Feature", "properties": {"layer": "OSM_PUBLIC_FACILITIES", "osm_id": 5384910021, "osm_type": "node", "name": "肯德基", "amenity": "fast_food", "shop": null, "operator": null, "source": "DATA-SRC-OSM", "official_boundary": false, "usable_for_formal": "background_only", "precision_note": "OSM 社区数据 POI，位置精度数米级；公共服务设施底数背景"}, "geometry": {"type": "Point", "coordinates": [116.348096, 39.980666]}}, {"type": "Feature", "properties": {"layer": "OSM_PUBLIC_FACILITIES", "osm_id": 5450195821, "osm_type": "node", "name": "安定门派出所", "amenity": "police", "shop": null, "operator": null, "source": "DATA-SRC-OSM", "official_boundary": false, "usable_for_formal": "background_only", "precision_note": "OSM 社区数据 POI，位置精度数米级；公共服务设施底数背景"}, "geometry": {"type": "Point", "coordinates": [116.392169, 39.942597]}}, {"type": "Feature", "properties": {"layer": "OSM_PUBLIC_FACILITIES", "osm_id": 5468194722, "osm_type": "node", "name": null, "amenity": "restaurant", "shop": null, "operator": null, "source": "DATA-SRC-OSM", "official_boundary": false, "usable_for_formal": "background_only", "precision_note": "OSM 社区数据 POI，位置精度数米级；公共服务设施底数背景"}, "geometry": {"type": "Point", "coordinates": [116.387912, 39.942364]}}, {"type": "Feature", "properties": {"layer": "OSM_PUBLIC_FACILITIES", "osm_id": 5498148770, "osm_type": "node", "name": "中国工商银行", "amenity": "bank", "shop": null, "operator": "ICBC", "source": "DATA-SRC-OSM", "official_boundary": false, "usable_for_formal": "background_only", "precision_note": "OSM 社区数据 POI，位置精度数米级；公共服务设施底数背景"}, "geometry": {"type": "Point", "coordinates": [116.349115, 39.980392]}}, {"type": "Feature", "properties": {"layer": "OSM_PUBLIC_FACILITIES", "osm_id": 5498148774, "osm_type": "node", "name": "中国邮政", "amenity": "post_office", "shop": null, "operator": null, "source": "DATA-SRC-OSM", "official_boundary": false, "usable_for_formal": "background_only", "precision_note": "OSM 社区数据 POI，位置精度数米级；公共服务设施底数背景"}, "geometry": {"type": "Point", "coordinates": [116.338536, 39.980522]}}, {"type": "Feature", "properties": {"layer": "OSM_PUBLIC_FACILITIES", "osm_id": 5498148775, "osm_type": "node", "name": "中国工商银行", "amenity": "bank", "shop": null, "operator": "ICBC", "source": "DATA-SRC-OSM", "official_boundary": false, "usable_for_formal": "background_only", "precision_note": "OSM 社区数据 POI，位置精度数米级；公共服务设施底数背景"}, "geometry": {"type": "Point", "coordinates": [116.338531, 39.980626]}}, {"type": "Feature", "properties": {"layer": "OSM_PUBLIC_FACILITIES", "osm_id": 5567993077, "osm_type": "node", "name": "四爷牛拉", "amenity": "restaurant", "shop": null, "operator": null, "source": "DATA-SRC-OSM", "official_boundary": false, "usable_for_formal": "background_only", "precision_note": "OSM 社区数据 POI，位置精度数米级；公共服务设施底数背景"}, "geometry": {"type": "Point", "coordinates": [116.346548, 40.011404]}}, {"type": "Feature", "properties": {"layer": "OSM_PUBLIC_FACILITIES", "osm_id": 5570654723, "osm_type": "node", "name": "平安银行", "amenity": "bank", "shop": null, "operator": null, "source": "DATA-SRC-OSM", "official_boundary": false, "usable_for_formal": "background_only", "precision_note": "OSM 社区数据 POI，位置精度数米级；公共服务设施底数背景"}, "geometry": {"type": "Point", "coordinates": [116.314408, 39.975209]}}, {"type": "Feature", "properties": {"layer": "OSM_PUBLIC_FACILITIES", "osm_id": 5570654724, "osm_type": "node", "name": "中国民生银行", "amenity": "bank", "shop": null, "operator": null, "source": "DATA-SRC-OSM", "official_boundary": false, "usable_for_formal": "background_only", "precision_note": "OSM 社区数据 POI，位置精度数米级；公共服务设施底数背景"}, "geometry": {"type": "Point", "coordinates": [116.314729, 39.975206]}}, {"type": "Feature", "properties": {"layer": "OSM_PUBLIC_FACILITIES", "osm_id": 5572442922, "osm_type": "node", "name": "华夏银行", "amenity": "bank", "shop": null, "operator": null, "source": "DATA-SRC-OSM", "official_boundary": false, "usable_for_formal": "background_only", "precision_note": "OSM 社区数据 POI，位置精度数米级；公共服务设施底数背景"}, "geometry": {"type": "Point", "coordinates": [116.315603, 39.975349]}}, {"type": "Feature", "properties": {"layer": "OSM_PUBLIC_FACILITIES", "osm_id": 5572442923, "osm_type": "node", "name": "北京银行", "amenity": "bank", "shop": null, "operator": null, "source": "DATA-SRC-OSM", "official_boundary": false, "usable_for_formal": "background_only", "precision_note": "OSM 社区数据 POI，位置精度数米级；公共服务设施底数背景"}, "geometry": {"type": "Point", "coordinates": [116.31937, 39.979327]}}, {"type": "Feature", "properties": {"layer": "OSM_PUBLIC_FACILITIES", "osm_id": 5572442924, "osm_type": "node", "name": "交通银行", "amenity": "bank", "shop": null, "operator": null, "source": "DATA-SRC-OSM", "official_boundary": false, "usable_for_formal": "background_only", "precision_note": "OSM 社区数据 POI，位置精度数米级；公共服务设施底数背景"}, "geometry": {"type": "Point", "coordinates": [116.318405, 39.980075]}}, {"type": "Feature", "properties": {"layer": "OSM_PUBLIC_FACILITIES", "osm_id": 5580724321, "osm_type": "node", "name": "炸酱面", "amenity": "restaurant", "shop": null, "operator": null, "source": "DATA-SRC-OSM", "official_boundary": false, "usable_for_formal": "background_only", "precision_note": "OSM 社区数据 POI，位置精度数米级；公共服务设施底数背景"}, "geometry": {"type": "Point", "coordinates": [116.390667, 39.936827]}}, {"type": "Feature", "properties": {"layer": "OSM_PUBLIC_FACILITIES", "osm_id": 5621641552, "osm_type": "node", "name": "好适口主食上林溪店", "amenity": "restaurant", "shop": null, "operator": null, "source": "DATA-SRC-OSM", "official_boundary": false, "usable_for_formal": "background_only", "precision_note": "OSM 社区数据 POI，位置精度数米级；公共服务设施底数背景"}, "geometry": {"type": "Point", "coordinates": [116.316782, 40.042884]}}, {"type": "Feature", "properties": {"layer": "OSM_PUBLIC_FACILITIES", "osm_id": 5669368566, "osm_type": "node", "name": "奎科大厦-纯5度咖啡店", "amenity": "cafe", "shop": null, "operator": null, "source": "DATA-SRC-OSM", "official_boundary": false, "usable_for_formal": "background_only", "precision_note": "OSM 社区数据 POI，位置精度数米级；公共服务设施底数背景"}, "geometry": {"type": "Point", "coordinates": [116.300654, 40.040714]}}, {"type": "Feature", "properties": {"layer": "OSM_PUBLIC_FACILITIES", "osm_id": 5672637016, "osm_type": "node", "name": "离退休职工管理处", "amenity": "cafe", "shop": null, "operator": null, "source": "DATA-SRC-OSM", "official_boundary": false, "usable_for_formal": "background_only", "precision_note": "OSM 社区数据 POI，位置精度数米级；公共服务设施底数背景"}, "geometry": {"type": "Point", "coordinates": [116.352486, 39.996989]}}, {"type": "Feature", "properties": {"layer": "OSM_PUBLIC_FACILITIES", "osm_id": 5672735859, "osm_type": "node", "name": "图书馆", "amenity": "library", "shop": null, "operator": null, "source": "DATA-SRC-OSM", "official_boundary": false, "usable_for_formal": "background_only", "precision_note": "OSM 社区数据 POI，位置精度数米级；公共服务设施底数背景"}, "geometry": {"type": "Point", "coordinates": [116.350016, 39.998463]}}, {"type": "Feature", "properties": {"layer": "OSM_PUBLIC_FACILITIES", "osm_id": 5743670396, "osm_type": "node", "name": null, "amenity": "fast_food", "shop": null, "operator": null, "source": "DATA-SRC-OSM", "official_boundary": false, "usable_for_formal": "background_only", "precision_note": "OSM 社区数据 POI，位置精度数米级；公共服务设施底数背景"}, "geometry": {"type": "Point", "coordinates": [116.385372, 40.010428]}}, {"type": "Feature", "properties": {"layer": "OSM_PUBLIC_FACILITIES", "osm_id": 5770454055, "osm_type": "node", "name": "近邻宝", "amenity": "post_office", "shop": null, "operator": null, "source": "DATA-SRC-OSM", "official_boundary": false, "usable_for_formal": "background_only", "precision_note": "OSM 社区数据 POI，位置精度数米级；公共服务设施底数背景"}, "geometry": {"type": "Point", "coordinates": [116.355147, 40.002946]}}, {"type": "Feature", "properties": {"layer": "OSM_PUBLIC_FACILITIES", "osm_id": 5774865553, "osm_type": "node", "name": "慶雲樓", "amenity": "restaurant", "shop": null, "operator": null, "source": "DATA-SRC-OSM", "official_boundary": false, "usable_for_formal": "background_only", "precision_note": "OSM 社区数据 POI，位置精度数米级；公共服务设施底数背景"}, "geometry": {"type": "Point", "coordinates": [116.387882, 39.937434]}}, {"type": "Feature", "properties": {"layer": "OSM_PUBLIC_FACILITIES", "osm_id": 5794747098, "osm_type": "node", "name": "白鹿江西餐厅", "amenity": "restaurant", "shop": null, "operator": null, "source": "DATA-SRC-OSM", "official_boundary": false, "usable_for_formal": "background_only", "precision_note": "OSM 社区数据 POI，位置精度数米级；公共服务设施底数背景"}, "geometry": {"type": "Point", "coordinates": [116.359826, 39.963697]}}, {"type": "Feature", "properties": {"layer": "OSM_PUBLIC_FACILITIES", "osm_id": 5814609453, "osm_type": "node", "name": null, "amenity": "restaurant", "shop": null, "operator": null, "source": "DATA-SRC-OSM", "official_boundary": false, "usable_for_formal": "background_only", "precision_note": "OSM 社区数据 POI，位置精度数米级；公共服务设施底数背景"}, "geometry": {"type": "Point", "coordinates": [116.387634, 39.941221]}}, {"type": "Feature", "properties": {"layer": "OSM_PUBLIC_FACILITIES", "osm_id": 5814675354, "osm_type": "node", "name": null, "amenity": "cafe", "shop": null, "operator": null, "source": "DATA-SRC-OSM", "official_boundary": false, "usable_for_formal": "background_only", "precision_note": "OSM 社区数据 POI，位置精度数米级；公共服务设施底数背景"}, "geometry": {"type": "Point", "coordinates": [116.387734, 39.940797]}}, {"type": "Feature", "properties": {"layer": "OSM_PUBLIC_FACILITIES", "osm_id": 5875834186, "osm_type": "node", "name": "方砖厂69号炸酱面", "amenity": "restaurant", "shop": null, "operator": null, "source": "DATA-SRC-OSM", "official_boundary": false, "usable_for_formal": "background_only", "precision_note": "OSM 社区数据 POI，位置精度数米级；公共服务设施底数背景"}, "geometry": {"type": "Point", "coordinates": [116.393598, 39.936782]}}, {"type": "Feature", "properties": {"layer": "OSM_PUBLIC_FACILITIES", "osm_id": 5876380407, "osm_type": "node", "name": "马兰拉面", "amenity": "restaurant", "shop": null, "operator": null, "source": "DATA-SRC-OSM", "official_boundary": false, "usable_for_formal": "background_only", "precision_note": "OSM 社区数据 POI，位置精度数米级；公共服务设施底数背景"}, "geometry": {"type": "Point", "coordinates": [116.341911, 39.972512]}}, {"type": "Feature", "properties": {"layer": "OSM_PUBLIC_FACILITIES", "osm_id": 5924067997, "osm_type": "node", "name": "老石水饺", "amenity": "restaurant", "shop": null, "operator": null, "source": "DATA-SRC-OSM", "official_boundary": false, "usable_for_formal": "background_only", "precision_note": "OSM 社区数据 POI，位置精度数米级；公共服务设施底数背景"}, "geometry": {"type": "Point", "coordinates": [116.393694, 39.940086]}}, {"type": "Feature", "properties": {"layer": "OSM_PUBLIC_FACILITIES", "osm_id": 5929096285, "osm_type": "node", "name": null, "amenity": "restaurant", "shop": null, "operator": null, "source": "DATA-SRC-OSM", "official_boundary": false, "usable_for_formal": "background_only", "precision_note": "OSM 社区数据 POI，位置精度数米级；公共服务设施底数背景"}, "geometry": {"type": "Point", "coordinates": [116.364917, 39.950266]}}, {"type": "Feature", "properties": {"layer": "OSM_PUBLIC_FACILITIES", "osm_id": 5929097885, "osm_type": "node", "name": null, "amenity": "restaurant", "shop": null, "operator": null, "source": "DATA-SRC-OSM", "official_boundary": false, "usable_for_formal": "background_only", "precision_note": "OSM 社区数据 POI，位置精度数米级；公共服务设施底数背景"}, "geometry": {"type": "Point", "coordinates": [116.354249, 39.965696]}}, {"type": "Feature", "properties": {"layer": "OSM_PUBLIC_FACILITIES", "osm_id": 5938457342, "osm_type": "node", "name": "北京大学邮政所", "amenity": "post_office", "shop": null, "operator": null, "source": "DATA-SRC-OSM", "official_boundary": false, "usable_for_formal": "background_only", "precision_note": "OSM 社区数据 POI，位置精度数米级；公共服务设施底数背景"}, "geometry": {"type": "Point", "coordinates": [116.300806, 39.986084]}}, {"type": "Feature", "properties": {"layer": "OSM_PUBLIC_FACILITIES", "osm_id": 5938457343, "osm_type": "node", "name": "中国农业银行", "amenity": "bank", "shop": null, "operator": null, "source": "DATA-SRC-OSM", "official_boundary": false, "usable_for_formal": "background_only", "precision_note": "OSM 社区数据 POI，位置精度数米级；公共服务设施底数背景"}, "geometry": {"type": "Point", "coordinates": [116.300248, 39.988129]}}, {"type": "Feature", "properties": {"layer": "OSM_PUBLIC_FACILITIES", "osm_id": 5977992385, "osm_type": "node", "name": null, "amenity": "cafe", "shop": null, "operator": null, "source": "DATA-SRC-OSM", "official_boundary": false, "usable_for_formal": "background_only", "precision_note": "OSM 社区数据 POI，位置精度数米级；公共服务设施底数背景"}, "geometry": {"type": "Point", "coordinates": [116.389629, 39.938029]}}, {"type": "Feature", "properties": {"layer": "OSM_PUBLIC_FACILITIES", "osm_id": 5994704085, "osm_type": "node", "name": "Costa咖啡", "amenity": "cafe", "shop": null, "operator": null, "source": "DATA-SRC-OSM", "official_boundary": false, "usable_for_formal": "background_only", "precision_note": "OSM 社区数据 POI，位置精度数米级；公共服务设施底数背景"}, "geometry": {"type": "Point", "coordinates": [116.387592, 39.998904]}}, {"type": "Feature", "properties": {"layer": "OSM_PUBLIC_FACILITIES", "osm_id": 6006835386, "osm_type": "node", "name": null, "amenity": "police", "shop": null, "operator": null, "source": "DATA-SRC-OSM", "official_boundary": false, "usable_for_formal": "background_only", "precision_note": "OSM 社区数据 POI，位置精度数米级；公共服务设施底数背景"}, "geometry": {"type": "Point", "coordinates": [116.334542, 39.991947]}}, {"type": "Feature", "properties": {"layer": "OSM_PUBLIC_FACILITIES", "osm_id": 6041082642, "osm_type": "node", "name": "京师大厦自助餐厅", "amenity": "restaurant", "shop": null, "operator": null, "source": "DATA-SRC-OSM", "official_boundary": false, "usable_for_formal": "background_only", "precision_note": "OSM 社区数据 POI，位置精度数米级；公共服务设施底数背景"}, "geometry": {"type": "Point", "coordinates": [116.364014, 39.957319]}}, {"type": "Feature", "properties": {"layer": "OSM_PUBLIC_FACILITIES", "osm_id": 6041082643, "osm_type": "node", "name": "兼味轩", "amenity": "restaurant", "shop": null, "operator": null, "source": "DATA-SRC-OSM", "official_boundary": false, "usable_for_formal": "background_only", "precision_note": "OSM 社区数据 POI，位置精度数米级；公共服务设施底数背景"}, "geometry": {"type": "Point", "coordinates": [116.364025, 39.95721]}}, {"type": "Feature", "properties": {"layer": "OSM_PUBLIC_FACILITIES", "osm_id": 6041082645, "osm_type": "node", "name": "新乐群食堂", "amenity": "restaurant", "shop": null, "operator": null, "source": "DATA-SRC-OSM", "official_boundary": false, "usable_for_formal": "background_only", "precision_note": "OSM 社区数据 POI，位置精度数米级；公共服务设施底数背景"}, "geometry": {"type": "Point", "coordinates": [116.355927, 39.957333]}}, {"type": "Feature", "properties": {"layer": "OSM_PUBLIC_FACILITIES", "osm_id": 6041082646, "osm_type": "node", "name": "西北风味餐厅", "amenity": "restaurant", "shop": null, "operator": null, "source": "DATA-SRC-OSM", "official_boundary": false, "usable_for_formal": "background_only", "precision_note": "OSM 社区数据 POI，位置精度数米级；公共服务设施底数背景"}, "geometry": {"type": "Point", "coordinates": [116.356668, 39.957336]}}, {"type": "Feature", "properties": {"layer": "OSM_PUBLIC_FACILITIES", "osm_id": 6041082647, "osm_type": "node", "name": "学五食堂", "amenity": "restaurant", "shop": null, "operator": null, "source": "DATA-SRC-OSM", "official_boundary": false, "usable_for_formal": "background_only", "precision_note": "OSM 社区数据 POI，位置精度数米级；公共服务设施底数背景"}, "geometry": {"type": "Point", "coordinates": [116.356664, 39.957752]}}, {"type": "Feature", "properties": {"layer": "OSM_PUBLIC_FACILITIES", "osm_id": 6041082648, "osm_type": "node", "name": "想都香", "amenity": "restaurant", "shop": null, "operator": null, "source": "DATA-SRC-OSM", "official_boundary": false, "usable_for_formal": "background_only", "precision_note": "OSM 社区数据 POI，位置精度数米级；公共服务设施底数背景"}, "geometry": {"type": "Point", "coordinates": [116.356546, 39.957782]}}, {"type": "Feature", "properties": {"layer": "OSM_PUBLIC_FACILITIES", "osm_id": 6041082649, "osm_type": "node", "name": "学生第六食堂(留学生食堂)", "amenity": "restaurant", "shop": null, "operator": null, "source": "DATA-SRC-OSM", "official_boundary": false, "usable_for_formal": "background_only", "precision_note": "OSM 社区数据 POI，位置精度数米级；公共服务设施底数背景"}, "geometry": {"type": "Point", "coordinates": [116.363271, 39.959883]}}, {"type": "Feature", "properties": {"layer": "OSM_PUBLIC_FACILITIES", "osm_id": 6041082650, "osm_type": "node", "name": "八喜日本料理", "amenity": "restaurant", "shop": null, "operator": null, "source": "DATA-SRC-OSM", "official_boundary": false, "usable_for_formal": "background_only", "precision_note": "OSM 社区数据 POI，位置精度数米级；公共服务设施底数背景"}, "geometry": {"type": "Point", "coordinates": [116.36396, 39.962164]}}, {"type": "Feature", "properties": {"layer": "OSM_PUBLIC_FACILITIES", "osm_id": 6041100036, "osm_type": "node", "name": "楼上楼茶餐厅", "amenity": "restaurant", "shop": null, "operator": null, "source": "DATA-SRC-OSM", "official_boundary": false, "usable_for_formal": "background_only", "precision_note": "OSM 社区数据 POI，位置精度数米级；公共服务设施底数背景"}, "geometry": {"type": "Point", "coordinates": [116.352893, 39.961991]}}, {"type": "Feature", "properties": {"layer": "OSM_PUBLIC_FACILITIES", "osm_id": 6050498685, "osm_type": "node", "name": "中国建设银行", "amenity": "bank", "shop": null, "operator": null, "source": "DATA-SRC-OSM", "official_boundary": false, "usable_for_formal": "background_only", "precision_note": "OSM 社区数据 POI，位置精度数米级；公共服务设施底数背景"}, "geometry": {"type": "Point", "coordinates": [116.310159, 39.976388]}}, {"type": "Feature", "properties": {"layer": "OSM_PUBLIC_FACILITIES", "osm_id": 6050498686, "osm_type": "node", "name": "麦当劳", "amenity": "fast_food", "shop": null, "operator": null, "source": "DATA-SRC-OSM", "official_boundary": false, "usable_for_formal": "background_only", "precision_note": "OSM 社区数据 POI，位置精度数米级；公共服务设施底数背景"}, "geometry": {"type": "Point", "coordinates": [116.311112, 39.97428]}}, {"type": "Feature", "properties": {"layer": "OSM_PUBLIC_FACILITIES", "osm_id": 6050498687, "osm_type": "node", "name": "恒丰银行", "amenity": "bank", "shop": null, "operator": null, "source": "DATA-SRC-OSM", "official_boundary": false, "usable_for_formal": "background_only", "precision_note": "OSM 社区数据 POI，位置精度数米级；公共服务设施底数背景"}, "geometry": {"type": "Point", "coordinates": [116.328068, 39.974796]}}, {"type": "Feature", "properties": {"layer": "OSM_PUBLIC_FACILITIES", "osm_id": 6050498689, "osm_type": "node", "name": "必胜客", "amenity": "restaurant", "shop": null, "operator": null, "source": "DATA-SRC-OSM", "official_boundary": false, "usable_for_formal": "background_only", "precision_note": "OSM 社区数据 POI，位置精度数米级；公共服务设施底数背景"}, "geometry": {"type": "Point", "coordinates": [116.318544, 39.949577]}}, {"type": "Feature", "properties": {"layer": "OSM_PUBLIC_FACILITIES", "osm_id": 6050498785, "osm_type": "node", "name": "麦当劳", "amenity": "fast_food", "shop": null, "operator": null, "source": "DATA-SRC-OSM", "official_boundary": false, "usable_for_formal": "background_only", "precision_note": "OSM 社区数据 POI，位置精度数米级；公共服务设施底数背景"}, "geometry": {"type": "Point", "coordinates": [116.327923, 39.975974]}}, {"type": "Feature", "properties": {"layer": "OSM_PUBLIC_FACILITIES", "osm_id": 6050498885, "osm_type": "node", "name": null, "amenity": "bank", "shop": null, "operator": null, "source": "DATA-SRC-OSM", "official_boundary": false, "usable_for_formal": "background_only", "precision_note": "OSM 社区数据 POI，位置精度数米级；公共服务设施底数背景"}, "geometry": {"type": "Point", "coordinates": [116.319165, 39.944262]}}, {"type": "Feature", "properties": {"layer": "OSM_PUBLIC_FACILITIES", "osm_id": 6081020371, "osm_type": "node", "name": "巴黎贝甜", "amenity": "cafe", "shop": "bakery", "operator": null, "source": "DATA-SRC-OSM", "official_boundary": false, "usable_for_formal": "background_only", "precision_note": "OSM 社区数据 POI，位置精度数米级；公共服务设施底数背景"}, "geometry": {"type": "Point", "coordinates": [116.3334, 39.991144]}}, {"type": "Feature", "properties": {"layer": "OSM_PUBLIC_FACILITIES", "osm_id": 6124696553, "osm_type": "node", "name": null, "amenity": "restaurant", "shop": null, "operator": null, "source": "DATA-SRC-OSM", "official_boundary": false, "usable_for_formal": "background_only", "precision_note": "OSM 社区数据 POI，位置精度数米级；公共服务设施底数背景"}, "geometry": {"type": "Point", "coordinates": [116.323678, 39.947566]}}, {"type": "Feature", "properties": {"layer": "OSM_PUBLIC_FACILITIES", "osm_id": 6138924617, "osm_type": "node", "name": "云尊府(学清路店)", "amenity": "restaurant", "shop": null, "operator": null, "source": "DATA-SRC-OSM", "official_boundary": false, "usable_for_formal": "background_only", "precision_note": "OSM 社区数据 POI，位置精度数米级；公共服务设施底数背景"}, "geometry": {"type": "Point", "coordinates": [116.345793, 40.006947]}}, {"type": "Feature", "properties": {"layer": "OSM_PUBLIC_FACILITIES", "osm_id": 6138924618, "osm_type": "node", "name": "三湘鮰头鱼", "amenity": "restaurant", "shop": null, "operator": null, "source": "DATA-SRC-OSM", "official_boundary": false, "usable_for_formal": "background_only", "precision_note": "OSM 社区数据 POI，位置精度数米级；公共服务设施底数背景"}, "geometry": {"type": "Point", "coordinates": [116.345803, 40.007389]}}, {"type": "Feature", "properties": {"layer": "OSM_PUBLIC_FACILITIES", "osm_id": 6138927701, "osm_type": "node", "name": "宏状元粥店", "amenity": "restaurant", "shop": null, "operator": null, "source": "DATA-SRC-OSM", "official_boundary": false, "usable_for_formal": "background_only", "precision_note": "OSM 社区数据 POI，位置精度数米级；公共服务设施底数背景"}, "geometry": {"type": "Point", "coordinates": [116.328647, 39.995185]}}, {"type": "Feature", "properties": {"layer": "OSM_PUBLIC_FACILITIES", "osm_id": 6177647905, "osm_type": "node", "name": "中国工商银行", "amenity": "bank", "shop": null, "operator": null, "source": "DATA-SRC-OSM", "official_boundary": false, "usable_for_formal": "background_only", "precision_note": "OSM 社区数据 POI，位置精度数米级；公共服务设施底数背景"}, "geometry": {"type": "Point", "coordinates": [116.318082, 39.998037]}}, {"type": "Feature", "properties": {"layer": "OSM_PUBLIC_FACILITIES", "osm_id": 6180492125, "osm_type": "node", "name": "头一号大油条", "amenity": "restaurant", "shop": null, "operator": null, "source": "DATA-SRC-OSM", "official_boundary": false, "usable_for_formal": "background_only", "precision_note": "OSM 社区数据 POI，位置精度数米级；公共服务设施底数背景"}, "geometry": {"type": "Point", "coordinates": [116.325288, 39.992171]}}, {"type": "Feature", "properties": {"layer": "OSM_PUBLIC_FACILITIES", "osm_id": 6191390100, "osm_type": "node", "name": "江边码头巫山烤全鱼", "amenity": "restaurant", "shop": null, "operator": null, "source": "DATA-SRC-OSM", "official_boundary": false, "usable_for_formal": "background_only", "precision_note": "OSM 社区数据 POI，位置精度数米级；公共服务设施底数背景"}, "geometry": {"type": "Point", "coordinates": [116.306889, 39.984999]}}, {"type": "Feature", "properties": {"layer": "OSM_PUBLIC_FACILITIES", "osm_id": 6205083871, "osm_type": "node", "name": "北京同仁堂苏州街店", "amenity": "pharmacy", "shop": null, "operator": null, "source": "DATA-SRC-OSM", "official_boundary": false, "usable_for_formal": "background_only", "precision_note": "OSM 社区数据 POI，位置精度数米级；公共服务设施底数背景"}, "geometry": {"type": "Point", "coordinates": [116.30037, 39.975395]}}, {"type": "Feature", "properties": {"layer": "OSM_PUBLIC_FACILITIES", "osm_id": 6297223786, "osm_type": "node", "name": "巴依老爷", "amenity": "restaurant", "shop": null, "operator": null, "source": "DATA-SRC-OSM", "official_boundary": false, "usable_for_formal": "background_only", "precision_note": "OSM 社区数据 POI，位置精度数米级；公共服务设施底数背景"}, "geometry": {"type": "Point", "coordinates": [116.328655, 39.995078]}}, {"type": "Feature", "properties": {"layer": "OSM_PUBLIC_FACILITIES", "osm_id": 6320575186, "osm_type": "node", "name": "Khan Baba", "amenity": "restaurant", "shop": null, "operator": null, "source": "DATA-SRC-OSM", "official_boundary": false, "usable_for_formal": "background_only", "precision_note": "OSM 社区数据 POI，位置精度数米级；公共服务设施底数背景"}, "geometry": {"type": "Point", "coordinates": [116.333975, 39.987245]}}, {"type": "Feature", "properties": {"layer": "OSM_PUBLIC_FACILITIES", "osm_id": 6326668611, "osm_type": "node", "name": "望京小腰", "amenity": "restaurant", "shop": null, "operator": null, "source": "DATA-SRC-OSM", "official_boundary": false, "usable_for_formal": "background_only", "precision_note": "OSM 社区数据 POI，位置精度数米级；公共服务设施底数背景"}, "geometry": {"type": "Point", "coordinates": [116.374721, 39.979478]}}, {"type": "Feature", "properties": {"layer": "OSM_PUBLIC_FACILITIES", "osm_id": 6326668612, "osm_type": "node", "name": "第六季自助餐厅", "amenity": "restaurant", "shop": null, "operator": null, "source": "DATA-SRC-OSM", "official_boundary": false, "usable_for_formal": "background_only", "precision_note": "OSM 社区数据 POI，位置精度数米级；公共服务设施底数背景"}, "geometry": {"type": "Point", "coordinates": [116.36336, 39.970404]}}, {"type": "Feature", "properties": {"layer": "OSM_PUBLIC_FACILITIES", "osm_id": 6341259596, "osm_type": "node", "name": "炙子革命", "amenity": "restaurant", "shop": null, "operator": null, "source": "DATA-SRC-OSM", "official_boundary": false, "usable_for_formal": "background_only", "precision_note": "OSM 社区数据 POI，位置精度数米级；公共服务设施底数背景"}, "geometry": {"type": "Point", "coordinates": [116.388029, 39.941158]}}, {"type": "Feature", "properties": {"layer": "OSM_PUBLIC_FACILITIES", "osm_id": 6341377385, "osm_type": "node", "name": "老北京涮肉", "amenity": "restaurant", "shop": null, "operator": null, "source": "DATA-SRC-OSM", "official_boundary": false, "usable_for_formal": "background_only", "precision_note": "OSM 社区数据 POI，位置精度数米级；公共服务设施底数背景"}, "geometry": {"type": "Point", "coordinates": [116.388, 39.941345]}}, {"type": "Feature", "properties": {"layer": "OSM_PUBLIC_FACILITIES", "osm_id": 6381462283, "osm_type": "node", "name": null, "amenity": "restaurant", "shop": null, "operator": null, "source": "DATA-SRC-OSM", "official_boundary": false, "usable_for_formal": "background_only", "precision_note": "OSM 社区数据 POI，位置精度数米级；公共服务设施底数背景"}, "geometry": {"type": "Point", "coordinates": [116.36342, 39.957431]}}, {"type": "Feature", "properties": {"layer": "OSM_PUBLIC_FACILITIES", "osm_id": 6382769840, "osm_type": "node", "name": "火烧云", "amenity": "restaurant", "shop": null, "operator": null, "source": "DATA-SRC-OSM", "official_boundary": false, "usable_for_formal": "background_only", "precision_note": "OSM 社区数据 POI，位置精度数米级；公共服务设施底数背景"}, "geometry": {"type": "Point", "coordinates": [116.387982, 39.940588]}}, {"type": "Feature", "properties": {"layer": "OSM_PUBLIC_FACILITIES", "osm_id": 6405873595, "osm_type": "node", "name": "鹿港小镇", "amenity": "restaurant", "shop": null, "operator": null, "source": "DATA-SRC-OSM", "official_boundary": false, "usable_for_formal": "background_only", "precision_note": "OSM 社区数据 POI，位置精度数米级；公共服务设施底数背景"}, "geometry": {"type": "Point", "coordinates": [116.346647, 39.939513]}}, {"type": "Feature", "properties": {"layer": "OSM_PUBLIC_FACILITIES", "osm_id": 6418580813, "osm_type": "node", "name": "锦府盐帮", "amenity": "restaurant", "shop": null, "operator": null, "source": "DATA-SRC-OSM", "official_boundary": false, "usable_for_formal": "background_only", "precision_note": "OSM 社区数据 POI，位置精度数米级；公共服务设施底数背景"}, "geometry": {"type": "Point", "coordinates": [116.307964, 39.977795]}}, {"type": "Feature", "properties": {"layer": "OSM_PUBLIC_FACILITIES", "osm_id": 6418580814, "osm_type": "node", "name": "绿茶餐厅", "amenity": "restaurant", "shop": null, "operator": null, "source": "DATA-SRC-OSM", "official_boundary": false, "usable_for_formal": "background_only", "precision_note": "OSM 社区数据 POI，位置精度数米级；公共服务设施底数背景"}, "geometry": {"type": "Point", "coordinates": [116.308122, 39.977797]}}, {"type": "Feature", "properties": {"layer": "OSM_PUBLIC_FACILITIES", "osm_id": 6418583259, "osm_type": "node", "name": "京味斋", "amenity": "restaurant", "shop": null, "operator": null, "source": "DATA-SRC-OSM", "official_boundary": false, "usable_for_formal": "background_only", "precision_note": "OSM 社区数据 POI，位置精度数米级；公共服务设施底数背景"}, "geometry": {"type": "Point", "coordinates": [116.308324, 39.978178]}}, {"type": "Feature", "properties": {"layer": "OSM_PUBLIC_FACILITIES", "osm_id": 6418586230, "osm_type": "node", "name": "云海肴", "amenity": "restaurant", "shop": null, "operator": null, "source": "DATA-SRC-OSM", "official_boundary": false, "usable_for_formal": "background_only", "precision_note": "OSM 社区数据 POI，位置精度数米级；公共服务设施底数背景"}, "geometry": {"type": "Point", "coordinates": [116.307398, 39.978483]}}, {"type": "Feature", "properties": {"layer": "OSM_PUBLIC_FACILITIES", "osm_id": 6482076998, "osm_type": "node", "name": "上地南路街道图书馆", "amenity": "library", "shop": null, "operator": null, "source": "DATA-SRC-OSM", "official_boundary": false, "usable_for_formal": "background_only", "precision_note": "OSM 社区数据 POI，位置精度数米级；公共服务设施底数背景"}, "geometry": {"type": "Point", "coordinates": [116.304639, 40.028584]}}, {"type": "Feature", "properties": {"layer": "OSM_PUBLIC_FACILITIES", "osm_id": 6482077059, "osm_type": "node", "name": "清河街道图书馆", "amenity": "library", "shop": null, "operator": null, "source": "DATA-SRC-OSM", "official_boundary": false, "usable_for_formal": "background_only", "precision_note": "OSM 社区数据 POI，位置精度数米级；公共服务设施底数背景"}, "geometry": {"type": "Point", "coordinates": [116.320975, 40.047143]}}, {"type": "Feature", "properties": {"layer": "OSM_PUBLIC_FACILITIES", "osm_id": 6497067678, "osm_type": "node", "name": null, "amenity": "police", "shop": null, "operator": null, "source": "DATA-SRC-OSM", "official_boundary": false, "usable_for_formal": "background_only", "precision_note": "OSM 社区数据 POI，位置精度数米级；公共服务设施底数背景"}, "geometry": {"type": "Point", "coordinates": [116.301952, 39.964173]}}, {"type": "Feature", "properties": {"layer": "OSM_PUBLIC_FACILITIES", "osm_id": 6497067679, "osm_type": "node", "name": "中国农业银行", "amenity": "bank", "shop": null, "operator": null, "source": "DATA-SRC-OSM", "official_boundary": false, "usable_for_formal": "background_only", "precision_note": "OSM 社区数据 POI，位置精度数米级；公共服务设施底数背景"}, "geometry": {"type": "Point", "coordinates": [116.302511, 39.962591]}}, {"type": "Feature", "properties": {"layer": "OSM_PUBLIC_FACILITIES", "osm_id": 6497067680, "osm_type": "node", "name": "中国银行", "amenity": "bank", "shop": null, "operator": null, "source": "DATA-SRC-OSM", "official_boundary": false, "usable_for_formal": "background_only", "precision_note": "OSM 社区数据 POI，位置精度数米级；公共服务设施底数背景"}, "geometry": {"type": "Point", "coordinates": [116.301951, 39.964213]}}, {"type": "Feature", "properties": {"layer": "OSM_PUBLIC_FACILITIES", "osm_id": 6497067681, "osm_type": "node", "name": "必胜客", "amenity": "restaurant", "shop": null, "operator": null, "source": "DATA-SRC-OSM", "official_boundary": false, "usable_for_formal": "background_only", "precision_note": "OSM 社区数据 POI，位置精度数米级；公共服务设施底数背景"}, "geometry": {"type": "Point", "coordinates": [116.301908, 39.965181]}}, {"type": "Feature", "properties": {"layer": "OSM_PUBLIC_FACILITIES", "osm_id": 6497067683, "osm_type": "node", "name": "中国建设银行", "amenity": "bank", "shop": null, "operator": null, "source": "DATA-SRC-OSM", "official_boundary": false, "usable_for_formal": "background_only", "precision_note": "OSM 社区数据 POI，位置精度数米级；公共服务设施底数背景"}, "geometry": {"type": "Point", "coordinates": [116.302368, 39.963011]}}, {"type": "Feature", "properties": {"layer": "OSM_PUBLIC_FACILITIES", "osm_id": 6497068285, "osm_type": "node", "name": "赛百味", "amenity": "fast_food", "shop": null, "operator": null, "source": "DATA-SRC-OSM", "official_boundary": false, "usable_for_formal": "background_only", "precision_note": "OSM 社区数据 POI，位置精度数米级；公共服务设施底数背景"}, "geometry": {"type": "Point", "coordinates": [116.302646, 39.962744]}}, {"type": "Feature", "properties": {"layer": "OSM_PUBLIC_FACILITIES", "osm_id": 6501560598, "osm_type": "node", "name": "Twosome Coffee", "amenity": "cafe", "shop": null, "operator": null, "source": "DATA-SRC-OSM", "official_boundary": false, "usable_for_formal": "background_only", "precision_note": "OSM 社区数据 POI，位置精度数米级；公共服务设施底数背景"}, "geometry": {"type": "Point", "coordinates": [116.332368, 39.990999]}}, {"type": "Feature", "properties": {"layer": "OSM_PUBLIC_FACILITIES", "osm_id": 6502317908, "osm_type": "node", "name": "Dairy Queen", "amenity": "fast_food", "shop": null, "operator": null, "source": "DATA-SRC-OSM", "official_boundary": false, "usable_for_formal": "background_only", "precision_note": "OSM 社区数据 POI，位置精度数米级；公共服务设施底数背景"}, "geometry": {"type": "Point", "coordinates": [116.390271, 39.997773]}}, {"type": "Feature", "properties": {"layer": "OSM_PUBLIC_FACILITIES", "osm_id": 6503504834, "osm_type": "node", "name": "必胜客", "amenity": "restaurant", "shop": null, "operator": null, "source": "DATA-SRC-OSM", "official_boundary": false, "usable_for_formal": "background_only", "precision_note": "OSM 社区数据 POI，位置精度数米级；公共服务设施底数背景"}, "geometry": {"type": "Point", "coordinates": [116.387745, 39.999791]}}, {"type": "Feature", "properties": {"layer": "OSM_PUBLIC_FACILITIES", "osm_id": 6510313989, "osm_type": "node", "name": "东亚银行", "amenity": "bank", "shop": null, "operator": null, "source": "DATA-SRC-OSM", "official_boundary": false, "usable_for_formal": "background_only", "precision_note": "OSM 社区数据 POI，位置精度数米级；公共服务设施底数背景"}, "geometry": {"type": "Point", "coordinates": [116.32035, 39.983448]}}, {"type": "Feature", "properties": {"layer": "OSM_PUBLIC_FACILITIES", "osm_id": 6510313991, "osm_type": "node", "name": "东亚银行", "amenity": "bank", "shop": null, "operator": null, "source": "DATA-SRC-OSM", "official_boundary": false, "usable_for_formal": "background_only", "precision_note": "OSM 社区数据 POI，位置精度数米级；公共服务设施底数背景"}, "geometry": {"type": "Point", "coordinates": [116.320455, 39.93678]}}, {"type": "Feature", "properties": {"layer": "OSM_PUBLIC_FACILITIES", "osm_id": 6528008528, "osm_type": "node", "name": "海底捞火锅", "amenity": "restaurant", "shop": null, "operator": null, "source": "DATA-SRC-OSM", "official_boundary": false, "usable_for_formal": "background_only", "precision_note": "OSM 社区数据 POI，位置精度数米级；公共服务设施底数背景"}, "geometry": {"type": "Point", "coordinates": [116.362264, 39.977457]}}, {"type": "Feature", "properties": {"layer": "OSM_PUBLIC_FACILITIES", "osm_id": 6528013340, "osm_type": "node", "name": "海底捞火锅", "amenity": "restaurant", "shop": null, "operator": null, "source": "DATA-SRC-OSM", "official_boundary": false, "usable_for_formal": "background_only", "precision_note": "OSM 社区数据 POI，位置精度数米级；公共服务设施底数背景"}, "geometry": {"type": "Point", "coordinates": [116.330186, 40.028495]}}, {"type": "Feature", "properties": {"layer": "OSM_PUBLIC_FACILITIES", "osm_id": 6528023254, "osm_type": "node", "name": "海底捞火锅", "amenity": "restaurant", "shop": null, "operator": null, "source": "DATA-SRC-OSM", "official_boundary": false, "usable_for_formal": "background_only", "precision_note": "OSM 社区数据 POI，位置精度数米级；公共服务设施底数背景"}, "geometry": {"type": "Point", "coordinates": [116.351153, 39.951356]}}, {"type": "Feature", "properties": {"layer": "OSM_PUBLIC_FACILITIES", "osm_id": 6528025723, "osm_type": "node", "name": "海底捞火锅", "amenity": "restaurant", "shop": null, "operator": null, "source": "DATA-SRC-OSM", "official_boundary": false, "usable_for_formal": "background_only", "precision_note": "OSM 社区数据 POI，位置精度数米级；公共服务设施底数背景"}, "geometry": {"type": "Point", "coordinates": [116.305398, 40.027863]}}, {"type": "Feature", "properties": {"layer": "OSM_PUBLIC_FACILITIES", "osm_id": 6545020265, "osm_type": "node", "name": "北京银行", "amenity": "bank", "shop": null, "operator": null, "source": "DATA-SRC-OSM", "official_boundary": false, "usable_for_formal": "background_only", "precision_note": "OSM 社区数据 POI，位置精度数米级；公共服务设施底数背景"}, "geometry": {"type": "Point", "coordinates": [116.30726, 39.977809]}}, {"type": "Feature", "properties": {"layer": "OSM_PUBLIC_FACILITIES", "osm_id": 6551894196, "osm_type": "node", "name": "中国民生银行", "amenity": "bank", "shop": null, "operator": null, "source": "DATA-SRC-OSM", "official_boundary": false, "usable_for_formal": "background_only", "precision_note": "OSM 社区数据 POI，位置精度数米级；公共服务设施底数背景"}, "geometry": {"type": "Point", "coordinates": [116.306528, 39.981405]}}, {"type": "Feature", "properties": {"layer": "OSM_PUBLIC_FACILITIES", "osm_id": 6562444386, "osm_type": "node", "name": "汇丰银行", "amenity": "bank", "shop": null, "operator": null, "source": "DATA-SRC-OSM", "official_boundary": false, "usable_for_formal": "background_only", "precision_note": "OSM 社区数据 POI，位置精度数米级；公共服务设施底数背景"}, "geometry": {"type": "Point", "coordinates": [116.326165, 39.992694]}}, {"type": "Feature", "properties": {"layer": "OSM_PUBLIC_FACILITIES", "osm_id": 6562444389, "osm_type": "node", "name": "中信银行", "amenity": "bank", "shop": null, "operator": null, "source": "DATA-SRC-OSM", "official_boundary": false, "usable_for_formal": "background_only", "precision_note": "OSM 社区数据 POI，位置精度数米级；公共服务设施底数背景"}, "geometry": {"type": "Point", "coordinates": [116.326176, 39.992437]}}, {"type": "Feature", "properties": {"layer": "OSM_PUBLIC_FACILITIES", "osm_id": 6566718129, "osm_type": "node", "name": "华夏银行", "amenity": "bank", "shop": null, "operator": null, "source": "DATA-SRC-OSM", "official_boundary": false, "usable_for_formal": "background_only", "precision_note": "OSM 社区数据 POI，位置精度数米级；公共服务设施底数背景"}, "geometry": {"type": "Point", "coordinates": [116.30541, 39.983284]}}, {"type": "Feature", "properties": {"layer": "OSM_PUBLIC_FACILITIES", "osm_id": 6571323115, "osm_type": "node", "name": "北京银行", "amenity": "bank", "shop": null, "operator": null, "source": "DATA-SRC-OSM", "official_boundary": false, "usable_for_formal": "background_only", "precision_note": "OSM 社区数据 POI，位置精度数米级；公共服务设施底数背景"}, "geometry": {"type": "Point", "coordinates": [116.313793, 39.975292]}}, {"type": "Feature", "properties": {"layer": "OSM_PUBLIC_FACILITIES", "osm_id": 6574631426, "osm_type": "node", "name": "中国工商银行", "amenity": "bank", "shop": null, "operator": null, "source": "DATA-SRC-OSM", "official_boundary": false, "usable_for_formal": "background_only", "precision_note": "OSM 社区数据 POI，位置精度数米级；公共服务设施底数背景"}, "geometry": {"type": "Point", "coordinates": [116.332744, 40.036206]}}, {"type": "Feature", "properties": {"layer": "OSM_PUBLIC_FACILITIES", "osm_id": 6616040059, "osm_type": "node", "name": "Serene Coffee", "amenity": "cafe", "shop": null, "operator": null, "source": "DATA-SRC-OSM", "official_boundary": false, "usable_for_formal": "background_only", "precision_note": "OSM 社区数据 POI，位置精度数米级；公共服务设施底数背景"}, "geometry": {"type": "Point", "coordinates": [116.324966, 39.992755]}}, {"type": "Feature", "properties": {"layer": "OSM_PUBLIC_FACILITIES", "osm_id": 6649442959, "osm_type": "node", "name": "中国银行", "amenity": "bank", "shop": null, "operator": null, "source": "DATA-SRC-OSM", "official_boundary": false, "usable_for_formal": "background_only", "precision_note": "OSM 社区数据 POI，位置精度数米级；公共服务设施底数背景"}, "geometry": {"type": "Point", "coordinates": [116.326371, 40.035016]}}, {"type": "Feature", "properties": {"layer": "OSM_PUBLIC_FACILITIES", "osm_id": 6725480548, "osm_type": "node", "name": "汉堡王", "amenity": "fast_food", "shop": null, "operator": null, "source": "DATA-SRC-OSM", "official_boundary": false, "usable_for_formal": "background_only", "precision_note": "OSM 社区数据 POI，位置精度数米级；公共服务设施底数背景"}, "geometry": {"type": "Point", "coordinates": [116.304878, 40.028433]}}, {"type": "Feature", "properties": {"layer": "OSM_PUBLIC_FACILITIES", "osm_id": 6725485256, "osm_type": "node", "name": "平安银行", "amenity": "bank", "shop": null, "operator": null, "source": "DATA-SRC-OSM", "official_boundary": false, "usable_for_formal": "background_only", "precision_note": "OSM 社区数据 POI，位置精度数米级；公共服务设施底数背景"}, "geometry": {"type": "Point", "coordinates": [116.305105, 40.028316]}}, {"type": "Feature", "properties": {"layer": "OSM_PUBLIC_FACILITIES", "osm_id": 6763648555, "osm_type": "node", "name": "肯德基", "amenity": "fast_food", "shop": null, "operator": null, "source": "DATA-SRC-OSM", "official_boundary": false, "usable_for_formal": "background_only", "precision_note": "OSM 社区数据 POI，位置精度数米级；公共服务设施底数背景"}, "geometry": {"type": "Point", "coordinates": [116.301851, 39.965497]}}, {"type": "Feature", "properties": {"layer": "OSM_PUBLIC_FACILITIES", "osm_id": 6813459512, "osm_type": "node", "name": "鸿运老北平", "amenity": "restaurant", "shop": null, "operator": null, "source": "DATA-SRC-OSM", "official_boundary": false, "usable_for_formal": "background_only", "precision_note": "OSM 社区数据 POI，位置精度数米级；公共服务设施底数背景"}, "geometry": {"type": "Point", "coordinates": [116.333966, 39.986813]}}, {"type": "Feature", "properties": {"layer": "OSM_PUBLIC_FACILITIES", "osm_id": 6813754063, "osm_type": "node", "name": null, "amenity": "restaurant", "shop": null, "operator": null, "source": "DATA-SRC-OSM", "official_boundary": false, "usable_for_formal": "background_only", "precision_note": "OSM 社区数据 POI，位置精度数米级；公共服务设施底数背景"}, "geometry": {"type": "Point", "coordinates": [116.385009, 39.975087]}}, {"type": "Feature", "properties": {"layer": "OSM_PUBLIC_FACILITIES", "osm_id": 6813773267, "osm_type": "node", "name": null, "amenity": "cafe", "shop": null, "operator": null, "source": "DATA-SRC-OSM", "official_boundary": false, "usable_for_formal": "background_only", "precision_note": "OSM 社区数据 POI，位置精度数米级；公共服务设施底数背景"}, "geometry": {"type": "Point", "coordinates": [116.379566, 39.942008]}}, {"type": "Feature", "properties": {"layer": "OSM_PUBLIC_FACILITIES", "osm_id": 6813814993, "osm_type": "node", "name": "No. 21 Bistro", "amenity": "restaurant", "shop": null, "operator": null, "source": "DATA-SRC-OSM", "official_boundary": false, "usable_for_formal": "background_only", "precision_note": "OSM 社区数据 POI，位置精度数米级；公共服务设施底数背景"}, "geometry": {"type": "Point", "coordinates": [116.374255, 39.942709]}}, {"type": "Feature", "properties": {"layer": "OSM_PUBLIC_FACILITIES", "osm_id": 6842540685, "osm_type": "node", "name": "潇湘楼", "amenity": "restaurant", "shop": null, "operator": null, "source": "DATA-SRC-OSM", "official_boundary": false, "usable_for_formal": "background_only", "precision_note": "OSM 社区数据 POI，位置精度数米级；公共服务设施底数背景"}, "geometry": {"type": "Point", "coordinates": [116.366922, 40.000519]}}, {"type": "Feature", "properties": {"layer": "OSM_PUBLIC_FACILITIES", "osm_id": 6880960952, "osm_type": "node", "name": "Coco Cafe", "amenity": "cafe", "shop": null, "operator": null, "source": "DATA-SRC-OSM", "official_boundary": false, "usable_for_formal": "background_only", "precision_note": "OSM 社区数据 POI，位置精度数米级；公共服务设施底数背景"}, "geometry": {"type": "Point", "coordinates": [116.32708, 39.992519]}}, {"type": "Feature", "properties": {"layer": "OSM_PUBLIC_FACILITIES", "osm_id": 6907795885, "osm_type": "node", "name": "串意十足", "amenity": "restaurant", "shop": null, "operator": null, "source": "DATA-SRC-OSM", "official_boundary": false, "usable_for_formal": "background_only", "precision_note": "OSM 社区数据 POI，位置精度数米级；公共服务设施底数背景"}, "geometry": {"type": "Point", "coordinates": [116.393658, 39.938896]}}, {"type": "Feature", "properties": {"layer": "OSM_PUBLIC_FACILITIES", "osm_id": 6910883259, "osm_type": "node", "name": "管式翅吧", "amenity": "restaurant", "shop": null, "operator": null, "source": "DATA-SRC-OSM", "official_boundary": false, "usable_for_formal": "background_only", "precision_note": "OSM 社区数据 POI，位置精度数米级；公共服务设施底数背景"}, "geometry": {"type": "Point", "coordinates": [116.365517, 39.939111]}}, {"type": "Feature", "properties": {"layer": "OSM_PUBLIC_FACILITIES", "osm_id": 6910969107, "osm_type": "node", "name": "马路边边串串香", "amenity": "restaurant", "shop": null, "operator": null, "source": "DATA-SRC-OSM", "official_boundary": false, "usable_for_formal": "background_only", "precision_note": "OSM 社区数据 POI，位置精度数米级；公共服务设施底数背景"}, "geometry": {"type": "Point", "coordinates": [116.366642, 39.939811]}}, {"type": "Feature", "properties": {"layer": "OSM_PUBLIC_FACILITIES", "osm_id": 6910984495, "osm_type": "node", "name": "肯德基", "amenity": "fast_food", "shop": null, "operator": null, "source": "DATA-SRC-OSM", "official_boundary": false, "usable_for_formal": "background_only", "precision_note": "OSM 社区数据 POI，位置精度数米级；公共服务设施底数背景"}, "geometry": {"type": "Point", "coordinates": [116.366309, 39.943843]}}, {"type": "Feature", "properties": {"layer": "OSM_PUBLIC_FACILITIES", "osm_id": 6910992762, "osm_type": "node", "name": "肯德基", "amenity": "fast_food", "shop": null, "operator": null, "source": "DATA-SRC-OSM", "official_boundary": false, "usable_for_formal": "background_only", "precision_note": "OSM 社区数据 POI，位置精度数米级；公共服务设施底数背景"}, "geometry": {"type": "Point", "coordinates": [116.36526, 39.945745]}}, {"type": "Feature", "properties": {"layer": "OSM_PUBLIC_FACILITIES", "osm_id": 6946563586, "osm_type": "node", "name": "中国建设银行", "amenity": "bank", "shop": null, "operator": null, "source": "DATA-SRC-OSM", "official_boundary": false, "usable_for_formal": "background_only", "precision_note": "OSM 社区数据 POI，位置精度数米级；公共服务设施底数背景"}, "geometry": {"type": "Point", "coordinates": [116.305424, 40.034596]}}, {"type": "Feature", "properties": {"layer": "OSM_PUBLIC_FACILITIES", "osm_id": 6946819369, "osm_type": "node", "name": null, "amenity": "cafe", "shop": null, "operator": null, "source": "DATA-SRC-OSM", "official_boundary": false, "usable_for_formal": "background_only", "precision_note": "OSM 社区数据 POI，位置精度数米级；公共服务设施底数背景"}, "geometry": {"type": "Point", "coordinates": [116.310044, 39.982568]}}, {"type": "Feature", "properties": {"layer": "OSM_PUBLIC_FACILITIES", "osm_id": 6988587479, "osm_type": "node", "name": "杭州银行", "amenity": "bank", "shop": null, "operator": null, "source": "DATA-SRC-OSM", "official_boundary": false, "usable_for_formal": "background_only", "precision_note": "OSM 社区数据 POI，位置精度数米级；公共服务设施底数背景"}, "geometry": {"type": "Point", "coordinates": [116.316239, 40.03555]}}, {"type": "Feature", "properties": {"layer": "OSM_PUBLIC_FACILITIES", "osm_id": 7041700557, "osm_type": "node", "name": "喜茶", "amenity": "cafe", "shop": null, "operator": null, "source": "DATA-SRC-OSM", "official_boundary": false, "usable_for_formal": "background_only", "precision_note": "OSM 社区数据 POI，位置精度数米级；公共服务设施底数背景"}, "geometry": {"type": "Point", "coordinates": [116.309537, 39.977141]}}, {"type": "Feature", "properties": {"layer": "OSM_PUBLIC_FACILITIES", "osm_id": 7041870677, "osm_type": "node", "name": "宁波银行", "amenity": "bank", "shop": null, "operator": null, "source": "DATA-SRC-OSM", "official_boundary": false, "usable_for_formal": "background_only", "precision_note": "OSM 社区数据 POI，位置精度数米级；公共服务设施底数背景"}, "geometry": {"type": "Point", "coordinates": [116.309151, 39.981424]}}, {"type": "Feature", "properties": {"layer": "OSM_PUBLIC_FACILITIES", "osm_id": 7041922247, "osm_type": "node", "name": "宁波银行", "amenity": "bank", "shop": null, "operator": null, "source": "DATA-SRC-OSM", "official_boundary": false, "usable_for_formal": "background_only", "precision_note": "OSM 社区数据 POI，位置精度数米级；公共服务设施底数背景"}, "geometry": {"type": "Point", "coordinates": [116.317517, 39.947759]}}, {"type": "Feature", "properties": {"layer": "OSM_PUBLIC_FACILITIES", "osm_id": 7041925815, "osm_type": "node", "name": "宁波银行", "amenity": "bank", "shop": null, "operator": null, "source": "DATA-SRC-OSM", "official_boundary": false, "usable_for_formal": "background_only", "precision_note": "OSM 社区数据 POI，位置精度数米级；公共服务设施底数背景"}, "geometry": {"type": "Point", "coordinates": [116.384774, 39.967508]}}, {"type": "Feature", "properties": {"layer": "OSM_PUBLIC_FACILITIES", "osm_id": 7060609970, "osm_type": "node", "name": "CoCo", "amenity": "cafe", "shop": null, "operator": null, "source": "DATA-SRC-OSM", "official_boundary": false, "usable_for_formal": "background_only", "precision_note": "OSM 社区数据 POI，位置精度数米级；公共服务设施底数背景"}, "geometry": {"type": "Point", "coordinates": [116.310047, 39.977072]}}, {"type": "Feature", "properties": {"layer": "OSM_PUBLIC_FACILITIES", "osm_id": 7060609971, "osm_type": "node", "name": "CoCo", "amenity": "cafe", "shop": null, "operator": null, "source": "DATA-SRC-OSM", "official_boundary": false, "usable_for_formal": "background_only", "precision_note": "OSM 社区数据 POI，位置精度数米级；公共服务设施底数背景"}, "geometry": {"type": "Point", "coordinates": [116.308284, 39.97786]}}, {"type": "Feature", "properties": {"layer": "OSM_PUBLIC_FACILITIES", "osm_id": 7072425636, "osm_type": "node", "name": "清华大学图书馆", "amenity": "library", "shop": null, "operator": "清华大学", "source": "DATA-SRC-OSM", "official_boundary": false, "usable_for_formal": "background_only", "precision_note": "OSM 社区数据 POI，位置精度数米级；公共服务设施底数背景"}, "geometry": {"type": "Point", "coordinates": [116.318386, 40.003125]}}, {"type": "Feature", "properties": {"layer": "OSM_PUBLIC_FACILITIES", "osm_id": 7072425643, "osm_type": "node", "name": "79Bar", "amenity": "cafe", "shop": null, "operator": null, "source": "DATA-SRC-OSM", "official_boundary": false, "usable_for_formal": "background_only", "precision_note": "OSM 社区数据 POI，位置精度数米级；公共服务设施底数背景"}, "geometry": {"type": "Point", "coordinates": [116.327379, 39.998326]}}, {"type": "Feature", "properties": {"layer": "OSM_PUBLIC_FACILITIES", "osm_id": 7090741832, "osm_type": "node", "name": "中国工商银行", "amenity": "bank", "shop": null, "operator": null, "source": "DATA-SRC-OSM", "official_boundary": false, "usable_for_formal": "background_only", "precision_note": "OSM 社区数据 POI，位置精度数米级；公共服务设施底数背景"}, "geometry": {"type": "Point", "coordinates": [116.387158, 39.948416]}}, {"type": "Feature", "properties": {"layer": "OSM_PUBLIC_FACILITIES", "osm_id": 7092467722, "osm_type": "node", "name": "鼓楼西剧场", "amenity": "theatre", "shop": null, "operator": null, "source": "DATA-SRC-OSM", "official_boundary": false, "usable_for_formal": "background_only", "precision_note": "OSM 社区数据 POI，位置精度数米级；公共服务设施底数背景"}, "geometry": {"type": "Point", "coordinates": [116.381668, 39.944388]}}, {"type": "Feature", "properties": {"layer": "OSM_PUBLIC_FACILITIES", "osm_id": 7108316610, "osm_type": "node", "name": "奈雪的茶", "amenity": "cafe", "shop": null, "operator": null, "source": "DATA-SRC-OSM", "official_boundary": false, "usable_for_formal": "background_only", "precision_note": "OSM 社区数据 POI，位置精度数米级；公共服务设施底数背景"}, "geometry": {"type": "Point", "coordinates": [116.326958, 39.993606]}}, {"type": "Feature", "properties": {"layer": "OSM_PUBLIC_FACILITIES", "osm_id": 7108334341, "osm_type": "node", "name": "中国建设银行", "amenity": "bank", "shop": null, "operator": null, "source": "DATA-SRC-OSM", "official_boundary": false, "usable_for_formal": "background_only", "precision_note": "OSM 社区数据 POI，位置精度数米级；公共服务设施底数背景"}, "geometry": {"type": "Point", "coordinates": [116.327532, 39.995347]}}, {"type": "Feature", "properties": {"layer": "OSM_PUBLIC_FACILITIES", "osm_id": 7125332290, "osm_type": "node", "name": "宏源南门涮肉", "amenity": "restaurant", "shop": null, "operator": null, "source": "DATA-SRC-OSM", "official_boundary": false, "usable_for_formal": "background_only", "precision_note": "OSM 社区数据 POI，位置精度数米级；公共服务设施底数背景"}, "geometry": {"type": "Point", "coordinates": [116.387584, 39.936584]}}, {"type": "Feature", "properties": {"layer": "OSM_PUBLIC_FACILITIES", "osm_id": 7132970494, "osm_type": "node", "name": "麦当劳", "amenity": "fast_food", "shop": null, "operator": null, "source": "DATA-SRC-OSM", "official_boundary": false, "usable_for_formal": "background_only", "precision_note": "OSM 社区数据 POI，位置精度数米级；公共服务设施底数背景"}, "geometry": {"type": "Point", "coordinates": [116.30066, 39.965663]}}, {"type": "Feature", "properties": {"layer": "OSM_PUBLIC_FACILITIES", "osm_id": 7138691355, "osm_type": "node", "name": "清真·鸦儿李记", "amenity": "restaurant", "shop": null, "operator": null, "source": "DATA-SRC-OSM", "official_boundary": false, "usable_for_formal": "background_only", "precision_note": "OSM 社区数据 POI，位置精度数米级；公共服务设施底数背景"}, "geometry": {"type": "Point", "coordinates": [116.387359, 39.937692]}}, {"type": "Feature", "properties": {"layer": "OSM_PUBLIC_FACILITIES", "osm_id": 7138691356, "osm_type": "node", "name": "云海肴", "amenity": "restaurant", "shop": null, "operator": null, "source": "DATA-SRC-OSM", "official_boundary": false, "usable_for_formal": "background_only", "precision_note": "OSM 社区数据 POI，位置精度数米级；公共服务设施底数背景"}, "geometry": {"type": "Point", "coordinates": [116.38744, 39.937669]}}, {"type": "Feature", "properties": {"layer": "OSM_PUBLIC_FACILITIES", "osm_id": 7139556685, "osm_type": "node", "name": "好利来", "amenity": "cafe", "shop": "bakery", "operator": null, "source": "DATA-SRC-OSM", "official_boundary": false, "usable_for_formal": "background_only", "precision_note": "OSM 社区数据 POI，位置精度数米级；公共服务设施底数背景"}, "geometry": {"type": "Point", "coordinates": [116.363476, 39.975755]}}, {"type": "Feature", "properties": {"layer": "OSM_PUBLIC_FACILITIES", "osm_id": 7140569553, "osm_type": "node", "name": "豪尚豪牛排", "amenity": "restaurant", "shop": null, "operator": null, "source": "DATA-SRC-OSM", "official_boundary": false, "usable_for_formal": "background_only", "precision_note": "OSM 社区数据 POI，位置精度数米级；公共服务设施底数背景"}, "geometry": {"type": "Point", "coordinates": [116.38814, 39.99813]}}, {"type": "Feature", "properties": {"layer": "OSM_PUBLIC_FACILITIES", "osm_id": 7140569554, "osm_type": "node", "name": "星巴克", "amenity": "cafe", "shop": null, "operator": null, "source": "DATA-SRC-OSM", "official_boundary": false, "usable_for_formal": "background_only", "precision_note": "OSM 社区数据 POI，位置精度数米级；公共服务设施底数背景"}, "geometry": {"type": "Point", "coordinates": [116.388389, 39.998467]}}, {"type": "Feature", "properties": {"layer": "OSM_PUBLIC_FACILITIES", "osm_id": 7140584263, "osm_type": "node", "name": "云海肴", "amenity": "restaurant", "shop": null, "operator": null, "source": "DATA-SRC-OSM", "official_boundary": false, "usable_for_formal": "background_only", "precision_note": "OSM 社区数据 POI，位置精度数米级；公共服务设施底数背景"}, "geometry": {"type": "Point", "coordinates": [116.387991, 39.998638]}}, {"type": "Feature", "properties": {"layer": "OSM_PUBLIC_FACILITIES", "osm_id": 7140584264, "osm_type": "node", "name": "边境共和国", "amenity": "restaurant", "shop": null, "operator": null, "source": "DATA-SRC-OSM", "official_boundary": false, "usable_for_formal": "background_only", "precision_note": "OSM 社区数据 POI，位置精度数米级；公共服务设施底数背景"}, "geometry": {"type": "Point", "coordinates": [116.387989, 39.998738]}}, {"type": "Feature", "properties": {"layer": "OSM_PUBLIC_FACILITIES", "osm_id": 7140603104, "osm_type": "node", "name": "吾悦厨房", "amenity": "restaurant", "shop": null, "operator": null, "source": "DATA-SRC-OSM", "official_boundary": false, "usable_for_formal": "background_only", "precision_note": "OSM 社区数据 POI，位置精度数米级；公共服务设施底数背景"}, "geometry": {"type": "Point", "coordinates": [116.387771, 39.999284]}}, {"type": "Feature", "properties": {"layer": "OSM_PUBLIC_FACILITIES", "osm_id": 7140604989, "osm_type": "node", "name": "Costa咖啡", "amenity": "cafe", "shop": null, "operator": null, "source": "DATA-SRC-OSM", "official_boundary": false, "usable_for_formal": "background_only", "precision_note": "OSM 社区数据 POI，位置精度数米级；公共服务设施底数背景"}, "geometry": {"type": "Point", "coordinates": [116.387985, 39.998849]}}, {"type": "Feature", "properties": {"layer": "OSM_PUBLIC_FACILITIES", "osm_id": 7262652975, "osm_type": "node", "name": "绿山时尚餐厅", "amenity": "restaurant", "shop": null, "operator": null, "source": "DATA-SRC-OSM", "official_boundary": false, "usable_for_formal": "background_only", "precision_note": "OSM 社区数据 POI，位置精度数米级；公共服务设施底数背景"}, "geometry": {"type": "Point", "coordinates": [116.303767, 40.050985]}}, {"type": "Feature", "properties": {"layer": "OSM_PUBLIC_FACILITIES", "osm_id": 7263253890, "osm_type": "node", "name": "庆丰包子铺", "amenity": "fast_food", "shop": null, "operator": null, "source": "DATA-SRC-OSM", "official_boundary": false, "usable_for_formal": "background_only", "precision_note": "OSM 社区数据 POI，位置精度数米级；公共服务设施底数背景"}, "geometry": {"type": "Point", "coordinates": [116.340004, 40.014093]}}, {"type": "Feature", "properties": {"layer": "OSM_PUBLIC_FACILITIES", "osm_id": 7417217545, "osm_type": "node", "name": "肯德基", "amenity": "fast_food", "shop": null, "operator": null, "source": "DATA-SRC-OSM", "official_boundary": false, "usable_for_formal": "background_only", "precision_note": "OSM 社区数据 POI，位置精度数米级；公共服务设施底数背景"}, "geometry": {"type": "Point", "coordinates": [116.337874, 40.013461]}}, {"type": "Feature", "properties": {"layer": "OSM_PUBLIC_FACILITIES", "osm_id": 7437762409, "osm_type": "node", "name": "中国银行", "amenity": "bank", "shop": null, "operator": null, "source": "DATA-SRC-OSM", "official_boundary": false, "usable_for_formal": "background_only", "precision_note": "OSM 社区数据 POI，位置精度数米级；公共服务设施底数背景"}, "geometry": {"type": "Point", "coordinates": [116.303186, 40.036431]}}, {"type": "Feature", "properties": {"layer": "OSM_PUBLIC_FACILITIES", "osm_id": 7461231452, "osm_type": "node", "name": "南京银行", "amenity": "bank", "shop": null, "operator": null, "source": "DATA-SRC-OSM", "official_boundary": false, "usable_for_formal": "background_only", "precision_note": "OSM 社区数据 POI，位置精度数米级；公共服务设施底数背景"}, "geometry": {"type": "Point", "coordinates": [116.321691, 39.983721]}}, {"type": "Feature", "properties": {"layer": "OSM_PUBLIC_FACILITIES", "osm_id": 7462470422, "osm_type": "node", "name": "必胜客", "amenity": "restaurant", "shop": null, "operator": null, "source": "DATA-SRC-OSM", "official_boundary": false, "usable_for_formal": "background_only", "precision_note": "OSM 社区数据 POI，位置精度数米级；公共服务设施底数背景"}, "geometry": {"type": "Point", "coordinates": [116.365242, 39.946449]}}, {"type": "Feature", "properties": {"layer": "OSM_PUBLIC_FACILITIES", "osm_id": 7465178532, "osm_type": "node", "name": "中国农业银行", "amenity": "bank", "shop": null, "operator": null, "source": "DATA-SRC-OSM", "official_boundary": false, "usable_for_formal": "background_only", "precision_note": "OSM 社区数据 POI，位置精度数米级；公共服务设施底数背景"}, "geometry": {"type": "Point", "coordinates": [116.301224, 40.034605]}}, {"type": "Feature", "properties": {"layer": "OSM_PUBLIC_FACILITIES", "osm_id": 7465178533, "osm_type": "node", "name": "吉野家", "amenity": "fast_food", "shop": null, "operator": null, "source": "DATA-SRC-OSM", "official_boundary": false, "usable_for_formal": "background_only", "precision_note": "OSM 社区数据 POI，位置精度数米级；公共服务设施底数背景"}, "geometry": {"type": "Point", "coordinates": [116.301568, 40.034686]}}, {"type": "Feature", "properties": {"layer": "OSM_PUBLIC_FACILITIES", "osm_id": 7465178534, "osm_type": "node", "name": "中国光大银行", "amenity": "bank", "shop": null, "operator": null, "source": "DATA-SRC-OSM", "official_boundary": false, "usable_for_formal": "background_only", "precision_note": "OSM 社区数据 POI，位置精度数米级；公共服务设施底数背景"}, "geometry": {"type": "Point", "coordinates": [116.302922, 40.035024]}}, {"type": "Feature", "properties": {"layer": "OSM_PUBLIC_FACILITIES", "osm_id": 7465178536, "osm_type": "node", "name": "星巴克", "amenity": "cafe", "shop": null, "operator": null, "source": "DATA-SRC-OSM", "official_boundary": false, "usable_for_formal": "background_only", "precision_note": "OSM 社区数据 POI，位置精度数米级；公共服务设施底数背景"}, "geometry": {"type": "Point", "coordinates": [116.302318, 40.034965]}}, {"type": "Feature", "properties": {"layer": "OSM_PUBLIC_FACILITIES", "osm_id": 7473058958, "osm_type": "node", "name": "全聚德", "amenity": "restaurant", "shop": null, "operator": null, "source": "DATA-SRC-OSM", "official_boundary": false, "usable_for_formal": "background_only", "precision_note": "OSM 社区数据 POI，位置精度数米级；公共服务设施底数背景"}, "geometry": {"type": "Point", "coordinates": [116.365796, 39.999701]}}, {"type": "Feature", "properties": {"layer": "OSM_PUBLIC_FACILITIES", "osm_id": 7473089781, "osm_type": "node", "name": "全聚德", "amenity": "restaurant", "shop": null, "operator": null, "source": "DATA-SRC-OSM", "official_boundary": false, "usable_for_formal": "background_only", "precision_note": "OSM 社区数据 POI，位置精度数米级；公共服务设施底数背景"}, "geometry": {"type": "Point", "coordinates": [116.324378, 39.992654]}}, {"type": "Feature", "properties": {"layer": "OSM_PUBLIC_FACILITIES", "osm_id": 7473181026, "osm_type": "node", "name": "全聚德", "amenity": "restaurant", "shop": null, "operator": null, "source": "DATA-SRC-OSM", "official_boundary": false, "usable_for_formal": "background_only", "precision_note": "OSM 社区数据 POI，位置精度数米级；公共服务设施底数背景"}, "geometry": {"type": "Point", "coordinates": [116.322635, 39.965506]}}, {"type": "Feature", "properties": {"layer": "OSM_PUBLIC_FACILITIES", "osm_id": 7477565593, "osm_type": "node", "name": "木屋烧烤", "amenity": "restaurant", "shop": null, "operator": null, "source": "DATA-SRC-OSM", "official_boundary": false, "usable_for_formal": "background_only", "precision_note": "OSM 社区数据 POI，位置精度数米级；公共服务设施底数背景"}, "geometry": {"type": "Point", "coordinates": [116.373772, 39.975664]}}, {"type": "Feature", "properties": {"layer": "OSM_PUBLIC_FACILITIES", "osm_id": 7477636991, "osm_type": "node", "name": "广发银行", "amenity": "bank", "shop": null, "operator": null, "source": "DATA-SRC-OSM", "official_boundary": false, "usable_for_formal": "background_only", "precision_note": "OSM 社区数据 POI，位置精度数米级；公共服务设施底数背景"}, "geometry": {"type": "Point", "coordinates": [116.31185, 39.9723]}}, {"type": "Feature", "properties": {"layer": "OSM_PUBLIC_FACILITIES", "osm_id": 7479232605, "osm_type": "node", "name": "星巴克", "amenity": "cafe", "shop": null, "operator": null, "source": "DATA-SRC-OSM", "official_boundary": false, "usable_for_formal": "background_only", "precision_note": "OSM 社区数据 POI，位置精度数米级；公共服务设施底数背景"}, "geometry": {"type": "Point", "coordinates": [116.309752, 39.976813]}}, {"type": "Feature", "properties": {"layer": "OSM_PUBLIC_FACILITIES", "osm_id": 7479279842, "osm_type": "node", "name": "中国银行", "amenity": "bank", "shop": null, "operator": null, "source": "DATA-SRC-OSM", "official_boundary": false, "usable_for_formal": "background_only", "precision_note": "OSM 社区数据 POI，位置精度数米级；公共服务设施底数背景"}, "geometry": {"type": "Point", "coordinates": [116.307289, 39.98063]}}, {"type": "Feature", "properties": {"layer": "OSM_PUBLIC_FACILITIES", "osm_id": 7480619771, "osm_type": "node", "name": "中信银行", "amenity": "bank", "shop": null, "operator": null, "source": "DATA-SRC-OSM", "official_boundary": false, "usable_for_formal": "background_only", "precision_note": "OSM 社区数据 POI，位置精度数米级；公共服务设施底数背景"}, "geometry": {"type": "Point", "coordinates": [116.394019, 39.967827]}}, {"type": "Feature", "properties": {"layer": "OSM_PUBLIC_FACILITIES", "osm_id": 7480693379, "osm_type": "node", "name": "肯德基", "amenity": "fast_food", "shop": null, "operator": null, "source": "DATA-SRC-OSM", "official_boundary": false, "usable_for_formal": "background_only", "precision_note": "OSM 社区数据 POI，位置精度数米级；公共服务设施底数背景"}, "geometry": {"type": "Point", "coordinates": [116.360203, 39.975775]}}, {"type": "Feature", "properties": {"layer": "OSM_PUBLIC_FACILITIES", "osm_id": 7481077773, "osm_type": "node", "name": "北京中关村银行", "amenity": "bank", "shop": null, "operator": null, "source": "DATA-SRC-OSM", "official_boundary": false, "usable_for_formal": "background_only", "precision_note": "OSM 社区数据 POI，位置精度数米级；公共服务设施底数背景"}, "geometry": {"type": "Point", "coordinates": [116.32312, 39.975684]}}, {"type": "Feature", "properties": {"layer": "OSM_PUBLIC_FACILITIES", "osm_id": 7490739079, "osm_type": "node", "name": "嘉和一品", "amenity": "restaurant", "shop": null, "operator": null, "source": "DATA-SRC-OSM", "official_boundary": false, "usable_for_formal": "background_only", "precision_note": "OSM 社区数据 POI，位置精度数米级；公共服务设施底数背景"}, "geometry": {"type": "Point", "coordinates": [116.339802, 40.033965]}}, {"type": "Feature", "properties": {"layer": "OSM_PUBLIC_FACILITIES", "osm_id": 7495682661, "osm_type": "node", "name": "中国建设银行", "amenity": "bank", "shop": null, "operator": null, "source": "DATA-SRC-OSM", "official_boundary": false, "usable_for_formal": "background_only", "precision_note": "OSM 社区数据 POI，位置精度数米级；公共服务设施底数背景"}, "geometry": {"type": "Point", "coordinates": [116.346551, 40.029378]}}, {"type": "Feature", "properties": {"layer": "OSM_PUBLIC_FACILITIES", "osm_id": 7495690192, "osm_type": "node", "name": "呷哺呷哺", "amenity": "restaurant", "shop": null, "operator": null, "source": "DATA-SRC-OSM", "official_boundary": false, "usable_for_formal": "background_only", "precision_note": "OSM 社区数据 POI，位置精度数米级；公共服务设施底数背景"}, "geometry": {"type": "Point", "coordinates": [116.34127, 40.032259]}}, {"type": "Feature", "properties": {"layer": "OSM_PUBLIC_FACILITIES", "osm_id": 7509628835, "osm_type": "node", "name": "赛百味", "amenity": "fast_food", "shop": null, "operator": null, "source": "DATA-SRC-OSM", "official_boundary": false, "usable_for_formal": "background_only", "precision_note": "OSM 社区数据 POI，位置精度数米级；公共服务设施底数背景"}, "geometry": {"type": "Point", "coordinates": [116.346884, 40.001352]}}, {"type": "Feature", "properties": {"layer": "OSM_PUBLIC_FACILITIES", "osm_id": 7509628837, "osm_type": "node", "name": "肯德基", "amenity": "fast_food", "shop": null, "operator": null, "source": "DATA-SRC-OSM", "official_boundary": false, "usable_for_formal": "background_only", "precision_note": "OSM 社区数据 POI，位置精度数米级；公共服务设施底数背景"}, "geometry": {"type": "Point", "coordinates": [116.34689, 40.001447]}}, {"type": "Feature", "properties": {"layer": "OSM_PUBLIC_FACILITIES", "osm_id": 7533114160, "osm_type": "node", "name": "星巴克", "amenity": "cafe", "shop": null, "operator": null, "source": "DATA-SRC-OSM", "official_boundary": false, "usable_for_formal": "background_only", "precision_note": "OSM 社区数据 POI，位置精度数米级；公共服务设施底数背景"}, "geometry": {"type": "Point", "coordinates": [116.349917, 39.951986]}}, {"type": "Feature", "properties": {"layer": "OSM_PUBLIC_FACILITIES", "osm_id": 7533188162, "osm_type": "node", "name": "中8楼", "amenity": "restaurant", "shop": null, "operator": null, "source": "DATA-SRC-OSM", "official_boundary": false, "usable_for_formal": "background_only", "precision_note": "OSM 社区数据 POI，位置精度数米级；公共服务设施底数背景"}, "geometry": {"type": "Point", "coordinates": [116.350976, 39.951682]}}, {"type": "Feature", "properties": {"layer": "OSM_PUBLIC_FACILITIES", "osm_id": 7533191164, "osm_type": "node", "name": "眉州东坡", "amenity": "restaurant", "shop": null, "operator": null, "source": "DATA-SRC-OSM", "official_boundary": false, "usable_for_formal": "background_only", "precision_note": "OSM 社区数据 POI，位置精度数米级；公共服务设施底数背景"}, "geometry": {"type": "Point", "coordinates": [116.350963, 39.951662]}}, {"type": "Feature", "properties": {"layer": "OSM_PUBLIC_FACILITIES", "osm_id": 7535488177, "osm_type": "node", "name": "麦当劳", "amenity": "fast_food", "shop": null, "operator": null, "source": "DATA-SRC-OSM", "official_boundary": false, "usable_for_formal": "background_only", "precision_note": "OSM 社区数据 POI，位置精度数米级；公共服务设施底数背景"}, "geometry": {"type": "Point", "coordinates": [116.343098, 40.042213]}}, {"type": "Feature", "properties": {"layer": "OSM_PUBLIC_FACILITIES", "osm_id": 7539337454, "osm_type": "node", "name": "北京农商银行", "amenity": "bank", "shop": null, "operator": null, "source": "DATA-SRC-OSM", "official_boundary": false, "usable_for_formal": "background_only", "precision_note": "OSM 社区数据 POI，位置精度数米级；公共服务设施底数背景"}, "geometry": {"type": "Point", "coordinates": [116.359204, 40.007399]}}, {"type": "Feature", "properties": {"layer": "OSM_PUBLIC_FACILITIES", "osm_id": 7541046071, "osm_type": "node", "name": "招商银行", "amenity": "bank", "shop": null, "operator": null, "source": "DATA-SRC-OSM", "official_boundary": false, "usable_for_formal": "background_only", "precision_note": "OSM 社区数据 POI，位置精度数米级；公共服务设施底数背景"}, "geometry": {"type": "Point", "coordinates": [116.330184, 40.02827]}}, {"type": "Feature", "properties": {"layer": "OSM_PUBLIC_FACILITIES", "osm_id": 7541060564, "osm_type": "node", "name": "眉州东坡", "amenity": "restaurant", "shop": null, "operator": null, "source": "DATA-SRC-OSM", "official_boundary": false, "usable_for_formal": "background_only", "precision_note": "OSM 社区数据 POI，位置精度数米级；公共服务设施底数背景"}, "geometry": {"type": "Point", "coordinates": [116.330049, 40.028519]}}, {"type": "Feature", "properties": {"layer": "OSM_PUBLIC_FACILITIES", "osm_id": 7541068690, "osm_type": "node", "name": "便宜坊", "amenity": "restaurant", "shop": null, "operator": null, "source": "DATA-SRC-OSM", "official_boundary": false, "usable_for_formal": "background_only", "precision_note": "OSM 社区数据 POI，位置精度数米级；公共服务设施底数背景"}, "geometry": {"type": "Point", "coordinates": [116.326045, 40.029083]}}, {"type": "Feature", "properties": {"layer": "OSM_PUBLIC_FACILITIES", "osm_id": 7541072713, "osm_type": "node", "name": "肯德基", "amenity": "fast_food", "shop": null, "operator": null, "source": "DATA-SRC-OSM", "official_boundary": false, "usable_for_formal": "background_only", "precision_note": "OSM 社区数据 POI，位置精度数米级；公共服务设施底数背景"}, "geometry": {"type": "Point", "coordinates": [116.326173, 40.02918]}}, {"type": "Feature", "properties": {"layer": "OSM_PUBLIC_FACILITIES", "osm_id": 7541083201, "osm_type": "node", "name": "云海肴", "amenity": "restaurant", "shop": null, "operator": null, "source": "DATA-SRC-OSM", "official_boundary": false, "usable_for_formal": "background_only", "precision_note": "OSM 社区数据 POI，位置精度数米级；公共服务设施底数背景"}, "geometry": {"type": "Point", "coordinates": [116.330199, 40.028809]}}, {"type": "Feature", "properties": {"layer": "OSM_PUBLIC_FACILITIES", "osm_id": 7551536499, "osm_type": "node", "name": "云海肴", "amenity": "restaurant", "shop": null, "operator": null, "source": "DATA-SRC-OSM", "official_boundary": false, "usable_for_formal": "background_only", "precision_note": "OSM 社区数据 POI，位置精度数米级；公共服务设施底数背景"}, "geometry": {"type": "Point", "coordinates": [116.346487, 39.939566]}}, {"type": "Feature", "properties": {"layer": "OSM_PUBLIC_FACILITIES", "osm_id": 7551536501, "osm_type": "node", "name": "绿茶", "amenity": "restaurant", "shop": null, "operator": null, "source": "DATA-SRC-OSM", "official_boundary": false, "usable_for_formal": "background_only", "precision_note": "OSM 社区数据 POI，位置精度数米级；公共服务设施底数背景"}, "geometry": {"type": "Point", "coordinates": [116.346515, 39.940256]}}, {"type": "Feature", "properties": {"layer": "OSM_PUBLIC_FACILITIES", "osm_id": 7555123864, "osm_type": "node", "name": "吉野家", "amenity": "fast_food", "shop": null, "operator": null, "source": "DATA-SRC-OSM", "official_boundary": false, "usable_for_formal": "background_only", "precision_note": "OSM 社区数据 POI，位置精度数米级；公共服务设施底数背景"}, "geometry": {"type": "Point", "coordinates": [116.348706, 40.007151]}}, {"type": "Feature", "properties": {"layer": "OSM_PUBLIC_FACILITIES", "osm_id": 7557538800, "osm_type": "node", "name": "CoCo", "amenity": "cafe", "shop": null, "operator": null, "source": "DATA-SRC-OSM", "official_boundary": false, "usable_for_formal": "background_only", "precision_note": "OSM 社区数据 POI，位置精度数米级；公共服务设施底数背景"}, "geometry": {"type": "Point", "coordinates": [116.308293, 39.979422]}}, {"type": "Feature", "properties": {"layer": "OSM_PUBLIC_FACILITIES", "osm_id": 7559699829, "osm_type": "node", "name": "瑞幸咖啡", "amenity": "cafe", "shop": null, "operator": null, "source": "DATA-SRC-OSM", "official_boundary": false, "usable_for_formal": "background_only", "precision_note": "OSM 社区数据 POI，位置精度数米级；公共服务设施底数背景"}, "geometry": {"type": "Point", "coordinates": [116.304916, 40.032751]}}, {"type": "Feature", "properties": {"layer": "OSM_PUBLIC_FACILITIES", "osm_id": 7559699830, "osm_type": "node", "name": "阳坊涮肉羊蝎子", "amenity": "restaurant", "shop": null, "operator": null, "source": "DATA-SRC-OSM", "official_boundary": false, "usable_for_formal": "background_only", "precision_note": "OSM 社区数据 POI，位置精度数米级；公共服务设施底数背景"}, "geometry": {"type": "Point", "coordinates": [116.304812, 40.032722]}}, {"type": "Feature", "properties": {"layer": "OSM_PUBLIC_FACILITIES", "osm_id": 7559699831, "osm_type": "node", "name": "1点点", "amenity": "cafe", "shop": null, "operator": null, "source": "DATA-SRC-OSM", "official_boundary": false, "usable_for_formal": "background_only", "precision_note": "OSM 社区数据 POI，位置精度数米级；公共服务设施底数背景"}, "geometry": {"type": "Point", "coordinates": [116.304749, 40.032702]}}, {"type": "Feature", "properties": {"layer": "OSM_PUBLIC_FACILITIES", "osm_id": 7561029955, "osm_type": "node", "name": "瑞幸咖啡", "amenity": "cafe", "shop": null, "operator": null, "source": "DATA-SRC-OSM", "official_boundary": false, "usable_for_formal": "background_only", "precision_note": "OSM 社区数据 POI，位置精度数米级；公共服务设施底数背景"}, "geometry": {"type": "Point", "coordinates": [116.302618, 40.034948]}}, {"type": "Feature", "properties": {"layer": "OSM_PUBLIC_FACILITIES", "osm_id": 7561098621, "osm_type": "node", "name": "宏状元", "amenity": "fast_food", "shop": null, "operator": null, "source": "DATA-SRC-OSM", "official_boundary": false, "usable_for_formal": "background_only", "precision_note": "OSM 社区数据 POI，位置精度数米级；公共服务设施底数背景"}, "geometry": {"type": "Point", "coordinates": [116.307813, 40.036132]}}, {"type": "Feature", "properties": {"layer": "OSM_PUBLIC_FACILITIES", "osm_id": 7569440572, "osm_type": "node", "name": "呷哺呷哺", "amenity": "restaurant", "shop": null, "operator": null, "source": "DATA-SRC-OSM", "official_boundary": false, "usable_for_formal": "background_only", "precision_note": "OSM 社区数据 POI，位置精度数米级；公共服务设施底数背景"}, "geometry": {"type": "Point", "coordinates": [116.346102, 40.028314]}}, {"type": "Feature", "properties": {"layer": "OSM_PUBLIC_FACILITIES", "osm_id": 7589750678, "osm_type": "node", "name": null, "amenity": "restaurant", "shop": null, "operator": null, "source": "DATA-SRC-OSM", "official_boundary": false, "usable_for_formal": "background_only", "precision_note": "OSM 社区数据 POI，位置精度数米级；公共服务设施底数背景"}, "geometry": {"type": "Point", "coordinates": [116.389979, 39.938618]}}, {"type": "Feature", "properties": {"layer": "OSM_PUBLIC_FACILITIES", "osm_id": 7589775546, "osm_type": "node", "name": null, "amenity": "cafe", "shop": null, "operator": null, "source": "DATA-SRC-OSM", "official_boundary": false, "usable_for_formal": "background_only", "precision_note": "OSM 社区数据 POI，位置精度数米级；公共服务设施底数背景"}, "geometry": {"type": "Point", "coordinates": [116.389978, 39.938517]}}, {"type": "Feature", "properties": {"layer": "OSM_PUBLIC_FACILITIES", "osm_id": 7590691546, "osm_type": "node", "name": "必胜客", "amenity": "restaurant", "shop": null, "operator": null, "source": "DATA-SRC-OSM", "official_boundary": false, "usable_for_formal": "background_only", "precision_note": "OSM 社区数据 POI，位置精度数米级；公共服务设施底数背景"}, "geometry": {"type": "Point", "coordinates": [116.340564, 40.029075]}}, {"type": "Feature", "properties": {"layer": "OSM_PUBLIC_FACILITIES", "osm_id": 7607389913, "osm_type": "node", "name": "星巴克", "amenity": "cafe", "shop": null, "operator": null, "source": "DATA-SRC-OSM", "official_boundary": false, "usable_for_formal": "background_only", "precision_note": "OSM 社区数据 POI，位置精度数米级；公共服务设施底数背景"}, "geometry": {"type": "Point", "coordinates": [116.320263, 39.983339]}}, {"type": "Feature", "properties": {"layer": "OSM_PUBLIC_FACILITIES", "osm_id": 7675083374, "osm_type": "node", "name": "双泉堡派出所", "amenity": "police", "shop": null, "operator": null, "source": "DATA-SRC-OSM", "official_boundary": false, "usable_for_formal": "background_only", "precision_note": "OSM 社区数据 POI，位置精度数米级；公共服务设施底数背景"}, "geometry": {"type": "Point", "coordinates": [116.359108, 39.994174]}}, {"type": "Feature", "properties": {"layer": "OSM_PUBLIC_FACILITIES", "osm_id": 7697588036, "osm_type": "node", "name": "麦当劳", "amenity": "fast_food", "shop": null, "operator": null, "source": "DATA-SRC-OSM", "official_boundary": false, "usable_for_formal": "background_only", "precision_note": "OSM 社区数据 POI，位置精度数米级；公共服务设施底数背景"}, "geometry": {"type": "Point", "coordinates": [116.346907, 40.013629]}}, {"type": "Feature", "properties": {"layer": "OSM_PUBLIC_FACILITIES", "osm_id": 7777556200, "osm_type": "node", "name": "晟永兴烤鸭店", "amenity": "restaurant", "shop": null, "operator": null, "source": "DATA-SRC-OSM", "official_boundary": false, "usable_for_formal": "background_only", "precision_note": "OSM 社区数据 POI，位置精度数米级；公共服务设施底数背景"}, "geometry": {"type": "Point", "coordinates": [116.36168, 39.992919]}}, {"type": "Feature", "properties": {"layer": "OSM_PUBLIC_FACILITIES", "osm_id": 7916566476, "osm_type": "node", "name": "紫荆书咖", "amenity": "cafe", "shop": null, "operator": null, "source": "DATA-SRC-OSM", "official_boundary": false, "usable_for_formal": "background_only", "precision_note": "OSM 社区数据 POI，位置精度数米级；公共服务设施底数背景"}, "geometry": {"type": "Point", "coordinates": [116.315973, 40.005616]}}, {"type": "Feature", "properties": {"layer": "OSM_PUBLIC_FACILITIES", "osm_id": 7916566477, "osm_type": "node", "name": "星巴克", "amenity": "cafe", "shop": null, "operator": null, "source": "DATA-SRC-OSM", "official_boundary": false, "usable_for_formal": "background_only", "precision_note": "OSM 社区数据 POI，位置精度数米级；公共服务设施底数背景"}, "geometry": {"type": "Point", "coordinates": [116.318095, 40.004091]}}, {"type": "Feature", "properties": {"layer": "OSM_PUBLIC_FACILITIES", "osm_id": 7929672082, "osm_type": "node", "name": null, "amenity": "fire_station", "shop": null, "operator": null, "source": "DATA-SRC-OSM", "official_boundary": false, "usable_for_formal": "background_only", "precision_note": "OSM 社区数据 POI，位置精度数米级；公共服务设施底数背景"}, "geometry": {"type": "Point", "coordinates": [116.327525, 40.03506]}}, {"type": "Feature", "properties": {"layer": "OSM_PUBLIC_FACILITIES", "osm_id": 7944571385, "osm_type": "node", "name": "Twilight Drink", "amenity": "restaurant", "shop": null, "operator": null, "source": "DATA-SRC-OSM", "official_boundary": false, "usable_for_formal": "background_only", "precision_note": "OSM 社区数据 POI，位置精度数米级；公共服务设施底数背景"}, "geometry": {"type": "Point", "coordinates": [116.393643, 39.936998]}}, {"type": "Feature", "properties": {"layer": "OSM_PUBLIC_FACILITIES", "osm_id": 7944774162, "osm_type": "node", "name": "马路边边串串香", "amenity": "restaurant", "shop": null, "operator": null, "source": "DATA-SRC-OSM", "official_boundary": false, "usable_for_formal": "background_only", "precision_note": "OSM 社区数据 POI，位置精度数米级；公共服务设施底数背景"}, "geometry": {"type": "Point", "coordinates": [116.349136, 40.007023]}}, {"type": "Feature", "properties": {"layer": "OSM_PUBLIC_FACILITIES", "osm_id": 7944774163, "osm_type": "node", "name": "很久以前羊肉串", "amenity": "restaurant", "shop": null, "operator": null, "source": "DATA-SRC-OSM", "official_boundary": false, "usable_for_formal": "background_only", "precision_note": "OSM 社区数据 POI，位置精度数米级；公共服务设施底数背景"}, "geometry": {"type": "Point", "coordinates": [116.349451, 40.007027]}}, {"type": "Feature", "properties": {"layer": "OSM_PUBLIC_FACILITIES", "osm_id": 7949138344, "osm_type": "node", "name": "Wagas", "amenity": "cafe", "shop": null, "operator": null, "source": "DATA-SRC-OSM", "official_boundary": false, "usable_for_formal": "background_only", "precision_note": "OSM 社区数据 POI，位置精度数米级；公共服务设施底数背景"}, "geometry": {"type": "Point", "coordinates": [116.308446, 39.976827]}}, {"type": "Feature", "properties": {"layer": "OSM_PUBLIC_FACILITIES", "osm_id": 8006699798, "osm_type": "node", "name": "北京德国文化中心 歌德学院 语言部", "amenity": "community_centre", "shop": null, "operator": null, "source": "DATA-SRC-OSM", "official_boundary": false, "usable_for_formal": "background_only", "precision_note": "OSM 社区数据 POI，位置精度数米级；公共服务设施底数背景"}, "geometry": {"type": "Point", "coordinates": [116.317051, 39.96419]}}, {"type": "Feature", "properties": {"layer": "OSM_PUBLIC_FACILITIES", "osm_id": 8018444418, "osm_type": "node", "name": "麦当劳", "amenity": "fast_food", "shop": null, "operator": null, "source": "DATA-SRC-OSM", "official_boundary": false, "usable_for_formal": "background_only", "precision_note": "OSM 社区数据 POI，位置精度数米级；公共服务设施底数背景"}, "geometry": {"type": "Point", "coordinates": [116.365467, 39.944757]}}, {"type": "Feature", "properties": {"layer": "OSM_PUBLIC_FACILITIES", "osm_id": 8018444419, "osm_type": "node", "name": "西部马华", "amenity": "restaurant", "shop": null, "operator": null, "source": "DATA-SRC-OSM", "official_boundary": false, "usable_for_formal": "background_only", "precision_note": "OSM 社区数据 POI，位置精度数米级；公共服务设施底数背景"}, "geometry": {"type": "Point", "coordinates": [116.365178, 39.945088]}}, {"type": "Feature", "properties": {"layer": "OSM_PUBLIC_FACILITIES", "osm_id": 8018444448, "osm_type": "node", "name": null, "amenity": "police", "shop": null, "operator": null, "source": "DATA-SRC-OSM", "official_boundary": false, "usable_for_formal": "background_only", "precision_note": "OSM 社区数据 POI，位置精度数米级；公共服务设施底数背景"}, "geometry": {"type": "Point", "coordinates": [116.366082, 39.94761]}}, {"type": "Feature", "properties": {"layer": "OSM_PUBLIC_FACILITIES", "osm_id": 8024473600, "osm_type": "node", "name": "同仁堂", "amenity": "pharmacy", "shop": null, "operator": null, "source": "DATA-SRC-OSM", "official_boundary": false, "usable_for_formal": "background_only", "precision_note": "OSM 社区数据 POI，位置精度数米级；公共服务设施底数背景"}, "geometry": {"type": "Point", "coordinates": [116.314218, 39.966043]}}, {"type": "Feature", "properties": {"layer": "OSM_PUBLIC_FACILITIES", "osm_id": 8046266185, "osm_type": "node", "name": null, "amenity": "school", "shop": null, "operator": null, "source": "DATA-SRC-OSM", "official_boundary": false, "usable_for_formal": "background_only", "precision_note": "OSM 社区数据 POI，位置精度数米级；公共服务设施底数背景"}, "geometry": {"type": "Point", "coordinates": [116.374001, 39.940359]}}, {"type": "Feature", "properties": {"layer": "OSM_PUBLIC_FACILITIES", "osm_id": 8057418630, "osm_type": "node", "name": "同仁堂", "amenity": "pharmacy", "shop": null, "operator": null, "source": "DATA-SRC-OSM", "official_boundary": false, "usable_for_formal": "background_only", "precision_note": "OSM 社区数据 POI，位置精度数米级；公共服务设施底数背景"}, "geometry": {"type": "Point", "coordinates": [116.359706, 40.006545]}}, {"type": "Feature", "properties": {"layer": "OSM_PUBLIC_FACILITIES", "osm_id": 8068254567, "osm_type": "node", "name": "CoCo都可", "amenity": "cafe", "shop": null, "operator": null, "source": "DATA-SRC-OSM", "official_boundary": false, "usable_for_formal": "background_only", "precision_note": "OSM 社区数据 POI，位置精度数米级；公共服务设施底数背景"}, "geometry": {"type": "Point", "coordinates": [116.387138, 39.999769]}}, {"type": "Feature", "properties": {"layer": "OSM_PUBLIC_FACILITIES", "osm_id": 8070011581, "osm_type": "node", "name": "和厨面馆", "amenity": "restaurant", "shop": null, "operator": null, "source": "DATA-SRC-OSM", "official_boundary": false, "usable_for_formal": "background_only", "precision_note": "OSM 社区数据 POI，位置精度数米级；公共服务设施底数背景"}, "geometry": {"type": "Point", "coordinates": [116.386297, 39.945245]}}, {"type": "Feature", "properties": {"layer": "OSM_PUBLIC_FACILITIES", "osm_id": 8070044535, "osm_type": "node", "name": "新粤小馆", "amenity": "restaurant", "shop": null, "operator": null, "source": "DATA-SRC-OSM", "official_boundary": false, "usable_for_formal": "background_only", "precision_note": "OSM 社区数据 POI，位置精度数米级；公共服务设施底数背景"}, "geometry": {"type": "Point", "coordinates": [116.387468, 39.944385]}}, {"type": "Feature", "properties": {"layer": "OSM_PUBLIC_FACILITIES", "osm_id": 8070067627, "osm_type": "node", "name": "葫芦娃牛板筋火锅", "amenity": "restaurant", "shop": null, "operator": null, "source": "DATA-SRC-OSM", "official_boundary": false, "usable_for_formal": "background_only", "precision_note": "OSM 社区数据 POI，位置精度数米级；公共服务设施底数背景"}, "geometry": {"type": "Point", "coordinates": [116.383763, 39.945291]}}, {"type": "Feature", "properties": {"layer": "OSM_PUBLIC_FACILITIES", "osm_id": 8156964521, "osm_type": "node", "name": "成府园食堂", "amenity": "restaurant", "shop": null, "operator": null, "source": "DATA-SRC-OSM", "official_boundary": false, "usable_for_formal": "background_only", "precision_note": "OSM 社区数据 POI，位置精度数米级；公共服务设施底数背景"}, "geometry": {"type": "Point", "coordinates": [116.308157, 39.995449]}}, {"type": "Feature", "properties": {"layer": "OSM_PUBLIC_FACILITIES", "osm_id": 8238945925, "osm_type": "node", "name": "聚宝源", "amenity": "restaurant", "shop": null, "operator": null, "source": "DATA-SRC-OSM", "official_boundary": false, "usable_for_formal": "background_only", "precision_note": "OSM 社区数据 POI，位置精度数米级；公共服务设施底数背景"}, "geometry": {"type": "Point", "coordinates": [116.366711, 39.975921]}}, {"type": "Feature", "properties": {"layer": "OSM_PUBLIC_FACILITIES", "osm_id": 8463326822, "osm_type": "node", "name": "中信银行", "amenity": "bank", "shop": null, "operator": null, "source": "DATA-SRC-OSM", "official_boundary": false, "usable_for_formal": "background_only", "precision_note": "OSM 社区数据 POI，位置精度数米级；公共服务设施底数背景"}, "geometry": {"type": "Point", "coordinates": [116.314854, 39.965011]}}, {"type": "Feature", "properties": {"layer": "OSM_PUBLIC_FACILITIES", "osm_id": 8463341090, "osm_type": "node", "name": "北京农商银行", "amenity": "bank", "shop": null, "operator": null, "source": "DATA-SRC-OSM", "official_boundary": false, "usable_for_formal": "background_only", "precision_note": "OSM 社区数据 POI，位置精度数米级；公共服务设施底数背景"}, "geometry": {"type": "Point", "coordinates": [116.301093, 39.961644]}}, {"type": "Feature", "properties": {"layer": "OSM_PUBLIC_FACILITIES", "osm_id": 8493346916, "osm_type": "node", "name": "中国邮政储蓄银行", "amenity": "bank", "shop": null, "operator": null, "source": "DATA-SRC-OSM", "official_boundary": false, "usable_for_formal": "background_only", "precision_note": "OSM 社区数据 POI，位置精度数米级；公共服务设施底数背景"}, "geometry": {"type": "Point", "coordinates": [116.369328, 39.967087]}}, {"type": "Feature", "properties": {"layer": "OSM_PUBLIC_FACILITIES", "osm_id": 8493711815, "osm_type": "node", "name": "江边城外", "amenity": "restaurant", "shop": null, "operator": null, "source": "DATA-SRC-OSM", "official_boundary": false, "usable_for_formal": "background_only", "precision_note": "OSM 社区数据 POI，位置精度数米级；公共服务设施底数背景"}, "geometry": {"type": "Point", "coordinates": [116.30749, 39.978315]}}, {"type": "Feature", "properties": {"layer": "OSM_PUBLIC_FACILITIES", "osm_id": 8493723196, "osm_type": "node", "name": "喜茶", "amenity": "cafe", "shop": null, "operator": null, "source": "DATA-SRC-OSM", "official_boundary": false, "usable_for_formal": "background_only", "precision_note": "OSM 社区数据 POI，位置精度数米级；公共服务设施底数背景"}, "geometry": {"type": "Point", "coordinates": [116.328646, 39.995202]}}, {"type": "Feature", "properties": {"layer": "OSM_PUBLIC_FACILITIES", "osm_id": 8573653486, "osm_type": "node", "name": "中国建设银行", "amenity": "bank", "shop": null, "operator": null, "source": "DATA-SRC-OSM", "official_boundary": false, "usable_for_formal": "background_only", "precision_note": "OSM 社区数据 POI，位置精度数米级；公共服务设施底数背景"}, "geometry": {"type": "Point", "coordinates": [116.346592, 39.93756]}}, {"type": "Feature", "properties": {"layer": "OSM_PUBLIC_FACILITIES", "osm_id": 8579752287, "osm_type": "node", "name": "吉野家", "amenity": "fast_food", "shop": null, "operator": null, "source": "DATA-SRC-OSM", "official_boundary": false, "usable_for_formal": "background_only", "precision_note": "OSM 社区数据 POI，位置精度数米级；公共服务设施底数背景"}, "geometry": {"type": "Point", "coordinates": [116.301067, 39.981421]}}, {"type": "Feature", "properties": {"layer": "OSM_PUBLIC_FACILITIES", "osm_id": 8589947887, "osm_type": "node", "name": "兰熊酸奶", "amenity": "cafe", "shop": null, "operator": null, "source": "DATA-SRC-OSM", "official_boundary": false, "usable_for_formal": "background_only", "precision_note": "OSM 社区数据 POI，位置精度数米级；公共服务设施底数背景"}, "geometry": {"type": "Point", "coordinates": [116.330761, 39.991056]}}, {"type": "Feature", "properties": {"layer": "OSM_PUBLIC_FACILITIES", "osm_id": 8589947888, "osm_type": "node", "name": "兰熊酸奶", "amenity": "cafe", "shop": null, "operator": null, "source": "DATA-SRC-OSM", "official_boundary": false, "usable_for_formal": "background_only", "precision_note": "OSM 社区数据 POI，位置精度数米级；公共服务设施底数背景"}, "geometry": {"type": "Point", "coordinates": [116.328699, 39.994973]}}, {"type": "Feature", "properties": {"layer": "OSM_PUBLIC_FACILITIES", "osm_id": 8589947889, "osm_type": "node", "name": "喜茶", "amenity": "cafe", "shop": null, "operator": null, "source": "DATA-SRC-OSM", "official_boundary": false, "usable_for_formal": "background_only", "precision_note": "OSM 社区数据 POI，位置精度数米级；公共服务设施底数背景"}, "geometry": {"type": "Point", "coordinates": [116.328122, 39.994792]}}, {"type": "Feature", "properties": {"layer": "OSM_PUBLIC_FACILITIES", "osm_id": 8620350818, "osm_type": "node", "name": "麦当劳", "amenity": "fast_food", "shop": null, "operator": null, "source": "DATA-SRC-OSM", "official_boundary": false, "usable_for_formal": "background_only", "precision_note": "OSM 社区数据 POI，位置精度数米级；公共服务设施底数背景"}, "geometry": {"type": "Point", "coordinates": [116.311985, 40.032255]}}, {"type": "Feature", "properties": {"layer": "OSM_PUBLIC_FACILITIES", "osm_id": 8639885943, "osm_type": "node", "name": "蒙楼咖啡（新清华学堂店）", "amenity": "cafe", "shop": null, "operator": null, "source": "DATA-SRC-OSM", "official_boundary": false, "usable_for_formal": "background_only", "precision_note": "OSM 社区数据 POI，位置精度数米级；公共服务设施底数背景"}, "geometry": {"type": "Point", "coordinates": [116.323076, 40.000101]}}, {"type": "Feature", "properties": {"layer": "OSM_PUBLIC_FACILITIES", "osm_id": 8639885944, "osm_type": "node", "name": "蒙楼咖啡", "amenity": "cafe", "shop": null, "operator": null, "source": "DATA-SRC-OSM", "official_boundary": false, "usable_for_formal": "background_only", "precision_note": "OSM 社区数据 POI，位置精度数米级；公共服务设施底数背景"}, "geometry": {"type": "Point", "coordinates": [116.315204, 40.002937]}}, {"type": "Feature", "properties": {"layer": "OSM_PUBLIC_FACILITIES", "osm_id": 8649462283, "osm_type": "node", "name": "中国邮政", "amenity": "post_office", "shop": null, "operator": null, "source": "DATA-SRC-OSM", "official_boundary": false, "usable_for_formal": "background_only", "precision_note": "OSM 社区数据 POI，位置精度数米级；公共服务设施底数背景"}, "geometry": {"type": "Point", "coordinates": [116.319577, 39.967342]}}, {"type": "Feature", "properties": {"layer": "OSM_PUBLIC_FACILITIES", "osm_id": 8649462284, "osm_type": "node", "name": "中国邮政储蓄银行", "amenity": "bank", "shop": null, "operator": null, "source": "DATA-SRC-OSM", "official_boundary": false, "usable_for_formal": "background_only", "precision_note": "OSM 社区数据 POI，位置精度数米级；公共服务设施底数背景"}, "geometry": {"type": "Point", "coordinates": [116.319588, 39.967265]}}, {"type": "Feature", "properties": {"layer": "OSM_PUBLIC_FACILITIES", "osm_id": 8649462285, "osm_type": "node", "name": "重庆小面", "amenity": "restaurant", "shop": null, "operator": null, "source": "DATA-SRC-OSM", "official_boundary": false, "usable_for_formal": "background_only", "precision_note": "OSM 社区数据 POI，位置精度数米级；公共服务设施底数背景"}, "geometry": {"type": "Point", "coordinates": [116.31907, 39.967147]}}, {"type": "Feature", "properties": {"layer": "OSM_PUBLIC_FACILITIES", "osm_id": 8649462286, "osm_type": "node", "name": "秦晋面庄", "amenity": "restaurant", "shop": null, "operator": null, "source": "DATA-SRC-OSM", "official_boundary": false, "usable_for_formal": "background_only", "precision_note": "OSM 社区数据 POI，位置精度数米级；公共服务设施底数背景"}, "geometry": {"type": "Point", "coordinates": [116.323336, 39.96745]}}, {"type": "Feature", "properties": {"layer": "OSM_PUBLIC_FACILITIES", "osm_id": 8649462291, "osm_type": "node", "name": "西部马华", "amenity": "restaurant", "shop": null, "operator": null, "source": "DATA-SRC-OSM", "official_boundary": false, "usable_for_formal": "background_only", "precision_note": "OSM 社区数据 POI，位置精度数米级；公共服务设施底数背景"}, "geometry": {"type": "Point", "coordinates": [116.320241, 39.966384]}}, {"type": "Feature", "properties": {"layer": "OSM_PUBLIC_FACILITIES", "osm_id": 8649462292, "osm_type": "node", "name": "必胜客", "amenity": "restaurant", "shop": null, "operator": null, "source": "DATA-SRC-OSM", "official_boundary": false, "usable_for_formal": "background_only", "precision_note": "OSM 社区数据 POI，位置精度数米级；公共服务设施底数背景"}, "geometry": {"type": "Point", "coordinates": [116.320039, 39.96638]}}, {"type": "Feature", "properties": {"layer": "OSM_PUBLIC_FACILITIES", "osm_id": 8649462293, "osm_type": "node", "name": "山西面馆", "amenity": "restaurant", "shop": null, "operator": null, "source": "DATA-SRC-OSM", "official_boundary": false, "usable_for_formal": "background_only", "precision_note": "OSM 社区数据 POI，位置精度数米级；公共服务设施底数背景"}, "geometry": {"type": "Point", "coordinates": [116.325752, 39.967074]}}, {"type": "Feature", "properties": {"layer": "OSM_PUBLIC_FACILITIES", "osm_id": 8666348297, "osm_type": "node", "name": "药房", "amenity": "pharmacy", "shop": null, "operator": null, "source": "DATA-SRC-OSM", "official_boundary": false, "usable_for_formal": "background_only", "precision_note": "OSM 社区数据 POI，位置精度数米级；公共服务设施底数背景"}, "geometry": {"type": "Point", "coordinates": [116.327362, 39.970489]}}, {"type": "Feature", "properties": {"layer": "OSM_PUBLIC_FACILITIES", "osm_id": 8666348299, "osm_type": "node", "name": "打边炉火锅店", "amenity": "restaurant", "shop": null, "operator": null, "source": "DATA-SRC-OSM", "official_boundary": false, "usable_for_formal": "background_only", "precision_note": "OSM 社区数据 POI，位置精度数米级；公共服务设施底数背景"}, "geometry": {"type": "Point", "coordinates": [116.327292, 39.971207]}}, {"type": "Feature", "properties": {"layer": "OSM_PUBLIC_FACILITIES", "osm_id": 8666348302, "osm_type": "node", "name": "日式烤肉", "amenity": "restaurant", "shop": null, "operator": null, "source": "DATA-SRC-OSM", "official_boundary": false, "usable_for_formal": "background_only", "precision_note": "OSM 社区数据 POI，位置精度数米级；公共服务设施底数背景"}, "geometry": {"type": "Point", "coordinates": [116.32729, 39.971422]}}, {"type": "Feature", "properties": {"layer": "OSM_PUBLIC_FACILITIES", "osm_id": 8666348303, "osm_type": "node", "name": "杨记兴臭鳜鱼", "amenity": "restaurant", "shop": null, "operator": null, "source": "DATA-SRC-OSM", "official_boundary": false, "usable_for_formal": "background_only", "precision_note": "OSM 社区数据 POI，位置精度数米级；公共服务设施底数背景"}, "geometry": {"type": "Point", "coordinates": [116.327453, 39.969636]}}, {"type": "Feature", "properties": {"layer": "OSM_PUBLIC_FACILITIES", "osm_id": 8666348307, "osm_type": "node", "name": "燕兰楼西北菜", "amenity": "restaurant", "shop": null, "operator": null, "source": "DATA-SRC-OSM", "official_boundary": false, "usable_for_formal": "background_only", "precision_note": "OSM 社区数据 POI，位置精度数米级；公共服务设施底数背景"}, "geometry": {"type": "Point", "coordinates": [116.330252, 39.96688]}}, {"type": "Feature", "properties": {"layer": "OSM_PUBLIC_FACILITIES", "osm_id": 8712086225, "osm_type": "node", "name": "北京银行", "amenity": "bank", "shop": null, "operator": null, "source": "DATA-SRC-OSM", "official_boundary": false, "usable_for_formal": "background_only", "precision_note": "OSM 社区数据 POI，位置精度数米级；公共服务设施底数背景"}, "geometry": {"type": "Point", "coordinates": [116.3501, 40.043958]}}, {"type": "Feature", "properties": {"layer": "OSM_PUBLIC_FACILITIES", "osm_id": 8714364316, "osm_type": "node", "name": "海淀区清河第五小学", "amenity": "school", "shop": null, "operator": null, "source": "DATA-SRC-OSM", "official_boundary": false, "usable_for_formal": "background_only", "precision_note": "OSM 社区数据 POI，位置精度数米级；公共服务设施底数背景"}, "geometry": {"type": "Point", "coordinates": [116.308868, 40.015746]}}, {"type": "Feature", "properties": {"layer": "OSM_PUBLIC_FACILITIES", "osm_id": 8718443418, "osm_type": "node", "name": "庆丰包子铺", "amenity": "fast_food", "shop": null, "operator": null, "source": "DATA-SRC-OSM", "official_boundary": false, "usable_for_formal": "background_only", "precision_note": "OSM 社区数据 POI，位置精度数米级；公共服务设施底数背景"}, "geometry": {"type": "Point", "coordinates": [116.319599, 39.967126]}}, {"type": "Feature", "properties": {"layer": "OSM_PUBLIC_FACILITIES", "osm_id": 8718443419, "osm_type": "node", "name": "呷哺呷哺", "amenity": "restaurant", "shop": null, "operator": null, "source": "DATA-SRC-OSM", "official_boundary": false, "usable_for_formal": "background_only", "precision_note": "OSM 社区数据 POI，位置精度数米级；公共服务设施底数背景"}, "geometry": {"type": "Point", "coordinates": [116.319606, 39.967021]}}, {"type": "Feature", "properties": {"layer": "OSM_PUBLIC_FACILITIES", "osm_id": 8718443420, "osm_type": "node", "name": "桥香园云南米线", "amenity": "restaurant", "shop": null, "operator": null, "source": "DATA-SRC-OSM", "official_boundary": false, "usable_for_formal": "background_only", "precision_note": "OSM 社区数据 POI，位置精度数米级；公共服务设施底数背景"}, "geometry": {"type": "Point", "coordinates": [116.319644, 39.966977]}}, {"type": "Feature", "properties": {"layer": "OSM_PUBLIC_FACILITIES", "osm_id": 8718443421, "osm_type": "node", "name": "木屋烧烤", "amenity": "restaurant", "shop": null, "operator": null, "source": "DATA-SRC-OSM", "official_boundary": false, "usable_for_formal": "background_only", "precision_note": "OSM 社区数据 POI，位置精度数米级；公共服务设施底数背景"}, "geometry": {"type": "Point", "coordinates": [116.319914, 39.967006]}}, {"type": "Feature", "properties": {"layer": "OSM_PUBLIC_FACILITIES", "osm_id": 8718443422, "osm_type": "node", "name": "重八牛府", "amenity": "restaurant", "shop": null, "operator": null, "source": "DATA-SRC-OSM", "official_boundary": false, "usable_for_formal": "background_only", "precision_note": "OSM 社区数据 POI，位置精度数米级；公共服务设施底数背景"}, "geometry": {"type": "Point", "coordinates": [116.320973, 39.967373]}}, {"type": "Feature", "properties": {"layer": "OSM_PUBLIC_FACILITIES", "osm_id": 8718443434, "osm_type": "node", "name": "川军本色", "amenity": "restaurant", "shop": null, "operator": null, "source": "DATA-SRC-OSM", "official_boundary": false, "usable_for_formal": "background_only", "precision_note": "OSM 社区数据 POI，位置精度数米级；公共服务设施底数背景"}, "geometry": {"type": "Point", "coordinates": [116.323359, 39.965454]}}, {"type": "Feature", "properties": {"layer": "OSM_PUBLIC_FACILITIES", "osm_id": 8718443451, "osm_type": "node", "name": "地下美食城", "amenity": "restaurant", "shop": null, "operator": null, "source": "DATA-SRC-OSM", "official_boundary": false, "usable_for_formal": "background_only", "precision_note": "OSM 社区数据 POI，位置精度数米级；公共服务设施底数背景"}, "geometry": {"type": "Point", "coordinates": [116.320536, 39.965528]}}, {"type": "Feature", "properties": {"layer": "OSM_PUBLIC_FACILITIES", "osm_id": 8721529922, "osm_type": "node", "name": "中国建设银行", "amenity": "bank", "shop": null, "operator": null, "source": "DATA-SRC-OSM", "official_boundary": false, "usable_for_formal": "background_only", "precision_note": "OSM 社区数据 POI，位置精度数米级；公共服务设施底数背景"}, "geometry": {"type": "Point", "coordinates": [116.322223, 39.965527]}}, {"type": "Feature", "properties": {"layer": "OSM_PUBLIC_FACILITIES", "osm_id": 8721529923, "osm_type": "node", "name": "西部马华火锅", "amenity": "restaurant", "shop": null, "operator": null, "source": "DATA-SRC-OSM", "official_boundary": false, "usable_for_formal": "background_only", "precision_note": "OSM 社区数据 POI，位置精度数米级；公共服务设施底数背景"}, "geometry": {"type": "Point", "coordinates": [116.321838, 39.965523]}}, {"type": "Feature", "properties": {"layer": "OSM_PUBLIC_FACILITIES", "osm_id": 8721529925, "osm_type": "node", "name": "禾绿回转寿司", "amenity": "restaurant", "shop": null, "operator": null, "source": "DATA-SRC-OSM", "official_boundary": false, "usable_for_formal": "background_only", "precision_note": "OSM 社区数据 POI，位置精度数米级；公共服务设施底数背景"}, "geometry": {"type": "Point", "coordinates": [116.318148, 39.965268]}}, {"type": "Feature", "properties": {"layer": "OSM_PUBLIC_FACILITIES", "osm_id": 8728432184, "osm_type": "node", "name": "京味斋烤鸭店", "amenity": "restaurant", "shop": null, "operator": null, "source": "DATA-SRC-OSM", "official_boundary": false, "usable_for_formal": "background_only", "precision_note": "OSM 社区数据 POI，位置精度数米级；公共服务设施底数背景"}, "geometry": {"type": "Point", "coordinates": [116.31907, 39.968333]}}, {"type": "Feature", "properties": {"layer": "OSM_PUBLIC_FACILITIES", "osm_id": 8728482051, "osm_type": "node", "name": "济生堂大药房", "amenity": "pharmacy", "shop": null, "operator": null, "source": "DATA-SRC-OSM", "official_boundary": false, "usable_for_formal": "background_only", "precision_note": "OSM 社区数据 POI，位置精度数米级；公共服务设施底数背景"}, "geometry": {"type": "Point", "coordinates": [116.318966, 39.968403]}}, {"type": "Feature", "properties": {"layer": "OSM_PUBLIC_FACILITIES", "osm_id": 8731098705, "osm_type": "node", "name": "肯德基", "amenity": "fast_food", "shop": null, "operator": null, "source": "DATA-SRC-OSM", "official_boundary": false, "usable_for_formal": "background_only", "precision_note": "OSM 社区数据 POI，位置精度数米级；公共服务设施底数背景"}, "geometry": {"type": "Point", "coordinates": [116.364205, 40.035637]}}, {"type": "Feature", "properties": {"layer": "OSM_PUBLIC_FACILITIES", "osm_id": 8731098706, "osm_type": "node", "name": "中信银行", "amenity": "bank", "shop": null, "operator": null, "source": "DATA-SRC-OSM", "official_boundary": false, "usable_for_formal": "background_only", "precision_note": "OSM 社区数据 POI，位置精度数米级；公共服务设施底数背景"}, "geometry": {"type": "Point", "coordinates": [116.365609, 40.035118]}}, {"type": "Feature", "properties": {"layer": "OSM_PUBLIC_FACILITIES", "osm_id": 8731098707, "osm_type": "node", "name": "交通银行", "amenity": "bank", "shop": null, "operator": null, "source": "DATA-SRC-OSM", "official_boundary": false, "usable_for_formal": "background_only", "precision_note": "OSM 社区数据 POI，位置精度数米级；公共服务设施底数背景"}, "geometry": {"type": "Point", "coordinates": [116.365741, 40.034821]}}, {"type": "Feature", "properties": {"layer": "OSM_PUBLIC_FACILITIES", "osm_id": 8757606072, "osm_type": "node", "name": "青海老酸奶", "amenity": "fast_food", "shop": null, "operator": null, "source": "DATA-SRC-OSM", "official_boundary": false, "usable_for_formal": "background_only", "precision_note": "OSM 社区数据 POI，位置精度数米级；公共服务设施底数背景"}, "geometry": {"type": "Point", "coordinates": [116.392244, 39.935197]}}, {"type": "Feature", "properties": {"layer": "OSM_PUBLIC_FACILITIES", "osm_id": 8780879419, "osm_type": "node", "name": "西部马华", "amenity": "restaurant", "shop": null, "operator": null, "source": "DATA-SRC-OSM", "official_boundary": false, "usable_for_formal": "background_only", "precision_note": "OSM 社区数据 POI，位置精度数米级；公共服务设施底数背景"}, "geometry": {"type": "Point", "coordinates": [116.301242, 39.980883]}}, {"type": "Feature", "properties": {"layer": "OSM_PUBLIC_FACILITIES", "osm_id": 8785148309, "osm_type": "node", "name": "吉野家", "amenity": "fast_food", "shop": null, "operator": null, "source": "DATA-SRC-OSM", "official_boundary": false, "usable_for_formal": "background_only", "precision_note": "OSM 社区数据 POI，位置精度数米级；公共服务设施底数背景"}, "geometry": {"type": "Point", "coordinates": [116.319778, 39.966859]}}, {"type": "Feature", "properties": {"layer": "OSM_PUBLIC_FACILITIES", "osm_id": 8790932323, "osm_type": "node", "name": "中国兰州牛肉拉面", "amenity": "restaurant", "shop": null, "operator": null, "source": "DATA-SRC-OSM", "official_boundary": false, "usable_for_formal": "background_only", "precision_note": "OSM 社区数据 POI，位置精度数米级；公共服务设施底数背景"}, "geometry": {"type": "Point", "coordinates": [116.330057, 39.977179]}}, {"type": "Feature", "properties": {"layer": "OSM_PUBLIC_FACILITIES", "osm_id": 8790939288, "osm_type": "node", "name": "武圣羊汤", "amenity": "restaurant", "shop": null, "operator": null, "source": "DATA-SRC-OSM", "official_boundary": false, "usable_for_formal": "background_only", "precision_note": "OSM 社区数据 POI，位置精度数米级；公共服务设施底数背景"}, "geometry": {"type": "Point", "coordinates": [116.330143, 39.977179]}}, {"type": "Feature", "properties": {"layer": "OSM_PUBLIC_FACILITIES", "osm_id": 8802187824, "osm_type": "node", "name": "醉面", "amenity": "restaurant", "shop": null, "operator": null, "source": "DATA-SRC-OSM", "official_boundary": false, "usable_for_formal": "background_only", "precision_note": "OSM 社区数据 POI，位置精度数米级；公共服务设施底数背景"}, "geometry": {"type": "Point", "coordinates": [116.300907, 39.974864]}}, {"type": "Feature", "properties": {"layer": "OSM_PUBLIC_FACILITIES", "osm_id": 8810288768, "osm_type": "node", "name": "湊湊", "amenity": "restaurant", "shop": null, "operator": null, "source": "DATA-SRC-OSM", "official_boundary": false, "usable_for_formal": "background_only", "precision_note": "OSM 社区数据 POI，位置精度数米级；公共服务设施底数背景"}, "geometry": {"type": "Point", "coordinates": [116.308699, 39.97789]}}, {"type": "Feature", "properties": {"layer": "OSM_PUBLIC_FACILITIES", "osm_id": 8810288769, "osm_type": "node", "name": "成都鬼瘾食", "amenity": "restaurant", "shop": null, "operator": null, "source": "DATA-SRC-OSM", "official_boundary": false, "usable_for_formal": "background_only", "precision_note": "OSM 社区数据 POI，位置精度数米级；公共服务设施底数背景"}, "geometry": {"type": "Point", "coordinates": [116.308724, 39.978053]}}, {"type": "Feature", "properties": {"layer": "OSM_PUBLIC_FACILITIES", "osm_id": 8810288770, "osm_type": "node", "name": "新辣道", "amenity": "restaurant", "shop": null, "operator": null, "source": "DATA-SRC-OSM", "official_boundary": false, "usable_for_formal": "background_only", "precision_note": "OSM 社区数据 POI，位置精度数米级；公共服务设施底数背景"}, "geometry": {"type": "Point", "coordinates": [116.308522, 39.978101]}}, {"type": "Feature", "properties": {"layer": "OSM_PUBLIC_FACILITIES", "osm_id": 8810288771, "osm_type": "node", "name": "刀小蛮", "amenity": "restaurant", "shop": null, "operator": null, "source": "DATA-SRC-OSM", "official_boundary": false, "usable_for_formal": "background_only", "precision_note": "OSM 社区数据 POI，位置精度数米级；公共服务设施底数背景"}, "geometry": {"type": "Point", "coordinates": [116.30779, 39.978064]}}, {"type": "Feature", "properties": {"layer": "OSM_PUBLIC_FACILITIES", "osm_id": 8830492441, "osm_type": "node", "name": "中国银行", "amenity": "bank", "shop": null, "operator": null, "source": "DATA-SRC-OSM", "official_boundary": false, "usable_for_formal": "background_only", "precision_note": "OSM 社区数据 POI，位置精度数米级；公共服务设施底数背景"}, "geometry": {"type": "Point", "coordinates": [116.327493, 39.985867]}}, {"type": "Feature", "properties": {"layer": "OSM_PUBLIC_FACILITIES", "osm_id": 8830492447, "osm_type": "node", "name": "田老师红烧肉", "amenity": "restaurant", "shop": null, "operator": null, "source": "DATA-SRC-OSM", "official_boundary": false, "usable_for_formal": "background_only", "precision_note": "OSM 社区数据 POI，位置精度数米级；公共服务设施底数背景"}, "geometry": {"type": "Point", "coordinates": [116.327447, 39.986486]}}, {"type": "Feature", "properties": {"layer": "OSM_PUBLIC_FACILITIES", "osm_id": 8830492451, "osm_type": "node", "name": "京朋会名老中医堂", "amenity": "clinic", "shop": null, "operator": null, "source": "DATA-SRC-OSM", "official_boundary": false, "usable_for_formal": "background_only", "precision_note": "OSM 社区数据 POI，位置精度数米级；公共服务设施底数背景"}, "geometry": {"type": "Point", "coordinates": [116.31974, 39.942356]}}, {"type": "Feature", "properties": {"layer": "OSM_PUBLIC_FACILITIES", "osm_id": 8831659717, "osm_type": "node", "name": "金象大药房", "amenity": "pharmacy", "shop": null, "operator": null, "source": "DATA-SRC-OSM", "official_boundary": false, "usable_for_formal": "background_only", "precision_note": "OSM 社区数据 POI，位置精度数米级；公共服务设施底数背景"}, "geometry": {"type": "Point", "coordinates": [116.366712, 39.939068]}}, {"type": "Feature", "properties": {"layer": "OSM_PUBLIC_FACILITIES", "osm_id": 8831659718, "osm_type": "node", "name": "潮味小馆", "amenity": "restaurant", "shop": null, "operator": null, "source": "DATA-SRC-OSM", "official_boundary": false, "usable_for_formal": "background_only", "precision_note": "OSM 社区数据 POI，位置精度数米级；公共服务设施底数背景"}, "geometry": {"type": "Point", "coordinates": [116.366734, 39.938986]}}, {"type": "Feature", "properties": {"layer": "OSM_PUBLIC_FACILITIES", "osm_id": 8831659720, "osm_type": "node", "name": "湘小碗湘土菜", "amenity": "restaurant", "shop": null, "operator": null, "source": "DATA-SRC-OSM", "official_boundary": false, "usable_for_formal": "background_only", "precision_note": "OSM 社区数据 POI，位置精度数米级；公共服务设施底数背景"}, "geometry": {"type": "Point", "coordinates": [116.366106, 39.939113]}}, {"type": "Feature", "properties": {"layer": "OSM_PUBLIC_FACILITIES", "osm_id": 8831659723, "osm_type": "node", "name": "中国邮政储蓄银行", "amenity": "bank", "shop": null, "operator": null, "source": "DATA-SRC-OSM", "official_boundary": false, "usable_for_formal": "background_only", "precision_note": "OSM 社区数据 POI，位置精度数米级；公共服务设施底数背景"}, "geometry": {"type": "Point", "coordinates": [116.341628, 39.938469]}}, {"type": "Feature", "properties": {"layer": "OSM_PUBLIC_FACILITIES", "osm_id": 8831659727, "osm_type": "node", "name": "蜜雪冰城", "amenity": "fast_food", "shop": null, "operator": null, "source": "DATA-SRC-OSM", "official_boundary": false, "usable_for_formal": "background_only", "precision_note": "OSM 社区数据 POI，位置精度数米级；公共服务设施底数背景"}, "geometry": {"type": "Point", "coordinates": [116.366689, 39.939199]}}, {"type": "Feature", "properties": {"layer": "OSM_PUBLIC_FACILITIES", "osm_id": 8838971535, "osm_type": "node", "name": "中信银行", "amenity": "bank", "shop": null, "operator": null, "source": "DATA-SRC-OSM", "official_boundary": false, "usable_for_formal": "background_only", "precision_note": "OSM 社区数据 POI，位置精度数米级；公共服务设施底数背景"}, "geometry": {"type": "Point", "coordinates": [116.330292, 39.951108]}}, {"type": "Feature", "properties": {"layer": "OSM_PUBLIC_FACILITIES", "osm_id": 8843587726, "osm_type": "node", "name": "Dairy Queen", "amenity": "fast_food", "shop": null, "operator": null, "source": "DATA-SRC-OSM", "official_boundary": false, "usable_for_formal": "background_only", "precision_note": "OSM 社区数据 POI，位置精度数米级；公共服务设施底数背景"}, "geometry": {"type": "Point", "coordinates": [116.319681, 39.966665]}}, {"type": "Feature", "properties": {"layer": "OSM_PUBLIC_FACILITIES", "osm_id": 8856721059, "osm_type": "node", "name": null, "amenity": "charging_station", "shop": null, "operator": null, "source": "DATA-SRC-OSM", "official_boundary": false, "usable_for_formal": "background_only", "precision_note": "OSM 社区数据 POI，位置精度数米级；公共服务设施底数背景"}, "geometry": {"type": "Point", "coordinates": [116.354715, 40.038926]}}, {"type": "Feature", "properties": {"layer": "OSM_PUBLIC_FACILITIES", "osm_id": 8861727018, "osm_type": "node", "name": "达美乐比萨", "amenity": "fast_food", "shop": null, "operator": null, "source": "DATA-SRC-OSM", "official_boundary": false, "usable_for_formal": "background_only", "precision_note": "OSM 社区数据 POI，位置精度数米级；公共服务设施底数背景"}, "geometry": {"type": "Point", "coordinates": [116.375257, 40.008144]}}, {"type": "Feature", "properties": {"layer": "OSM_PUBLIC_FACILITIES", "osm_id": 8861727019, "osm_type": "node", "name": "海底捞火锅", "amenity": "restaurant", "shop": null, "operator": null, "source": "DATA-SRC-OSM", "official_boundary": false, "usable_for_formal": "background_only", "precision_note": "OSM 社区数据 POI，位置精度数米级；公共服务设施底数背景"}, "geometry": {"type": "Point", "coordinates": [116.375212, 40.008126]}}, {"type": "Feature", "properties": {"layer": "OSM_PUBLIC_FACILITIES", "osm_id": 8871155476, "osm_type": "node", "name": "达美乐披萨", "amenity": "fast_food", "shop": null, "operator": null, "source": "DATA-SRC-OSM", "official_boundary": false, "usable_for_formal": "background_only", "precision_note": "OSM 社区数据 POI，位置精度数米级；公共服务设施底数背景"}, "geometry": {"type": "Point", "coordinates": [116.36851, 39.980521]}}, {"type": "Feature", "properties": {"layer": "OSM_PUBLIC_FACILITIES", "osm_id": 8871155478, "osm_type": "node", "name": "吉野家", "amenity": "fast_food", "shop": null, "operator": null, "source": "DATA-SRC-OSM", "official_boundary": false, "usable_for_formal": "background_only", "precision_note": "OSM 社区数据 POI，位置精度数米级；公共服务设施底数背景"}, "geometry": {"type": "Point", "coordinates": [116.36863, 39.980524]}}, {"type": "Feature", "properties": {"layer": "OSM_PUBLIC_FACILITIES", "osm_id": 8871155479, "osm_type": "node", "name": "巴依老爷新疆美食", "amenity": "restaurant", "shop": null, "operator": null, "source": "DATA-SRC-OSM", "official_boundary": false, "usable_for_formal": "background_only", "precision_note": "OSM 社区数据 POI，位置精度数米级；公共服务设施底数背景"}, "geometry": {"type": "Point", "coordinates": [116.368371, 39.980508]}}, {"type": "Feature", "properties": {"layer": "OSM_PUBLIC_FACILITIES", "osm_id": 8880432310, "osm_type": "node", "name": "雕刻时光咖啡馆", "amenity": "cafe", "shop": null, "operator": null, "source": "DATA-SRC-OSM", "official_boundary": false, "usable_for_formal": "background_only", "precision_note": "OSM 社区数据 POI，位置精度数米级；公共服务设施底数背景"}, "geometry": {"type": "Point", "coordinates": [116.359729, 39.956332]}}, {"type": "Feature", "properties": {"layer": "OSM_PUBLIC_FACILITIES", "osm_id": 8900719835, "osm_type": "node", "name": "峨眉酒家", "amenity": "restaurant", "shop": null, "operator": null, "source": "DATA-SRC-OSM", "official_boundary": false, "usable_for_formal": "background_only", "precision_note": "OSM 社区数据 POI，位置精度数米级；公共服务设施底数背景"}, "geometry": {"type": "Point", "coordinates": [116.325378, 39.950887]}}, {"type": "Feature", "properties": {"layer": "OSM_PUBLIC_FACILITIES", "osm_id": 8900719838, "osm_type": "node", "name": "武圣羊汤", "amenity": "restaurant", "shop": null, "operator": null, "source": "DATA-SRC-OSM", "official_boundary": false, "usable_for_formal": "background_only", "precision_note": "OSM 社区数据 POI，位置精度数米级；公共服务设施底数背景"}, "geometry": {"type": "Point", "coordinates": [116.318823, 39.946796]}}, {"type": "Feature", "properties": {"layer": "OSM_PUBLIC_FACILITIES", "osm_id": 8900719839, "osm_type": "node", "name": "中国银行", "amenity": "bank", "shop": null, "operator": null, "source": "DATA-SRC-OSM", "official_boundary": false, "usable_for_formal": "background_only", "precision_note": "OSM 社区数据 POI，位置精度数米级；公共服务设施底数背景"}, "geometry": {"type": "Point", "coordinates": [116.329059, 39.952389]}}, {"type": "Feature", "properties": {"layer": "OSM_PUBLIC_FACILITIES", "osm_id": 8900719842, "osm_type": "node", "name": "北京农商银行", "amenity": "bank", "shop": null, "operator": null, "source": "DATA-SRC-OSM", "official_boundary": false, "usable_for_formal": "background_only", "precision_note": "OSM 社区数据 POI，位置精度数米级；公共服务设施底数背景"}, "geometry": {"type": "Point", "coordinates": [116.318674, 39.950129]}}, {"type": "Feature", "properties": {"layer": "OSM_PUBLIC_FACILITIES", "osm_id": 8900719844, "osm_type": "node", "name": "燕兰楼西北菜", "amenity": "restaurant", "shop": null, "operator": null, "source": "DATA-SRC-OSM", "official_boundary": false, "usable_for_formal": "background_only", "precision_note": "OSM 社区数据 POI，位置精度数米级；公共服务设施底数背景"}, "geometry": {"type": "Point", "coordinates": [116.319657, 39.942251]}}, {"type": "Feature", "properties": {"layer": "OSM_PUBLIC_FACILITIES", "osm_id": 8900719845, "osm_type": "node", "name": "庆丰包子铺", "amenity": "restaurant", "shop": null, "operator": null, "source": "DATA-SRC-OSM", "official_boundary": false, "usable_for_formal": "background_only", "precision_note": "OSM 社区数据 POI，位置精度数米级；公共服务设施底数背景"}, "geometry": {"type": "Point", "coordinates": [116.327012, 39.950988]}}, {"type": "Feature", "properties": {"layer": "OSM_PUBLIC_FACILITIES", "osm_id": 8900719848, "osm_type": "node", "name": "肯德基", "amenity": "fast_food", "shop": null, "operator": null, "source": "DATA-SRC-OSM", "official_boundary": false, "usable_for_formal": "background_only", "precision_note": "OSM 社区数据 POI，位置精度数米级；公共服务设施底数背景"}, "geometry": {"type": "Point", "coordinates": [116.318457, 39.949735]}}, {"type": "Feature", "properties": {"layer": "OSM_PUBLIC_FACILITIES", "osm_id": 8900719856, "osm_type": "node", "name": "聚宝源牛街涮肉", "amenity": "restaurant", "shop": null, "operator": null, "source": "DATA-SRC-OSM", "official_boundary": false, "usable_for_formal": "background_only", "precision_note": "OSM 社区数据 POI，位置精度数米级；公共服务设施底数背景"}, "geometry": {"type": "Point", "coordinates": [116.330128, 39.952295]}}, {"type": "Feature", "properties": {"layer": "OSM_PUBLIC_FACILITIES", "osm_id": 8902524928, "osm_type": "node", "name": "一点点", "amenity": "cafe", "shop": null, "operator": null, "source": "DATA-SRC-OSM", "official_boundary": false, "usable_for_formal": "background_only", "precision_note": "OSM 社区数据 POI，位置精度数米级；公共服务设施底数背景"}, "geometry": {"type": "Point", "coordinates": [116.317339, 39.959642]}}, {"type": "Feature", "properties": {"layer": "OSM_PUBLIC_FACILITIES", "osm_id": 8902524933, "osm_type": "node", "name": "聚柳林烤鸭店", "amenity": "restaurant", "shop": null, "operator": null, "source": "DATA-SRC-OSM", "official_boundary": false, "usable_for_formal": "background_only", "precision_note": "OSM 社区数据 POI，位置精度数米级；公共服务设施底数背景"}, "geometry": {"type": "Point", "coordinates": [116.3186, 39.9491]}}, {"type": "Feature", "properties": {"layer": "OSM_PUBLIC_FACILITIES", "osm_id": 8902524936, "osm_type": "node", "name": "麦当劳", "amenity": "fast_food", "shop": null, "operator": null, "source": "DATA-SRC-OSM", "official_boundary": false, "usable_for_formal": "background_only", "precision_note": "OSM 社区数据 POI，位置精度数米级；公共服务设施底数背景"}, "geometry": {"type": "Point", "coordinates": [116.317902, 39.954883]}}, {"type": "Feature", "properties": {"layer": "OSM_PUBLIC_FACILITIES", "osm_id": 8919224281, "osm_type": "node", "name": "秦菜小馆", "amenity": "restaurant", "shop": null, "operator": null, "source": "DATA-SRC-OSM", "official_boundary": false, "usable_for_formal": "background_only", "precision_note": "OSM 社区数据 POI，位置精度数米级；公共服务设施底数背景"}, "geometry": {"type": "Point", "coordinates": [116.329114, 39.9521]}}, {"type": "Feature", "properties": {"layer": "OSM_PUBLIC_FACILITIES", "osm_id": 8920016842, "osm_type": "node", "name": "中国工商银行", "amenity": "bank", "shop": null, "operator": null, "source": "DATA-SRC-OSM", "official_boundary": false, "usable_for_formal": "background_only", "precision_note": "OSM 社区数据 POI，位置精度数米级；公共服务设施底数背景"}, "geometry": {"type": "Point", "coordinates": [116.308053, 40.023765]}}, {"type": "Feature", "properties": {"layer": "OSM_PUBLIC_FACILITIES", "osm_id": 8922681614, "osm_type": "node", "name": "国图艺术中心", "amenity": "arts_centre", "shop": null, "operator": null, "source": "DATA-SRC-OSM", "official_boundary": false, "usable_for_formal": "background_only", "precision_note": "OSM 社区数据 POI，位置精度数米级；公共服务设施底数背景"}, "geometry": {"type": "Point", "coordinates": [116.318071, 39.943084]}}, {"type": "Feature", "properties": {"layer": "OSM_PUBLIC_FACILITIES", "osm_id": 8922701117, "osm_type": "node", "name": "和街肉饼", "amenity": "fast_food", "shop": null, "operator": null, "source": "DATA-SRC-OSM", "official_boundary": false, "usable_for_formal": "background_only", "precision_note": "OSM 社区数据 POI，位置精度数米级；公共服务设施底数背景"}, "geometry": {"type": "Point", "coordinates": [116.319416, 39.971991]}}, {"type": "Feature", "properties": {"layer": "OSM_PUBLIC_FACILITIES", "osm_id": 8922701123, "osm_type": "node", "name": "巴蜀王婆大虾", "amenity": "restaurant", "shop": null, "operator": null, "source": "DATA-SRC-OSM", "official_boundary": false, "usable_for_formal": "background_only", "precision_note": "OSM 社区数据 POI，位置精度数米级；公共服务设施底数背景"}, "geometry": {"type": "Point", "coordinates": [116.318372, 39.974642]}}, {"type": "Feature", "properties": {"layer": "OSM_PUBLIC_FACILITIES", "osm_id": 8922701124, "osm_type": "node", "name": "浙商银行", "amenity": "bank", "shop": null, "operator": null, "source": "DATA-SRC-OSM", "official_boundary": false, "usable_for_formal": "background_only", "precision_note": "OSM 社区数据 POI，位置精度数米级；公共服务设施底数背景"}, "geometry": {"type": "Point", "coordinates": [116.316467, 39.957593]}}, {"type": "Feature", "properties": {"layer": "OSM_PUBLIC_FACILITIES", "osm_id": 8922701125, "osm_type": "node", "name": "北京银行", "amenity": "bank", "shop": null, "operator": null, "source": "DATA-SRC-OSM", "official_boundary": false, "usable_for_formal": "background_only", "precision_note": "OSM 社区数据 POI，位置精度数米级；公共服务设施底数背景"}, "geometry": {"type": "Point", "coordinates": [116.316173, 39.959822]}}, {"type": "Feature", "properties": {"layer": "OSM_PUBLIC_FACILITIES", "osm_id": 8922701127, "osm_type": "node", "name": "赛百味", "amenity": "fast_food", "shop": null, "operator": null, "source": "DATA-SRC-OSM", "official_boundary": false, "usable_for_formal": "background_only", "precision_note": "OSM 社区数据 POI，位置精度数米级；公共服务设施底数背景"}, "geometry": {"type": "Point", "coordinates": [116.312089, 39.97187]}}, {"type": "Feature", "properties": {"layer": "OSM_PUBLIC_FACILITIES", "osm_id": 8930488309, "osm_type": "node", "name": "中国兰州牛肉拉面", "amenity": "restaurant", "shop": null, "operator": null, "source": "DATA-SRC-OSM", "official_boundary": false, "usable_for_formal": "background_only", "precision_note": "OSM 社区数据 POI，位置精度数米级；公共服务设施底数背景"}, "geometry": {"type": "Point", "coordinates": [116.319217, 39.943596]}}, {"type": "Feature", "properties": {"layer": "OSM_PUBLIC_FACILITIES", "osm_id": 8930488310, "osm_type": "node", "name": "宜城香", "amenity": "fast_food", "shop": null, "operator": null, "source": "DATA-SRC-OSM", "official_boundary": false, "usable_for_formal": "background_only", "precision_note": "OSM 社区数据 POI，位置精度数米级；公共服务设施底数背景"}, "geometry": {"type": "Point", "coordinates": [116.319227, 39.94352]}}, {"type": "Feature", "properties": {"layer": "OSM_PUBLIC_FACILITIES", "osm_id": 8932938839, "osm_type": "node", "name": "川椒缘火锅", "amenity": "restaurant", "shop": null, "operator": null, "source": "DATA-SRC-OSM", "official_boundary": false, "usable_for_formal": "background_only", "precision_note": "OSM 社区数据 POI，位置精度数米级；公共服务设施底数背景"}, "geometry": {"type": "Point", "coordinates": [116.3186, 39.949721]}}, {"type": "Feature", "properties": {"layer": "OSM_PUBLIC_FACILITIES", "osm_id": 8932938840, "osm_type": "node", "name": "大鸭梨烤鸭店", "amenity": "restaurant", "shop": null, "operator": null, "source": "DATA-SRC-OSM", "official_boundary": false, "usable_for_formal": "background_only", "precision_note": "OSM 社区数据 POI，位置精度数米级；公共服务设施底数背景"}, "geometry": {"type": "Point", "coordinates": [116.326134, 39.950468]}}, {"type": "Feature", "properties": {"layer": "OSM_PUBLIC_FACILITIES", "osm_id": 8932938841, "osm_type": "node", "name": "小渝府", "amenity": "restaurant", "shop": null, "operator": null, "source": "DATA-SRC-OSM", "official_boundary": false, "usable_for_formal": "background_only", "precision_note": "OSM 社区数据 POI，位置精度数米级；公共服务设施底数背景"}, "geometry": {"type": "Point", "coordinates": [116.329355, 39.957057]}}, {"type": "Feature", "properties": {"layer": "OSM_PUBLIC_FACILITIES", "osm_id": 8932938843, "osm_type": "node", "name": "中国银行", "amenity": "bank", "shop": null, "operator": null, "source": "DATA-SRC-OSM", "official_boundary": false, "usable_for_formal": "background_only", "precision_note": "OSM 社区数据 POI，位置精度数米级；公共服务设施底数背景"}, "geometry": {"type": "Point", "coordinates": [116.33017, 39.951466]}}, {"type": "Feature", "properties": {"layer": "OSM_PUBLIC_FACILITIES", "osm_id": 8932938845, "osm_type": "node", "name": "煎饼王", "amenity": "fast_food", "shop": null, "operator": null, "source": "DATA-SRC-OSM", "official_boundary": false, "usable_for_formal": "background_only", "precision_note": "OSM 社区数据 POI，位置精度数米级；公共服务设施底数背景"}, "geometry": {"type": "Point", "coordinates": [116.319737, 39.950214]}}, {"type": "Feature", "properties": {"layer": "OSM_PUBLIC_FACILITIES", "osm_id": 8932938850, "osm_type": "node", "name": "好这口重庆小面", "amenity": "restaurant", "shop": null, "operator": null, "source": "DATA-SRC-OSM", "official_boundary": false, "usable_for_formal": "background_only", "precision_note": "OSM 社区数据 POI，位置精度数米级；公共服务设施底数背景"}, "geometry": {"type": "Point", "coordinates": [116.329127, 39.95375]}}, {"type": "Feature", "properties": {"layer": "OSM_PUBLIC_FACILITIES", "osm_id": 8936082015, "osm_type": "node", "name": "中关村街道红民村社区活动中心", "amenity": "community_centre", "shop": null, "operator": null, "source": "DATA-SRC-OSM", "official_boundary": false, "usable_for_formal": "background_only", "precision_note": "OSM 社区数据 POI，位置精度数米级；公共服务设施底数背景"}, "geometry": {"type": "Point", "coordinates": [116.325625, 39.966909]}}, {"type": "Feature", "properties": {"layer": "OSM_PUBLIC_FACILITIES", "osm_id": 8936103220, "osm_type": "node", "name": "中国农业银行", "amenity": "bank", "shop": null, "operator": null, "source": "DATA-SRC-OSM", "official_boundary": false, "usable_for_formal": "background_only", "precision_note": "OSM 社区数据 POI，位置精度数米级；公共服务设施底数背景"}, "geometry": {"type": "Point", "coordinates": [116.327456, 39.968221]}}, {"type": "Feature", "properties": {"layer": "OSM_PUBLIC_FACILITIES", "osm_id": 8936103224, "osm_type": "node", "name": "交通银行", "amenity": "bank", "shop": null, "operator": null, "source": "DATA-SRC-OSM", "official_boundary": false, "usable_for_formal": "background_only", "precision_note": "OSM 社区数据 POI，位置精度数米级；公共服务设施底数背景"}, "geometry": {"type": "Point", "coordinates": [116.327458, 39.969145]}}, {"type": "Feature", "properties": {"layer": "OSM_PUBLIC_FACILITIES", "osm_id": 8936103231, "osm_type": "node", "name": "西部马华", "amenity": "restaurant", "shop": null, "operator": null, "source": "DATA-SRC-OSM", "official_boundary": false, "usable_for_formal": "background_only", "precision_note": "OSM 社区数据 POI，位置精度数米级；公共服务设施底数背景"}, "geometry": {"type": "Point", "coordinates": [116.327298, 39.971008]}}, {"type": "Feature", "properties": {"layer": "OSM_PUBLIC_FACILITIES", "osm_id": 8946261787, "osm_type": "node", "name": "精品牛肉面", "amenity": "restaurant", "shop": null, "operator": null, "source": "DATA-SRC-OSM", "official_boundary": false, "usable_for_formal": "background_only", "precision_note": "OSM 社区数据 POI，位置精度数米级；公共服务设施底数背景"}, "geometry": {"type": "Point", "coordinates": [116.318267, 39.963138]}}, {"type": "Feature", "properties": {"layer": "OSM_PUBLIC_FACILITIES", "osm_id": 8946261791, "osm_type": "node", "name": "大黄菜煎饼", "amenity": "fast_food", "shop": null, "operator": null, "source": "DATA-SRC-OSM", "official_boundary": false, "usable_for_formal": "background_only", "precision_note": "OSM 社区数据 POI，位置精度数米级；公共服务设施底数背景"}, "geometry": {"type": "Point", "coordinates": [116.318613, 39.963155]}}, {"type": "Feature", "properties": {"layer": "OSM_PUBLIC_FACILITIES", "osm_id": 8946261792, "osm_type": "node", "name": "田老师红烧肉", "amenity": "restaurant", "shop": null, "operator": null, "source": "DATA-SRC-OSM", "official_boundary": false, "usable_for_formal": "background_only", "precision_note": "OSM 社区数据 POI，位置精度数米级；公共服务设施底数背景"}, "geometry": {"type": "Point", "coordinates": [116.318695, 39.96316]}}, {"type": "Feature", "properties": {"layer": "OSM_PUBLIC_FACILITIES", "osm_id": 8946261793, "osm_type": "node", "name": "望京小腰", "amenity": "restaurant", "shop": null, "operator": null, "source": "DATA-SRC-OSM", "official_boundary": false, "usable_for_formal": "background_only", "precision_note": "OSM 社区数据 POI，位置精度数米级；公共服务设施底数背景"}, "geometry": {"type": "Point", "coordinates": [116.318814, 39.963163]}}, {"type": "Feature", "properties": {"layer": "OSM_PUBLIC_FACILITIES", "osm_id": 8946261794, "osm_type": "node", "name": "西四包子铺", "amenity": "fast_food", "shop": null, "operator": null, "source": "DATA-SRC-OSM", "official_boundary": false, "usable_for_formal": "background_only", "precision_note": "OSM 社区数据 POI，位置精度数米级；公共服务设施底数背景"}, "geometry": {"type": "Point", "coordinates": [116.319002, 39.963174]}}, {"type": "Feature", "properties": {"layer": "OSM_PUBLIC_FACILITIES", "osm_id": 8946261795, "osm_type": "node", "name": "达美乐比萨", "amenity": "fast_food", "shop": null, "operator": null, "source": "DATA-SRC-OSM", "official_boundary": false, "usable_for_formal": "background_only", "precision_note": "OSM 社区数据 POI，位置精度数米级；公共服务设施底数背景"}, "geometry": {"type": "Point", "coordinates": [116.319062, 39.963181]}}, {"type": "Feature", "properties": {"layer": "OSM_PUBLIC_FACILITIES", "osm_id": 8946261796, "osm_type": "node", "name": "一碗好面", "amenity": "restaurant", "shop": null, "operator": null, "source": "DATA-SRC-OSM", "official_boundary": false, "usable_for_formal": "background_only", "precision_note": "OSM 社区数据 POI，位置精度数米级；公共服务设施底数背景"}, "geometry": {"type": "Point", "coordinates": [116.31912, 39.963192]}}, {"type": "Feature", "properties": {"layer": "OSM_PUBLIC_FACILITIES", "osm_id": 8946261807, "osm_type": "node", "name": "明天南区幼儿园", "amenity": "kindergarten", "shop": null, "operator": null, "source": "DATA-SRC-OSM", "official_boundary": false, "usable_for_formal": "background_only", "precision_note": "OSM 社区数据 POI，位置精度数米级；公共服务设施底数背景"}, "geometry": {"type": "Point", "coordinates": [116.323188, 39.964809]}}, {"type": "Feature", "properties": {"layer": "OSM_PUBLIC_FACILITIES", "osm_id": 8946291318, "osm_type": "node", "name": "北京银行", "amenity": "bank", "shop": null, "operator": null, "source": "DATA-SRC-OSM", "official_boundary": false, "usable_for_formal": "background_only", "precision_note": "OSM 社区数据 POI，位置精度数米级；公共服务设施底数背景"}, "geometry": {"type": "Point", "coordinates": [116.324646, 39.966497]}}, {"type": "Feature", "properties": {"layer": "OSM_PUBLIC_FACILITIES", "osm_id": 8948382442, "osm_type": "node", "name": "土地科学技术学院", "amenity": "college", "shop": null, "operator": null, "source": "DATA-SRC-OSM", "official_boundary": false, "usable_for_formal": "background_only", "precision_note": "OSM 社区数据 POI，位置精度数米级；公共服务设施底数背景"}, "geometry": {"type": "Point", "coordinates": [116.34503, 39.991396]}}, {"type": "Feature", "properties": {"layer": "OSM_PUBLIC_FACILITIES", "osm_id": 8986121771, "osm_type": "node", "name": "西粉堂", "amenity": "restaurant", "shop": null, "operator": null, "source": "DATA-SRC-OSM", "official_boundary": false, "usable_for_formal": "background_only", "precision_note": "OSM 社区数据 POI，位置精度数米级；公共服务设施底数背景"}, "geometry": {"type": "Point", "coordinates": [116.319189, 39.963201]}}, {"type": "Feature", "properties": {"layer": "OSM_PUBLIC_FACILITIES", "osm_id": 8989412347, "osm_type": "node", "name": "后勤综合服务大厅", "amenity": "community_centre", "shop": null, "operator": null, "source": "DATA-SRC-OSM", "official_boundary": false, "usable_for_formal": "background_only", "precision_note": "OSM 社区数据 POI，位置精度数米级；公共服务设施底数背景"}, "geometry": {"type": "Point", "coordinates": [116.321756, 39.958713]}}, {"type": "Feature", "properties": {"layer": "OSM_PUBLIC_FACILITIES", "osm_id": 9012906554, "osm_type": "node", "name": "庆友发重庆小面", "amenity": "restaurant", "shop": null, "operator": null, "source": "DATA-SRC-OSM", "official_boundary": false, "usable_for_formal": "background_only", "precision_note": "OSM 社区数据 POI，位置精度数米级；公共服务设施底数背景"}, "geometry": {"type": "Point", "coordinates": [116.31907, 39.967147]}}, {"type": "Feature", "properties": {"layer": "OSM_PUBLIC_FACILITIES", "osm_id": 9027669232, "osm_type": "node", "name": "绿山咖啡", "amenity": "cafe", "shop": null, "operator": null, "source": "DATA-SRC-OSM", "official_boundary": false, "usable_for_formal": "background_only", "precision_note": "OSM 社区数据 POI，位置精度数米级；公共服务设施底数背景"}, "geometry": {"type": "Point", "coordinates": [116.359756, 39.98749]}}, {"type": "Feature", "properties": {"layer": "OSM_PUBLIC_FACILITIES", "osm_id": 9030197189, "osm_type": "node", "name": "藏书馆咖啡", "amenity": "cafe", "shop": null, "operator": null, "source": "DATA-SRC-OSM", "official_boundary": false, "usable_for_formal": "background_only", "precision_note": "OSM 社区数据 POI，位置精度数米级；公共服务设施底数背景"}, "geometry": {"type": "Point", "coordinates": [116.363811, 39.977416]}}, {"type": "Feature", "properties": {"layer": "OSM_PUBLIC_FACILITIES", "osm_id": 9034883083, "osm_type": "node", "name": "伊京轩牛肉面", "amenity": "restaurant", "shop": null, "operator": null, "source": "DATA-SRC-OSM", "official_boundary": false, "usable_for_formal": "background_only", "precision_note": "OSM 社区数据 POI，位置精度数米级；公共服务设施底数背景"}, "geometry": {"type": "Point", "coordinates": [116.318461, 39.974635]}}, {"type": "Feature", "properties": {"layer": "OSM_PUBLIC_FACILITIES", "osm_id": 9034883085, "osm_type": "node", "name": "贵凤凰贵州牛肉粉·小吃", "amenity": "restaurant", "shop": null, "operator": null, "source": "DATA-SRC-OSM", "official_boundary": false, "usable_for_formal": "background_only", "precision_note": "OSM 社区数据 POI，位置精度数米级；公共服务设施底数背景"}, "geometry": {"type": "Point", "coordinates": [116.315449, 39.967054]}}, {"type": "Feature", "properties": {"layer": "OSM_PUBLIC_FACILITIES", "osm_id": 9034883086, "osm_type": "node", "name": "李先生", "amenity": "restaurant", "shop": null, "operator": null, "source": "DATA-SRC-OSM", "official_boundary": false, "usable_for_formal": "background_only", "precision_note": "OSM 社区数据 POI，位置精度数米级；公共服务设施底数背景"}, "geometry": {"type": "Point", "coordinates": [116.31096, 39.974349]}}, {"type": "Feature", "properties": {"layer": "OSM_PUBLIC_FACILITIES", "osm_id": 9100397727, "osm_type": "node", "name": "瑞幸咖啡", "amenity": "cafe", "shop": null, "operator": null, "source": "DATA-SRC-OSM", "official_boundary": false, "usable_for_formal": "background_only", "precision_note": "OSM 社区数据 POI，位置精度数米级；公共服务设施底数背景"}, "geometry": {"type": "Point", "coordinates": [116.328823, 39.991208]}}, {"type": "Feature", "properties": {"layer": "OSM_PUBLIC_FACILITIES", "osm_id": 9105357464, "osm_type": "node", "name": "CoCo都可", "amenity": "cafe", "shop": null, "operator": null, "source": "DATA-SRC-OSM", "official_boundary": false, "usable_for_formal": "background_only", "precision_note": "OSM 社区数据 POI，位置精度数米级；公共服务设施底数背景"}, "geometry": {"type": "Point", "coordinates": [116.33708, 39.947302]}}, {"type": "Feature", "properties": {"layer": "OSM_PUBLIC_FACILITIES", "osm_id": 9105357465, "osm_type": "node", "name": "一点点", "amenity": "cafe", "shop": null, "operator": null, "source": "DATA-SRC-OSM", "official_boundary": false, "usable_for_formal": "background_only", "precision_note": "OSM 社区数据 POI，位置精度数米级；公共服务设施底数背景"}, "geometry": {"type": "Point", "coordinates": [116.336612, 39.947193]}}, {"type": "Feature", "properties": {"layer": "OSM_PUBLIC_FACILITIES", "osm_id": 9105357466, "osm_type": "node", "name": "蜜雪冰城", "amenity": "fast_food", "shop": null, "operator": null, "source": "DATA-SRC-OSM", "official_boundary": false, "usable_for_formal": "background_only", "precision_note": "OSM 社区数据 POI，位置精度数米级；公共服务设施底数背景"}, "geometry": {"type": "Point", "coordinates": [116.336365, 39.947128]}}, {"type": "Feature", "properties": {"layer": "OSM_PUBLIC_FACILITIES", "osm_id": 9105357477, "osm_type": "node", "name": "什刹海城市探索中心", "amenity": "community_centre", "shop": null, "operator": null, "source": "DATA-SRC-OSM", "official_boundary": false, "usable_for_formal": "background_only", "precision_note": "OSM 社区数据 POI，位置精度数米级；公共服务设施底数背景"}, "geometry": {"type": "Point", "coordinates": [116.374041, 39.94653]}}, {"type": "Feature", "properties": {"layer": "OSM_PUBLIC_FACILITIES", "osm_id": 9105357478, "osm_type": "node", "name": "天外天烤鸭店", "amenity": "restaurant", "shop": null, "operator": null, "source": "DATA-SRC-OSM", "official_boundary": false, "usable_for_formal": "background_only", "precision_note": "OSM 社区数据 POI，位置精度数米级；公共服务设施底数背景"}, "geometry": {"type": "Point", "coordinates": [116.375766, 39.944582]}}, {"type": "Feature", "properties": {"layer": "OSM_PUBLIC_FACILITIES", "osm_id": 9105357479, "osm_type": "node", "name": "德胜肉饼", "amenity": "restaurant", "shop": null, "operator": null, "source": "DATA-SRC-OSM", "official_boundary": false, "usable_for_formal": "background_only", "precision_note": "OSM 社区数据 POI，位置精度数米级；公共服务设施底数背景"}, "geometry": {"type": "Point", "coordinates": [116.375593, 39.945827]}}, {"type": "Feature", "properties": {"layer": "OSM_PUBLIC_FACILITIES", "osm_id": 9105357481, "osm_type": "node", "name": "豆腐脑白", "amenity": "restaurant", "shop": null, "operator": null, "source": "DATA-SRC-OSM", "official_boundary": false, "usable_for_formal": "background_only", "precision_note": "OSM 社区数据 POI，位置精度数米级；公共服务设施底数背景"}, "geometry": {"type": "Point", "coordinates": [116.375732, 39.944549]}}, {"type": "Feature", "properties": {"layer": "OSM_PUBLIC_FACILITIES", "osm_id": 9105362722, "osm_type": "node", "name": "紫金观", "amenity": "place_of_worship", "shop": null, "operator": null, "source": "DATA-SRC-OSM", "official_boundary": false, "usable_for_formal": "background_only", "precision_note": "OSM 社区数据 POI，位置精度数米级；公共服务设施底数背景"}, "geometry": {"type": "Point", "coordinates": [116.306831, 39.943842]}}, {"type": "Feature", "properties": {"layer": "OSM_PUBLIC_FACILITIES", "osm_id": 9105362723, "osm_type": "node", "name": "延庆寺", "amenity": "place_of_worship", "shop": null, "operator": null, "source": "DATA-SRC-OSM", "official_boundary": false, "usable_for_formal": "background_only", "precision_note": "OSM 社区数据 POI，位置精度数米级；公共服务设施底数背景"}, "geometry": {"type": "Point", "coordinates": [116.305752, 39.944531]}}, {"type": "Feature", "properties": {"layer": "OSM_PUBLIC_FACILITIES", "osm_id": 9112462096, "osm_type": "node", "name": "贵凤凰", "amenity": "restaurant", "shop": null, "operator": null, "source": "DATA-SRC-OSM", "official_boundary": false, "usable_for_formal": "background_only", "precision_note": "OSM 社区数据 POI，位置精度数米级；公共服务设施底数背景"}, "geometry": {"type": "Point", "coordinates": [116.322489, 39.979775]}}, {"type": "Feature", "properties": {"layer": "OSM_PUBLIC_FACILITIES", "osm_id": 9113215105, "osm_type": "node", "name": "Wagas", "amenity": "cafe", "shop": null, "operator": null, "source": "DATA-SRC-OSM", "official_boundary": false, "usable_for_formal": "background_only", "precision_note": "OSM 社区数据 POI，位置精度数米级；公共服务设施底数背景"}, "geometry": {"type": "Point", "coordinates": [116.333448, 39.991115]}}, {"type": "Feature", "properties": {"layer": "OSM_PUBLIC_FACILITIES", "osm_id": 9113215106, "osm_type": "node", "name": "兰熊鲜奶", "amenity": "cafe", "shop": null, "operator": null, "source": "DATA-SRC-OSM", "official_boundary": false, "usable_for_formal": "background_only", "precision_note": "OSM 社区数据 POI，位置精度数米级；公共服务设施底数背景"}, "geometry": {"type": "Point", "coordinates": [116.333446, 39.990998]}}, {"type": "Feature", "properties": {"layer": "OSM_PUBLIC_FACILITIES", "osm_id": 9113518075, "osm_type": "node", "name": "葫芦娃", "amenity": "restaurant", "shop": null, "operator": null, "source": "DATA-SRC-OSM", "official_boundary": false, "usable_for_formal": "background_only", "precision_note": "OSM 社区数据 POI，位置精度数米级；公共服务设施底数背景"}, "geometry": {"type": "Point", "coordinates": [116.333383, 39.990916]}}, {"type": "Feature", "properties": {"layer": "OSM_PUBLIC_FACILITIES", "osm_id": 9132280178, "osm_type": "node", "name": "民生银行ATM", "amenity": "bank", "shop": null, "operator": null, "source": "DATA-SRC-OSM", "official_boundary": false, "usable_for_formal": "background_only", "precision_note": "OSM 社区数据 POI，位置精度数米级；公共服务设施底数背景"}, "geometry": {"type": "Point", "coordinates": [116.351418, 40.044399]}}, {"type": "Feature", "properties": {"layer": "OSM_PUBLIC_FACILITIES", "osm_id": 9132280179, "osm_type": "node", "name": "呷浦呷浦", "amenity": "restaurant", "shop": null, "operator": null, "source": "DATA-SRC-OSM", "official_boundary": false, "usable_for_formal": "background_only", "precision_note": "OSM 社区数据 POI，位置精度数米级；公共服务设施底数背景"}, "geometry": {"type": "Point", "coordinates": [116.351582, 40.044136]}}, {"type": "Feature", "properties": {"layer": "OSM_PUBLIC_FACILITIES", "osm_id": 9132280180, "osm_type": "node", "name": "喜家德饺子", "amenity": "restaurant", "shop": null, "operator": null, "source": "DATA-SRC-OSM", "official_boundary": false, "usable_for_formal": "background_only", "precision_note": "OSM 社区数据 POI，位置精度数米级；公共服务设施底数背景"}, "geometry": {"type": "Point", "coordinates": [116.351455, 40.044504]}}, {"type": "Feature", "properties": {"layer": "OSM_PUBLIC_FACILITIES", "osm_id": 9161763437, "osm_type": "node", "name": "大亖串局", "amenity": "restaurant", "shop": null, "operator": null, "source": "DATA-SRC-OSM", "official_boundary": false, "usable_for_formal": "background_only", "precision_note": "OSM 社区数据 POI，位置精度数米级；公共服务设施底数背景"}, "geometry": {"type": "Point", "coordinates": [116.318796, 39.975699]}}, {"type": "Feature", "properties": {"layer": "OSM_PUBLIC_FACILITIES", "osm_id": 9166497111, "osm_type": "node", "name": null, "amenity": "fast_food", "shop": null, "operator": null, "source": "DATA-SRC-OSM", "official_boundary": false, "usable_for_formal": "background_only", "precision_note": "OSM 社区数据 POI，位置精度数米级；公共服务设施底数背景"}, "geometry": {"type": "Point", "coordinates": [116.349069, 40.045558]}}, {"type": "Feature", "properties": {"layer": "OSM_PUBLIC_FACILITIES", "osm_id": 9236841343, "osm_type": "node", "name": "必胜客", "amenity": "restaurant", "shop": null, "operator": null, "source": "DATA-SRC-OSM", "official_boundary": false, "usable_for_formal": "background_only", "precision_note": "OSM 社区数据 POI，位置精度数米级；公共服务设施底数背景"}, "geometry": {"type": "Point", "coordinates": [116.392335, 40.001634]}}, {"type": "Feature", "properties": {"layer": "OSM_PUBLIC_FACILITIES", "osm_id": 9236841346, "osm_type": "node", "name": "渝是乎", "amenity": "restaurant", "shop": null, "operator": null, "source": "DATA-SRC-OSM", "official_boundary": false, "usable_for_formal": "background_only", "precision_note": "OSM 社区数据 POI，位置精度数米级；公共服务设施底数背景"}, "geometry": {"type": "Point", "coordinates": [116.392003, 40.001685]}}, {"type": "Feature", "properties": {"layer": "OSM_PUBLIC_FACILITIES", "osm_id": 9236841347, "osm_type": "node", "name": "肯德基", "amenity": "fast_food", "shop": null, "operator": null, "source": "DATA-SRC-OSM", "official_boundary": false, "usable_for_formal": "background_only", "precision_note": "OSM 社区数据 POI，位置精度数米级；公共服务设施底数背景"}, "geometry": {"type": "Point", "coordinates": [116.392332, 40.001703]}}, {"type": "Feature", "properties": {"layer": "OSM_PUBLIC_FACILITIES", "osm_id": 9246219533, "osm_type": "node", "name": "渔歌四季", "amenity": "restaurant", "shop": null, "operator": null, "source": "DATA-SRC-OSM", "official_boundary": false, "usable_for_formal": "background_only", "precision_note": "OSM 社区数据 POI，位置精度数米级；公共服务设施底数背景"}, "geometry": {"type": "Point", "coordinates": [116.318122, 40.029938]}}, {"type": "Feature", "properties": {"layer": "OSM_PUBLIC_FACILITIES", "osm_id": 9265748958, "osm_type": "node", "name": "中关村街道第一幼儿园", "amenity": "kindergarten", "shop": null, "operator": null, "source": "DATA-SRC-OSM", "official_boundary": false, "usable_for_formal": "background_only", "precision_note": "OSM 社区数据 POI，位置精度数米级；公共服务设施底数背景"}, "geometry": {"type": "Point", "coordinates": [116.312291, 39.986]}}, {"type": "Feature", "properties": {"layer": "OSM_PUBLIC_FACILITIES", "osm_id": 9296159321, "osm_type": "node", "name": "中国建设银行", "amenity": "bank", "shop": null, "operator": null, "source": "DATA-SRC-OSM", "official_boundary": false, "usable_for_formal": "background_only", "precision_note": "OSM 社区数据 POI，位置精度数米级；公共服务设施底数背景"}, "geometry": {"type": "Point", "coordinates": [116.344732, 39.975603]}}, {"type": "Feature", "properties": {"layer": "OSM_PUBLIC_FACILITIES", "osm_id": 9296159322, "osm_type": "node", "name": "北京银行", "amenity": "bank", "shop": null, "operator": null, "source": "DATA-SRC-OSM", "official_boundary": false, "usable_for_formal": "background_only", "precision_note": "OSM 社区数据 POI，位置精度数米级；公共服务设施底数背景"}, "geometry": {"type": "Point", "coordinates": [116.34593, 39.975628]}}, {"type": "Feature", "properties": {"layer": "OSM_PUBLIC_FACILITIES", "osm_id": 9296358846, "osm_type": "node", "name": "人民教育出版社图书馆", "amenity": "library", "shop": null, "operator": "人民教育出版社", "source": "DATA-SRC-OSM", "official_boundary": false, "usable_for_formal": "background_only", "precision_note": "OSM 社区数据 POI，位置精度数米级；公共服务设施底数背景"}, "geometry": {"type": "Point", "coordinates": [116.316709, 39.9528]}}, {"type": "Feature", "properties": {"layer": "OSM_PUBLIC_FACILITIES", "osm_id": 9300406876, "osm_type": "node", "name": "DUNKIN唐恩都乐", "amenity": "fast_food", "shop": null, "operator": null, "source": "DATA-SRC-OSM", "official_boundary": false, "usable_for_formal": "background_only", "precision_note": "OSM 社区数据 POI，位置精度数米级；公共服务设施底数背景"}, "geometry": {"type": "Point", "coordinates": [116.329048, 40.029057]}}, {"type": "Feature", "properties": {"layer": "OSM_PUBLIC_FACILITIES", "osm_id": 9312258050, "osm_type": "node", "name": "牛街牛羊肉", "amenity": "restaurant", "shop": null, "operator": null, "source": "DATA-SRC-OSM", "official_boundary": false, "usable_for_formal": "background_only", "precision_note": "OSM 社区数据 POI，位置精度数米级；公共服务设施底数背景"}, "geometry": {"type": "Point", "coordinates": [116.359398, 39.977866]}}, {"type": "Feature", "properties": {"layer": "OSM_PUBLIC_FACILITIES", "osm_id": 9312289551, "osm_type": "node", "name": "晋家小馆", "amenity": "restaurant", "shop": null, "operator": null, "source": "DATA-SRC-OSM", "official_boundary": false, "usable_for_formal": "background_only", "precision_note": "OSM 社区数据 POI，位置精度数米级；公共服务设施底数背景"}, "geometry": {"type": "Point", "coordinates": [116.359397, 39.977842]}}, {"type": "Feature", "properties": {"layer": "OSM_PUBLIC_FACILITIES", "osm_id": 9312289552, "osm_type": "node", "name": "新发地果蔬社区便民店", "amenity": "marketplace", "shop": null, "operator": null, "source": "DATA-SRC-OSM", "official_boundary": false, "usable_for_formal": "background_only", "precision_note": "OSM 社区数据 POI，位置精度数米级；公共服务设施底数背景"}, "geometry": {"type": "Point", "coordinates": [116.359389, 39.977616]}}, {"type": "Feature", "properties": {"layer": "OSM_PUBLIC_FACILITIES", "osm_id": 9319854645, "osm_type": "node", "name": "颐泉汇", "amenity": "place_of_worship", "shop": null, "operator": null, "source": "DATA-SRC-OSM", "official_boundary": false, "usable_for_formal": "background_only", "precision_note": "OSM 社区数据 POI，位置精度数米级；公共服务设施底数背景"}, "geometry": {"type": "Point", "coordinates": [116.308245, 40.034479]}}, {"type": "Feature", "properties": {"layer": "OSM_PUBLIC_FACILITIES", "osm_id": 9362958323, "osm_type": "node", "name": "奈雪的茶", "amenity": "cafe", "shop": null, "operator": null, "source": "DATA-SRC-OSM", "official_boundary": false, "usable_for_formal": "background_only", "precision_note": "OSM 社区数据 POI，位置精度数米级；公共服务设施底数背景"}, "geometry": {"type": "Point", "coordinates": [116.331579, 40.035352]}}, {"type": "Feature", "properties": {"layer": "OSM_PUBLIC_FACILITIES", "osm_id": 9362958324, "osm_type": "node", "name": "星巴克", "amenity": "cafe", "shop": null, "operator": null, "source": "DATA-SRC-OSM", "official_boundary": false, "usable_for_formal": "background_only", "precision_note": "OSM 社区数据 POI，位置精度数米级；公共服务设施底数背景"}, "geometry": {"type": "Point", "coordinates": [116.331448, 40.035291]}}, {"type": "Feature", "properties": {"layer": "OSM_PUBLIC_FACILITIES", "osm_id": 9362958325, "osm_type": "node", "name": "肯德基", "amenity": "fast_food", "shop": null, "operator": null, "source": "DATA-SRC-OSM", "official_boundary": false, "usable_for_formal": "background_only", "precision_note": "OSM 社区数据 POI，位置精度数米级；公共服务设施底数背景"}, "geometry": {"type": "Point", "coordinates": [116.331128, 40.0352]}}, {"type": "Feature", "properties": {"layer": "OSM_PUBLIC_FACILITIES", "osm_id": 9375146539, "osm_type": "node", "name": "皖南水乡（中关村店）", "amenity": "restaurant", "shop": null, "operator": null, "source": "DATA-SRC-OSM", "official_boundary": false, "usable_for_formal": "background_only", "precision_note": "OSM 社区数据 POI，位置精度数米级；公共服务设施底数背景"}, "geometry": {"type": "Point", "coordinates": [116.308034, 39.974277]}}, {"type": "Feature", "properties": {"layer": "OSM_PUBLIC_FACILITIES", "osm_id": 9376556640, "osm_type": "node", "name": "东方宫", "amenity": "restaurant", "shop": null, "operator": null, "source": "DATA-SRC-OSM", "official_boundary": false, "usable_for_formal": "background_only", "precision_note": "OSM 社区数据 POI，位置精度数米级；公共服务设施底数背景"}, "geometry": {"type": "Point", "coordinates": [116.32818, 39.992438]}}, {"type": "Feature", "properties": {"layer": "OSM_PUBLIC_FACILITIES", "osm_id": 9380617152, "osm_type": "node", "name": "九本居酒屋", "amenity": "restaurant", "shop": null, "operator": null, "source": "DATA-SRC-OSM", "official_boundary": false, "usable_for_formal": "background_only", "precision_note": "OSM 社区数据 POI，位置精度数米级；公共服务设施底数背景"}, "geometry": {"type": "Point", "coordinates": [116.331802, 40.035463]}}, {"type": "Feature", "properties": {"layer": "OSM_PUBLIC_FACILITIES", "osm_id": 9380617153, "osm_type": "node", "name": "招商银行", "amenity": "bank", "shop": null, "operator": null, "source": "DATA-SRC-OSM", "official_boundary": false, "usable_for_formal": "background_only", "precision_note": "OSM 社区数据 POI，位置精度数米级；公共服务设施底数背景"}, "geometry": {"type": "Point", "coordinates": [116.332048, 40.035549]}}, {"type": "Feature", "properties": {"layer": "OSM_PUBLIC_FACILITIES", "osm_id": 9385381786, "osm_type": "node", "name": "CoCo都可", "amenity": "cafe", "shop": "beverages", "operator": null, "source": "DATA-SRC-OSM", "official_boundary": false, "usable_for_formal": "background_only", "precision_note": "OSM 社区数据 POI，位置精度数米级；公共服务设施底数背景"}, "geometry": {"type": "Point", "coordinates": [116.328689, 39.99172]}}, {"type": "Feature", "properties": {"layer": "OSM_PUBLIC_FACILITIES", "osm_id": 9396564935, "osm_type": "node", "name": "上地宴", "amenity": "restaurant", "shop": null, "operator": null, "source": "DATA-SRC-OSM", "official_boundary": false, "usable_for_formal": "background_only", "precision_note": "OSM 社区数据 POI，位置精度数米级；公共服务设施底数背景"}, "geometry": {"type": "Point", "coordinates": [116.304224, 40.041365]}}, {"type": "Feature", "properties": {"layer": "OSM_PUBLIC_FACILITIES", "osm_id": 9450363067, "osm_type": "node", "name": "洪湖水 · 鱼儿香", "amenity": "restaurant", "shop": null, "operator": null, "source": "DATA-SRC-OSM", "official_boundary": false, "usable_for_formal": "background_only", "precision_note": "OSM 社区数据 POI，位置精度数米级；公共服务设施底数背景"}, "geometry": {"type": "Point", "coordinates": [116.323978, 39.965722]}}, {"type": "Feature", "properties": {"layer": "OSM_PUBLIC_FACILITIES", "osm_id": 9465937518, "osm_type": "node", "name": "映庐", "amenity": "restaurant", "shop": null, "operator": null, "source": "DATA-SRC-OSM", "official_boundary": false, "usable_for_formal": "background_only", "precision_note": "OSM 社区数据 POI，位置精度数米级；公共服务设施底数背景"}, "geometry": {"type": "Point", "coordinates": [116.363447, 40.00873]}}, {"type": "Feature", "properties": {"layer": "OSM_PUBLIC_FACILITIES", "osm_id": 9495202021, "osm_type": "node", "name": "一零一中学北食堂", "amenity": "restaurant", "shop": null, "operator": null, "source": "DATA-SRC-OSM", "official_boundary": false, "usable_for_formal": "background_only", "precision_note": "OSM 社区数据 POI，位置精度数米级；公共服务设施底数背景"}, "geometry": {"type": "Point", "coordinates": [116.300059, 40.003213]}}, {"type": "Feature", "properties": {"layer": "OSM_PUBLIC_FACILITIES", "osm_id": 9495202022, "osm_type": "node", "name": "一零一中学学乐团", "amenity": "theatre", "shop": null, "operator": null, "source": "DATA-SRC-OSM", "official_boundary": false, "usable_for_formal": "background_only", "precision_note": "OSM 社区数据 POI，位置精度数米级；公共服务设施底数背景"}, "geometry": {"type": "Point", "coordinates": [116.300463, 40.003488]}}, {"type": "Feature", "properties": {"layer": "OSM_PUBLIC_FACILITIES", "osm_id": 9568269598, "osm_type": "node", "name": "很久以前羊肉串", "amenity": "restaurant", "shop": null, "operator": null, "source": "DATA-SRC-OSM", "official_boundary": false, "usable_for_formal": "background_only", "precision_note": "OSM 社区数据 POI，位置精度数米级；公共服务设施底数背景"}, "geometry": {"type": "Point", "coordinates": [116.305258, 40.026565]}}, {"type": "Feature", "properties": {"layer": "OSM_PUBLIC_FACILITIES", "osm_id": 9570971270, "osm_type": "node", "name": "喜茶", "amenity": "cafe", "shop": null, "operator": null, "source": "DATA-SRC-OSM", "official_boundary": false, "usable_for_formal": "background_only", "precision_note": "OSM 社区数据 POI，位置精度数米级；公共服务设施底数背景"}, "geometry": {"type": "Point", "coordinates": [116.305493, 40.027644]}}, {"type": "Feature", "properties": {"layer": "OSM_PUBLIC_FACILITIES", "osm_id": 9572194956, "osm_type": "node", "name": "奥运塔警务室", "amenity": "police", "shop": null, "operator": null, "source": "DATA-SRC-OSM", "official_boundary": false, "usable_for_formal": "background_only", "precision_note": "OSM 社区数据 POI，位置精度数米级；公共服务设施底数背景"}, "geometry": {"type": "Point", "coordinates": [116.386796, 40.007759]}}, {"type": "Feature", "properties": {"layer": "OSM_PUBLIC_FACILITIES", "osm_id": 9572269422, "osm_type": "node", "name": null, "amenity": "restaurant", "shop": null, "operator": null, "source": "DATA-SRC-OSM", "official_boundary": false, "usable_for_formal": "background_only", "precision_note": "OSM 社区数据 POI，位置精度数米级；公共服务设施底数背景"}, "geometry": {"type": "Point", "coordinates": [116.387119, 40.01026]}}, {"type": "Feature", "properties": {"layer": "OSM_PUBLIC_FACILITIES", "osm_id": 9590592180, "osm_type": "node", "name": "北平楼（牡丹园店）", "amenity": "restaurant", "shop": null, "operator": null, "source": "DATA-SRC-OSM", "official_boundary": false, "usable_for_formal": "background_only", "precision_note": "OSM 社区数据 POI，位置精度数米级；公共服务设施底数背景"}, "geometry": {"type": "Point", "coordinates": [116.36398, 39.978053]}}, {"type": "Feature", "properties": {"layer": "OSM_PUBLIC_FACILITIES", "osm_id": 9611967241, "osm_type": "node", "name": "赏园餐厅", "amenity": "restaurant", "shop": null, "operator": null, "source": "DATA-SRC-OSM", "official_boundary": false, "usable_for_formal": "background_only", "precision_note": "OSM 社区数据 POI，位置精度数米级；公共服务设施底数背景"}, "geometry": {"type": "Point", "coordinates": [116.33428, 39.996181]}}, {"type": "Feature", "properties": {"layer": "OSM_PUBLIC_FACILITIES", "osm_id": 9611967245, "osm_type": "node", "name": "歪煮艺·冷锅串(五道口店)", "amenity": "restaurant", "shop": null, "operator": null, "source": "DATA-SRC-OSM", "official_boundary": false, "usable_for_formal": "background_only", "precision_note": "OSM 社区数据 POI，位置精度数米级；公共服务设施底数背景"}, "geometry": {"type": "Point", "coordinates": [116.334047, 39.996331]}}, {"type": "Feature", "properties": {"layer": "OSM_PUBLIC_FACILITIES", "osm_id": 9611967254, "osm_type": "node", "name": "西园海鲜酒楼", "amenity": "restaurant", "shop": null, "operator": null, "source": "DATA-SRC-OSM", "official_boundary": false, "usable_for_formal": "background_only", "precision_note": "OSM 社区数据 POI，位置精度数米级；公共服务设施底数背景"}, "geometry": {"type": "Point", "coordinates": [116.336242, 39.995608]}}, {"type": "Feature", "properties": {"layer": "OSM_PUBLIC_FACILITIES", "osm_id": 9611967255, "osm_type": "node", "name": "熊家餐厅", "amenity": "restaurant", "shop": null, "operator": null, "source": "DATA-SRC-OSM", "official_boundary": false, "usable_for_formal": "background_only", "precision_note": "OSM 社区数据 POI，位置精度数米级；公共服务设施底数背景"}, "geometry": {"type": "Point", "coordinates": [116.337092, 39.995637]}}, {"type": "Feature", "properties": {"layer": "OSM_PUBLIC_FACILITIES", "osm_id": 9611967256, "osm_type": "node", "name": "喇喇土豆汤", "amenity": "restaurant", "shop": null, "operator": null, "source": "DATA-SRC-OSM", "official_boundary": false, "usable_for_formal": "background_only", "precision_note": "OSM 社区数据 POI，位置精度数米级；公共服务设施底数背景"}, "geometry": {"type": "Point", "coordinates": [116.33719, 39.995787]}}, {"type": "Feature", "properties": {"layer": "OSM_PUBLIC_FACILITIES", "osm_id": 9611967265, "osm_type": "node", "name": "桃屋日本料理", "amenity": "restaurant", "shop": null, "operator": null, "source": "DATA-SRC-OSM", "official_boundary": false, "usable_for_formal": "background_only", "precision_note": "OSM 社区数据 POI，位置精度数米级；公共服务设施底数背景"}, "geometry": {"type": "Point", "coordinates": [116.337567, 39.996167]}}, {"type": "Feature", "properties": {"layer": "OSM_PUBLIC_FACILITIES", "osm_id": 9611967266, "osm_type": "node", "name": "银杏园餐厅", "amenity": "restaurant", "shop": null, "operator": null, "source": "DATA-SRC-OSM", "official_boundary": false, "usable_for_formal": "background_only", "precision_note": "OSM 社区数据 POI，位置精度数米级；公共服务设施底数背景"}, "geometry": {"type": "Point", "coordinates": [116.337034, 39.996302]}}, {"type": "Feature", "properties": {"layer": "OSM_PUBLIC_FACILITIES", "osm_id": 9611967299, "osm_type": "node", "name": "T8餐厅", "amenity": "restaurant", "shop": null, "operator": null, "source": "DATA-SRC-OSM", "official_boundary": false, "usable_for_formal": "background_only", "precision_note": "OSM 社区数据 POI，位置精度数米级；公共服务设施底数背景"}, "geometry": {"type": "Point", "coordinates": [116.337565, 39.996113]}}, {"type": "Feature", "properties": {"layer": "OSM_PUBLIC_FACILITIES", "osm_id": 9612376785, "osm_type": "node", "name": "祝尔康诊所", "amenity": "clinic", "shop": null, "operator": null, "source": "DATA-SRC-OSM", "official_boundary": false, "usable_for_formal": "background_only", "precision_note": "OSM 社区数据 POI，位置精度数米级；公共服务设施底数背景"}, "geometry": {"type": "Point", "coordinates": [116.333602, 39.995344]}}, {"type": "Feature", "properties": {"layer": "OSM_PUBLIC_FACILITIES", "osm_id": 9612376806, "osm_type": "node", "name": "老北京包子铺(王庄路店)", "amenity": "restaurant", "shop": null, "operator": null, "source": "DATA-SRC-OSM", "official_boundary": false, "usable_for_formal": "background_only", "precision_note": "OSM 社区数据 POI，位置精度数米级；公共服务设施底数背景"}, "geometry": {"type": "Point", "coordinates": [116.334031, 39.996744]}}, {"type": "Feature", "properties": {"layer": "OSM_PUBLIC_FACILITIES", "osm_id": 9612376807, "osm_type": "node", "name": "碳火烤肉(五道口店)", "amenity": "restaurant", "shop": null, "operator": null, "source": "DATA-SRC-OSM", "official_boundary": false, "usable_for_formal": "background_only", "precision_note": "OSM 社区数据 POI，位置精度数米级；公共服务设施底数背景"}, "geometry": {"type": "Point", "coordinates": [116.334031, 39.996661]}}, {"type": "Feature", "properties": {"layer": "OSM_PUBLIC_FACILITIES", "osm_id": 9612376808, "osm_type": "node", "name": "永济面都饺子刀削面(王庄路)", "amenity": "restaurant", "shop": null, "operator": null, "source": "DATA-SRC-OSM", "official_boundary": false, "usable_for_formal": "background_only", "precision_note": "OSM 社区数据 POI，位置精度数米级；公共服务设施底数背景"}, "geometry": {"type": "Point", "coordinates": [116.334028, 39.996777]}}, {"type": "Feature", "properties": {"layer": "OSM_PUBLIC_FACILITIES", "osm_id": 9612377695, "osm_type": "node", "name": "雪氷咖啡", "amenity": "cafe", "shop": null, "operator": null, "source": "DATA-SRC-OSM", "official_boundary": false, "usable_for_formal": "background_only", "precision_note": "OSM 社区数据 POI，位置精度数米级；公共服务设施底数背景"}, "geometry": {"type": "Point", "coordinates": [116.334265, 39.99797]}}, {"type": "Feature", "properties": {"layer": "OSM_PUBLIC_FACILITIES", "osm_id": 9612377696, "osm_type": "node", "name": "江依林串吧(1号店)", "amenity": "restaurant", "shop": null, "operator": null, "source": "DATA-SRC-OSM", "official_boundary": false, "usable_for_formal": "background_only", "precision_note": "OSM 社区数据 POI，位置精度数米级；公共服务设施底数背景"}, "geometry": {"type": "Point", "coordinates": [116.334281, 39.998117]}}, {"type": "Feature", "properties": {"layer": "OSM_PUBLIC_FACILITIES", "osm_id": 9612377697, "osm_type": "node", "name": "金驼源美食坊", "amenity": "restaurant", "shop": null, "operator": null, "source": "DATA-SRC-OSM", "official_boundary": false, "usable_for_formal": "background_only", "precision_note": "OSM 社区数据 POI，位置精度数米级；公共服务设施底数背景"}, "geometry": {"type": "Point", "coordinates": [116.334336, 39.998417]}}, {"type": "Feature", "properties": {"layer": "OSM_PUBLIC_FACILITIES", "osm_id": 9612377698, "osm_type": "node", "name": "牛鼎鸿兰州牛肉面(总店)", "amenity": "restaurant", "shop": null, "operator": null, "source": "DATA-SRC-OSM", "official_boundary": false, "usable_for_formal": "background_only", "precision_note": "OSM 社区数据 POI，位置精度数米级；公共服务设施底数背景"}, "geometry": {"type": "Point", "coordinates": [116.334331, 39.998511]}}, {"type": "Feature", "properties": {"layer": "OSM_PUBLIC_FACILITIES", "osm_id": 9612377711, "osm_type": "node", "name": "夜市场(五道口店)", "amenity": "restaurant", "shop": null, "operator": null, "source": "DATA-SRC-OSM", "official_boundary": false, "usable_for_formal": "background_only", "precision_note": "OSM 社区数据 POI，位置精度数米级；公共服务设施底数背景"}, "geometry": {"type": "Point", "coordinates": [116.33434, 39.998274]}}, {"type": "Feature", "properties": {"layer": "OSM_PUBLIC_FACILITIES", "osm_id": 9612377713, "osm_type": "node", "name": "冀州堂药店", "amenity": "pharmacy", "shop": null, "operator": null, "source": "DATA-SRC-OSM", "official_boundary": false, "usable_for_formal": "background_only", "precision_note": "OSM 社区数据 POI，位置精度数米级；公共服务设施底数背景"}, "geometry": {"type": "Point", "coordinates": [116.33428, 39.997949]}}, {"type": "Feature", "properties": {"layer": "OSM_PUBLIC_FACILITIES", "osm_id": 9612397618, "osm_type": "node", "name": "沙县小吃(王庄路店)", "amenity": "fast_food", "shop": null, "operator": null, "source": "DATA-SRC-OSM", "official_boundary": false, "usable_for_formal": "background_only", "precision_note": "OSM 社区数据 POI，位置精度数米级；公共服务设施底数背景"}, "geometry": {"type": "Point", "coordinates": [116.334048, 39.996498]}}, {"type": "Feature", "properties": {"layer": "OSM_PUBLIC_FACILITIES", "osm_id": 9625836839, "osm_type": "node", "name": "风度家荷西餐厅", "amenity": "restaurant", "shop": null, "operator": null, "source": "DATA-SRC-OSM", "official_boundary": false, "usable_for_formal": "background_only", "precision_note": "OSM 社区数据 POI，位置精度数米级；公共服务设施底数背景"}, "geometry": {"type": "Point", "coordinates": [116.362649, 40.041144]}}, {"type": "Feature", "properties": {"layer": "OSM_PUBLIC_FACILITIES", "osm_id": 9625836873, "osm_type": "node", "name": "星巴克", "amenity": "cafe", "shop": null, "operator": null, "source": "DATA-SRC-OSM", "official_boundary": false, "usable_for_formal": "background_only", "precision_note": "OSM 社区数据 POI，位置精度数米级；公共服务设施底数背景"}, "geometry": {"type": "Point", "coordinates": [116.365406, 40.040527]}}, {"type": "Feature", "properties": {"layer": "OSM_PUBLIC_FACILITIES", "osm_id": 9625836875, "osm_type": "node", "name": "头壹号大油条(国际园店)", "amenity": "restaurant", "shop": null, "operator": null, "source": "DATA-SRC-OSM", "official_boundary": false, "usable_for_formal": "background_only", "precision_note": "OSM 社区数据 POI，位置精度数米级；公共服务设施底数背景"}, "geometry": {"type": "Point", "coordinates": [116.365426, 40.040603]}}, {"type": "Feature", "properties": {"layer": "OSM_PUBLIC_FACILITIES", "osm_id": 9642717375, "osm_type": "node", "name": "中科生活便民超市", "amenity": "fast_food", "shop": null, "operator": null, "source": "DATA-SRC-OSM", "official_boundary": false, "usable_for_formal": "background_only", "precision_note": "OSM 社区数据 POI，位置精度数米级；公共服务设施底数背景"}, "geometry": {"type": "Point", "coordinates": [116.311367, 39.976618]}}, {"type": "Feature", "properties": {"layer": "OSM_PUBLIC_FACILITIES", "osm_id": 9642742448, "osm_type": "node", "name": "和合谷", "amenity": "restaurant", "shop": null, "operator": null, "source": "DATA-SRC-OSM", "official_boundary": false, "usable_for_formal": "background_only", "precision_note": "OSM 社区数据 POI，位置精度数米级；公共服务设施底数背景"}, "geometry": {"type": "Point", "coordinates": [116.312017, 39.975863]}}, {"type": "Feature", "properties": {"layer": "OSM_PUBLIC_FACILITIES", "osm_id": 9667099874, "osm_type": "node", "name": "眉州小吃", "amenity": "restaurant", "shop": null, "operator": null, "source": "DATA-SRC-OSM", "official_boundary": false, "usable_for_formal": "background_only", "precision_note": "OSM 社区数据 POI，位置精度数米级；公共服务设施底数背景"}, "geometry": {"type": "Point", "coordinates": [116.375199, 40.007149]}}, {"type": "Feature", "properties": {"layer": "OSM_PUBLIC_FACILITIES", "osm_id": 9725647665, "osm_type": "node", "name": "中国民生银行", "amenity": "bank", "shop": null, "operator": null, "source": "DATA-SRC-OSM", "official_boundary": false, "usable_for_formal": "background_only", "precision_note": "OSM 社区数据 POI，位置精度数米级；公共服务设施底数背景"}, "geometry": {"type": "Point", "coordinates": [116.334909, 40.006111]}}, {"type": "Feature", "properties": {"layer": "OSM_PUBLIC_FACILITIES", "osm_id": 9725647666, "osm_type": "node", "name": "中国工商银行", "amenity": "bank", "shop": null, "operator": null, "source": "DATA-SRC-OSM", "official_boundary": false, "usable_for_formal": "background_only", "precision_note": "OSM 社区数据 POI，位置精度数米级；公共服务设施底数背景"}, "geometry": {"type": "Point", "coordinates": [116.33461, 40.005522]}}, {"type": "Feature", "properties": {"layer": "OSM_PUBLIC_FACILITIES", "osm_id": 9806510317, "osm_type": "node", "name": "赛百味", "amenity": "fast_food", "shop": null, "operator": null, "source": "DATA-SRC-OSM", "official_boundary": false, "usable_for_formal": "background_only", "precision_note": "OSM 社区数据 POI，位置精度数米级；公共服务设施底数背景"}, "geometry": {"type": "Point", "coordinates": [116.312928, 40.009564]}}, {"type": "Feature", "properties": {"layer": "OSM_PUBLIC_FACILITIES", "osm_id": 9816298598, "osm_type": "node", "name": "天厨妙香", "amenity": "restaurant", "shop": null, "operator": null, "source": "DATA-SRC-OSM", "official_boundary": false, "usable_for_formal": "background_only", "precision_note": "OSM 社区数据 POI，位置精度数米级；公共服务设施底数背景"}, "geometry": {"type": "Point", "coordinates": [116.323047, 39.99386]}}, {"type": "Feature", "properties": {"layer": "OSM_PUBLIC_FACILITIES", "osm_id": 9829835422, "osm_type": "node", "name": "赛德阳光口腔", "amenity": "hospital", "shop": null, "operator": null, "source": "DATA-SRC-OSM", "official_boundary": false, "usable_for_formal": "background_only", "precision_note": "OSM 社区数据 POI，位置精度数米级；公共服务设施底数背景"}, "geometry": {"type": "Point", "coordinates": [116.303457, 39.96222]}}, {"type": "Feature", "properties": {"layer": "OSM_PUBLIC_FACILITIES", "osm_id": 9829835423, "osm_type": "node", "name": "美天", "amenity": "hospital", "shop": null, "operator": null, "source": "DATA-SRC-OSM", "official_boundary": false, "usable_for_formal": "background_only", "precision_note": "OSM 社区数据 POI，位置精度数米级；公共服务设施底数背景"}, "geometry": {"type": "Point", "coordinates": [116.303258, 39.962213]}}, {"type": "Feature", "properties": {"layer": "OSM_PUBLIC_FACILITIES", "osm_id": 9830201183, "osm_type": "node", "name": "茶百道", "amenity": "cafe", "shop": null, "operator": null, "source": "DATA-SRC-OSM", "official_boundary": false, "usable_for_formal": "background_only", "precision_note": "OSM 社区数据 POI，位置精度数米级；公共服务设施底数背景"}, "geometry": {"type": "Point", "coordinates": [116.302125, 39.963513]}}, {"type": "Feature", "properties": {"layer": "OSM_PUBLIC_FACILITIES", "osm_id": 9830211775, "osm_type": "node", "name": "醉面", "amenity": "fast_food", "shop": null, "operator": null, "source": "DATA-SRC-OSM", "official_boundary": false, "usable_for_formal": "background_only", "precision_note": "OSM 社区数据 POI，位置精度数米级；公共服务设施底数背景"}, "geometry": {"type": "Point", "coordinates": [116.302125, 39.963541]}}, {"type": "Feature", "properties": {"layer": "OSM_PUBLIC_FACILITIES", "osm_id": 9849331826, "osm_type": "node", "name": "沙县小吃", "amenity": "restaurant", "shop": null, "operator": null, "source": "DATA-SRC-OSM", "official_boundary": false, "usable_for_formal": "background_only", "precision_note": "OSM 社区数据 POI，位置精度数米级；公共服务设施底数背景"}, "geometry": {"type": "Point", "coordinates": [116.322454, 39.979771]}}, {"type": "Feature", "properties": {"layer": "OSM_PUBLIC_FACILITIES", "osm_id": 9896613548, "osm_type": "node", "name": "张满意驴肉火烧", "amenity": "restaurant", "shop": null, "operator": null, "source": "DATA-SRC-OSM", "official_boundary": false, "usable_for_formal": "background_only", "precision_note": "OSM 社区数据 POI，位置精度数米级；公共服务设施底数背景"}, "geometry": {"type": "Point", "coordinates": [116.31311, 39.979674]}}, {"type": "Feature", "properties": {"layer": "OSM_PUBLIC_FACILITIES", "osm_id": 9896622791, "osm_type": "node", "name": "京城小江南", "amenity": "restaurant", "shop": null, "operator": null, "source": "DATA-SRC-OSM", "official_boundary": false, "usable_for_formal": "background_only", "precision_note": "OSM 社区数据 POI，位置精度数米级；公共服务设施底数背景"}, "geometry": {"type": "Point", "coordinates": [116.318483, 39.981431]}}, {"type": "Feature", "properties": {"layer": "OSM_PUBLIC_FACILITIES", "osm_id": 9896626837, "osm_type": "node", "name": "南城香", "amenity": "restaurant", "shop": null, "operator": null, "source": "DATA-SRC-OSM", "official_boundary": false, "usable_for_formal": "background_only", "precision_note": "OSM 社区数据 POI，位置精度数米级；公共服务设施底数背景"}, "geometry": {"type": "Point", "coordinates": [116.312795, 39.979528]}}, {"type": "Feature", "properties": {"layer": "OSM_PUBLIC_FACILITIES", "osm_id": 9896640232, "osm_type": "node", "name": "禾谷园", "amenity": "restaurant", "shop": null, "operator": null, "source": "DATA-SRC-OSM", "official_boundary": false, "usable_for_formal": "background_only", "precision_note": "OSM 社区数据 POI，位置精度数米级；公共服务设施底数背景"}, "geometry": {"type": "Point", "coordinates": [116.314414, 39.979763]}}, {"type": "Feature", "properties": {"layer": "OSM_PUBLIC_FACILITIES", "osm_id": 9896640440, "osm_type": "node", "name": "美意天", "amenity": "restaurant", "shop": null, "operator": null, "source": "DATA-SRC-OSM", "official_boundary": false, "usable_for_formal": "background_only", "precision_note": "OSM 社区数据 POI，位置精度数米级；公共服务设施底数背景"}, "geometry": {"type": "Point", "coordinates": [116.318522, 39.981806]}}, {"type": "Feature", "properties": {"layer": "OSM_PUBLIC_FACILITIES", "osm_id": 9896640441, "osm_type": "node", "name": "哈尔滨坛肉", "amenity": "restaurant", "shop": null, "operator": null, "source": "DATA-SRC-OSM", "official_boundary": false, "usable_for_formal": "background_only", "precision_note": "OSM 社区数据 POI，位置精度数米级；公共服务设施底数背景"}, "geometry": {"type": "Point", "coordinates": [116.318564, 39.98118]}}, {"type": "Feature", "properties": {"layer": "OSM_PUBLIC_FACILITIES", "osm_id": 9896641671, "osm_type": "node", "name": "和合谷", "amenity": "restaurant", "shop": null, "operator": null, "source": "DATA-SRC-OSM", "official_boundary": false, "usable_for_formal": "background_only", "precision_note": "OSM 社区数据 POI，位置精度数米级；公共服务设施底数背景"}, "geometry": {"type": "Point", "coordinates": [116.312159, 39.97967]}}, {"type": "Feature", "properties": {"layer": "OSM_PUBLIC_FACILITIES", "osm_id": 9896644022, "osm_type": "node", "name": "袁记云饺", "amenity": "restaurant", "shop": null, "operator": null, "source": "DATA-SRC-OSM", "official_boundary": false, "usable_for_formal": "background_only", "precision_note": "OSM 社区数据 POI，位置精度数米级；公共服务设施底数背景"}, "geometry": {"type": "Point", "coordinates": [116.313437, 39.979691]}}, {"type": "Feature", "properties": {"layer": "OSM_PUBLIC_FACILITIES", "osm_id": 9896644353, "osm_type": "node", "name": "山里城小面", "amenity": "restaurant", "shop": null, "operator": null, "source": "DATA-SRC-OSM", "official_boundary": false, "usable_for_formal": "background_only", "precision_note": "OSM 社区数据 POI，位置精度数米级；公共服务设施底数背景"}, "geometry": {"type": "Point", "coordinates": [116.318551, 39.981137]}}, {"type": "Feature", "properties": {"layer": "OSM_PUBLIC_FACILITIES", "osm_id": 9904142203, "osm_type": "node", "name": "早阳鲜包", "amenity": "fast_food", "shop": null, "operator": null, "source": "DATA-SRC-OSM", "official_boundary": false, "usable_for_formal": "background_only", "precision_note": "OSM 社区数据 POI，位置精度数米级；公共服务设施底数背景"}, "geometry": {"type": "Point", "coordinates": [116.331432, 39.977163]}}, {"type": "Feature", "properties": {"layer": "OSM_PUBLIC_FACILITIES", "osm_id": 9913965729, "osm_type": "node", "name": "蜜雪冰城", "amenity": "cafe", "shop": null, "operator": null, "source": "DATA-SRC-OSM", "official_boundary": false, "usable_for_formal": "background_only", "precision_note": "OSM 社区数据 POI，位置精度数米级；公共服务设施底数背景"}, "geometry": {"type": "Point", "coordinates": [116.38726, 39.93781]}}, {"type": "Feature", "properties": {"layer": "OSM_PUBLIC_FACILITIES", "osm_id": 9913965730, "osm_type": "node", "name": "蜜雪冰城", "amenity": "cafe", "shop": null, "operator": null, "source": "DATA-SRC-OSM", "official_boundary": false, "usable_for_formal": "background_only", "precision_note": "OSM 社区数据 POI，位置精度数米级；公共服务设施底数背景"}, "geometry": {"type": "Point", "coordinates": [116.394703, 39.939295]}}, {"type": "Feature", "properties": {"layer": "OSM_PUBLIC_FACILITIES", "osm_id": 9922056895, "osm_type": "node", "name": "叙利亚特色甜点&咖啡", "amenity": "cafe", "shop": null, "operator": null, "source": "DATA-SRC-OSM", "official_boundary": false, "usable_for_formal": "background_only", "precision_note": "OSM 社区数据 POI，位置精度数米级；公共服务设施底数背景"}, "geometry": {"type": "Point", "coordinates": [116.331346, 39.987195]}}, {"type": "Feature", "properties": {"layer": "OSM_PUBLIC_FACILITIES", "osm_id": 9922116922, "osm_type": "node", "name": "BRBR叙利亚餐厅", "amenity": "restaurant", "shop": null, "operator": null, "source": "DATA-SRC-OSM", "official_boundary": false, "usable_for_formal": "background_only", "precision_note": "OSM 社区数据 POI，位置精度数米级；公共服务设施底数背景"}, "geometry": {"type": "Point", "coordinates": [116.331327, 39.987401]}}, {"type": "Feature", "properties": {"layer": "OSM_PUBLIC_FACILITIES", "osm_id": 9950902532, "osm_type": "node", "name": "中国邮政", "amenity": "post_office", "shop": null, "operator": null, "source": "DATA-SRC-OSM", "official_boundary": false, "usable_for_formal": "background_only", "precision_note": "OSM 社区数据 POI，位置精度数米级；公共服务设施底数背景"}, "geometry": {"type": "Point", "coordinates": [116.333107, 39.989393]}}, {"type": "Feature", "properties": {"layer": "OSM_PUBLIC_FACILITIES", "osm_id": 9950902573, "osm_type": "node", "name": "麦当劳", "amenity": "fast_food", "shop": null, "operator": null, "source": "DATA-SRC-OSM", "official_boundary": false, "usable_for_formal": "background_only", "precision_note": "OSM 社区数据 POI，位置精度数米级；公共服务设施底数背景"}, "geometry": {"type": "Point", "coordinates": [116.333482, 39.990189]}}, {"type": "Feature", "properties": {"layer": "OSM_PUBLIC_FACILITIES", "osm_id": 9959208321, "osm_type": "node", "name": "Nio Power", "amenity": "charging_station", "shop": null, "operator": null, "source": "DATA-SRC-OSM", "official_boundary": false, "usable_for_formal": "background_only", "precision_note": "OSM 社区数据 POI，位置精度数米级；公共服务设施底数背景"}, "geometry": {"type": "Point", "coordinates": [116.304544, 39.983233]}}, {"type": "Feature", "properties": {"layer": "OSM_PUBLIC_FACILITIES", "osm_id": 9974033318, "osm_type": "node", "name": "Nio Power", "amenity": "charging_station", "shop": null, "operator": null, "source": "DATA-SRC-OSM", "official_boundary": false, "usable_for_formal": "background_only", "precision_note": "OSM 社区数据 POI，位置精度数米级；公共服务设施底数背景"}, "geometry": {"type": "Point", "coordinates": [116.394124, 39.987709]}}, {"type": "Feature", "properties": {"layer": "OSM_PUBLIC_FACILITIES", "osm_id": 9974042065, "osm_type": "node", "name": "小木船潮汕牛肉火锅", "amenity": "restaurant", "shop": null, "operator": null, "source": "DATA-SRC-OSM", "official_boundary": false, "usable_for_formal": "background_only", "precision_note": "OSM 社区数据 POI，位置精度数米级；公共服务设施底数背景"}, "geometry": {"type": "Point", "coordinates": [116.300402, 39.980897]}}, {"type": "Feature", "properties": {"layer": "OSM_PUBLIC_FACILITIES", "osm_id": 9998816231, "osm_type": "node", "name": "清青牛拉", "amenity": "restaurant", "shop": null, "operator": null, "source": "DATA-SRC-OSM", "official_boundary": false, "usable_for_formal": "background_only", "precision_note": "OSM 社区数据 POI，位置精度数米级；公共服务设施底数背景"}, "geometry": {"type": "Point", "coordinates": [116.320569, 40.005483]}}, {"type": "Feature", "properties": {"layer": "OSM_PUBLIC_FACILITIES", "osm_id": 9999449080, "osm_type": "node", "name": "有理咖（紫荆公寓店）", "amenity": "cafe", "shop": null, "operator": null, "source": "DATA-SRC-OSM", "official_boundary": false, "usable_for_formal": "background_only", "precision_note": "OSM 社区数据 POI，位置精度数米级；公共服务设施底数背景"}, "geometry": {"type": "Point", "coordinates": [116.32714, 40.009204]}}, {"type": "Feature", "properties": {"layer": "OSM_PUBLIC_FACILITIES", "osm_id": 9999561498, "osm_type": "node", "name": "七港九", "amenity": "cafe", "shop": null, "operator": null, "source": "DATA-SRC-OSM", "official_boundary": false, "usable_for_formal": "background_only", "precision_note": "OSM 社区数据 POI，位置精度数米级；公共服务设施底数背景"}, "geometry": {"type": "Point", "coordinates": [116.322966, 40.004142]}}, {"type": "Feature", "properties": {"layer": "OSM_PUBLIC_FACILITIES", "osm_id": 10026476416, "osm_type": "node", "name": "物科餐厅", "amenity": "restaurant", "shop": null, "operator": null, "source": "DATA-SRC-OSM", "official_boundary": false, "usable_for_formal": "background_only", "precision_note": "OSM 社区数据 POI，位置精度数米级；公共服务设施底数背景"}, "geometry": {"type": "Point", "coordinates": [116.324226, 39.981979]}}, {"type": "Feature", "properties": {"layer": "OSM_PUBLIC_FACILITIES", "osm_id": 10084822733, "osm_type": "node", "name": "奈雪的茶", "amenity": "cafe", "shop": null, "operator": null, "source": "DATA-SRC-OSM", "official_boundary": false, "usable_for_formal": "background_only", "precision_note": "OSM 社区数据 POI，位置精度数米级；公共服务设施底数背景"}, "geometry": {"type": "Point", "coordinates": [116.327021, 40.02907]}}, {"type": "Feature", "properties": {"layer": "OSM_PUBLIC_FACILITIES", "osm_id": 10102648734, "osm_type": "node", "name": "魏家凉皮", "amenity": "restaurant", "shop": null, "operator": null, "source": "DATA-SRC-OSM", "official_boundary": false, "usable_for_formal": "background_only", "precision_note": "OSM 社区数据 POI，位置精度数米级；公共服务设施底数背景"}, "geometry": {"type": "Point", "coordinates": [116.349456, 40.035569]}}, {"type": "Feature", "properties": {"layer": "OSM_PUBLIC_FACILITIES", "osm_id": 10102670386, "osm_type": "node", "name": "和合谷", "amenity": "restaurant", "shop": null, "operator": null, "source": "DATA-SRC-OSM", "official_boundary": false, "usable_for_formal": "background_only", "precision_note": "OSM 社区数据 POI，位置精度数米级；公共服务设施底数背景"}, "geometry": {"type": "Point", "coordinates": [116.349359, 40.035541]}}, {"type": "Feature", "properties": {"layer": "OSM_PUBLIC_FACILITIES", "osm_id": 10102678488, "osm_type": "node", "name": "西域兰庭", "amenity": "restaurant", "shop": null, "operator": null, "source": "DATA-SRC-OSM", "official_boundary": false, "usable_for_formal": "background_only", "precision_note": "OSM 社区数据 POI，位置精度数米级；公共服务设施底数背景"}, "geometry": {"type": "Point", "coordinates": [116.349583, 40.035608]}}, {"type": "Feature", "properties": {"layer": "OSM_PUBLIC_FACILITIES", "osm_id": 10120300296, "osm_type": "node", "name": "北医三院生殖门诊", "amenity": "hospital", "shop": null, "operator": null, "source": "DATA-SRC-OSM", "official_boundary": false, "usable_for_formal": "background_only", "precision_note": "OSM 社区数据 POI，位置精度数米级；公共服务设施底数背景"}, "geometry": {"type": "Point", "coordinates": [116.348859, 39.98037]}}, {"type": "Feature", "properties": {"layer": "OSM_PUBLIC_FACILITIES", "osm_id": 10137705801, "osm_type": "node", "name": "八面当道", "amenity": "restaurant", "shop": null, "operator": null, "source": "DATA-SRC-OSM", "official_boundary": false, "usable_for_formal": "background_only", "precision_note": "OSM 社区数据 POI，位置精度数米级；公共服务设施底数背景"}, "geometry": {"type": "Point", "coordinates": [116.38416, 39.96744]}}, {"type": "Feature", "properties": {"layer": "OSM_PUBLIC_FACILITIES", "osm_id": 10137705883, "osm_type": "node", "name": "真正豆腐坊", "amenity": "restaurant", "shop": null, "operator": null, "source": "DATA-SRC-OSM", "official_boundary": false, "usable_for_formal": "background_only", "precision_note": "OSM 社区数据 POI，位置精度数米级；公共服务设施底数背景"}, "geometry": {"type": "Point", "coordinates": [116.38318, 39.96187]}}, {"type": "Feature", "properties": {"layer": "OSM_PUBLIC_FACILITIES", "osm_id": 10137705884, "osm_type": "node", "name": "宏状元", "amenity": "restaurant", "shop": null, "operator": null, "source": "DATA-SRC-OSM", "official_boundary": false, "usable_for_formal": "background_only", "precision_note": "OSM 社区数据 POI，位置精度数米级；公共服务设施底数背景"}, "geometry": {"type": "Point", "coordinates": [116.38304, 39.961872]}}, {"type": "Feature", "properties": {"layer": "OSM_PUBLIC_FACILITIES", "osm_id": 10137803559, "osm_type": "node", "name": "庆丰包子铺", "amenity": "restaurant", "shop": null, "operator": null, "source": "DATA-SRC-OSM", "official_boundary": false, "usable_for_formal": "background_only", "precision_note": "OSM 社区数据 POI，位置精度数米级；公共服务设施底数背景"}, "geometry": {"type": "Point", "coordinates": [116.387018, 39.95534]}}, {"type": "Feature", "properties": {"layer": "OSM_PUBLIC_FACILITIES", "osm_id": 10161910483, "osm_type": "node", "name": "校医院", "amenity": "hospital", "shop": null, "operator": "清华大学", "source": "DATA-SRC-OSM", "official_boundary": false, "usable_for_formal": "background_only", "precision_note": "OSM 社区数据 POI，位置精度数米级；公共服务设施底数背景"}, "geometry": {"type": "Point", "coordinates": [116.312168, 40.001588]}}, {"type": "Feature", "properties": {"layer": "OSM_PUBLIC_FACILITIES", "osm_id": 10170365382, "osm_type": "node", "name": null, "amenity": "hospital", "shop": null, "operator": "北京大学", "source": "DATA-SRC-OSM", "official_boundary": false, "usable_for_formal": "background_only", "precision_note": "OSM 社区数据 POI，位置精度数米级；公共服务设施底数背景"}, "geometry": {"type": "Point", "coordinates": [116.302108, 39.989308]}}, {"type": "Feature", "properties": {"layer": "OSM_PUBLIC_FACILITIES", "osm_id": 10173316599, "osm_type": "node", "name": "姥姥家春饼店", "amenity": "restaurant", "shop": null, "operator": null, "source": "DATA-SRC-OSM", "official_boundary": false, "usable_for_formal": "background_only", "precision_note": "OSM 社区数据 POI，位置精度数米级；公共服务设施底数背景"}, "geometry": {"type": "Point", "coordinates": [116.342711, 39.948115]}}, {"type": "Feature", "properties": {"layer": "OSM_PUBLIC_FACILITIES", "osm_id": 10173316600, "osm_type": "node", "name": "五台云养生素食馆", "amenity": "restaurant", "shop": null, "operator": null, "source": "DATA-SRC-OSM", "official_boundary": false, "usable_for_formal": "background_only", "precision_note": "OSM 社区数据 POI，位置精度数米级；公共服务设施底数背景"}, "geometry": {"type": "Point", "coordinates": [116.342679, 39.948221]}}, {"type": "Feature", "properties": {"layer": "OSM_PUBLIC_FACILITIES", "osm_id": 10182842162, "osm_type": "node", "name": "宏状元", "amenity": "restaurant", "shop": null, "operator": null, "source": "DATA-SRC-OSM", "official_boundary": false, "usable_for_formal": "background_only", "precision_note": "OSM 社区数据 POI，位置精度数米级；公共服务设施底数背景"}, "geometry": {"type": "Point", "coordinates": [116.33752, 39.975426]}}, {"type": "Feature", "properties": {"layer": "OSM_PUBLIC_FACILITIES", "osm_id": 10187868925, "osm_type": "node", "name": "3W咖啡餐吧（北京大学店）", "amenity": "cafe", "shop": null, "operator": null, "source": "DATA-SRC-OSM", "official_boundary": false, "usable_for_formal": "background_only", "precision_note": "OSM 社区数据 POI，位置精度数米级；公共服务设施底数背景"}, "geometry": {"type": "Point", "coordinates": [116.307606, 39.988386]}}, {"type": "Feature", "properties": {"layer": "OSM_PUBLIC_FACILITIES", "osm_id": 10188911937, "osm_type": "node", "name": "清真餐厅", "amenity": "restaurant", "shop": null, "operator": null, "source": "DATA-SRC-OSM", "official_boundary": false, "usable_for_formal": "background_only", "precision_note": "OSM 社区数据 POI，位置精度数米级；公共服务设施底数背景"}, "geometry": {"type": "Point", "coordinates": [116.315821, 40.005365]}}, {"type": "Feature", "properties": {"layer": "OSM_PUBLIC_FACILITIES", "osm_id": 10188911948, "osm_type": "node", "name": "艺博咖啡", "amenity": "cafe", "shop": null, "operator": null, "source": "DATA-SRC-OSM", "official_boundary": false, "usable_for_formal": "background_only", "precision_note": "OSM 社区数据 POI，位置精度数米级；公共服务设施底数背景"}, "geometry": {"type": "Point", "coordinates": [116.329543, 40.000387]}}, {"type": "Feature", "properties": {"layer": "OSM_PUBLIC_FACILITIES", "osm_id": 10188911992, "osm_type": "node", "name": "新清华学堂实验剧场", "amenity": "theatre", "shop": null, "operator": "清华大学", "source": "DATA-SRC-OSM", "official_boundary": false, "usable_for_formal": "background_only", "precision_note": "OSM 社区数据 POI，位置精度数米级；公共服务设施底数背景"}, "geometry": {"type": "Point", "coordinates": [116.323317, 40.000223]}}, {"type": "Feature", "properties": {"layer": "OSM_PUBLIC_FACILITIES", "osm_id": 10188912115, "osm_type": "node", "name": "南区学生活动中心", "amenity": "community_centre", "shop": null, "operator": null, "source": "DATA-SRC-OSM", "official_boundary": false, "usable_for_formal": "background_only", "precision_note": "OSM 社区数据 POI，位置精度数米级；公共服务设施底数背景"}, "geometry": {"type": "Point", "coordinates": [116.324127, 40.004283]}}, {"type": "Feature", "properties": {"layer": "OSM_PUBLIC_FACILITIES", "osm_id": 10188912116, "osm_type": "node", "name": "学生社区活动中心", "amenity": "community_centre", "shop": null, "operator": "清华大学", "source": "DATA-SRC-OSM", "official_boundary": false, "usable_for_formal": "background_only", "precision_note": "OSM 社区数据 POI，位置精度数米级；公共服务设施底数背景"}, "geometry": {"type": "Point", "coordinates": [116.321955, 40.007391]}}, {"type": "Feature", "properties": {"layer": "OSM_PUBLIC_FACILITIES", "osm_id": 10198894117, "osm_type": "node", "name": null, "amenity": "charging_station", "shop": null, "operator": null, "source": "DATA-SRC-OSM", "official_boundary": false, "usable_for_formal": "background_only", "precision_note": "OSM 社区数据 POI，位置精度数米级；公共服务设施底数背景"}, "geometry": {"type": "Point", "coordinates": [116.328419, 40.007241]}}, {"type": "Feature", "properties": {"layer": "OSM_PUBLIC_FACILITIES", "osm_id": 10198894118, "osm_type": "node", "name": null, "amenity": "charging_station", "shop": null, "operator": null, "source": "DATA-SRC-OSM", "official_boundary": false, "usable_for_formal": "background_only", "precision_note": "OSM 社区数据 POI，位置精度数米级；公共服务设施底数背景"}, "geometry": {"type": "Point", "coordinates": [116.328255, 40.006442]}}, {"type": "Feature", "properties": {"layer": "OSM_PUBLIC_FACILITIES", "osm_id": 10198894135, "osm_type": "node", "name": "iCenter创客咖啡", "amenity": "cafe", "shop": null, "operator": null, "source": "DATA-SRC-OSM", "official_boundary": false, "usable_for_formal": "background_only", "precision_note": "OSM 社区数据 POI，位置精度数米级；公共服务设施底数背景"}, "geometry": {"type": "Point", "coordinates": [116.323307, 39.995934]}}, {"type": "Feature", "properties": {"layer": "OSM_PUBLIC_FACILITIES", "osm_id": 10198894138, "osm_type": "node", "name": "清华园老龄大学", "amenity": "university", "shop": null, "operator": null, "source": "DATA-SRC-OSM", "official_boundary": false, "usable_for_formal": "background_only", "precision_note": "OSM 社区数据 POI，位置精度数米级；公共服务设施底数背景"}, "geometry": {"type": "Point", "coordinates": [116.321005, 39.99839]}}, {"type": "Feature", "properties": {"layer": "OSM_PUBLIC_FACILITIES", "osm_id": 10219130496, "osm_type": "node", "name": "中国邮政", "amenity": "post_office", "shop": null, "operator": null, "source": "DATA-SRC-OSM", "official_boundary": false, "usable_for_formal": "background_only", "precision_note": "OSM 社区数据 POI，位置精度数米级；公共服务设施底数背景"}, "geometry": {"type": "Point", "coordinates": [116.318743, 39.97648]}}, {"type": "Feature", "properties": {"layer": "OSM_PUBLIC_FACILITIES", "osm_id": 10219130497, "osm_type": "node", "name": "中国邮政储蓄银行", "amenity": "bank", "shop": null, "operator": null, "source": "DATA-SRC-OSM", "official_boundary": false, "usable_for_formal": "background_only", "precision_note": "OSM 社区数据 POI，位置精度数米级；公共服务设施底数背景"}, "geometry": {"type": "Point", "coordinates": [116.318742, 39.97655]}}, {"type": "Feature", "properties": {"layer": "OSM_PUBLIC_FACILITIES", "osm_id": 10219130498, "osm_type": "node", "name": "百康药房", "amenity": "pharmacy", "shop": null, "operator": null, "source": "DATA-SRC-OSM", "official_boundary": false, "usable_for_formal": "background_only", "precision_note": "OSM 社区数据 POI，位置精度数米级；公共服务设施底数背景"}, "geometry": {"type": "Point", "coordinates": [116.318662, 39.97732]}}, {"type": "Feature", "properties": {"layer": "OSM_PUBLIC_FACILITIES", "osm_id": 10236770689, "osm_type": "node", "name": "中国建设银行", "amenity": "bank", "shop": null, "operator": null, "source": "DATA-SRC-OSM", "official_boundary": false, "usable_for_formal": "background_only", "precision_note": "OSM 社区数据 POI，位置精度数米级；公共服务设施底数背景"}, "geometry": {"type": "Point", "coordinates": [116.327479, 39.986964]}}, {"type": "Feature", "properties": {"layer": "OSM_PUBLIC_FACILITIES", "osm_id": 10236770690, "osm_type": "node", "name": "星巴克", "amenity": "cafe", "shop": null, "operator": null, "source": "DATA-SRC-OSM", "official_boundary": false, "usable_for_formal": "background_only", "precision_note": "OSM 社区数据 POI，位置精度数米级；公共服务设施底数背景"}, "geometry": {"type": "Point", "coordinates": [116.327719, 39.985701]}}, {"type": "Feature", "properties": {"layer": "OSM_PUBLIC_FACILITIES", "osm_id": 10236770691, "osm_type": "node", "name": "兴业银行", "amenity": "bank", "shop": null, "operator": null, "source": "DATA-SRC-OSM", "official_boundary": false, "usable_for_formal": "background_only", "precision_note": "OSM 社区数据 POI，位置精度数米级；公共服务设施底数背景"}, "geometry": {"type": "Point", "coordinates": [116.328466, 39.985742]}}, {"type": "Feature", "properties": {"layer": "OSM_PUBLIC_FACILITIES", "osm_id": 10236770693, "osm_type": "node", "name": "林溪茶舍", "amenity": "cafe", "shop": null, "operator": null, "source": "DATA-SRC-OSM", "official_boundary": false, "usable_for_formal": "background_only", "precision_note": "OSM 社区数据 POI，位置精度数米级；公共服务设施底数背景"}, "geometry": {"type": "Point", "coordinates": [116.327809, 39.985706]}}, {"type": "Feature", "properties": {"layer": "OSM_PUBLIC_FACILITIES", "osm_id": 10239164517, "osm_type": "node", "name": "中国工商银行", "amenity": "bank", "shop": null, "operator": null, "source": "DATA-SRC-OSM", "official_boundary": false, "usable_for_formal": "background_only", "precision_note": "OSM 社区数据 POI，位置精度数米级；公共服务设施底数背景"}, "geometry": {"type": "Point", "coordinates": [116.388827, 39.970936]}}, {"type": "Feature", "properties": {"layer": "OSM_PUBLIC_FACILITIES", "osm_id": 10239164518, "osm_type": "node", "name": "中国邮政", "amenity": "post_office", "shop": null, "operator": null, "source": "DATA-SRC-OSM", "official_boundary": false, "usable_for_formal": "background_only", "precision_note": "OSM 社区数据 POI，位置精度数米级；公共服务设施底数背景"}, "geometry": {"type": "Point", "coordinates": [116.388817, 39.971104]}}, {"type": "Feature", "properties": {"layer": "OSM_PUBLIC_FACILITIES", "osm_id": 10239164519, "osm_type": "node", "name": "中国邮政储蓄银行", "amenity": "bank", "shop": null, "operator": null, "source": "DATA-SRC-OSM", "official_boundary": false, "usable_for_formal": "background_only", "precision_note": "OSM 社区数据 POI，位置精度数米级；公共服务设施底数背景"}, "geometry": {"type": "Point", "coordinates": [116.39454, 39.971033]}}, {"type": "Feature", "properties": {"layer": "OSM_PUBLIC_FACILITIES", "osm_id": 10239183180, "osm_type": "node", "name": "中国兰州马艾萨牛肉面", "amenity": "restaurant", "shop": null, "operator": null, "source": "DATA-SRC-OSM", "official_boundary": false, "usable_for_formal": "background_only", "precision_note": "OSM 社区数据 POI，位置精度数米级；公共服务设施底数背景"}, "geometry": {"type": "Point", "coordinates": [116.392576, 39.969158]}}, {"type": "Feature", "properties": {"layer": "OSM_PUBLIC_FACILITIES", "osm_id": 10239183182, "osm_type": "node", "name": "无忧大药房", "amenity": "pharmacy", "shop": null, "operator": null, "source": "DATA-SRC-OSM", "official_boundary": false, "usable_for_formal": "background_only", "precision_note": "OSM 社区数据 POI，位置精度数米级；公共服务设施底数背景"}, "geometry": {"type": "Point", "coordinates": [116.392595, 39.968904]}}, {"type": "Feature", "properties": {"layer": "OSM_PUBLIC_FACILITIES", "osm_id": 10239197015, "osm_type": "node", "name": "渝蜀人家", "amenity": "restaurant", "shop": null, "operator": null, "source": "DATA-SRC-OSM", "official_boundary": false, "usable_for_formal": "background_only", "precision_note": "OSM 社区数据 POI，位置精度数米级；公共服务设施底数背景"}, "geometry": {"type": "Point", "coordinates": [116.394129, 39.970793]}}, {"type": "Feature", "properties": {"layer": "OSM_PUBLIC_FACILITIES", "osm_id": 10239197016, "osm_type": "node", "name": "杭州小笼包", "amenity": "fast_food", "shop": null, "operator": null, "source": "DATA-SRC-OSM", "official_boundary": false, "usable_for_formal": "background_only", "precision_note": "OSM 社区数据 POI，位置精度数米级；公共服务设施底数背景"}, "geometry": {"type": "Point", "coordinates": [116.394131, 39.970712]}}, {"type": "Feature", "properties": {"layer": "OSM_PUBLIC_FACILITIES", "osm_id": 10262019427, "osm_type": "node", "name": "中国工商银行", "amenity": "bank", "shop": null, "operator": null, "source": "DATA-SRC-OSM", "official_boundary": false, "usable_for_formal": "background_only", "precision_note": "OSM 社区数据 POI，位置精度数米级；公共服务设施底数背景"}, "geometry": {"type": "Point", "coordinates": [116.341469, 39.975348]}}, {"type": "Feature", "properties": {"layer": "OSM_PUBLIC_FACILITIES", "osm_id": 10289167329, "osm_type": "node", "name": "松林包子铺", "amenity": "restaurant", "shop": null, "operator": null, "source": "DATA-SRC-OSM", "official_boundary": false, "usable_for_formal": "background_only", "precision_note": "OSM 社区数据 POI，位置精度数米级；公共服务设施底数背景"}, "geometry": {"type": "Point", "coordinates": [116.302007, 39.986458]}}, {"type": "Feature", "properties": {"layer": "OSM_PUBLIC_FACILITIES", "osm_id": 10316539738, "osm_type": "node", "name": "咖啡书屋", "amenity": "cafe", "shop": null, "operator": null, "source": "DATA-SRC-OSM", "official_boundary": false, "usable_for_formal": "background_only", "precision_note": "OSM 社区数据 POI，位置精度数米级；公共服务设施底数背景"}, "geometry": {"type": "Point", "coordinates": [116.300627, 39.983009]}}, {"type": "Feature", "properties": {"layer": "OSM_PUBLIC_FACILITIES", "osm_id": 10656979546, "osm_type": "node", "name": "特来电", "amenity": "charging_station", "shop": null, "operator": null, "source": "DATA-SRC-OSM", "official_boundary": false, "usable_for_formal": "background_only", "precision_note": "OSM 社区数据 POI，位置精度数米级；公共服务设施底数背景"}, "geometry": {"type": "Point", "coordinates": [116.379555, 40.004895]}}, {"type": "Feature", "properties": {"layer": "OSM_PUBLIC_FACILITIES", "osm_id": 10687655075, "osm_type": "node", "name": "小鹏", "amenity": "charging_station", "shop": null, "operator": null, "source": "DATA-SRC-OSM", "official_boundary": false, "usable_for_formal": "background_only", "precision_note": "OSM 社区数据 POI，位置精度数米级；公共服务设施底数背景"}, "geometry": {"type": "Point", "coordinates": [116.39372, 39.991703]}}, {"type": "Feature", "properties": {"layer": "OSM_PUBLIC_FACILITIES", "osm_id": 10687662818, "osm_type": "node", "name": "小鹏", "amenity": "charging_station", "shop": null, "operator": null, "source": "DATA-SRC-OSM", "official_boundary": false, "usable_for_formal": "background_only", "precision_note": "OSM 社区数据 POI，位置精度数米级；公共服务设施底数背景"}, "geometry": {"type": "Point", "coordinates": [116.375232, 39.999885]}}, {"type": "Feature", "properties": {"layer": "OSM_PUBLIC_FACILITIES", "osm_id": 10687677378, "osm_type": "node", "name": "小鹏", "amenity": "charging_station", "shop": null, "operator": null, "source": "DATA-SRC-OSM", "official_boundary": false, "usable_for_formal": "background_only", "precision_note": "OSM 社区数据 POI，位置精度数米级；公共服务设施底数背景"}, "geometry": {"type": "Point", "coordinates": [116.336144, 39.968322]}}, {"type": "Feature", "properties": {"layer": "OSM_PUBLIC_FACILITIES", "osm_id": 10691739011, "osm_type": "node", "name": "金象大药房", "amenity": "pharmacy", "shop": null, "operator": null, "source": "DATA-SRC-OSM", "official_boundary": false, "usable_for_formal": "background_only", "precision_note": "OSM 社区数据 POI，位置精度数米级；公共服务设施底数背景"}, "geometry": {"type": "Point", "coordinates": [116.36124, 39.939703]}}, {"type": "Feature", "properties": {"layer": "OSM_PUBLIC_FACILITIES", "osm_id": 10695583065, "osm_type": "node", "name": "粤菜", "amenity": "restaurant", "shop": null, "operator": null, "source": "DATA-SRC-OSM", "official_boundary": false, "usable_for_formal": "background_only", "precision_note": "OSM 社区数据 POI，位置精度数米级；公共服务设施底数背景"}, "geometry": {"type": "Point", "coordinates": [116.328487, 39.994811]}}, {"type": "Feature", "properties": {"layer": "OSM_PUBLIC_FACILITIES", "osm_id": 10695583066, "osm_type": "node", "name": "安妮意大利餐厅", "amenity": "restaurant", "shop": null, "operator": null, "source": "DATA-SRC-OSM", "official_boundary": false, "usable_for_formal": "background_only", "precision_note": "OSM 社区数据 POI，位置精度数米级；公共服务设施底数背景"}, "geometry": {"type": "Point", "coordinates": [116.32849, 39.994773]}}, {"type": "Feature", "properties": {"layer": "OSM_PUBLIC_FACILITIES", "osm_id": 10703883905, "osm_type": "node", "name": "屯老二农家铁锅炖", "amenity": "restaurant", "shop": null, "operator": null, "source": "DATA-SRC-OSM", "official_boundary": false, "usable_for_formal": "background_only", "precision_note": "OSM 社区数据 POI，位置精度数米级；公共服务设施底数背景"}, "geometry": {"type": "Point", "coordinates": [116.365102, 40.008949]}}, {"type": "Feature", "properties": {"layer": "OSM_PUBLIC_FACILITIES", "osm_id": 10703883937, "osm_type": "node", "name": "秦门西安小馆", "amenity": "restaurant", "shop": null, "operator": null, "source": "DATA-SRC-OSM", "official_boundary": false, "usable_for_formal": "background_only", "precision_note": "OSM 社区数据 POI，位置精度数米级；公共服务设施底数背景"}, "geometry": {"type": "Point", "coordinates": [116.366526, 40.0086]}}, {"type": "Feature", "properties": {"layer": "OSM_PUBLIC_FACILITIES", "osm_id": 10703883938, "osm_type": "node", "name": "林萃宴", "amenity": "restaurant", "shop": null, "operator": null, "source": "DATA-SRC-OSM", "official_boundary": false, "usable_for_formal": "background_only", "precision_note": "OSM 社区数据 POI，位置精度数米级；公共服务设施底数背景"}, "geometry": {"type": "Point", "coordinates": [116.364574, 40.011491]}}, {"type": "Feature", "properties": {"layer": "OSM_PUBLIC_FACILITIES", "osm_id": 10703883939, "osm_type": "node", "name": "德泓居", "amenity": "restaurant", "shop": null, "operator": null, "source": "DATA-SRC-OSM", "official_boundary": false, "usable_for_formal": "background_only", "precision_note": "OSM 社区数据 POI，位置精度数米级；公共服务设施底数背景"}, "geometry": {"type": "Point", "coordinates": [116.364989, 40.01091]}}, {"type": "Feature", "properties": {"layer": "OSM_PUBLIC_FACILITIES", "osm_id": 10703883946, "osm_type": "node", "name": "好适口", "amenity": "fast_food", "shop": null, "operator": null, "source": "DATA-SRC-OSM", "official_boundary": false, "usable_for_formal": "background_only", "precision_note": "OSM 社区数据 POI，位置精度数米级；公共服务设施底数背景"}, "geometry": {"type": "Point", "coordinates": [116.365007, 40.010653]}}, {"type": "Feature", "properties": {"layer": "OSM_PUBLIC_FACILITIES", "osm_id": 10703883954, "osm_type": "node", "name": "丝路金驼源美食坊", "amenity": "restaurant", "shop": null, "operator": null, "source": "DATA-SRC-OSM", "official_boundary": false, "usable_for_formal": "background_only", "precision_note": "OSM 社区数据 POI，位置精度数米级；公共服务设施底数背景"}, "geometry": {"type": "Point", "coordinates": [116.365102, 40.009982]}}, {"type": "Feature", "properties": {"layer": "OSM_PUBLIC_FACILITIES", "osm_id": 10703910734, "osm_type": "node", "name": "香鼎坊江西菜", "amenity": "restaurant", "shop": null, "operator": null, "source": "DATA-SRC-OSM", "official_boundary": false, "usable_for_formal": "background_only", "precision_note": "OSM 社区数据 POI，位置精度数米级；公共服务设施底数背景"}, "geometry": {"type": "Point", "coordinates": [116.375442, 40.008166]}}, {"type": "Feature", "properties": {"layer": "OSM_PUBLIC_FACILITIES", "osm_id": 10703910736, "osm_type": "node", "name": "弓二居酒屋", "amenity": "restaurant", "shop": null, "operator": null, "source": "DATA-SRC-OSM", "official_boundary": false, "usable_for_formal": "background_only", "precision_note": "OSM 社区数据 POI，位置精度数米级；公共服务设施底数背景"}, "geometry": {"type": "Point", "coordinates": [116.375199, 40.007883]}}, {"type": "Feature", "properties": {"layer": "OSM_PUBLIC_FACILITIES", "osm_id": 10703910737, "osm_type": "node", "name": "日坛涮肉", "amenity": "restaurant", "shop": null, "operator": null, "source": "DATA-SRC-OSM", "official_boundary": false, "usable_for_formal": "background_only", "precision_note": "OSM 社区数据 POI，位置精度数米级；公共服务设施底数背景"}, "geometry": {"type": "Point", "coordinates": [116.374376, 40.007286]}}, {"type": "Feature", "properties": {"layer": "OSM_PUBLIC_FACILITIES", "osm_id": 10707011260, "osm_type": "node", "name": "东北小馆铁锅炖", "amenity": "restaurant", "shop": null, "operator": null, "source": "DATA-SRC-OSM", "official_boundary": false, "usable_for_formal": "background_only", "precision_note": "OSM 社区数据 POI，位置精度数米级；公共服务设施底数背景"}, "geometry": {"type": "Point", "coordinates": [116.340129, 40.014091]}}, {"type": "Feature", "properties": {"layer": "OSM_PUBLIC_FACILITIES", "osm_id": 10707011261, "osm_type": "node", "name": "牛麒荟潮汕牛肉火锅", "amenity": "restaurant", "shop": null, "operator": null, "source": "DATA-SRC-OSM", "official_boundary": false, "usable_for_formal": "background_only", "precision_note": "OSM 社区数据 POI，位置精度数米级；公共服务设施底数背景"}, "geometry": {"type": "Point", "coordinates": [116.339899, 40.014154]}}, {"type": "Feature", "properties": {"layer": "OSM_PUBLIC_FACILITIES", "osm_id": 10707011262, "osm_type": "node", "name": "东升镇长者食堂", "amenity": "restaurant", "shop": null, "operator": null, "source": "DATA-SRC-OSM", "official_boundary": false, "usable_for_formal": "background_only", "precision_note": "OSM 社区数据 POI，位置精度数米级；公共服务设施底数背景"}, "geometry": {"type": "Point", "coordinates": [116.339333, 40.014773]}}, {"type": "Feature", "properties": {"layer": "OSM_PUBLIC_FACILITIES", "osm_id": 10707011270, "osm_type": "node", "name": "好适口包子铺", "amenity": "fast_food", "shop": null, "operator": null, "source": "DATA-SRC-OSM", "official_boundary": false, "usable_for_formal": "background_only", "precision_note": "OSM 社区数据 POI，位置精度数米级；公共服务设施底数背景"}, "geometry": {"type": "Point", "coordinates": [116.337018, 40.013421]}}, {"type": "Feature", "properties": {"layer": "OSM_PUBLIC_FACILITIES", "osm_id": 10707011273, "osm_type": "node", "name": "双清书咖", "amenity": "cafe", "shop": null, "operator": null, "source": "DATA-SRC-OSM", "official_boundary": false, "usable_for_formal": "background_only", "precision_note": "OSM 社区数据 POI，位置精度数米级；公共服务设施底数背景"}, "geometry": {"type": "Point", "coordinates": [116.33428, 40.009769]}}, {"type": "Feature", "properties": {"layer": "OSM_PUBLIC_FACILITIES", "osm_id": 10707011274, "osm_type": "node", "name": "清华大学双清园", "amenity": "restaurant", "shop": null, "operator": null, "source": "DATA-SRC-OSM", "official_boundary": false, "usable_for_formal": "background_only", "precision_note": "OSM 社区数据 POI，位置精度数米级；公共服务设施底数背景"}, "geometry": {"type": "Point", "coordinates": [116.334223, 40.009772]}}, {"type": "Feature", "properties": {"layer": "OSM_PUBLIC_FACILITIES", "osm_id": 10707011278, "osm_type": "node", "name": "虎头军煎饼", "amenity": "fast_food", "shop": null, "operator": null, "source": "DATA-SRC-OSM", "official_boundary": false, "usable_for_formal": "background_only", "precision_note": "OSM 社区数据 POI，位置精度数米级；公共服务设施底数背景"}, "geometry": {"type": "Point", "coordinates": [116.336165, 40.006421]}}, {"type": "Feature", "properties": {"layer": "OSM_PUBLIC_FACILITIES", "osm_id": 10707015725, "osm_type": "node", "name": "逗思都吃韩国料理", "amenity": "restaurant", "shop": null, "operator": null, "source": "DATA-SRC-OSM", "official_boundary": false, "usable_for_formal": "background_only", "precision_note": "OSM 社区数据 POI，位置精度数米级；公共服务设施底数背景"}, "geometry": {"type": "Point", "coordinates": [116.333014, 39.998218]}}, {"type": "Feature", "properties": {"layer": "OSM_PUBLIC_FACILITIES", "osm_id": 10707015726, "osm_type": "node", "name": "穆沙西域主题餐厅", "amenity": "restaurant", "shop": null, "operator": null, "source": "DATA-SRC-OSM", "official_boundary": false, "usable_for_formal": "background_only", "precision_note": "OSM 社区数据 POI，位置精度数米级；公共服务设施底数背景"}, "geometry": {"type": "Point", "coordinates": [116.333014, 39.998166]}}, {"type": "Feature", "properties": {"layer": "OSM_PUBLIC_FACILITIES", "osm_id": 10707015729, "osm_type": "node", "name": "酒鬼金居酒屋", "amenity": "restaurant", "shop": null, "operator": null, "source": "DATA-SRC-OSM", "official_boundary": false, "usable_for_formal": "background_only", "precision_note": "OSM 社区数据 POI，位置精度数米级；公共服务设施底数背景"}, "geometry": {"type": "Point", "coordinates": [116.347842, 40.014245]}}, {"type": "Feature", "properties": {"layer": "OSM_PUBLIC_FACILITIES", "osm_id": 10707024851, "osm_type": "node", "name": "丰茂烤串", "amenity": "restaurant", "shop": null, "operator": null, "source": "DATA-SRC-OSM", "official_boundary": false, "usable_for_formal": "background_only", "precision_note": "OSM 社区数据 POI，位置精度数米级；公共服务设施底数背景"}, "geometry": {"type": "Point", "coordinates": [116.349124, 40.007157]}}, {"type": "Feature", "properties": {"layer": "OSM_PUBLIC_FACILITIES", "osm_id": 10707024852, "osm_type": "node", "name": "七八冷面", "amenity": "restaurant", "shop": null, "operator": null, "source": "DATA-SRC-OSM", "official_boundary": false, "usable_for_formal": "background_only", "precision_note": "OSM 社区数据 POI，位置精度数米级；公共服务设施底数背景"}, "geometry": {"type": "Point", "coordinates": [116.349066, 40.007212]}}, {"type": "Feature", "properties": {"layer": "OSM_PUBLIC_FACILITIES", "osm_id": 10707336550, "osm_type": "node", "name": null, "amenity": "charging_station", "shop": null, "operator": null, "source": "DATA-SRC-OSM", "official_boundary": false, "usable_for_formal": "background_only", "precision_note": "OSM 社区数据 POI，位置精度数米级；公共服务设施底数背景"}, "geometry": {"type": "Point", "coordinates": [116.323056, 39.992278]}}, {"type": "Feature", "properties": {"layer": "OSM_PUBLIC_FACILITIES", "osm_id": 10707336551, "osm_type": "node", "name": "HICOFFEE", "amenity": "cafe", "shop": null, "operator": null, "source": "DATA-SRC-OSM", "official_boundary": false, "usable_for_formal": "background_only", "precision_note": "OSM 社区数据 POI，位置精度数米级；公共服务设施底数背景"}, "geometry": {"type": "Point", "coordinates": [116.323374, 39.99273]}}, {"type": "Feature", "properties": {"layer": "OSM_PUBLIC_FACILITIES", "osm_id": 10707336552, "osm_type": "node", "name": "Manner", "amenity": "cafe", "shop": null, "operator": null, "source": "DATA-SRC-OSM", "official_boundary": false, "usable_for_formal": "background_only", "precision_note": "OSM 社区数据 POI，位置精度数米级；公共服务设施底数背景"}, "geometry": {"type": "Point", "coordinates": [116.325007, 39.992175]}}, {"type": "Feature", "properties": {"layer": "OSM_PUBLIC_FACILITIES", "osm_id": 10707336555, "osm_type": "node", "name": "林溪茶舍", "amenity": "restaurant", "shop": null, "operator": null, "source": "DATA-SRC-OSM", "official_boundary": false, "usable_for_formal": "background_only", "precision_note": "OSM 社区数据 POI，位置精度数米级；公共服务设施底数背景"}, "geometry": {"type": "Point", "coordinates": [116.324121, 39.992119]}}, {"type": "Feature", "properties": {"layer": "OSM_PUBLIC_FACILITIES", "osm_id": 10707336556, "osm_type": "node", "name": "串亭居酒屋", "amenity": "restaurant", "shop": null, "operator": null, "source": "DATA-SRC-OSM", "official_boundary": false, "usable_for_formal": "background_only", "precision_note": "OSM 社区数据 POI，位置精度数米级；公共服务设施底数背景"}, "geometry": {"type": "Point", "coordinates": [116.324116, 39.992635]}}, {"type": "Feature", "properties": {"layer": "OSM_PUBLIC_FACILITIES", "osm_id": 10707336557, "osm_type": "node", "name": "小龙坎老火锅", "amenity": "restaurant", "shop": null, "operator": null, "source": "DATA-SRC-OSM", "official_boundary": false, "usable_for_formal": "background_only", "precision_note": "OSM 社区数据 POI，位置精度数米级；公共服务设施底数背景"}, "geometry": {"type": "Point", "coordinates": [116.324416, 39.991879]}}, {"type": "Feature", "properties": {"layer": "OSM_PUBLIC_FACILITIES", "osm_id": 10707362344, "osm_type": "node", "name": "桃屋日本料理", "amenity": "restaurant", "shop": null, "operator": null, "source": "DATA-SRC-OSM", "official_boundary": false, "usable_for_formal": "background_only", "precision_note": "OSM 社区数据 POI，位置精度数米级；公共服务设施底数背景"}, "geometry": {"type": "Point", "coordinates": [116.324647, 39.994351]}}, {"type": "Feature", "properties": {"layer": "OSM_PUBLIC_FACILITIES", "osm_id": 10707362346, "osm_type": "node", "name": "宴铭园", "amenity": "restaurant", "shop": null, "operator": null, "source": "DATA-SRC-OSM", "official_boundary": false, "usable_for_formal": "background_only", "precision_note": "OSM 社区数据 POI，位置精度数米级；公共服务设施底数背景"}, "geometry": {"type": "Point", "coordinates": [116.325543, 39.9948]}}, {"type": "Feature", "properties": {"layer": "OSM_PUBLIC_FACILITIES", "osm_id": 10707362359, "osm_type": "node", "name": "贵凤凰", "amenity": "restaurant", "shop": null, "operator": null, "source": "DATA-SRC-OSM", "official_boundary": false, "usable_for_formal": "background_only", "precision_note": "OSM 社区数据 POI，位置精度数米级；公共服务设施底数背景"}, "geometry": {"type": "Point", "coordinates": [116.327779, 39.991973]}}, {"type": "Feature", "properties": {"layer": "OSM_PUBLIC_FACILITIES", "osm_id": 10707362360, "osm_type": "node", "name": "水平有限", "amenity": "restaurant", "shop": null, "operator": null, "source": "DATA-SRC-OSM", "official_boundary": false, "usable_for_formal": "background_only", "precision_note": "OSM 社区数据 POI，位置精度数米级；公共服务设施底数背景"}, "geometry": {"type": "Point", "coordinates": [116.32813, 39.99115]}}, {"type": "Feature", "properties": {"layer": "OSM_PUBLIC_FACILITIES", "osm_id": 10707362361, "osm_type": "node", "name": "全牛匠跷脚牛肉", "amenity": "restaurant", "shop": null, "operator": null, "source": "DATA-SRC-OSM", "official_boundary": false, "usable_for_formal": "background_only", "precision_note": "OSM 社区数据 POI，位置精度数米级；公共服务设施底数背景"}, "geometry": {"type": "Point", "coordinates": [116.327274, 39.990885]}}, {"type": "Feature", "properties": {"layer": "OSM_PUBLIC_FACILITIES", "osm_id": 10707362363, "osm_type": "node", "name": "秀儿四九城新京菜", "amenity": "restaurant", "shop": null, "operator": null, "source": "DATA-SRC-OSM", "official_boundary": false, "usable_for_formal": "background_only", "precision_note": "OSM 社区数据 POI，位置精度数米级；公共服务设施底数背景"}, "geometry": {"type": "Point", "coordinates": [116.327192, 39.992497]}}, {"type": "Feature", "properties": {"layer": "OSM_PUBLIC_FACILITIES", "osm_id": 10707362364, "osm_type": "node", "name": "醉爱", "amenity": "restaurant", "shop": null, "operator": null, "source": "DATA-SRC-OSM", "official_boundary": false, "usable_for_formal": "background_only", "precision_note": "OSM 社区数据 POI，位置精度数米级；公共服务设施底数背景"}, "geometry": {"type": "Point", "coordinates": [116.327159, 39.992645]}}, {"type": "Feature", "properties": {"layer": "OSM_PUBLIC_FACILITIES", "osm_id": 10707362366, "osm_type": "node", "name": "融园", "amenity": "fast_food", "shop": null, "operator": null, "source": "DATA-SRC-OSM", "official_boundary": false, "usable_for_formal": "background_only", "precision_note": "OSM 社区数据 POI，位置精度数米级；公共服务设施底数背景"}, "geometry": {"type": "Point", "coordinates": [116.329733, 39.992397]}}, {"type": "Feature", "properties": {"layer": "OSM_PUBLIC_FACILITIES", "osm_id": 10709405918, "osm_type": "node", "name": "瑞幸咖啡", "amenity": "cafe", "shop": null, "operator": null, "source": "DATA-SRC-OSM", "official_boundary": false, "usable_for_formal": "background_only", "precision_note": "OSM 社区数据 POI，位置精度数米级；公共服务设施底数背景"}, "geometry": {"type": "Point", "coordinates": [116.306675, 39.9911]}}, {"type": "Feature", "properties": {"layer": "OSM_PUBLIC_FACILITIES", "osm_id": 10727042682, "osm_type": "node", "name": "鼓西33", "amenity": "restaurant", "shop": null, "operator": null, "source": "DATA-SRC-OSM", "official_boundary": false, "usable_for_formal": "background_only", "precision_note": "OSM 社区数据 POI，位置精度数米级；公共服务设施底数背景"}, "geometry": {"type": "Point", "coordinates": [116.38736, 39.93949]}}, {"type": "Feature", "properties": {"layer": "OSM_PUBLIC_FACILITIES", "osm_id": 10728888513, "osm_type": "node", "name": "永安里地摊烤肉", "amenity": "restaurant", "shop": null, "operator": null, "source": "DATA-SRC-OSM", "official_boundary": false, "usable_for_formal": "background_only", "precision_note": "OSM 社区数据 POI，位置精度数米级；公共服务设施底数背景"}, "geometry": {"type": "Point", "coordinates": [116.390433, 39.978972]}}, {"type": "Feature", "properties": {"layer": "OSM_PUBLIC_FACILITIES", "osm_id": 10728971439, "osm_type": "node", "name": "阳坊胜利涮羊肉", "amenity": "restaurant", "shop": null, "operator": null, "source": "DATA-SRC-OSM", "official_boundary": false, "usable_for_formal": "background_only", "precision_note": "OSM 社区数据 POI，位置精度数米级；公共服务设施底数背景"}, "geometry": {"type": "Point", "coordinates": [116.392059, 39.977968]}}, {"type": "Feature", "properties": {"layer": "OSM_PUBLIC_FACILITIES", "osm_id": 10729017636, "osm_type": "node", "name": "一言居酒屋", "amenity": "restaurant", "shop": null, "operator": null, "source": "DATA-SRC-OSM", "official_boundary": false, "usable_for_formal": "background_only", "precision_note": "OSM 社区数据 POI，位置精度数米级；公共服务设施底数背景"}, "geometry": {"type": "Point", "coordinates": [116.390433, 39.979042]}}, {"type": "Feature", "properties": {"layer": "OSM_PUBLIC_FACILITIES", "osm_id": 10795196877, "osm_type": "node", "name": "西少爷", "amenity": "fast_food", "shop": null, "operator": null, "source": "DATA-SRC-OSM", "official_boundary": false, "usable_for_formal": "background_only", "precision_note": "OSM 社区数据 POI，位置精度数米级；公共服务设施底数背景"}, "geometry": {"type": "Point", "coordinates": [116.301801, 39.981327]}}, {"type": "Feature", "properties": {"layer": "OSM_PUBLIC_FACILITIES", "osm_id": 10795196879, "osm_type": "node", "name": "喜家德水饺", "amenity": "restaurant", "shop": null, "operator": null, "source": "DATA-SRC-OSM", "official_boundary": false, "usable_for_formal": "background_only", "precision_note": "OSM 社区数据 POI，位置精度数米级；公共服务设施底数背景"}, "geometry": {"type": "Point", "coordinates": [116.30163, 39.981321]}}, {"type": "Feature", "properties": {"layer": "OSM_PUBLIC_FACILITIES", "osm_id": 10795196880, "osm_type": "node", "name": "巴比鲜包", "amenity": "fast_food", "shop": null, "operator": null, "source": "DATA-SRC-OSM", "official_boundary": false, "usable_for_formal": "background_only", "precision_note": "OSM 社区数据 POI，位置精度数米级；公共服务设施底数背景"}, "geometry": {"type": "Point", "coordinates": [116.30145, 39.981321]}}, {"type": "Feature", "properties": {"layer": "OSM_PUBLIC_FACILITIES", "osm_id": 10798288373, "osm_type": "node", "name": null, "amenity": "police", "shop": null, "operator": null, "source": "DATA-SRC-OSM", "official_boundary": false, "usable_for_formal": "background_only", "precision_note": "OSM 社区数据 POI，位置精度数米级；公共服务设施底数背景"}, "geometry": {"type": "Point", "coordinates": [116.309809, 39.98191]}}, {"type": "Feature", "properties": {"layer": "OSM_PUBLIC_FACILITIES", "osm_id": 10810554242, "osm_type": "node", "name": "中国工商银行", "amenity": "bank", "shop": null, "operator": null, "source": "DATA-SRC-OSM", "official_boundary": false, "usable_for_formal": "background_only", "precision_note": "OSM 社区数据 POI，位置精度数米级；公共服务设施底数背景"}, "geometry": {"type": "Point", "coordinates": [116.300851, 39.986349]}}, {"type": "Feature", "properties": {"layer": "OSM_PUBLIC_FACILITIES", "osm_id": 10813552926, "osm_type": "node", "name": "美蛙鱼头", "amenity": "restaurant", "shop": null, "operator": null, "source": "DATA-SRC-OSM", "official_boundary": false, "usable_for_formal": "background_only", "precision_note": "OSM 社区数据 POI，位置精度数米级；公共服务设施底数背景"}, "geometry": {"type": "Point", "coordinates": [116.374745, 39.979363]}}, {"type": "Feature", "properties": {"layer": "OSM_PUBLIC_FACILITIES", "osm_id": 10813552927, "osm_type": "node", "name": "中国工商银行", "amenity": "bank", "shop": null, "operator": null, "source": "DATA-SRC-OSM", "official_boundary": false, "usable_for_formal": "background_only", "precision_note": "OSM 社区数据 POI，位置精度数米级；公共服务设施底数背景"}, "geometry": {"type": "Point", "coordinates": [116.378417, 39.975748]}}, {"type": "Feature", "properties": {"layer": "OSM_PUBLIC_FACILITIES", "osm_id": 10824927670, "osm_type": "node", "name": "永和大王", "amenity": "fast_food", "shop": null, "operator": null, "source": "DATA-SRC-OSM", "official_boundary": false, "usable_for_formal": "background_only", "precision_note": "OSM 社区数据 POI，位置精度数米级；公共服务设施底数背景"}, "geometry": {"type": "Point", "coordinates": [116.365124, 39.945041]}}, {"type": "Feature", "properties": {"layer": "OSM_PUBLIC_FACILITIES", "osm_id": 10830053002, "osm_type": "node", "name": "西少爷", "amenity": "fast_food", "shop": null, "operator": null, "source": "DATA-SRC-OSM", "official_boundary": false, "usable_for_formal": "background_only", "precision_note": "OSM 社区数据 POI，位置精度数米级；公共服务设施底数背景"}, "geometry": {"type": "Point", "coordinates": [116.346661, 39.93961]}}, {"type": "Feature", "properties": {"layer": "OSM_PUBLIC_FACILITIES", "osm_id": 10832166973, "osm_type": "node", "name": "护国寺小吃", "amenity": "restaurant", "shop": null, "operator": null, "source": "DATA-SRC-OSM", "official_boundary": false, "usable_for_formal": "background_only", "precision_note": "OSM 社区数据 POI，位置精度数米级；公共服务设施底数背景"}, "geometry": {"type": "Point", "coordinates": [116.366281, 39.946188]}}, {"type": "Feature", "properties": {"layer": "OSM_PUBLIC_FACILITIES", "osm_id": 10832167831, "osm_type": "node", "name": "护国寺小吃", "amenity": "restaurant", "shop": null, "operator": null, "source": "DATA-SRC-OSM", "official_boundary": false, "usable_for_formal": "background_only", "precision_note": "OSM 社区数据 POI，位置精度数米级；公共服务设施底数背景"}, "geometry": {"type": "Point", "coordinates": [116.35748, 39.941062]}}, {"type": "Feature", "properties": {"layer": "OSM_PUBLIC_FACILITIES", "osm_id": 10832167832, "osm_type": "node", "name": "庆丰包子铺", "amenity": "restaurant", "shop": null, "operator": null, "source": "DATA-SRC-OSM", "official_boundary": false, "usable_for_formal": "background_only", "precision_note": "OSM 社区数据 POI，位置精度数米级；公共服务设施底数背景"}, "geometry": {"type": "Point", "coordinates": [116.357463, 39.941171]}}, {"type": "Feature", "properties": {"layer": "OSM_PUBLIC_FACILITIES", "osm_id": 10834248632, "osm_type": "node", "name": "中国银行", "amenity": "bank", "shop": null, "operator": null, "source": "DATA-SRC-OSM", "official_boundary": false, "usable_for_formal": "background_only", "precision_note": "OSM 社区数据 POI，位置精度数米级；公共服务设施底数背景"}, "geometry": {"type": "Point", "coordinates": [116.352761, 39.93519]}}, {"type": "Feature", "properties": {"layer": "OSM_PUBLIC_FACILITIES", "osm_id": 10862402779, "osm_type": "node", "name": "蓟门里社区卫生服务中心", "amenity": "hospital", "shop": null, "operator": null, "source": "DATA-SRC-OSM", "official_boundary": false, "usable_for_formal": "background_only", "precision_note": "OSM 社区数据 POI，位置精度数米级；公共服务设施底数背景"}, "geometry": {"type": "Point", "coordinates": [116.344448, 39.968882]}}, {"type": "Feature", "properties": {"layer": "OSM_PUBLIC_FACILITIES", "osm_id": 10866593120, "osm_type": "node", "name": "大屯路·巷口串串香", "amenity": "restaurant", "shop": null, "operator": null, "source": "DATA-SRC-OSM", "official_boundary": false, "usable_for_formal": "background_only", "precision_note": "OSM 社区数据 POI，位置精度数米级；公共服务设施底数背景"}, "geometry": {"type": "Point", "coordinates": [116.369776, 40.000059]}}, {"type": "Feature", "properties": {"layer": "OSM_PUBLIC_FACILITIES", "osm_id": 10877255253, "osm_type": "node", "name": "北京市公安局海淀分局双榆树派出所巡逻警务站", "amenity": "police", "shop": null, "operator": "北京市公安局海淀分局双榆树派出所", "source": "DATA-SRC-OSM", "official_boundary": false, "usable_for_formal": "background_only", "precision_note": "OSM 社区数据 POI，位置精度数米级；公共服务设施底数背景"}, "geometry": {"type": "Point", "coordinates": [116.315775, 39.966107]}}, {"type": "Feature", "properties": {"layer": "OSM_PUBLIC_FACILITIES", "osm_id": 10892532206, "osm_type": "node", "name": "肯德基", "amenity": "fast_food", "shop": null, "operator": null, "source": "DATA-SRC-OSM", "official_boundary": false, "usable_for_formal": "background_only", "precision_note": "OSM 社区数据 POI，位置精度数米级；公共服务设施底数背景"}, "geometry": {"type": "Point", "coordinates": [116.383342, 39.961872]}}, {"type": "Feature", "properties": {"layer": "OSM_PUBLIC_FACILITIES", "osm_id": 10892532207, "osm_type": "node", "name": "李先生", "amenity": "restaurant", "shop": null, "operator": null, "source": "DATA-SRC-OSM", "official_boundary": false, "usable_for_formal": "background_only", "precision_note": "OSM 社区数据 POI，位置精度数米级；公共服务设施底数背景"}, "geometry": {"type": "Point", "coordinates": [116.382849, 39.961438]}}, {"type": "Feature", "properties": {"layer": "OSM_PUBLIC_FACILITIES", "osm_id": 10892588400, "osm_type": "node", "name": "便宜坊", "amenity": "restaurant", "shop": null, "operator": null, "source": "DATA-SRC-OSM", "official_boundary": false, "usable_for_formal": "background_only", "precision_note": "OSM 社区数据 POI，位置精度数米级；公共服务设施底数背景"}, "geometry": {"type": "Point", "coordinates": [116.381247, 39.962201]}}, {"type": "Feature", "properties": {"layer": "OSM_PUBLIC_FACILITIES", "osm_id": 10892627135, "osm_type": "node", "name": "上海浦东发展银行", "amenity": "bank", "shop": null, "operator": "浦发银行", "source": "DATA-SRC-OSM", "official_boundary": false, "usable_for_formal": "background_only", "precision_note": "OSM 社区数据 POI，位置精度数米级；公共服务设施底数背景"}, "geometry": {"type": "Point", "coordinates": [116.374168, 39.961728]}}, {"type": "Feature", "properties": {"layer": "OSM_PUBLIC_FACILITIES", "osm_id": 10892627136, "osm_type": "node", "name": "中信银行", "amenity": "bank", "shop": null, "operator": null, "source": "DATA-SRC-OSM", "official_boundary": false, "usable_for_formal": "background_only", "precision_note": "OSM 社区数据 POI，位置精度数米级；公共服务设施底数背景"}, "geometry": {"type": "Point", "coordinates": [116.374191, 39.962001]}}, {"type": "Feature", "properties": {"layer": "OSM_PUBLIC_FACILITIES", "osm_id": 10961108079, "osm_type": "node", "name": null, "amenity": "restaurant", "shop": null, "operator": null, "source": "DATA-SRC-OSM", "official_boundary": false, "usable_for_formal": "background_only", "precision_note": "OSM 社区数据 POI，位置精度数米级；公共服务设施底数背景"}, "geometry": {"type": "Point", "coordinates": [116.35513, 39.975483]}}, {"type": "Feature", "properties": {"layer": "OSM_PUBLIC_FACILITIES", "osm_id": 10983578005, "osm_type": "node", "name": "微型消防站", "amenity": "fire_station", "shop": null, "operator": null, "source": "DATA-SRC-OSM", "official_boundary": false, "usable_for_formal": "background_only", "precision_note": "OSM 社区数据 POI，位置精度数米级；公共服务设施底数背景"}, "geometry": {"type": "Point", "coordinates": [116.303273, 39.986926]}}, {"type": "Feature", "properties": {"layer": "OSM_PUBLIC_FACILITIES", "osm_id": 11047444248, "osm_type": "node", "name": "陕味食族", "amenity": "restaurant", "shop": null, "operator": null, "source": "DATA-SRC-OSM", "official_boundary": false, "usable_for_formal": "background_only", "precision_note": "OSM 社区数据 POI，位置精度数米级；公共服务设施底数背景"}, "geometry": {"type": "Point", "coordinates": [116.31921, 39.96692]}}, {"type": "Feature", "properties": {"layer": "OSM_PUBLIC_FACILITIES", "osm_id": 11047444249, "osm_type": "node", "name": "尚九六", "amenity": "restaurant", "shop": null, "operator": null, "source": "DATA-SRC-OSM", "official_boundary": false, "usable_for_formal": "background_only", "precision_note": "OSM 社区数据 POI，位置精度数米级；公共服务设施底数背景"}, "geometry": {"type": "Point", "coordinates": [116.3192, 39.96687]}}, {"type": "Feature", "properties": {"layer": "OSM_PUBLIC_FACILITIES", "osm_id": 11065060183, "osm_type": "node", "name": "吉野家", "amenity": "fast_food", "shop": null, "operator": null, "source": "DATA-SRC-OSM", "official_boundary": false, "usable_for_formal": "background_only", "precision_note": "OSM 社区数据 POI，位置精度数米级；公共服务设施底数背景"}, "geometry": {"type": "Point", "coordinates": [116.327689, 39.983109]}}, {"type": "Feature", "properties": {"layer": "OSM_PUBLIC_FACILITIES", "osm_id": 11065060184, "osm_type": "node", "name": "西少爷", "amenity": "restaurant", "shop": null, "operator": null, "source": "DATA-SRC-OSM", "official_boundary": false, "usable_for_formal": "background_only", "precision_note": "OSM 社区数据 POI，位置精度数米级；公共服务设施底数背景"}, "geometry": {"type": "Point", "coordinates": [116.327691, 39.982611]}}, {"type": "Feature", "properties": {"layer": "OSM_PUBLIC_FACILITIES", "osm_id": 11065060185, "osm_type": "node", "name": "麦当劳", "amenity": "fast_food", "shop": null, "operator": null, "source": "DATA-SRC-OSM", "official_boundary": false, "usable_for_formal": "background_only", "precision_note": "OSM 社区数据 POI，位置精度数米级；公共服务设施底数背景"}, "geometry": {"type": "Point", "coordinates": [116.32768, 39.98331]}}, {"type": "Feature", "properties": {"layer": "OSM_PUBLIC_FACILITIES", "osm_id": 11076777812, "osm_type": "node", "name": "中国工商银行", "amenity": "bank", "shop": null, "operator": null, "source": "DATA-SRC-OSM", "official_boundary": false, "usable_for_formal": "background_only", "precision_note": "OSM 社区数据 POI，位置精度数米级；公共服务设施底数背景"}, "geometry": {"type": "Point", "coordinates": [116.315589, 39.974358]}}, {"type": "Feature", "properties": {"layer": "OSM_PUBLIC_FACILITIES", "osm_id": 11106067177, "osm_type": "node", "name": "美术学院图书馆", "amenity": "library", "shop": null, "operator": null, "source": "DATA-SRC-OSM", "official_boundary": false, "usable_for_formal": "background_only", "precision_note": "OSM 社区数据 POI，位置精度数米级；公共服务设施底数背景"}, "geometry": {"type": "Point", "coordinates": [116.328901, 39.998517]}}, {"type": "Feature", "properties": {"layer": "OSM_PUBLIC_FACILITIES", "osm_id": 11133215606, "osm_type": "node", "name": "南锣肥猫麻辣烤鱼", "amenity": "restaurant", "shop": null, "operator": null, "source": "DATA-SRC-OSM", "official_boundary": false, "usable_for_formal": "background_only", "precision_note": "OSM 社区数据 POI，位置精度数米级；公共服务设施底数背景"}, "geometry": {"type": "Point", "coordinates": [116.39466, 39.977684]}}, {"type": "Feature", "properties": {"layer": "OSM_PUBLIC_FACILITIES", "osm_id": 11133215608, "osm_type": "node", "name": "星巴克", "amenity": "cafe", "shop": null, "operator": null, "source": "DATA-SRC-OSM", "official_boundary": false, "usable_for_formal": "background_only", "precision_note": "OSM 社区数据 POI，位置精度数米级；公共服务设施底数背景"}, "geometry": {"type": "Point", "coordinates": [116.394335, 39.977679]}}, {"type": "Feature", "properties": {"layer": "OSM_PUBLIC_FACILITIES", "osm_id": 11133215609, "osm_type": "node", "name": "瑞幸咖啡", "amenity": "cafe", "shop": null, "operator": null, "source": "DATA-SRC-OSM", "official_boundary": false, "usable_for_formal": "background_only", "precision_note": "OSM 社区数据 POI，位置精度数米级；公共服务设施底数背景"}, "geometry": {"type": "Point", "coordinates": [116.394335, 39.977742]}}, {"type": "Feature", "properties": {"layer": "OSM_PUBLIC_FACILITIES", "osm_id": 11133217305, "osm_type": "node", "name": "Manner Coffee", "amenity": "cafe", "shop": null, "operator": null, "source": "DATA-SRC-OSM", "official_boundary": false, "usable_for_formal": "background_only", "precision_note": "OSM 社区数据 POI，位置精度数米级；公共服务设施底数背景"}, "geometry": {"type": "Point", "coordinates": [116.390262, 39.979564]}}, {"type": "Feature", "properties": {"layer": "OSM_PUBLIC_FACILITIES", "osm_id": 11133217306, "osm_type": "node", "name": "LINLEE手打柠檬茶", "amenity": "cafe", "shop": null, "operator": null, "source": "DATA-SRC-OSM", "official_boundary": false, "usable_for_formal": "background_only", "precision_note": "OSM 社区数据 POI，位置精度数米级；公共服务设施底数背景"}, "geometry": {"type": "Point", "coordinates": [116.390211, 39.979549]}}, {"type": "Feature", "properties": {"layer": "OSM_PUBLIC_FACILITIES", "osm_id": 11135733624, "osm_type": "node", "name": "数学科学学院", "amenity": "college", "shop": null, "operator": null, "source": "DATA-SRC-OSM", "official_boundary": false, "usable_for_formal": "background_only", "precision_note": "OSM 社区数据 POI，位置精度数米级；公共服务设施底数背景"}, "geometry": {"type": "Point", "coordinates": [116.306011, 39.988582]}}, {"type": "Feature", "properties": {"layer": "OSM_PUBLIC_FACILITIES", "osm_id": 11168765931, "osm_type": "node", "name": null, "amenity": "fast_food", "shop": null, "operator": null, "source": "DATA-SRC-OSM", "official_boundary": false, "usable_for_formal": "background_only", "precision_note": "OSM 社区数据 POI，位置精度数米级；公共服务设施底数背景"}, "geometry": {"type": "Point", "coordinates": [116.329779, 39.941102]}}, {"type": "Feature", "properties": {"layer": "OSM_PUBLIC_FACILITIES", "osm_id": 11176849086, "osm_type": "node", "name": "蜜雪冰城", "amenity": "cafe", "shop": null, "operator": null, "source": "DATA-SRC-OSM", "official_boundary": false, "usable_for_formal": "background_only", "precision_note": "OSM 社区数据 POI，位置精度数米级；公共服务设施底数背景"}, "geometry": {"type": "Point", "coordinates": [116.319314, 39.943196]}}, {"type": "Feature", "properties": {"layer": "OSM_PUBLIC_FACILITIES", "osm_id": 11181478717, "osm_type": "node", "name": "豪利斯咖啡", "amenity": "cafe", "shop": null, "operator": null, "source": "DATA-SRC-OSM", "official_boundary": false, "usable_for_formal": "background_only", "precision_note": "OSM 社区数据 POI，位置精度数米级；公共服务设施底数背景"}, "geometry": {"type": "Point", "coordinates": [116.341021, 40.004082]}}, {"type": "Feature", "properties": {"layer": "OSM_PUBLIC_FACILITIES", "osm_id": 11207130606, "osm_type": "node", "name": "Manner Coffee", "amenity": "cafe", "shop": null, "operator": null, "source": "DATA-SRC-OSM", "official_boundary": false, "usable_for_formal": "background_only", "precision_note": "OSM 社区数据 POI，位置精度数米级；公共服务设施底数背景"}, "geometry": {"type": "Point", "coordinates": [116.344633, 40.009398]}}, {"type": "Feature", "properties": {"layer": "OSM_PUBLIC_FACILITIES", "osm_id": 11245276034, "osm_type": "node", "name": "瑞幸咖啡", "amenity": "cafe", "shop": null, "operator": null, "source": "DATA-SRC-OSM", "official_boundary": false, "usable_for_formal": "background_only", "precision_note": "OSM 社区数据 POI，位置精度数米级；公共服务设施底数背景"}, "geometry": {"type": "Point", "coordinates": [116.346754, 39.976955]}}, {"type": "Feature", "properties": {"layer": "OSM_PUBLIC_FACILITIES", "osm_id": 11261705353, "osm_type": "node", "name": "万葵", "amenity": "restaurant", "shop": null, "operator": null, "source": "DATA-SRC-OSM", "official_boundary": false, "usable_for_formal": "background_only", "precision_note": "OSM 社区数据 POI，位置精度数米级；公共服务设施底数背景"}, "geometry": {"type": "Point", "coordinates": [116.389777, 39.977713]}}, {"type": "Feature", "properties": {"layer": "OSM_PUBLIC_FACILITIES", "osm_id": 11262526540, "osm_type": "node", "name": "秀儿府", "amenity": "restaurant", "shop": null, "operator": null, "source": "DATA-SRC-OSM", "official_boundary": false, "usable_for_formal": "background_only", "precision_note": "OSM 社区数据 POI，位置精度数米级；公共服务设施底数背景"}, "geometry": {"type": "Point", "coordinates": [116.389413, 39.977734]}}, {"type": "Feature", "properties": {"layer": "OSM_PUBLIC_FACILITIES", "osm_id": 11262526541, "osm_type": "node", "name": "芳时", "amenity": "restaurant", "shop": null, "operator": null, "source": "DATA-SRC-OSM", "official_boundary": false, "usable_for_formal": "background_only", "precision_note": "OSM 社区数据 POI，位置精度数米级；公共服务设施底数背景"}, "geometry": {"type": "Point", "coordinates": [116.390483, 39.97808]}}, {"type": "Feature", "properties": {"layer": "OSM_PUBLIC_FACILITIES", "osm_id": 11262526542, "osm_type": "node", "name": "肥福", "amenity": "restaurant", "shop": null, "operator": null, "source": "DATA-SRC-OSM", "official_boundary": false, "usable_for_formal": "background_only", "precision_note": "OSM 社区数据 POI，位置精度数米级；公共服务设施底数背景"}, "geometry": {"type": "Point", "coordinates": [116.390464, 39.978252]}}, {"type": "Feature", "properties": {"layer": "OSM_PUBLIC_FACILITIES", "osm_id": 11266134290, "osm_type": "node", "name": "瑞幸咖啡", "amenity": "cafe", "shop": null, "operator": null, "source": "DATA-SRC-OSM", "official_boundary": false, "usable_for_formal": "background_only", "precision_note": "OSM 社区数据 POI，位置精度数米级；公共服务设施底数背景"}, "geometry": {"type": "Point", "coordinates": [116.339834, 39.975469]}}, {"type": "Feature", "properties": {"layer": "OSM_PUBLIC_FACILITIES", "osm_id": 11270757350, "osm_type": "node", "name": "花家怡园", "amenity": "restaurant", "shop": null, "operator": null, "source": "DATA-SRC-OSM", "official_boundary": false, "usable_for_formal": "background_only", "precision_note": "OSM 社区数据 POI，位置精度数米级；公共服务设施底数背景"}, "geometry": {"type": "Point", "coordinates": [116.300655, 39.998421]}}, {"type": "Feature", "properties": {"layer": "OSM_PUBLIC_FACILITIES", "osm_id": 11270757354, "osm_type": "node", "name": "燕园派出所", "amenity": "police", "shop": null, "operator": null, "source": "DATA-SRC-OSM", "official_boundary": false, "usable_for_formal": "background_only", "precision_note": "OSM 社区数据 POI，位置精度数米级；公共服务设施底数背景"}, "geometry": {"type": "Point", "coordinates": [116.30923, 39.986597]}}, {"type": "Feature", "properties": {"layer": "OSM_PUBLIC_FACILITIES", "osm_id": 11277366075, "osm_type": "node", "name": "米大碗", "amenity": "restaurant", "shop": null, "operator": "北航学三食堂", "source": "DATA-SRC-OSM", "official_boundary": false, "usable_for_formal": "background_only", "precision_note": "OSM 社区数据 POI，位置精度数米级；公共服务设施底数背景"}, "geometry": {"type": "Point", "coordinates": [116.338594, 39.9839]}}, {"type": "Feature", "properties": {"layer": "OSM_PUBLIC_FACILITIES", "osm_id": 11293313312, "osm_type": "node", "name": "乐食手抓饼烤冷面", "amenity": "restaurant", "shop": null, "operator": null, "source": "DATA-SRC-OSM", "official_boundary": false, "usable_for_formal": "background_only", "precision_note": "OSM 社区数据 POI，位置精度数米级；公共服务设施底数背景"}, "geometry": {"type": "Point", "coordinates": [116.336656, 39.976133]}}, {"type": "Feature", "properties": {"layer": "OSM_PUBLIC_FACILITIES", "osm_id": 11294892420, "osm_type": "node", "name": "京彩串吧", "amenity": "restaurant", "shop": null, "operator": null, "source": "DATA-SRC-OSM", "official_boundary": false, "usable_for_formal": "background_only", "precision_note": "OSM 社区数据 POI，位置精度数米级；公共服务设施底数背景"}, "geometry": {"type": "Point", "coordinates": [116.319404, 39.97414]}}, {"type": "Feature", "properties": {"layer": "OSM_PUBLIC_FACILITIES", "osm_id": 11309895599, "osm_type": "node", "name": "龙船码头·成都醉美火锅", "amenity": "restaurant", "shop": null, "operator": null, "source": "DATA-SRC-OSM", "official_boundary": false, "usable_for_formal": "background_only", "precision_note": "OSM 社区数据 POI，位置精度数米级；公共服务设施底数背景"}, "geometry": {"type": "Point", "coordinates": [116.337014, 39.975653]}}, {"type": "Feature", "properties": {"layer": "OSM_PUBLIC_FACILITIES", "osm_id": 11407485437, "osm_type": "node", "name": "中国邮政储蓄银行", "amenity": "bank", "shop": null, "operator": null, "source": "DATA-SRC-OSM", "official_boundary": false, "usable_for_formal": "background_only", "precision_note": "OSM 社区数据 POI，位置精度数米级；公共服务设施底数背景"}, "geometry": {"type": "Point", "coordinates": [116.318435, 39.998186]}}, {"type": "Feature", "properties": {"layer": "OSM_PUBLIC_FACILITIES", "osm_id": 11499980106, "osm_type": "node", "name": "Grid Coffee", "amenity": "cafe", "shop": null, "operator": null, "source": "DATA-SRC-OSM", "official_boundary": false, "usable_for_formal": "background_only", "precision_note": "OSM 社区数据 POI，位置精度数米级；公共服务设施底数背景"}, "geometry": {"type": "Point", "coordinates": [116.386981, 40.0102]}}, {"type": "Feature", "properties": {"layer": "OSM_PUBLIC_FACILITIES", "osm_id": 11515447673, "osm_type": "node", "name": "Manner Coffee", "amenity": "cafe", "shop": null, "operator": null, "source": "DATA-SRC-OSM", "official_boundary": false, "usable_for_formal": "background_only", "precision_note": "OSM 社区数据 POI，位置精度数米级；公共服务设施底数背景"}, "geometry": {"type": "Point", "coordinates": [116.381514, 40.001148]}}, {"type": "Feature", "properties": {"layer": "OSM_PUBLIC_FACILITIES", "osm_id": 11521768714, "osm_type": "node", "name": "Tim Hortons", "amenity": "cafe", "shop": null, "operator": null, "source": "DATA-SRC-OSM", "official_boundary": false, "usable_for_formal": "background_only", "precision_note": "OSM 社区数据 POI，位置精度数米级；公共服务设施底数背景"}, "geometry": {"type": "Point", "coordinates": [116.382948, 40.00602]}}, {"type": "Feature", "properties": {"layer": "OSM_PUBLIC_FACILITIES", "osm_id": 11521768715, "osm_type": "node", "name": "中国工商银行", "amenity": "bank", "shop": null, "operator": null, "source": "DATA-SRC-OSM", "official_boundary": false, "usable_for_formal": "background_only", "precision_note": "OSM 社区数据 POI，位置精度数米级；公共服务设施底数背景"}, "geometry": {"type": "Point", "coordinates": [116.382626, 40.006025]}}, {"type": "Feature", "properties": {"layer": "OSM_PUBLIC_FACILITIES", "osm_id": 11521768716, "osm_type": "node", "name": "Grid Coffee", "amenity": "cafe", "shop": null, "operator": null, "source": "DATA-SRC-OSM", "official_boundary": false, "usable_for_formal": "background_only", "precision_note": "OSM 社区数据 POI，位置精度数米级；公共服务设施底数背景"}, "geometry": {"type": "Point", "coordinates": [116.383246, 40.007017]}}, {"type": "Feature", "properties": {"layer": "OSM_PUBLIC_FACILITIES", "osm_id": 11521768717, "osm_type": "node", "name": "Grid Coffee", "amenity": "cafe", "shop": null, "operator": null, "source": "DATA-SRC-OSM", "official_boundary": false, "usable_for_formal": "background_only", "precision_note": "OSM 社区数据 POI，位置精度数米级；公共服务设施底数背景"}, "geometry": {"type": "Point", "coordinates": [116.381578, 40.0012]}}, {"type": "Feature", "properties": {"layer": "OSM_PUBLIC_FACILITIES", "osm_id": 11548255470, "osm_type": "node", "name": null, "amenity": "restaurant", "shop": null, "operator": null, "source": "DATA-SRC-OSM", "official_boundary": false, "usable_for_formal": "background_only", "precision_note": "OSM 社区数据 POI，位置精度数米级；公共服务设施底数背景"}, "geometry": {"type": "Point", "coordinates": [116.393285, 39.941648]}}, {"type": "Feature", "properties": {"layer": "OSM_PUBLIC_FACILITIES", "osm_id": 11559127907, "osm_type": "node", "name": "Grid Coffee", "amenity": "cafe", "shop": null, "operator": null, "source": "DATA-SRC-OSM", "official_boundary": false, "usable_for_formal": "background_only", "precision_note": "OSM 社区数据 POI，位置精度数米级；公共服务设施底数背景"}, "geometry": {"type": "Point", "coordinates": [116.308569, 39.976786]}}, {"type": "Feature", "properties": {"layer": "OSM_PUBLIC_FACILITIES", "osm_id": 11582013308, "osm_type": "node", "name": "鼎香润", "amenity": "restaurant", "shop": null, "operator": null, "source": "DATA-SRC-OSM", "official_boundary": false, "usable_for_formal": "background_only", "precision_note": "OSM 社区数据 POI，位置精度数米级；公共服务设施底数背景"}, "geometry": {"type": "Point", "coordinates": [116.373865, 39.945816]}}, {"type": "Feature", "properties": {"layer": "OSM_PUBLIC_FACILITIES", "osm_id": 11659699739, "osm_type": "node", "name": "大水法美食坊", "amenity": "restaurant", "shop": null, "operator": null, "source": "DATA-SRC-OSM", "official_boundary": false, "usable_for_formal": "background_only", "precision_note": "OSM 社区数据 POI，位置精度数米级；公共服务设施底数背景"}, "geometry": {"type": "Point", "coordinates": [116.305648, 40.012271]}}, {"type": "Feature", "properties": {"layer": "OSM_PUBLIC_FACILITIES", "osm_id": 11768041169, "osm_type": "node", "name": "海季新鲁菜", "amenity": "restaurant", "shop": null, "operator": null, "source": "DATA-SRC-OSM", "official_boundary": false, "usable_for_formal": "background_only", "precision_note": "OSM 社区数据 POI，位置精度数米级；公共服务设施底数背景"}, "geometry": {"type": "Point", "coordinates": [116.330567, 40.027423]}}, {"type": "Feature", "properties": {"layer": "OSM_PUBLIC_FACILITIES", "osm_id": 11775249276, "osm_type": "node", "name": "兰花宁夏滩羊手抓", "amenity": "restaurant", "shop": null, "operator": null, "source": "DATA-SRC-OSM", "official_boundary": false, "usable_for_formal": "background_only", "precision_note": "OSM 社区数据 POI，位置精度数米级；公共服务设施底数背景"}, "geometry": {"type": "Point", "coordinates": [116.380615, 39.975191]}}, {"type": "Feature", "properties": {"layer": "OSM_PUBLIC_FACILITIES", "osm_id": 11775249277, "osm_type": "node", "name": "京涮聚宝源", "amenity": "restaurant", "shop": null, "operator": null, "source": "DATA-SRC-OSM", "official_boundary": false, "usable_for_formal": "background_only", "precision_note": "OSM 社区数据 POI，位置精度数米级；公共服务设施底数背景"}, "geometry": {"type": "Point", "coordinates": [116.381467, 39.975133]}}, {"type": "Feature", "properties": {"layer": "OSM_PUBLIC_FACILITIES", "osm_id": 11780091569, "osm_type": "node", "name": "福荣记", "amenity": "restaurant", "shop": null, "operator": null, "source": "DATA-SRC-OSM", "official_boundary": false, "usable_for_formal": "background_only", "precision_note": "OSM 社区数据 POI，位置精度数米级；公共服务设施底数背景"}, "geometry": {"type": "Point", "coordinates": [116.39316, 39.941995]}}, {"type": "Feature", "properties": {"layer": "OSM_PUBLIC_FACILITIES", "osm_id": 11786308884, "osm_type": "node", "name": "北京农商银行", "amenity": "bank", "shop": null, "operator": "北京农商银行", "source": "DATA-SRC-OSM", "official_boundary": false, "usable_for_formal": "background_only", "precision_note": "OSM 社区数据 POI，位置精度数米级；公共服务设施底数背景"}, "geometry": {"type": "Point", "coordinates": [116.322328, 39.991829]}}, {"type": "Feature", "properties": {"layer": "OSM_PUBLIC_FACILITIES", "osm_id": 11802074468, "osm_type": "node", "name": "蔚来换电站", "amenity": "charging_station", "shop": null, "operator": null, "source": "DATA-SRC-OSM", "official_boundary": false, "usable_for_formal": "background_only", "precision_note": "OSM 社区数据 POI，位置精度数米级；公共服务设施底数背景"}, "geometry": {"type": "Point", "coordinates": [116.381011, 40.006043]}}, {"type": "Feature", "properties": {"layer": "OSM_PUBLIC_FACILITIES", "osm_id": 11815269933, "osm_type": "node", "name": "Wings Coffee", "amenity": "cafe", "shop": null, "operator": null, "source": "DATA-SRC-OSM", "official_boundary": false, "usable_for_formal": "background_only", "precision_note": "OSM 社区数据 POI，位置精度数米级；公共服务设施底数背景"}, "geometry": {"type": "Point", "coordinates": [116.344278, 39.978603]}}, {"type": "Feature", "properties": {"layer": "OSM_PUBLIC_FACILITIES", "osm_id": 11834538799, "osm_type": "node", "name": "京东物流", "amenity": "post_office", "shop": null, "operator": null, "source": "DATA-SRC-OSM", "official_boundary": false, "usable_for_formal": "background_only", "precision_note": "OSM 社区数据 POI，位置精度数米级；公共服务设施底数背景"}, "geometry": {"type": "Point", "coordinates": [116.352219, 39.963548]}}, {"type": "Feature", "properties": {"layer": "OSM_PUBLIC_FACILITIES", "osm_id": 11836506569, "osm_type": "node", "name": null, "amenity": "fast_food", "shop": null, "operator": null, "source": "DATA-SRC-OSM", "official_boundary": false, "usable_for_formal": "background_only", "precision_note": "OSM 社区数据 POI，位置精度数米级；公共服务设施底数背景"}, "geometry": {"type": "Point", "coordinates": [116.336292, 39.94164]}}, {"type": "Feature", "properties": {"layer": "OSM_PUBLIC_FACILITIES", "osm_id": 11879353625, "osm_type": "node", "name": "庆丰包子铺", "amenity": "fast_food", "shop": null, "operator": null, "source": "DATA-SRC-OSM", "official_boundary": false, "usable_for_formal": "background_only", "precision_note": "OSM 社区数据 POI，位置精度数米级；公共服务设施底数背景"}, "geometry": {"type": "Point", "coordinates": [116.355483, 39.980145]}}, {"type": "Feature", "properties": {"layer": "OSM_PUBLIC_FACILITIES", "osm_id": 11880157716, "osm_type": "node", "name": "鲜牛记潮汕牛肉火锅", "amenity": "restaurant", "shop": null, "operator": null, "source": "DATA-SRC-OSM", "official_boundary": false, "usable_for_formal": "background_only", "precision_note": "OSM 社区数据 POI，位置精度数米级；公共服务设施底数背景"}, "geometry": {"type": "Point", "coordinates": [116.318796, 39.975657]}}, {"type": "Feature", "properties": {"layer": "OSM_PUBLIC_FACILITIES", "osm_id": 11886516104, "osm_type": "node", "name": "南城香", "amenity": "restaurant", "shop": null, "operator": null, "source": "DATA-SRC-OSM", "official_boundary": false, "usable_for_formal": "background_only", "precision_note": "OSM 社区数据 POI，位置精度数米级；公共服务设施底数背景"}, "geometry": {"type": "Point", "coordinates": [116.305716, 39.942299]}}, {"type": "Feature", "properties": {"layer": "OSM_PUBLIC_FACILITIES", "osm_id": 11913532873, "osm_type": "node", "name": "吉野家", "amenity": "fast_food", "shop": null, "operator": null, "source": "DATA-SRC-OSM", "official_boundary": false, "usable_for_formal": "background_only", "precision_note": "OSM 社区数据 POI，位置精度数米级；公共服务设施底数背景"}, "geometry": {"type": "Point", "coordinates": [116.349316, 39.980395]}}, {"type": "Feature", "properties": {"layer": "OSM_PUBLIC_FACILITIES", "osm_id": 11913532874, "osm_type": "node", "name": "Dairy Queen", "amenity": "fast_food", "shop": null, "operator": null, "source": "DATA-SRC-OSM", "official_boundary": false, "usable_for_formal": "background_only", "precision_note": "OSM 社区数据 POI，位置精度数米级；公共服务设施底数背景"}, "geometry": {"type": "Point", "coordinates": [116.349336, 39.980384]}}, {"type": "Feature", "properties": {"layer": "OSM_PUBLIC_FACILITIES", "osm_id": 11937220969, "osm_type": "node", "name": "沙县小吃", "amenity": "restaurant", "shop": null, "operator": null, "source": "DATA-SRC-OSM", "official_boundary": false, "usable_for_formal": "background_only", "precision_note": "OSM 社区数据 POI，位置精度数米级；公共服务设施底数背景"}, "geometry": {"type": "Point", "coordinates": [116.387585, 39.949459]}}, {"type": "Feature", "properties": {"layer": "OSM_PUBLIC_FACILITIES", "osm_id": 11944162214, "osm_type": "node", "name": "渤海银行", "amenity": "bank", "shop": null, "operator": null, "source": "DATA-SRC-OSM", "official_boundary": false, "usable_for_formal": "background_only", "precision_note": "OSM 社区数据 POI，位置精度数米级；公共服务设施底数背景"}, "geometry": {"type": "Point", "coordinates": [116.37376, 39.954598]}}, {"type": "Feature", "properties": {"layer": "OSM_PUBLIC_FACILITIES", "osm_id": 11947640986, "osm_type": "node", "name": "丝路伊香兰州牛肉面", "amenity": "restaurant", "shop": null, "operator": null, "source": "DATA-SRC-OSM", "official_boundary": false, "usable_for_formal": "background_only", "precision_note": "OSM 社区数据 POI，位置精度数米级；公共服务设施底数背景"}, "geometry": {"type": "Point", "coordinates": [116.337576, 39.975426]}}, {"type": "Feature", "properties": {"layer": "OSM_PUBLIC_FACILITIES", "osm_id": 11956183469, "osm_type": "node", "name": null, "amenity": "restaurant", "shop": null, "operator": null, "source": "DATA-SRC-OSM", "official_boundary": false, "usable_for_formal": "background_only", "precision_note": "OSM 社区数据 POI，位置精度数米级；公共服务设施底数背景"}, "geometry": {"type": "Point", "coordinates": [116.393353, 39.941769]}}, {"type": "Feature", "properties": {"layer": "OSM_PUBLIC_FACILITIES", "osm_id": 11968776958, "osm_type": "node", "name": "小鹏超充站", "amenity": "charging_station", "shop": null, "operator": null, "source": "DATA-SRC-OSM", "official_boundary": false, "usable_for_formal": "background_only", "precision_note": "OSM 社区数据 POI，位置精度数米级；公共服务设施底数背景"}, "geometry": {"type": "Point", "coordinates": [116.3233, 40.047465]}}, {"type": "Feature", "properties": {"layer": "OSM_PUBLIC_FACILITIES", "osm_id": 11994021885, "osm_type": "node", "name": "肯德基", "amenity": "fast_food", "shop": null, "operator": null, "source": "DATA-SRC-OSM", "official_boundary": false, "usable_for_formal": "background_only", "precision_note": "OSM 社区数据 POI，位置精度数米级；公共服务设施底数背景"}, "geometry": {"type": "Point", "coordinates": [116.301276, 39.969798]}}, {"type": "Feature", "properties": {"layer": "OSM_PUBLIC_FACILITIES", "osm_id": 11994021886, "osm_type": "node", "name": "益禾堂", "amenity": "cafe", "shop": null, "operator": null, "source": "DATA-SRC-OSM", "official_boundary": false, "usable_for_formal": "background_only", "precision_note": "OSM 社区数据 POI，位置精度数米级；公共服务设施底数背景"}, "geometry": {"type": "Point", "coordinates": [116.30127, 39.969861]}}, {"type": "Feature", "properties": {"layer": "OSM_PUBLIC_FACILITIES", "osm_id": 11994021887, "osm_type": "node", "name": "库迪咖啡", "amenity": "cafe", "shop": null, "operator": null, "source": "DATA-SRC-OSM", "official_boundary": false, "usable_for_formal": "background_only", "precision_note": "OSM 社区数据 POI，位置精度数米级；公共服务设施底数背景"}, "geometry": {"type": "Point", "coordinates": [116.301188, 39.969873]}}, {"type": "Feature", "properties": {"layer": "OSM_PUBLIC_FACILITIES", "osm_id": 11994021911, "osm_type": "node", "name": "蜜雪冰城", "amenity": "cafe", "shop": null, "operator": null, "source": "DATA-SRC-OSM", "official_boundary": false, "usable_for_formal": "background_only", "precision_note": "OSM 社区数据 POI，位置精度数米级；公共服务设施底数背景"}, "geometry": {"type": "Point", "coordinates": [116.312233, 39.969147]}}, {"type": "Feature", "properties": {"layer": "OSM_PUBLIC_FACILITIES", "osm_id": 11994713727, "osm_type": "node", "name": "清河大药房", "amenity": "pharmacy", "shop": null, "operator": null, "source": "DATA-SRC-OSM", "official_boundary": false, "usable_for_formal": "background_only", "precision_note": "OSM 社区数据 POI，位置精度数米级；公共服务设施底数背景"}, "geometry": {"type": "Point", "coordinates": [116.343209, 40.038795]}}, {"type": "Feature", "properties": {"layer": "OSM_PUBLIC_FACILITIES", "osm_id": 12016340173, "osm_type": "node", "name": "便宜坊", "amenity": "restaurant", "shop": null, "operator": null, "source": "DATA-SRC-OSM", "official_boundary": false, "usable_for_formal": "background_only", "precision_note": "OSM 社区数据 POI，位置精度数米级；公共服务设施底数背景"}, "geometry": {"type": "Point", "coordinates": [116.374958, 39.992493]}}, {"type": "Feature", "properties": {"layer": "OSM_PUBLIC_FACILITIES", "osm_id": 12064641097, "osm_type": "node", "name": "乐山豆花饭", "amenity": "restaurant", "shop": null, "operator": null, "source": "DATA-SRC-OSM", "official_boundary": false, "usable_for_formal": "background_only", "precision_note": "OSM 社区数据 POI，位置精度数米级；公共服务设施底数背景"}, "geometry": {"type": "Point", "coordinates": [116.336454, 39.975988]}}, {"type": "Feature", "properties": {"layer": "OSM_PUBLIC_FACILITIES", "osm_id": 12068029209, "osm_type": "node", "name": "MOJO Coffee", "amenity": "cafe", "shop": null, "operator": null, "source": "DATA-SRC-OSM", "official_boundary": false, "usable_for_formal": "background_only", "precision_note": "OSM 社区数据 POI，位置精度数米级；公共服务设施底数背景"}, "geometry": {"type": "Point", "coordinates": [116.309005, 39.980343]}}, {"type": "Feature", "properties": {"layer": "OSM_PUBLIC_FACILITIES", "osm_id": 12069562966, "osm_type": "node", "name": "天津包子铺", "amenity": "restaurant", "shop": null, "operator": null, "source": "DATA-SRC-OSM", "official_boundary": false, "usable_for_formal": "background_only", "precision_note": "OSM 社区数据 POI，位置精度数米级；公共服务设施底数背景"}, "geometry": {"type": "Point", "coordinates": [116.30078, 39.963867]}}, {"type": "Feature", "properties": {"layer": "OSM_PUBLIC_FACILITIES", "osm_id": 12072887206, "osm_type": "node", "name": "新中关宜和门诊部", "amenity": "clinic", "shop": null, "operator": null, "source": "DATA-SRC-OSM", "official_boundary": false, "usable_for_formal": "background_only", "precision_note": "OSM 社区数据 POI，位置精度数米级；公共服务设施底数背景"}, "geometry": {"type": "Point", "coordinates": [116.309709, 39.980114]}}, {"type": "Feature", "properties": {"layer": "OSM_PUBLIC_FACILITIES", "osm_id": 12072887207, "osm_type": "node", "name": "中国邮政储蓄银行", "amenity": "bank", "shop": null, "operator": null, "source": "DATA-SRC-OSM", "official_boundary": false, "usable_for_formal": "background_only", "precision_note": "OSM 社区数据 POI，位置精度数米级；公共服务设施底数背景"}, "geometry": {"type": "Point", "coordinates": [116.309867, 39.980937]}}, {"type": "Feature", "properties": {"layer": "OSM_PUBLIC_FACILITIES", "osm_id": 12072887208, "osm_type": "node", "name": "中国邮政中关村大街邮政支局", "amenity": "post_office", "shop": null, "operator": null, "source": "DATA-SRC-OSM", "official_boundary": false, "usable_for_formal": "background_only", "precision_note": "OSM 社区数据 POI，位置精度数米级；公共服务设施底数背景"}, "geometry": {"type": "Point", "coordinates": [116.309873, 39.980805]}}, {"type": "Feature", "properties": {"layer": "OSM_PUBLIC_FACILITIES", "osm_id": 12072887209, "osm_type": "node", "name": "方中山胡辣汤中关村旗舰店", "amenity": "restaurant", "shop": null, "operator": null, "source": "DATA-SRC-OSM", "official_boundary": false, "usable_for_formal": "background_only", "precision_note": "OSM 社区数据 POI，位置精度数米级；公共服务设施底数背景"}, "geometry": {"type": "Point", "coordinates": [116.309596, 39.981064]}}, {"type": "Feature", "properties": {"layer": "OSM_PUBLIC_FACILITIES", "osm_id": 12078261690, "osm_type": "node", "name": "中国工商银行", "amenity": "bank", "shop": null, "operator": null, "source": "DATA-SRC-OSM", "official_boundary": false, "usable_for_formal": "background_only", "precision_note": "OSM 社区数据 POI，位置精度数米级；公共服务设施底数背景"}, "geometry": {"type": "Point", "coordinates": [116.349624, 40.034055]}}, {"type": "Feature", "properties": {"layer": "OSM_PUBLIC_FACILITIES", "osm_id": 12078261691, "osm_type": "node", "name": "国大药房", "amenity": "pharmacy", "shop": null, "operator": null, "source": "DATA-SRC-OSM", "official_boundary": false, "usable_for_formal": "background_only", "precision_note": "OSM 社区数据 POI，位置精度数米级；公共服务设施底数背景"}, "geometry": {"type": "Point", "coordinates": [116.349665, 40.033966]}}, {"type": "Feature", "properties": {"layer": "OSM_PUBLIC_FACILITIES", "osm_id": 12153780066, "osm_type": "node", "name": "顺丰速运", "amenity": "post_office", "shop": null, "operator": null, "source": "DATA-SRC-OSM", "official_boundary": false, "usable_for_formal": "background_only", "precision_note": "OSM 社区数据 POI，位置精度数米级；公共服务设施底数背景"}, "geometry": {"type": "Point", "coordinates": [116.348551, 40.040623]}}, {"type": "Feature", "properties": {"layer": "OSM_PUBLIC_FACILITIES", "osm_id": 12154842382, "osm_type": "node", "name": "越恰越湘", "amenity": "restaurant", "shop": null, "operator": null, "source": "DATA-SRC-OSM", "official_boundary": false, "usable_for_formal": "background_only", "precision_note": "OSM 社区数据 POI，位置精度数米级；公共服务设施底数背景"}, "geometry": {"type": "Point", "coordinates": [116.312197, 39.979671]}}, {"type": "Feature", "properties": {"layer": "OSM_PUBLIC_FACILITIES", "osm_id": 12154842383, "osm_type": "node", "name": "越恰越湘", "amenity": "restaurant", "shop": null, "operator": null, "source": "DATA-SRC-OSM", "official_boundary": false, "usable_for_formal": "background_only", "precision_note": "OSM 社区数据 POI，位置精度数米级；公共服务设施底数背景"}, "geometry": {"type": "Point", "coordinates": [116.302472, 39.965682]}}, {"type": "Feature", "properties": {"layer": "OSM_PUBLIC_FACILITIES", "osm_id": 12154842384, "osm_type": "node", "name": "晋B2008", "amenity": "restaurant", "shop": null, "operator": null, "source": "DATA-SRC-OSM", "official_boundary": false, "usable_for_formal": "background_only", "precision_note": "OSM 社区数据 POI，位置精度数米级；公共服务设施底数背景"}, "geometry": {"type": "Point", "coordinates": [116.30075, 39.963866]}}, {"type": "Feature", "properties": {"layer": "OSM_PUBLIC_FACILITIES", "osm_id": 12171067057, "osm_type": "node", "name": "清真餐厅", "amenity": "restaurant", "shop": null, "operator": null, "source": "DATA-SRC-OSM", "official_boundary": false, "usable_for_formal": "background_only", "precision_note": "OSM 社区数据 POI，位置精度数米级；公共服务设施底数背景"}, "geometry": {"type": "Point", "coordinates": [116.3551, 39.985142]}}, {"type": "Feature", "properties": {"layer": "OSM_PUBLIC_FACILITIES", "osm_id": 12171070459, "osm_type": "node", "name": "公共卫生学院", "amenity": "college", "shop": null, "operator": null, "source": "DATA-SRC-OSM", "official_boundary": false, "usable_for_formal": "background_only", "precision_note": "OSM 社区数据 POI，位置精度数米级；公共服务设施底数背景"}, "geometry": {"type": "Point", "coordinates": [116.348702, 39.981164]}}, {"type": "Feature", "properties": {"layer": "OSM_PUBLIC_FACILITIES", "osm_id": 12171070460, "osm_type": "node", "name": "护理学院", "amenity": "college", "shop": null, "operator": null, "source": "DATA-SRC-OSM", "official_boundary": false, "usable_for_formal": "background_only", "precision_note": "OSM 社区数据 POI，位置精度数米级；公共服务设施底数背景"}, "geometry": {"type": "Point", "coordinates": [116.348677, 39.981778]}}, {"type": "Feature", "properties": {"layer": "OSM_PUBLIC_FACILITIES", "osm_id": 12172339776, "osm_type": "node", "name": "护理楼餐车", "amenity": "fast_food", "shop": null, "operator": null, "source": "DATA-SRC-OSM", "official_boundary": false, "usable_for_formal": "background_only", "precision_note": "OSM 社区数据 POI，位置精度数米级；公共服务设施底数背景"}, "geometry": {"type": "Point", "coordinates": [116.349229, 39.981585]}}, {"type": "Feature", "properties": {"layer": "OSM_PUBLIC_FACILITIES", "osm_id": 12172339777, "osm_type": "node", "name": "医学人文学院", "amenity": "college", "shop": null, "operator": null, "source": "DATA-SRC-OSM", "official_boundary": false, "usable_for_formal": "background_only", "precision_note": "OSM 社区数据 POI，位置精度数米级；公共服务设施底数背景"}, "geometry": {"type": "Point", "coordinates": [116.352461, 39.982945]}}, {"type": "Feature", "properties": {"layer": "OSM_PUBLIC_FACILITIES", "osm_id": 12172339778, "osm_type": "node", "name": "药学院", "amenity": "college", "shop": null, "operator": null, "source": "DATA-SRC-OSM", "official_boundary": false, "usable_for_formal": "background_only", "precision_note": "OSM 社区数据 POI，位置精度数米级；公共服务设施底数背景"}, "geometry": {"type": "Point", "coordinates": [116.351631, 39.982277]}}, {"type": "Feature", "properties": {"layer": "OSM_PUBLIC_FACILITIES", "osm_id": 12172349038, "osm_type": "node", "name": "快乐食间餐厅", "amenity": "restaurant", "shop": null, "operator": null, "source": "DATA-SRC-OSM", "official_boundary": false, "usable_for_formal": "background_only", "precision_note": "OSM 社区数据 POI，位置精度数米级；公共服务设施底数背景"}, "geometry": {"type": "Point", "coordinates": [116.355685, 39.984255]}}, {"type": "Feature", "properties": {"layer": "OSM_PUBLIC_FACILITIES", "osm_id": 12176608360, "osm_type": "node", "name": "素虎蔬食料理", "amenity": "restaurant", "shop": null, "operator": null, "source": "DATA-SRC-OSM", "official_boundary": false, "usable_for_formal": "background_only", "precision_note": "OSM 社区数据 POI，位置精度数米级；公共服务设施底数背景"}, "geometry": {"type": "Point", "coordinates": [116.38456, 39.99409]}}, {"type": "Feature", "properties": {"layer": "OSM_PUBLIC_FACILITIES", "osm_id": 12206359129, "osm_type": "node", "name": "学生活动中心", "amenity": "community_centre", "shop": null, "operator": "北京科技大学", "source": "DATA-SRC-OSM", "official_boundary": false, "usable_for_formal": "background_only", "precision_note": "OSM 社区数据 POI，位置精度数米级；公共服务设施底数背景"}, "geometry": {"type": "Point", "coordinates": [116.353558, 39.987292]}}, {"type": "Feature", "properties": {"layer": "OSM_PUBLIC_FACILITIES", "osm_id": 12208460743, "osm_type": "node", "name": "肯德基", "amenity": "fast_food", "shop": null, "operator": null, "source": "DATA-SRC-OSM", "official_boundary": false, "usable_for_formal": "background_only", "precision_note": "OSM 社区数据 POI，位置精度数米级；公共服务设施底数背景"}, "geometry": {"type": "Point", "coordinates": [116.300503, 39.974862]}}, {"type": "Feature", "properties": {"layer": "OSM_PUBLIC_FACILITIES", "osm_id": 12208460744, "osm_type": "node", "name": "吉野家", "amenity": "fast_food", "shop": null, "operator": null, "source": "DATA-SRC-OSM", "official_boundary": false, "usable_for_formal": "background_only", "precision_note": "OSM 社区数据 POI，位置精度数米级；公共服务设施底数背景"}, "geometry": {"type": "Point", "coordinates": [116.300575, 39.974868]}}, {"type": "Feature", "properties": {"layer": "OSM_PUBLIC_FACILITIES", "osm_id": 12208460745, "osm_type": "node", "name": "武圣羊汤", "amenity": "restaurant", "shop": null, "operator": null, "source": "DATA-SRC-OSM", "official_boundary": false, "usable_for_formal": "background_only", "precision_note": "OSM 社区数据 POI，位置精度数米级；公共服务设施底数背景"}, "geometry": {"type": "Point", "coordinates": [116.301035, 39.974876]}}, {"type": "Feature", "properties": {"layer": "OSM_PUBLIC_FACILITIES", "osm_id": 12208460746, "osm_type": "node", "name": "呷哺呷哺", "amenity": "restaurant", "shop": null, "operator": null, "source": "DATA-SRC-OSM", "official_boundary": false, "usable_for_formal": "background_only", "precision_note": "OSM 社区数据 POI，位置精度数米级；公共服务设施底数背景"}, "geometry": {"type": "Point", "coordinates": [116.301106, 39.974892]}}, {"type": "Feature", "properties": {"layer": "OSM_PUBLIC_FACILITIES", "osm_id": 12208473415, "osm_type": "node", "name": "紫光园", "amenity": "restaurant", "shop": null, "operator": null, "source": "DATA-SRC-OSM", "official_boundary": false, "usable_for_formal": "background_only", "precision_note": "OSM 社区数据 POI，位置精度数米级；公共服务设施底数背景"}, "geometry": {"type": "Point", "coordinates": [116.305411, 39.975027]}}, {"type": "Feature", "properties": {"layer": "OSM_PUBLIC_FACILITIES", "osm_id": 12208473416, "osm_type": "node", "name": "麦当劳", "amenity": "fast_food", "shop": null, "operator": null, "source": "DATA-SRC-OSM", "official_boundary": false, "usable_for_formal": "background_only", "precision_note": "OSM 社区数据 POI，位置精度数米级；公共服务设施底数背景"}, "geometry": {"type": "Point", "coordinates": [116.305525, 39.975031]}}, {"type": "Feature", "properties": {"layer": "OSM_PUBLIC_FACILITIES", "osm_id": 12208536823, "osm_type": "node", "name": "Grid Coffee", "amenity": "cafe", "shop": null, "operator": null, "source": "DATA-SRC-OSM", "official_boundary": false, "usable_for_formal": "background_only", "precision_note": "OSM 社区数据 POI，位置精度数米级；公共服务设施底数背景"}, "geometry": {"type": "Point", "coordinates": [116.309549, 39.981441]}}, {"type": "Feature", "properties": {"layer": "OSM_PUBLIC_FACILITIES", "osm_id": 12210973106, "osm_type": "node", "name": "肯德基", "amenity": "fast_food", "shop": null, "operator": null, "source": "DATA-SRC-OSM", "official_boundary": false, "usable_for_formal": "background_only", "precision_note": "OSM 社区数据 POI，位置精度数米级；公共服务设施底数背景"}, "geometry": {"type": "Point", "coordinates": [116.3081, 39.980633]}}, {"type": "Feature", "properties": {"layer": "OSM_PUBLIC_FACILITIES", "osm_id": 12210973107, "osm_type": "node", "name": "必胜客", "amenity": "restaurant", "shop": null, "operator": null, "source": "DATA-SRC-OSM", "official_boundary": false, "usable_for_formal": "background_only", "precision_note": "OSM 社区数据 POI，位置精度数米级；公共服务设施底数背景"}, "geometry": {"type": "Point", "coordinates": [116.308349, 39.980398]}}, {"type": "Feature", "properties": {"layer": "OSM_PUBLIC_FACILITIES", "osm_id": 12211072485, "osm_type": "node", "name": "靠墙吃海鲜大陷饺子 (中关村店)", "amenity": "restaurant", "shop": null, "operator": null, "source": "DATA-SRC-OSM", "official_boundary": false, "usable_for_formal": "background_only", "precision_note": "OSM 社区数据 POI，位置精度数米级；公共服务设施底数背景"}, "geometry": {"type": "Point", "coordinates": [116.308595, 39.980593]}}, {"type": "Feature", "properties": {"layer": "OSM_PUBLIC_FACILITIES", "osm_id": 12211072486, "osm_type": "node", "name": "原心食堂", "amenity": "restaurant", "shop": null, "operator": null, "source": "DATA-SRC-OSM", "official_boundary": false, "usable_for_formal": "background_only", "precision_note": "OSM 社区数据 POI，位置精度数米级；公共服务设施底数背景"}, "geometry": {"type": "Point", "coordinates": [116.30864, 39.980668]}}, {"type": "Feature", "properties": {"layer": "OSM_PUBLIC_FACILITIES", "osm_id": 12229291843, "osm_type": "node", "name": "瑞幸咖啡", "amenity": "cafe", "shop": null, "operator": null, "source": "DATA-SRC-OSM", "official_boundary": false, "usable_for_formal": "background_only", "precision_note": "OSM 社区数据 POI，位置精度数米级；公共服务设施底数背景"}, "geometry": {"type": "Point", "coordinates": [116.322267, 40.00424]}}, {"type": "Feature", "properties": {"layer": "OSM_PUBLIC_FACILITIES", "osm_id": 12240729012, "osm_type": "node", "name": "德克士", "amenity": "fast_food", "shop": null, "operator": null, "source": "DATA-SRC-OSM", "official_boundary": false, "usable_for_formal": "background_only", "precision_note": "OSM 社区数据 POI，位置精度数米级；公共服务设施底数背景"}, "geometry": {"type": "Point", "coordinates": [116.304343, 39.984869]}}, {"type": "Feature", "properties": {"layer": "OSM_PUBLIC_FACILITIES", "osm_id": 12252520560, "osm_type": "node", "name": "喜茶", "amenity": "cafe", "shop": null, "operator": null, "source": "DATA-SRC-OSM", "official_boundary": false, "usable_for_formal": "background_only", "precision_note": "OSM 社区数据 POI，位置精度数米级；公共服务设施底数背景"}, "geometry": {"type": "Point", "coordinates": [116.337373, 39.965531]}}, {"type": "Feature", "properties": {"layer": "OSM_PUBLIC_FACILITIES", "osm_id": 12273014615, "osm_type": "node", "name": null, "amenity": "charging_station", "shop": null, "operator": null, "source": "DATA-SRC-OSM", "official_boundary": false, "usable_for_formal": "background_only", "precision_note": "OSM 社区数据 POI，位置精度数米级；公共服务设施底数背景"}, "geometry": {"type": "Point", "coordinates": [116.392326, 40.007915]}}, {"type": "Feature", "properties": {"layer": "OSM_PUBLIC_FACILITIES", "osm_id": 12328729512, "osm_type": "node", "name": "巴依老爷新疆美食", "amenity": "restaurant", "shop": null, "operator": null, "source": "DATA-SRC-OSM", "official_boundary": false, "usable_for_formal": "background_only", "precision_note": "OSM 社区数据 POI，位置精度数米级；公共服务设施底数背景"}, "geometry": {"type": "Point", "coordinates": [116.374603, 40.00008]}}, {"type": "Feature", "properties": {"layer": "OSM_PUBLIC_FACILITIES", "osm_id": 12328729513, "osm_type": "node", "name": "易湘缘", "amenity": "restaurant", "shop": null, "operator": null, "source": "DATA-SRC-OSM", "official_boundary": false, "usable_for_formal": "background_only", "precision_note": "OSM 社区数据 POI，位置精度数米级；公共服务设施底数背景"}, "geometry": {"type": "Point", "coordinates": [116.375278, 40.000209]}}, {"type": "Feature", "properties": {"layer": "OSM_PUBLIC_FACILITIES", "osm_id": 12350722757, "osm_type": "node", "name": "双榆树派出所", "amenity": "police", "shop": null, "operator": null, "source": "DATA-SRC-OSM", "official_boundary": false, "usable_for_formal": "background_only", "precision_note": "OSM 社区数据 POI，位置精度数米级；公共服务设施底数背景"}, "geometry": {"type": "Point", "coordinates": [116.326566, 39.970559]}}, {"type": "Feature", "properties": {"layer": "OSM_PUBLIC_FACILITIES", "osm_id": 12350722758, "osm_type": "node", "name": "白塔庵社区居委会", "amenity": "community_centre", "shop": null, "operator": null, "source": "DATA-SRC-OSM", "official_boundary": false, "usable_for_formal": "background_only", "precision_note": "OSM 社区数据 POI，位置精度数米级；公共服务设施底数背景"}, "geometry": {"type": "Point", "coordinates": [116.325237, 39.971583]}}, {"type": "Feature", "properties": {"layer": "OSM_PUBLIC_FACILITIES", "osm_id": 12386060689, "osm_type": "node", "name": "小胖麻辣烫", "amenity": "restaurant", "shop": null, "operator": null, "source": "DATA-SRC-OSM", "official_boundary": false, "usable_for_formal": "background_only", "precision_note": "OSM 社区数据 POI，位置精度数米级；公共服务设施底数背景"}, "geometry": {"type": "Point", "coordinates": [116.319382, 39.972198]}}, {"type": "Feature", "properties": {"layer": "OSM_PUBLIC_FACILITIES", "osm_id": 12397255218, "osm_type": "node", "name": "嘉和一品", "amenity": "restaurant", "shop": null, "operator": null, "source": "DATA-SRC-OSM", "official_boundary": false, "usable_for_formal": "background_only", "precision_note": "OSM 社区数据 POI，位置精度数米级；公共服务设施底数背景"}, "geometry": {"type": "Point", "coordinates": [116.314216, 39.975378]}}, {"type": "Feature", "properties": {"layer": "OSM_PUBLIC_FACILITIES", "osm_id": 12398094775, "osm_type": "node", "name": "中国建设银行", "amenity": "bank", "shop": null, "operator": null, "source": "DATA-SRC-OSM", "official_boundary": false, "usable_for_formal": "background_only", "precision_note": "OSM 社区数据 POI，位置精度数米级；公共服务设施底数背景"}, "geometry": {"type": "Point", "coordinates": [116.335547, 40.013383]}}, {"type": "Feature", "properties": {"layer": "OSM_PUBLIC_FACILITIES", "osm_id": 12398094776, "osm_type": "node", "name": "李先生", "amenity": "restaurant", "shop": null, "operator": null, "source": "DATA-SRC-OSM", "official_boundary": false, "usable_for_formal": "background_only", "precision_note": "OSM 社区数据 POI，位置精度数米级；公共服务设施底数背景"}, "geometry": {"type": "Point", "coordinates": [116.337698, 40.013458]}}, {"type": "Feature", "properties": {"layer": "OSM_PUBLIC_FACILITIES", "osm_id": 12402755213, "osm_type": "node", "name": "1点点", "amenity": "cafe", "shop": null, "operator": null, "source": "DATA-SRC-OSM", "official_boundary": false, "usable_for_formal": "background_only", "precision_note": "OSM 社区数据 POI，位置精度数米级；公共服务设施底数背景"}, "geometry": {"type": "Point", "coordinates": [116.337356, 39.975445]}}, {"type": "Feature", "properties": {"layer": "OSM_PUBLIC_FACILITIES", "osm_id": 12406028470, "osm_type": "node", "name": "瑞幸咖啡", "amenity": "cafe", "shop": null, "operator": null, "source": "DATA-SRC-OSM", "official_boundary": false, "usable_for_formal": "background_only", "precision_note": "OSM 社区数据 POI，位置精度数米级；公共服务设施底数背景"}, "geometry": {"type": "Point", "coordinates": [116.314521, 39.975258]}}, {"type": "Feature", "properties": {"layer": "OSM_PUBLIC_FACILITIES", "osm_id": 12412613156, "osm_type": "node", "name": "蔚来换电站", "amenity": "charging_station", "shop": null, "operator": null, "source": "DATA-SRC-OSM", "official_boundary": false, "usable_for_formal": "background_only", "precision_note": "OSM 社区数据 POI，位置精度数米级；公共服务设施底数背景"}, "geometry": {"type": "Point", "coordinates": [116.381563, 39.992694]}}, {"type": "Feature", "properties": {"layer": "OSM_PUBLIC_FACILITIES", "osm_id": 12441343271, "osm_type": "node", "name": "苏式牛肉面", "amenity": "restaurant", "shop": null, "operator": null, "source": "DATA-SRC-OSM", "official_boundary": false, "usable_for_formal": "background_only", "precision_note": "OSM 社区数据 POI，位置精度数米级；公共服务设施底数背景"}, "geometry": {"type": "Point", "coordinates": [116.349699, 39.980433]}}, {"type": "Feature", "properties": {"layer": "OSM_PUBLIC_FACILITIES", "osm_id": 12441343272, "osm_type": "node", "name": "頭一號", "amenity": "restaurant", "shop": null, "operator": null, "source": "DATA-SRC-OSM", "official_boundary": false, "usable_for_formal": "background_only", "precision_note": "OSM 社区数据 POI，位置精度数米级；公共服务设施底数背景"}, "geometry": {"type": "Point", "coordinates": [116.349573, 39.980427]}}, {"type": "Feature", "properties": {"layer": "OSM_PUBLIC_FACILITIES", "osm_id": 12441654735, "osm_type": "node", "name": "清华附小图书馆", "amenity": "library", "shop": null, "operator": null, "source": "DATA-SRC-OSM", "official_boundary": false, "usable_for_formal": "background_only", "precision_note": "OSM 社区数据 POI，位置精度数米级；公共服务设施底数背景"}, "geometry": {"type": "Point", "coordinates": [116.317626, 39.993521]}}, {"type": "Feature", "properties": {"layer": "OSM_PUBLIC_FACILITIES", "osm_id": 12441654742, "osm_type": "node", "name": "舞蹈教室", "amenity": "arts_centre", "shop": null, "operator": null, "source": "DATA-SRC-OSM", "official_boundary": false, "usable_for_formal": "background_only", "precision_note": "OSM 社区数据 POI，位置精度数米级；公共服务设施底数背景"}, "geometry": {"type": "Point", "coordinates": [116.317296, 39.994222]}}, {"type": "Feature", "properties": {"layer": "OSM_PUBLIC_FACILITIES", "osm_id": 12441654743, "osm_type": "node", "name": "餐厅", "amenity": "restaurant", "shop": null, "operator": null, "source": "DATA-SRC-OSM", "official_boundary": false, "usable_for_formal": "background_only", "precision_note": "OSM 社区数据 POI，位置精度数米级；公共服务设施底数背景"}, "geometry": {"type": "Point", "coordinates": [116.317485, 39.994172]}}, {"type": "Feature", "properties": {"layer": "OSM_PUBLIC_FACILITIES", "osm_id": 12459281835, "osm_type": "node", "name": "二友居西四包子铺(积水潭店)", "amenity": "restaurant", "shop": null, "operator": null, "source": "DATA-SRC-OSM", "official_boundary": false, "usable_for_formal": "background_only", "precision_note": "OSM 社区数据 POI，位置精度数米级；公共服务设施底数背景"}, "geometry": {"type": "Point", "coordinates": [116.366255, 39.945183]}}, {"type": "Feature", "properties": {"layer": "OSM_PUBLIC_FACILITIES", "osm_id": 12484509124, "osm_type": "node", "name": "达美乐比萨", "amenity": "fast_food", "shop": null, "operator": null, "source": "DATA-SRC-OSM", "official_boundary": false, "usable_for_formal": "background_only", "precision_note": "OSM 社区数据 POI，位置精度数米级；公共服务设施底数背景"}, "geometry": {"type": "Point", "coordinates": [116.339716, 39.936551]}}, {"type": "Feature", "properties": {"layer": "OSM_PUBLIC_FACILITIES", "osm_id": 12484509126, "osm_type": "node", "name": "情满四合院", "amenity": "restaurant", "shop": null, "operator": null, "source": "DATA-SRC-OSM", "official_boundary": false, "usable_for_formal": "background_only", "precision_note": "OSM 社区数据 POI，位置精度数米级；公共服务设施底数背景"}, "geometry": {"type": "Point", "coordinates": [116.339828, 39.936105]}}, {"type": "Feature", "properties": {"layer": "OSM_PUBLIC_FACILITIES", "osm_id": 12484509130, "osm_type": "node", "name": "赛百味", "amenity": "fast_food", "shop": null, "operator": null, "source": "DATA-SRC-OSM", "official_boundary": false, "usable_for_formal": "background_only", "precision_note": "OSM 社区数据 POI，位置精度数米级；公共服务设施底数背景"}, "geometry": {"type": "Point", "coordinates": [116.340312, 39.937947]}}, {"type": "Feature", "properties": {"layer": "OSM_PUBLIC_FACILITIES", "osm_id": 12484509131, "osm_type": "node", "name": "和合谷", "amenity": "restaurant", "shop": null, "operator": null, "source": "DATA-SRC-OSM", "official_boundary": false, "usable_for_formal": "background_only", "precision_note": "OSM 社区数据 POI，位置精度数米级；公共服务设施底数背景"}, "geometry": {"type": "Point", "coordinates": [116.340041, 39.936053]}}, {"type": "Feature", "properties": {"layer": "OSM_PUBLIC_FACILITIES", "osm_id": 12516710457, "osm_type": "node", "name": "喜茶", "amenity": "cafe", "shop": null, "operator": null, "source": "DATA-SRC-OSM", "official_boundary": false, "usable_for_formal": "background_only", "precision_note": "OSM 社区数据 POI，位置精度数米级；公共服务设施底数背景"}, "geometry": {"type": "Point", "coordinates": [116.341194, 39.975352]}}, {"type": "Feature", "properties": {"layer": "OSM_PUBLIC_FACILITIES", "osm_id": 12522522638, "osm_type": "node", "name": "战略支援部队特色医学中心生殖医学中心", "amenity": "hospital", "shop": null, "operator": null, "source": "DATA-SRC-OSM", "official_boundary": false, "usable_for_formal": "background_only", "precision_note": "OSM 社区数据 POI，位置精度数米级；公共服务设施底数背景"}, "geometry": {"type": "Point", "coordinates": [116.369285, 39.993726]}}, {"type": "Feature", "properties": {"layer": "OSM_PUBLIC_FACILITIES", "osm_id": 12536059008, "osm_type": "node", "name": "永和大王", "amenity": "fast_food", "shop": null, "operator": null, "source": "DATA-SRC-OSM", "official_boundary": false, "usable_for_formal": "background_only", "precision_note": "OSM 社区数据 POI，位置精度数米级；公共服务设施底数背景"}, "geometry": {"type": "Point", "coordinates": [116.328655, 39.995013]}}, {"type": "Feature", "properties": {"layer": "OSM_PUBLIC_FACILITIES", "osm_id": 12556579357, "osm_type": "node", "name": "烤肉劉", "amenity": "restaurant", "shop": null, "operator": null, "source": "DATA-SRC-OSM", "official_boundary": false, "usable_for_formal": "background_only", "precision_note": "OSM 社区数据 POI，位置精度数米级；公共服务设施底数背景"}, "geometry": {"type": "Point", "coordinates": [116.387963, 39.946469]}}, {"type": "Feature", "properties": {"layer": "OSM_PUBLIC_FACILITIES", "osm_id": 12587542272, "osm_type": "node", "name": "理学院报告厅", "amenity": "theatre", "shop": null, "operator": null, "source": "DATA-SRC-OSM", "official_boundary": false, "usable_for_formal": "background_only", "precision_note": "OSM 社区数据 POI，位置精度数米级；公共服务设施底数背景"}, "geometry": {"type": "Point", "coordinates": [116.312756, 40.003589]}}, {"type": "Feature", "properties": {"layer": "OSM_PUBLIC_FACILITIES", "osm_id": 12610171692, "osm_type": "node", "name": "明志斋", "amenity": "university", "shop": null, "operator": "清华大学求真书院", "source": "DATA-SRC-OSM", "official_boundary": false, "usable_for_formal": "background_only", "precision_note": "OSM 社区数据 POI，位置精度数米级；公共服务设施底数背景"}, "geometry": {"type": "Point", "coordinates": [116.334043, 40.009186]}}, {"type": "Feature", "properties": {"layer": "OSM_PUBLIC_FACILITIES", "osm_id": 12610171693, "osm_type": "node", "name": "清华大学继续教育学院（双清综合楼）", "amenity": "university", "shop": null, "operator": "清华大学", "source": "DATA-SRC-OSM", "official_boundary": false, "usable_for_formal": "background_only", "precision_note": "OSM 社区数据 POI，位置精度数米级；公共服务设施底数背景"}, "geometry": {"type": "Point", "coordinates": [116.334012, 40.00912]}}, {"type": "Feature", "properties": {"layer": "OSM_PUBLIC_FACILITIES", "osm_id": 12630230001, "osm_type": "node", "name": "动森咖啡", "amenity": "cafe", "shop": null, "operator": null, "source": "DATA-SRC-OSM", "official_boundary": false, "usable_for_formal": "background_only", "precision_note": "OSM 社区数据 POI，位置精度数米级；公共服务设施底数背景"}, "geometry": {"type": "Point", "coordinates": [116.370275, 40.025565]}}, {"type": "Feature", "properties": {"layer": "OSM_PUBLIC_FACILITIES", "osm_id": 12635884766, "osm_type": "node", "name": null, "amenity": "charging_station", "shop": null, "operator": null, "source": "DATA-SRC-OSM", "official_boundary": false, "usable_for_formal": "background_only", "precision_note": "OSM 社区数据 POI，位置精度数米级；公共服务设施底数背景"}, "geometry": {"type": "Point", "coordinates": [116.369872, 39.98134]}}, {"type": "Feature", "properties": {"layer": "OSM_PUBLIC_FACILITIES", "osm_id": 12696404831, "osm_type": "node", "name": "以沫咖啡", "amenity": "cafe", "shop": null, "operator": null, "source": "DATA-SRC-OSM", "official_boundary": false, "usable_for_formal": "background_only", "precision_note": "OSM 社区数据 POI，位置精度数米级；公共服务设施底数背景"}, "geometry": {"type": "Point", "coordinates": [116.385249, 40.010465]}}, {"type": "Feature", "properties": {"layer": "OSM_PUBLIC_FACILITIES", "osm_id": 12704772571, "osm_type": "node", "name": "华莱士", "amenity": "fast_food", "shop": null, "operator": null, "source": "DATA-SRC-OSM", "official_boundary": false, "usable_for_formal": "background_only", "precision_note": "OSM 社区数据 POI，位置精度数米级；公共服务设施底数背景"}, "geometry": {"type": "Point", "coordinates": [116.336256, 39.974344]}}, {"type": "Feature", "properties": {"layer": "OSM_PUBLIC_FACILITIES", "osm_id": 12704772572, "osm_type": "node", "name": "好适口 小鲜肉包", "amenity": "restaurant", "shop": null, "operator": null, "source": "DATA-SRC-OSM", "official_boundary": false, "usable_for_formal": "background_only", "precision_note": "OSM 社区数据 POI，位置精度数米级；公共服务设施底数背景"}, "geometry": {"type": "Point", "coordinates": [116.336464, 39.974483]}}, {"type": "Feature", "properties": {"layer": "OSM_PUBLIC_FACILITIES", "osm_id": 12713761330, "osm_type": "node", "name": "清华大学天文系", "amenity": "college", "shop": null, "operator": null, "source": "DATA-SRC-OSM", "official_boundary": false, "usable_for_formal": "background_only", "precision_note": "OSM 社区数据 POI，位置精度数米级；公共服务设施底数背景"}, "geometry": {"type": "Point", "coordinates": [116.315973, 40.00666]}}, {"type": "Feature", "properties": {"layer": "OSM_PUBLIC_FACILITIES", "osm_id": 12713909645, "osm_type": "node", "name": "友谊餐厅", "amenity": "restaurant", "shop": null, "operator": null, "source": "DATA-SRC-OSM", "official_boundary": false, "usable_for_formal": "background_only", "precision_note": "OSM 社区数据 POI，位置精度数米级；公共服务设施底数背景"}, "geometry": {"type": "Point", "coordinates": [116.308809, 39.966975]}}, {"type": "Feature", "properties": {"layer": "OSM_PUBLIC_FACILITIES", "osm_id": 12713909646, "osm_type": "node", "name": "是饭咖啡厅", "amenity": "cafe", "shop": null, "operator": null, "source": "DATA-SRC-OSM", "official_boundary": false, "usable_for_formal": "background_only", "precision_note": "OSM 社区数据 POI，位置精度数米级；公共服务设施底数背景"}, "geometry": {"type": "Point", "coordinates": [116.309428, 39.967046]}}, {"type": "Feature", "properties": {"layer": "OSM_PUBLIC_FACILITIES", "osm_id": 12713909647, "osm_type": "node", "name": "留学生第一餐厅", "amenity": "restaurant", "shop": null, "operator": null, "source": "DATA-SRC-OSM", "official_boundary": false, "usable_for_formal": "background_only", "precision_note": "OSM 社区数据 POI，位置精度数米级；公共服务设施底数背景"}, "geometry": {"type": "Point", "coordinates": [116.309456, 39.966894]}}, {"type": "Feature", "properties": {"layer": "OSM_PUBLIC_FACILITIES", "osm_id": 12713909653, "osm_type": "node", "name": "伊兰小馆", "amenity": "restaurant", "shop": null, "operator": null, "source": "DATA-SRC-OSM", "official_boundary": false, "usable_for_formal": "background_only", "precision_note": "OSM 社区数据 POI，位置精度数米级；公共服务设施底数背景"}, "geometry": {"type": "Point", "coordinates": [116.305468, 39.967193]}}, {"type": "Feature", "properties": {"layer": "OSM_PUBLIC_FACILITIES", "osm_id": 12715030040, "osm_type": "node", "name": "瑞幸咖啡", "amenity": "cafe", "shop": null, "operator": null, "source": "DATA-SRC-OSM", "official_boundary": false, "usable_for_formal": "background_only", "precision_note": "OSM 社区数据 POI，位置精度数米级；公共服务设施底数背景"}, "geometry": {"type": "Point", "coordinates": [116.301491, 39.968879]}}, {"type": "Feature", "properties": {"layer": "OSM_PUBLIC_FACILITIES", "osm_id": 12715030041, "osm_type": "node", "name": "醉面", "amenity": "restaurant", "shop": null, "operator": null, "source": "DATA-SRC-OSM", "official_boundary": false, "usable_for_formal": "background_only", "precision_note": "OSM 社区数据 POI，位置精度数米级；公共服务设施底数背景"}, "geometry": {"type": "Point", "coordinates": [116.301373, 39.969887]}}, {"type": "Feature", "properties": {"layer": "OSM_PUBLIC_FACILITIES", "osm_id": 12715059727, "osm_type": "node", "name": "教授餐厅", "amenity": "restaurant", "shop": null, "operator": null, "source": "DATA-SRC-OSM", "official_boundary": false, "usable_for_formal": "background_only", "precision_note": "OSM 社区数据 POI，位置精度数米级；公共服务设施底数背景"}, "geometry": {"type": "Point", "coordinates": [116.302142, 39.968864]}}, {"type": "Feature", "properties": {"layer": "OSM_PUBLIC_FACILITIES", "osm_id": 12715071701, "osm_type": "node", "name": "阳光地带", "amenity": "restaurant", "shop": null, "operator": null, "source": "DATA-SRC-OSM", "official_boundary": false, "usable_for_formal": "background_only", "precision_note": "OSM 社区数据 POI，位置精度数米级；公共服务设施底数背景"}, "geometry": {"type": "Point", "coordinates": [116.30447, 39.971644]}}, {"type": "Feature", "properties": {"layer": "OSM_PUBLIC_FACILITIES", "osm_id": 12735976944, "osm_type": "node", "name": "档案馆", "amenity": "library", "shop": null, "operator": null, "source": "DATA-SRC-OSM", "official_boundary": false, "usable_for_formal": "background_only", "precision_note": "OSM 社区数据 POI，位置精度数米级；公共服务设施底数背景"}, "geometry": {"type": "Point", "coordinates": [116.351893, 39.961741]}}, {"type": "Feature", "properties": {"layer": "OSM_PUBLIC_FACILITIES", "osm_id": 12735976945, "osm_type": "node", "name": "顺丰快递", "amenity": "post_office", "shop": null, "operator": null, "source": "DATA-SRC-OSM", "official_boundary": false, "usable_for_formal": "background_only", "precision_note": "OSM 社区数据 POI，位置精度数米级；公共服务设施底数背景"}, "geometry": {"type": "Point", "coordinates": [116.352128, 39.963548]}}, {"type": "Feature", "properties": {"layer": "OSM_PUBLIC_FACILITIES", "osm_id": 12735976946, "osm_type": "node", "name": "博士居", "amenity": "restaurant", "shop": null, "operator": null, "source": "DATA-SRC-OSM", "official_boundary": false, "usable_for_formal": "background_only", "precision_note": "OSM 社区数据 POI，位置精度数米级；公共服务设施底数背景"}, "geometry": {"type": "Point", "coordinates": [116.3516, 39.964247]}}, {"type": "Feature", "properties": {"layer": "OSM_PUBLIC_FACILITIES", "osm_id": 12741379590, "osm_type": "node", "name": "中国邮政", "amenity": "post_office", "shop": null, "operator": null, "source": "DATA-SRC-OSM", "official_boundary": false, "usable_for_formal": "background_only", "precision_note": "OSM 社区数据 POI，位置精度数米级；公共服务设施底数背景"}, "geometry": {"type": "Point", "coordinates": [116.349183, 39.960408]}}, {"type": "Feature", "properties": {"layer": "OSM_PUBLIC_FACILITIES", "osm_id": 12745364374, "osm_type": "node", "name": null, "amenity": "library", "shop": null, "operator": null, "source": "DATA-SRC-OSM", "official_boundary": false, "usable_for_formal": "background_only", "precision_note": "OSM 社区数据 POI，位置精度数米级；公共服务设施底数背景"}, "geometry": {"type": "Point", "coordinates": [116.37866, 40.003028]}}, {"type": "Feature", "properties": {"layer": "OSM_PUBLIC_FACILITIES", "osm_id": 12753716524, "osm_type": "node", "name": "金谷园饺子馆", "amenity": "restaurant", "shop": null, "operator": null, "source": "DATA-SRC-OSM", "official_boundary": false, "usable_for_formal": "background_only", "precision_note": "OSM 社区数据 POI，位置精度数米级；公共服务设施底数背景"}, "geometry": {"type": "Point", "coordinates": [116.354394, 39.965024]}}, {"type": "Feature", "properties": {"layer": "OSM_PUBLIC_FACILITIES", "osm_id": 12753716536, "osm_type": "node", "name": "瑞幸咖啡", "amenity": "cafe", "shop": null, "operator": null, "source": "DATA-SRC-OSM", "official_boundary": false, "usable_for_formal": "background_only", "precision_note": "OSM 社区数据 POI，位置精度数米级；公共服务设施底数背景"}, "geometry": {"type": "Point", "coordinates": [116.351724, 39.962378]}}, {"type": "Feature", "properties": {"layer": "OSM_PUBLIC_FACILITIES", "osm_id": 12753720328, "osm_type": "node", "name": "虎头军煎饼", "amenity": "fast_food", "shop": null, "operator": null, "source": "DATA-SRC-OSM", "official_boundary": false, "usable_for_formal": "background_only", "precision_note": "OSM 社区数据 POI，位置精度数米级；公共服务设施底数背景"}, "geometry": {"type": "Point", "coordinates": [116.3516, 39.96234]}}, {"type": "Feature", "properties": {"layer": "OSM_PUBLIC_FACILITIES", "osm_id": 12759368450, "osm_type": "node", "name": "清华园社区服务中心", "amenity": "community_centre", "shop": null, "operator": null, "source": "DATA-SRC-OSM", "official_boundary": false, "usable_for_formal": "background_only", "precision_note": "OSM 社区数据 POI，位置精度数米级；公共服务设施底数背景"}, "geometry": {"type": "Point", "coordinates": [116.320917, 39.998391]}}, {"type": "Feature", "properties": {"layer": "OSM_PUBLIC_FACILITIES", "osm_id": 12766396513, "osm_type": "node", "name": "二楼多功能厅", "amenity": "theatre", "shop": null, "operator": null, "source": "DATA-SRC-OSM", "official_boundary": false, "usable_for_formal": "background_only", "precision_note": "OSM 社区数据 POI，位置精度数米级；公共服务设施底数背景"}, "geometry": {"type": "Point", "coordinates": [116.3153, 40.003]}}, {"type": "Feature", "properties": {"layer": "OSM_PUBLIC_FACILITIES", "osm_id": 12767920012, "osm_type": "node", "name": "清华大学物理系", "amenity": "college", "shop": null, "operator": null, "source": "DATA-SRC-OSM", "official_boundary": false, "usable_for_formal": "background_only", "precision_note": "OSM 社区数据 POI，位置精度数米级；公共服务设施底数背景"}, "geometry": {"type": "Point", "coordinates": [116.315356, 40.006624]}}, {"type": "Feature", "properties": {"layer": "OSM_PUBLIC_FACILITIES", "osm_id": 12767920015, "osm_type": "node", "name": "清青永和", "amenity": "fast_food", "shop": null, "operator": null, "source": "DATA-SRC-OSM", "official_boundary": false, "usable_for_formal": "background_only", "precision_note": "OSM 社区数据 POI，位置精度数米级；公共服务设施底数背景"}, "geometry": {"type": "Point", "coordinates": [116.316101, 40.005808]}}, {"type": "Feature", "properties": {"layer": "OSM_PUBLIC_FACILITIES", "osm_id": 12795830793, "osm_type": "node", "name": "晋状元刀削面", "amenity": "restaurant", "shop": null, "operator": null, "source": "DATA-SRC-OSM", "official_boundary": false, "usable_for_formal": "background_only", "precision_note": "OSM 社区数据 POI，位置精度数米级；公共服务设施底数背景"}, "geometry": {"type": "Point", "coordinates": [116.327629, 39.983593]}}, {"type": "Feature", "properties": {"layer": "OSM_PUBLIC_FACILITIES", "osm_id": 12797101906, "osm_type": "node", "name": "中国邮政储蓄银行", "amenity": "bank", "shop": null, "operator": null, "source": "DATA-SRC-OSM", "official_boundary": false, "usable_for_formal": "background_only", "precision_note": "OSM 社区数据 POI，位置精度数米级；公共服务设施底数背景"}, "geometry": {"type": "Point", "coordinates": [116.355293, 39.960369]}}, {"type": "Feature", "properties": {"layer": "OSM_PUBLIC_FACILITIES", "osm_id": 12798068035, "osm_type": "node", "name": "Messy Burger", "amenity": "fast_food", "shop": null, "operator": null, "source": "DATA-SRC-OSM", "official_boundary": false, "usable_for_formal": "background_only", "precision_note": "OSM 社区数据 POI，位置精度数米级；公共服务设施底数背景"}, "geometry": {"type": "Point", "coordinates": [116.308804, 39.976974]}}, {"type": "Feature", "properties": {"layer": "OSM_PUBLIC_FACILITIES", "osm_id": 12798083651, "osm_type": "node", "name": "羊老大碳烤羊腿", "amenity": "restaurant", "shop": null, "operator": null, "source": "DATA-SRC-OSM", "official_boundary": false, "usable_for_formal": "background_only", "precision_note": "OSM 社区数据 POI，位置精度数米级；公共服务设施底数背景"}, "geometry": {"type": "Point", "coordinates": [116.336173, 39.974358]}}, {"type": "Feature", "properties": {"layer": "OSM_PUBLIC_FACILITIES", "osm_id": 12798083652, "osm_type": "node", "name": "河南烩面 羊棒骨", "amenity": "restaurant", "shop": null, "operator": null, "source": "DATA-SRC-OSM", "official_boundary": false, "usable_for_formal": "background_only", "precision_note": "OSM 社区数据 POI，位置精度数米级；公共服务设施底数背景"}, "geometry": {"type": "Point", "coordinates": [116.336262, 39.974385]}}, {"type": "Feature", "properties": {"layer": "OSM_PUBLIC_FACILITIES", "osm_id": 12803679927, "osm_type": "node", "name": "清河邮局", "amenity": "post_office", "shop": null, "operator": null, "source": "DATA-SRC-OSM", "official_boundary": false, "usable_for_formal": "background_only", "precision_note": "OSM 社区数据 POI，位置精度数米级；公共服务设施底数背景"}, "geometry": {"type": "Point", "coordinates": [116.335527, 40.029629]}}, {"type": "Feature", "properties": {"layer": "OSM_PUBLIC_FACILITIES", "osm_id": 12814211146, "osm_type": "node", "name": "韩二哥鲜切牛肉海鲜自助火锅", "amenity": "restaurant", "shop": null, "operator": null, "source": "DATA-SRC-OSM", "official_boundary": false, "usable_for_formal": "background_only", "precision_note": "OSM 社区数据 POI，位置精度数米级；公共服务设施底数背景"}, "geometry": {"type": "Point", "coordinates": [116.337193, 39.975521]}}, {"type": "Feature", "properties": {"layer": "OSM_PUBLIC_FACILITIES", "osm_id": 12814211147, "osm_type": "node", "name": "阿彩妹云南鲜烫牛肉米线", "amenity": "restaurant", "shop": null, "operator": null, "source": "DATA-SRC-OSM", "official_boundary": false, "usable_for_formal": "background_only", "precision_note": "OSM 社区数据 POI，位置精度数米级；公共服务设施底数背景"}, "geometry": {"type": "Point", "coordinates": [116.336886, 39.9757]}}, {"type": "Feature", "properties": {"layer": "OSM_PUBLIC_FACILITIES", "osm_id": 12814211148, "osm_type": "node", "name": "85度C", "amenity": "cafe", "shop": "bakery", "operator": null, "source": "DATA-SRC-OSM", "official_boundary": false, "usable_for_formal": "background_only", "precision_note": "OSM 社区数据 POI，位置精度数米级；公共服务设施底数背景"}, "geometry": {"type": "Point", "coordinates": [116.337414, 39.975437]}}, {"type": "Feature", "properties": {"layer": "OSM_PUBLIC_FACILITIES", "osm_id": 12814211149, "osm_type": "node", "name": "老式黏糊糊麻辣烫·裹酱炸串", "amenity": "restaurant", "shop": null, "operator": null, "source": "DATA-SRC-OSM", "official_boundary": false, "usable_for_formal": "background_only", "precision_note": "OSM 社区数据 POI，位置精度数米级；公共服务设施底数背景"}, "geometry": {"type": "Point", "coordinates": [116.336171, 39.974261]}}, {"type": "Feature", "properties": {"layer": "OSM_PUBLIC_FACILITIES", "osm_id": 12841510154, "osm_type": "node", "name": "瑞幸咖啡", "amenity": "cafe", "shop": null, "operator": null, "source": "DATA-SRC-OSM", "official_boundary": false, "usable_for_formal": "background_only", "precision_note": "OSM 社区数据 POI，位置精度数米级；公共服务设施底数背景"}, "geometry": {"type": "Point", "coordinates": [116.353024, 39.964818]}}, {"type": "Feature", "properties": {"layer": "OSM_PUBLIC_FACILITIES", "osm_id": 12852977341, "osm_type": "node", "name": null, "amenity": "cafe", "shop": null, "operator": null, "source": "DATA-SRC-OSM", "official_boundary": false, "usable_for_formal": "background_only", "precision_note": "OSM 社区数据 POI，位置精度数米级；公共服务设施底数背景"}, "geometry": {"type": "Point", "coordinates": [116.361551, 39.960933]}}, {"type": "Feature", "properties": {"layer": "OSM_PUBLIC_FACILITIES", "osm_id": 12865883368, "osm_type": "node", "name": null, "amenity": "cafe", "shop": null, "operator": null, "source": "DATA-SRC-OSM", "official_boundary": false, "usable_for_formal": "background_only", "precision_note": "OSM 社区数据 POI，位置精度数米级；公共服务设施底数背景"}, "geometry": {"type": "Point", "coordinates": [116.364155, 39.958344]}}, {"type": "Feature", "properties": {"layer": "OSM_PUBLIC_FACILITIES", "osm_id": 12865883372, "osm_type": "node", "name": "人工智能学院", "amenity": "college", "shop": null, "operator": null, "source": "DATA-SRC-OSM", "official_boundary": false, "usable_for_formal": "background_only", "precision_note": "OSM 社区数据 POI，位置精度数米级；公共服务设施底数背景"}, "geometry": {"type": "Point", "coordinates": [116.361496, 39.960059]}}, {"type": "Feature", "properties": {"layer": "OSM_PUBLIC_FACILITIES", "osm_id": 12925550343, "osm_type": "node", "name": "徽湘阁", "amenity": "restaurant", "shop": null, "operator": null, "source": "DATA-SRC-OSM", "official_boundary": false, "usable_for_formal": "background_only", "precision_note": "OSM 社区数据 POI，位置精度数米级；公共服务设施底数背景"}, "geometry": {"type": "Point", "coordinates": [116.31092, 39.967447]}}, {"type": "Feature", "properties": {"layer": "OSM_PUBLIC_FACILITIES", "osm_id": 12941917701, "osm_type": "node", "name": "食苑小厨", "amenity": "restaurant", "shop": null, "operator": null, "source": "DATA-SRC-OSM", "official_boundary": false, "usable_for_formal": "background_only", "precision_note": "OSM 社区数据 POI，位置精度数米级；公共服务设施底数背景"}, "geometry": {"type": "Point", "coordinates": [116.355682, 39.975479]}}, {"type": "Feature", "properties": {"layer": "OSM_PUBLIC_FACILITIES", "osm_id": 12948635277, "osm_type": "node", "name": "Canada咖啡", "amenity": "restaurant", "shop": null, "operator": null, "source": "DATA-SRC-OSM", "official_boundary": false, "usable_for_formal": "background_only", "precision_note": "OSM 社区数据 POI，位置精度数米级；公共服务设施底数背景"}, "geometry": {"type": "Point", "coordinates": [116.363595, 39.960286]}}, {"type": "Feature", "properties": {"layer": "OSM_PUBLIC_FACILITIES", "osm_id": 12969535579, "osm_type": "node", "name": "水资源与环境学院", "amenity": "school", "shop": null, "operator": null, "source": "DATA-SRC-OSM", "official_boundary": false, "usable_for_formal": "background_only", "precision_note": "OSM 社区数据 POI，位置精度数米级；公共服务设施底数背景"}, "geometry": {"type": "Point", "coordinates": [116.345681, 39.991343]}}, {"type": "Feature", "properties": {"layer": "OSM_PUBLIC_FACILITIES", "osm_id": 12973194985, "osm_type": "node", "name": "ZamZam 印巴餐厅", "amenity": "restaurant", "shop": null, "operator": null, "source": "DATA-SRC-OSM", "official_boundary": false, "usable_for_formal": "background_only", "precision_note": "OSM 社区数据 POI，位置精度数米级；公共服务设施底数背景"}, "geometry": {"type": "Point", "coordinates": [116.345867, 40.003554]}}, {"type": "Feature", "properties": {"layer": "OSM_PUBLIC_FACILITIES", "osm_id": 12998385701, "osm_type": "node", "name": "什刹海邮政所", "amenity": "post_office", "shop": null, "operator": null, "source": "DATA-SRC-OSM", "official_boundary": false, "usable_for_formal": "background_only", "precision_note": "OSM 社区数据 POI，位置精度数米级；公共服务设施底数背景"}, "geometry": {"type": "Point", "coordinates": [116.388344, 39.937727]}}, {"type": "Feature", "properties": {"layer": "OSM_PUBLIC_FACILITIES", "osm_id": 12998677402, "osm_type": "node", "name": null, "amenity": "restaurant", "shop": null, "operator": null, "source": "DATA-SRC-OSM", "official_boundary": false, "usable_for_formal": "background_only", "precision_note": "OSM 社区数据 POI，位置精度数米级；公共服务设施底数背景"}, "geometry": {"type": "Point", "coordinates": [116.389098, 39.997519]}}, {"type": "Feature", "properties": {"layer": "OSM_PUBLIC_FACILITIES", "osm_id": 13001572631, "osm_type": "node", "name": "鹅岛精酿啤酒餐厅", "amenity": "restaurant", "shop": null, "operator": null, "source": "DATA-SRC-OSM", "official_boundary": false, "usable_for_formal": "background_only", "precision_note": "OSM 社区数据 POI，位置精度数米级；公共服务设施底数背景"}, "geometry": {"type": "Point", "coordinates": [116.381103, 40.003109]}}, {"type": "Feature", "properties": {"layer": "OSM_PUBLIC_FACILITIES", "osm_id": 13001572632, "osm_type": "node", "name": "八喜虎烤肉", "amenity": "restaurant", "shop": null, "operator": null, "source": "DATA-SRC-OSM", "official_boundary": false, "usable_for_formal": "background_only", "precision_note": "OSM 社区数据 POI，位置精度数米级；公共服务设施底数背景"}, "geometry": {"type": "Point", "coordinates": [116.381925, 40.003036]}}, {"type": "Feature", "properties": {"layer": "OSM_PUBLIC_FACILITIES", "osm_id": 13036589701, "osm_type": "node", "name": "国图书店(亚洲金融大厦店)", "amenity": "library", "shop": null, "operator": null, "source": "DATA-SRC-OSM", "official_boundary": false, "usable_for_formal": "background_only", "precision_note": "OSM 社区数据 POI，位置精度数米级；公共服务设施底数背景"}, "geometry": {"type": "Point", "coordinates": [116.38348, 40.006184]}}, {"type": "Feature", "properties": {"layer": "OSM_PUBLIC_FACILITIES", "osm_id": 13042873025, "osm_type": "node", "name": "肯德基", "amenity": "fast_food", "shop": null, "operator": null, "source": "DATA-SRC-OSM", "official_boundary": false, "usable_for_formal": "background_only", "precision_note": "OSM 社区数据 POI，位置精度数米级；公共服务设施底数背景"}, "geometry": {"type": "Point", "coordinates": [116.34617, 39.9922]}}, {"type": "Feature", "properties": {"layer": "OSM_PUBLIC_FACILITIES", "osm_id": 13042873026, "osm_type": "node", "name": "肯德基", "amenity": "fast_food", "shop": null, "operator": null, "source": "DATA-SRC-OSM", "official_boundary": false, "usable_for_formal": "background_only", "precision_note": "OSM 社区数据 POI，位置精度数米级；公共服务设施底数背景"}, "geometry": {"type": "Point", "coordinates": [116.386064, 39.998797]}}, {"type": "Feature", "properties": {"layer": "OSM_PUBLIC_FACILITIES", "osm_id": 13086220701, "osm_type": "node", "name": "正源清真寺", "amenity": "place_of_worship", "shop": null, "operator": null, "source": "DATA-SRC-OSM", "official_boundary": false, "usable_for_formal": "background_only", "precision_note": "OSM 社区数据 POI，位置精度数米级；公共服务设施底数背景"}, "geometry": {"type": "Point", "coordinates": [116.359755, 39.935455]}}, {"type": "Feature", "properties": {"layer": "OSM_PUBLIC_FACILITIES", "osm_id": 13086220801, "osm_type": "node", "name": "西城区志成小学(北址)", "amenity": "school", "shop": null, "operator": null, "source": "DATA-SRC-OSM", "official_boundary": false, "usable_for_formal": "background_only", "precision_note": "OSM 社区数据 POI，位置精度数米级；公共服务设施底数背景"}, "geometry": {"type": "Point", "coordinates": [116.363767, 39.941194]}}, {"type": "Feature", "properties": {"layer": "OSM_PUBLIC_FACILITIES", "osm_id": 13091759901, "osm_type": "node", "name": "北京市西城区曙光幼儿园", "amenity": "kindergarten", "shop": null, "operator": null, "source": "DATA-SRC-OSM", "official_boundary": false, "usable_for_formal": "background_only", "precision_note": "OSM 社区数据 POI，位置精度数米级；公共服务设施底数背景"}, "geometry": {"type": "Point", "coordinates": [116.357413, 39.935614]}}, {"type": "Feature", "properties": {"layer": "OSM_PUBLIC_FACILITIES", "osm_id": 13091760001, "osm_type": "node", "name": "北京市西城经济科学大学", "amenity": "school", "shop": null, "operator": null, "source": "DATA-SRC-OSM", "official_boundary": false, "usable_for_formal": "background_only", "precision_note": "OSM 社区数据 POI，位置精度数米级；公共服务设施底数背景"}, "geometry": {"type": "Point", "coordinates": [116.357705, 39.936161]}}, {"type": "Feature", "properties": {"layer": "OSM_PUBLIC_FACILITIES", "osm_id": 13091760101, "osm_type": "node", "name": "北京市西城区经济科学大学", "amenity": "school", "shop": null, "operator": null, "source": "DATA-SRC-OSM", "official_boundary": false, "usable_for_formal": "background_only", "precision_note": "OSM 社区数据 POI，位置精度数米级；公共服务设施底数背景"}, "geometry": {"type": "Point", "coordinates": [116.358277, 39.937498]}}, {"type": "Feature", "properties": {"layer": "OSM_PUBLIC_FACILITIES", "osm_id": 13091760201, "osm_type": "node", "name": "新街口派出所", "amenity": "police", "shop": null, "operator": null, "source": "DATA-SRC-OSM", "official_boundary": false, "usable_for_formal": "background_only", "precision_note": "OSM 社区数据 POI，位置精度数米级；公共服务设施底数背景"}, "geometry": {"type": "Point", "coordinates": [116.358481, 39.937074]}}, {"type": "Feature", "properties": {"layer": "OSM_PUBLIC_FACILITIES", "osm_id": 13091760301, "osm_type": "node", "name": "紫光园(西直门店)", "amenity": "restaurant", "shop": null, "operator": null, "source": "DATA-SRC-OSM", "official_boundary": false, "usable_for_formal": "background_only", "precision_note": "OSM 社区数据 POI，位置精度数米级；公共服务设施底数背景"}, "geometry": {"type": "Point", "coordinates": [116.358193, 39.937709]}}, {"type": "Feature", "properties": {"layer": "OSM_PUBLIC_FACILITIES", "osm_id": 13091772301, "osm_type": "node", "name": "门框胡同百年卤煮", "amenity": "restaurant", "shop": null, "operator": null, "source": "DATA-SRC-OSM", "official_boundary": false, "usable_for_formal": "background_only", "precision_note": "OSM 社区数据 POI，位置精度数米级；公共服务设施底数背景"}, "geometry": {"type": "Point", "coordinates": [116.362711, 39.939056]}}, {"type": "Feature", "properties": {"layer": "OSM_PUBLIC_FACILITIES", "osm_id": 13091772401, "osm_type": "node", "name": "华天二友居肉饼", "amenity": "restaurant", "shop": null, "operator": null, "source": "DATA-SRC-OSM", "official_boundary": false, "usable_for_formal": "background_only", "precision_note": "OSM 社区数据 POI，位置精度数米级；公共服务设施底数背景"}, "geometry": {"type": "Point", "coordinates": [116.357901, 39.935289]}}, {"type": "Feature", "properties": {"layer": "OSM_PUBLIC_FACILITIES", "osm_id": 13091797101, "osm_type": "node", "name": "京皇十二道天津菜", "amenity": "restaurant", "shop": null, "operator": null, "source": "DATA-SRC-OSM", "official_boundary": false, "usable_for_formal": "background_only", "precision_note": "OSM 社区数据 POI，位置精度数米级；公共服务设施底数背景"}, "geometry": {"type": "Point", "coordinates": [116.361351, 39.937056]}}, {"type": "Feature", "properties": {"layer": "OSM_PUBLIC_FACILITIES", "osm_id": 13091917202, "osm_type": "node", "name": "权金城", "amenity": "restaurant", "shop": null, "operator": null, "source": "DATA-SRC-OSM", "official_boundary": false, "usable_for_formal": "background_only", "precision_note": "OSM 社区数据 POI，位置精度数米级；公共服务设施底数背景"}, "geometry": {"type": "Point", "coordinates": [116.35762, 39.93822]}}, {"type": "Feature", "properties": {"layer": "OSM_PUBLIC_FACILITIES", "osm_id": 13094881806, "osm_type": "node", "name": "中国政法大学研究生院", "amenity": "college", "shop": null, "operator": null, "source": "DATA-SRC-OSM", "official_boundary": false, "usable_for_formal": "background_only", "precision_note": "OSM 社区数据 POI，位置精度数米级；公共服务设施底数背景"}, "geometry": {"type": "Point", "coordinates": [116.343432, 39.965381]}}, {"type": "Feature", "properties": {"layer": "OSM_PUBLIC_FACILITIES", "osm_id": 13094881807, "osm_type": "node", "name": "中国政法大学博士后流动站", "amenity": "college", "shop": null, "operator": null, "source": "DATA-SRC-OSM", "official_boundary": false, "usable_for_formal": "background_only", "precision_note": "OSM 社区数据 POI，位置精度数米级；公共服务设施底数背景"}, "geometry": {"type": "Point", "coordinates": [116.343538, 39.965382]}}, {"type": "Feature", "properties": {"layer": "OSM_PUBLIC_FACILITIES", "osm_id": 13094881808, "osm_type": "node", "name": "司法考试学院", "amenity": "college", "shop": null, "operator": null, "source": "DATA-SRC-OSM", "official_boundary": false, "usable_for_formal": "background_only", "precision_note": "OSM 社区数据 POI，位置精度数米级；公共服务设施底数背景"}, "geometry": {"type": "Point", "coordinates": [116.343564, 39.96506]}}, {"type": "Feature", "properties": {"layer": "OSM_PUBLIC_FACILITIES", "osm_id": 13094881833, "osm_type": "node", "name": "网络教育学院", "amenity": "college", "shop": null, "operator": null, "source": "DATA-SRC-OSM", "official_boundary": false, "usable_for_formal": "background_only", "precision_note": "OSM 社区数据 POI，位置精度数米级；公共服务设施底数背景"}, "geometry": {"type": "Point", "coordinates": [116.343618, 39.965073]}}, {"type": "Feature", "properties": {"layer": "OSM_PUBLIC_FACILITIES", "osm_id": 13094881858, "osm_type": "node", "name": "社会学院", "amenity": "college", "shop": null, "operator": null, "source": "DATA-SRC-OSM", "official_boundary": false, "usable_for_formal": "background_only", "precision_note": "OSM 社区数据 POI，位置精度数米级；公共服务设施底数背景"}, "geometry": {"type": "Point", "coordinates": [116.344774, 39.964479]}}, {"type": "Feature", "properties": {"layer": "OSM_PUBLIC_FACILITIES", "osm_id": 13097805783, "osm_type": "node", "name": "比格披萨", "amenity": "restaurant", "shop": null, "operator": null, "source": "DATA-SRC-OSM", "official_boundary": false, "usable_for_formal": "background_only", "precision_note": "OSM 社区数据 POI，位置精度数米级；公共服务设施底数背景"}, "geometry": {"type": "Point", "coordinates": [116.348097, 40.007268]}}, {"type": "Feature", "properties": {"layer": "OSM_PUBLIC_FACILITIES", "osm_id": 13097805784, "osm_type": "node", "name": "Wagas", "amenity": "cafe", "shop": null, "operator": null, "source": "DATA-SRC-OSM", "official_boundary": false, "usable_for_formal": "background_only", "precision_note": "OSM 社区数据 POI，位置精度数米级；公共服务设施底数背景"}, "geometry": {"type": "Point", "coordinates": [116.347689, 40.007121]}}, {"type": "Feature", "properties": {"layer": "OSM_PUBLIC_FACILITIES", "osm_id": 13097805786, "osm_type": "node", "name": "西贝莜面村", "amenity": "restaurant", "shop": null, "operator": null, "source": "DATA-SRC-OSM", "official_boundary": false, "usable_for_formal": "background_only", "precision_note": "OSM 社区数据 POI，位置精度数米级；公共服务设施底数背景"}, "geometry": {"type": "Point", "coordinates": [116.347004, 40.007129]}}, {"type": "Feature", "properties": {"layer": "OSM_PUBLIC_FACILITIES", "osm_id": 13097805787, "osm_type": "node", "name": "星巴克", "amenity": "cafe", "shop": null, "operator": null, "source": "DATA-SRC-OSM", "official_boundary": false, "usable_for_formal": "background_only", "precision_note": "OSM 社区数据 POI，位置精度数米级；公共服务设施底数背景"}, "geometry": {"type": "Point", "coordinates": [116.347398, 40.007125]}}, {"type": "Feature", "properties": {"layer": "OSM_PUBLIC_FACILITIES", "osm_id": 13097805788, "osm_type": "node", "name": "呷哺呷哺", "amenity": "restaurant", "shop": null, "operator": null, "source": "DATA-SRC-OSM", "official_boundary": false, "usable_for_formal": "background_only", "precision_note": "OSM 社区数据 POI，位置精度数米级；公共服务设施底数背景"}, "geometry": {"type": "Point", "coordinates": [116.3481, 40.00715]}}, {"type": "Feature", "properties": {"layer": "OSM_PUBLIC_FACILITIES", "osm_id": 13097805789, "osm_type": "node", "name": "必胜客", "amenity": "restaurant", "shop": null, "operator": null, "source": "DATA-SRC-OSM", "official_boundary": false, "usable_for_formal": "background_only", "precision_note": "OSM 社区数据 POI，位置精度数米级；公共服务设施底数背景"}, "geometry": {"type": "Point", "coordinates": [116.348179, 40.007149]}}, {"type": "Feature", "properties": {"layer": "OSM_PUBLIC_FACILITIES", "osm_id": 13097805790, "osm_type": "node", "name": "霸王茶姬", "amenity": "cafe", "shop": null, "operator": null, "source": "DATA-SRC-OSM", "official_boundary": false, "usable_for_formal": "background_only", "precision_note": "OSM 社区数据 POI，位置精度数米级；公共服务设施底数背景"}, "geometry": {"type": "Point", "coordinates": [116.348249, 40.00715]}}, {"type": "Feature", "properties": {"layer": "OSM_PUBLIC_FACILITIES", "osm_id": 13097927112, "osm_type": "node", "name": "北京银行", "amenity": "bank", "shop": null, "operator": null, "source": "DATA-SRC-OSM", "official_boundary": false, "usable_for_formal": "background_only", "precision_note": "OSM 社区数据 POI，位置精度数米级；公共服务设施底数背景"}, "geometry": {"type": "Point", "coordinates": [116.333073, 39.999599]}}, {"type": "Feature", "properties": {"layer": "OSM_PUBLIC_FACILITIES", "osm_id": 13105869192, "osm_type": "node", "name": "麦当劳", "amenity": "fast_food", "shop": null, "operator": null, "source": "DATA-SRC-OSM", "official_boundary": false, "usable_for_formal": "background_only", "precision_note": "OSM 社区数据 POI，位置精度数米级；公共服务设施底数背景"}, "geometry": {"type": "Point", "coordinates": [116.360591, 40.00076]}}, {"type": "Feature", "properties": {"layer": "OSM_PUBLIC_FACILITIES", "osm_id": 13108051243, "osm_type": "node", "name": "中国光大银行", "amenity": "bank", "shop": null, "operator": null, "source": "DATA-SRC-OSM", "official_boundary": false, "usable_for_formal": "background_only", "precision_note": "OSM 社区数据 POI，位置精度数米级；公共服务设施底数背景"}, "geometry": {"type": "Point", "coordinates": [116.36398, 39.980923]}}, {"type": "Feature", "properties": {"layer": "OSM_PUBLIC_FACILITIES", "osm_id": 13207232662, "osm_type": "node", "name": "胖胖家常菜", "amenity": "restaurant", "shop": null, "operator": null, "source": "DATA-SRC-OSM", "official_boundary": false, "usable_for_formal": "background_only", "precision_note": "OSM 社区数据 POI，位置精度数米级；公共服务设施底数背景"}, "geometry": {"type": "Point", "coordinates": [116.324816, 39.991153]}}, {"type": "Feature", "properties": {"layer": "OSM_PUBLIC_FACILITIES", "osm_id": 13239711360, "osm_type": "node", "name": "广福观", "amenity": "place_of_worship", "shop": null, "operator": null, "source": "DATA-SRC-OSM", "official_boundary": false, "usable_for_formal": "background_only", "precision_note": "OSM 社区数据 POI，位置精度数米级；公共服务设施底数背景"}, "geometry": {"type": "Point", "coordinates": [116.388602, 39.937839]}}, {"type": "Feature", "properties": {"layer": "OSM_PUBLIC_FACILITIES", "osm_id": 13296153141, "osm_type": "node", "name": "象雄文化院", "amenity": "community_centre", "shop": null, "operator": null, "source": "DATA-SRC-OSM", "official_boundary": false, "usable_for_formal": "background_only", "precision_note": "OSM 社区数据 POI，位置精度数米级；公共服务设施底数背景"}, "geometry": {"type": "Point", "coordinates": [116.302167, 39.972606]}}, {"type": "Feature", "properties": {"layer": "OSM_PUBLIC_FACILITIES", "osm_id": 13307180193, "osm_type": "node", "name": "北京银行", "amenity": "bank", "shop": null, "operator": null, "source": "DATA-SRC-OSM", "official_boundary": false, "usable_for_formal": "background_only", "precision_note": "OSM 社区数据 POI，位置精度数米级；公共服务设施底数背景"}, "geometry": {"type": "Point", "coordinates": [116.335684, 40.013386]}}, {"type": "Feature", "properties": {"layer": "OSM_PUBLIC_FACILITIES", "osm_id": 13352729298, "osm_type": "node", "name": "麦当劳", "amenity": "fast_food", "shop": null, "operator": null, "source": "DATA-SRC-OSM", "official_boundary": false, "usable_for_formal": "background_only", "precision_note": "OSM 社区数据 POI，位置精度数米级；公共服务设施底数背景"}, "geometry": {"type": "Point", "coordinates": [116.374443, 40.007967]}}, {"type": "Feature", "properties": {"layer": "OSM_PUBLIC_FACILITIES", "osm_id": 13352745396, "osm_type": "node", "name": "海季•新鲁菜", "amenity": "restaurant", "shop": null, "operator": null, "source": "DATA-SRC-OSM", "official_boundary": false, "usable_for_formal": "background_only", "precision_note": "OSM 社区数据 POI，位置精度数米级；公共服务设施底数背景"}, "geometry": {"type": "Point", "coordinates": [116.374409, 40.008117]}}, {"type": "Feature", "properties": {"layer": "OSM_PUBLIC_FACILITIES", "osm_id": 13355095375, "osm_type": "node", "name": "南门涮肉", "amenity": "restaurant", "shop": null, "operator": null, "source": "DATA-SRC-OSM", "official_boundary": false, "usable_for_formal": "background_only", "precision_note": "OSM 社区数据 POI，位置精度数米级；公共服务设施底数背景"}, "geometry": {"type": "Point", "coordinates": [116.38831, 40.011509]}}, {"type": "Feature", "properties": {"layer": "OSM_PUBLIC_FACILITIES", "osm_id": 13355095376, "osm_type": "node", "name": "布鲁豪斯欢乐家庭餐厅", "amenity": "restaurant", "shop": null, "operator": null, "source": "DATA-SRC-OSM", "official_boundary": false, "usable_for_formal": "background_only", "precision_note": "OSM 社区数据 POI，位置精度数米级；公共服务设施底数背景"}, "geometry": {"type": "Point", "coordinates": [116.388429, 40.011486]}}, {"type": "Feature", "properties": {"layer": "OSM_PUBLIC_FACILITIES", "osm_id": 13360662410, "osm_type": "node", "name": "必胜客", "amenity": "fast_food", "shop": null, "operator": null, "source": "DATA-SRC-OSM", "official_boundary": false, "usable_for_formal": "background_only", "precision_note": "OSM 社区数据 POI，位置精度数米级；公共服务设施底数背景"}, "geometry": {"type": "Point", "coordinates": [116.36249, 39.991988]}}, {"type": "Feature", "properties": {"layer": "OSM_PUBLIC_FACILITIES", "osm_id": 13360674102, "osm_type": "node", "name": "好适口", "amenity": "restaurant", "shop": null, "operator": null, "source": "DATA-SRC-OSM", "official_boundary": false, "usable_for_formal": "background_only", "precision_note": "OSM 社区数据 POI，位置精度数米级；公共服务设施底数背景"}, "geometry": {"type": "Point", "coordinates": [116.362503, 39.991831]}}, {"type": "Feature", "properties": {"layer": "OSM_PUBLIC_FACILITIES", "osm_id": 13364146105, "osm_type": "node", "name": "西北风味餐厅", "amenity": "restaurant", "shop": null, "operator": null, "source": "DATA-SRC-OSM", "official_boundary": false, "usable_for_formal": "background_only", "precision_note": "OSM 社区数据 POI，位置精度数米级；公共服务设施底数背景"}, "geometry": {"type": "Point", "coordinates": [116.374115, 40.002518]}}, {"type": "Feature", "properties": {"layer": "OSM_PUBLIC_FACILITIES", "osm_id": 13426664001, "osm_type": "node", "name": "Siji Minfu", "amenity": "restaurant", "shop": null, "operator": null, "source": "DATA-SRC-OSM", "official_boundary": false, "usable_for_formal": "background_only", "precision_note": "OSM 社区数据 POI，位置精度数米级；公共服务设施底数背景"}, "geometry": {"type": "Point", "coordinates": [116.394563, 39.950042]}}, {"type": "Feature", "properties": {"layer": "OSM_PUBLIC_FACILITIES", "osm_id": 13430290551, "osm_type": "node", "name": "廣順興", "amenity": "restaurant", "shop": null, "operator": null, "source": "DATA-SRC-OSM", "official_boundary": false, "usable_for_formal": "background_only", "precision_note": "OSM 社区数据 POI，位置精度数米级；公共服务设施底数背景"}, "geometry": {"type": "Point", "coordinates": [116.394682, 40.00258]}}, {"type": "Feature", "properties": {"layer": "OSM_PUBLIC_FACILITIES", "osm_id": 13456445350, "osm_type": "node", "name": "里·面", "amenity": "restaurant", "shop": null, "operator": null, "source": "DATA-SRC-OSM", "official_boundary": false, "usable_for_formal": "background_only", "precision_note": "OSM 社区数据 POI，位置精度数米级；公共服务设施底数背景"}, "geometry": {"type": "Point", "coordinates": [116.389363, 39.936702]}}, {"type": "Feature", "properties": {"layer": "OSM_PUBLIC_FACILITIES", "osm_id": 13525631730, "osm_type": "node", "name": "沪上阿姨", "amenity": "cafe", "shop": null, "operator": null, "source": "DATA-SRC-OSM", "official_boundary": false, "usable_for_formal": "background_only", "precision_note": "OSM 社区数据 POI，位置精度数米级；公共服务设施底数背景"}, "geometry": {"type": "Point", "coordinates": [116.388973, 39.937677]}}, {"type": "Feature", "properties": {"layer": "OSM_PUBLIC_FACILITIES", "osm_id": 13525631733, "osm_type": "node", "name": "星巴克", "amenity": "cafe", "shop": null, "operator": null, "source": "DATA-SRC-OSM", "official_boundary": false, "usable_for_formal": "background_only", "precision_note": "OSM 社区数据 POI，位置精度数米级；公共服务设施底数背景"}, "geometry": {"type": "Point", "coordinates": [116.389484, 39.936858]}}, {"type": "Feature", "properties": {"layer": "OSM_PUBLIC_FACILITIES", "osm_id": 13531954025, "osm_type": "node", "name": "特来电", "amenity": "charging_station", "shop": null, "operator": null, "source": "DATA-SRC-OSM", "official_boundary": false, "usable_for_formal": "background_only", "precision_note": "OSM 社区数据 POI，位置精度数米级；公共服务设施底数背景"}, "geometry": {"type": "Point", "coordinates": [116.333405, 39.989878]}}, {"type": "Feature", "properties": {"layer": "OSM_PUBLIC_FACILITIES", "osm_id": 13536303645, "osm_type": "node", "name": "美口鲜", "amenity": "restaurant", "shop": null, "operator": null, "source": "DATA-SRC-OSM", "official_boundary": false, "usable_for_formal": "background_only", "precision_note": "OSM 社区数据 POI，位置精度数米级；公共服务设施底数背景"}, "geometry": {"type": "Point", "coordinates": [116.375038, 40.000203]}}, {"type": "Feature", "properties": {"layer": "OSM_PUBLIC_FACILITIES", "osm_id": 13536313818, "osm_type": "node", "name": "晋德顺", "amenity": "restaurant", "shop": null, "operator": null, "source": "DATA-SRC-OSM", "official_boundary": false, "usable_for_formal": "background_only", "precision_note": "OSM 社区数据 POI，位置精度数米级；公共服务设施底数背景"}, "geometry": {"type": "Point", "coordinates": [116.374917, 40.000199]}}, {"type": "Feature", "properties": {"layer": "OSM_PUBLIC_FACILITIES", "osm_id": 13536318301, "osm_type": "node", "name": "肯德基", "amenity": "restaurant", "shop": null, "operator": null, "source": "DATA-SRC-OSM", "official_boundary": false, "usable_for_formal": "background_only", "precision_note": "OSM 社区数据 POI，位置精度数米级；公共服务设施底数背景"}, "geometry": {"type": "Point", "coordinates": [116.375152, 40.000211]}}, {"type": "Feature", "properties": {"layer": "OSM_PUBLIC_FACILITIES", "osm_id": 13651359029, "osm_type": "node", "name": "小白楼水吧", "amenity": "restaurant", "shop": null, "operator": null, "source": "DATA-SRC-OSM", "official_boundary": false, "usable_for_formal": "background_only", "precision_note": "OSM 社区数据 POI，位置精度数米级；公共服务设施底数背景"}, "geometry": {"type": "Point", "coordinates": [116.315802, 40.020345]}}, {"type": "Feature", "properties": {"layer": "OSM_PUBLIC_FACILITIES", "osm_id": 13653908498, "osm_type": "node", "name": "北舞附中", "amenity": "school", "shop": null, "operator": null, "source": "DATA-SRC-OSM", "official_boundary": false, "usable_for_formal": "background_only", "precision_note": "OSM 社区数据 POI，位置精度数米级；公共服务设施底数背景"}, "geometry": {"type": "Point", "coordinates": [116.312194, 39.945881]}}, {"type": "Feature", "properties": {"layer": "OSM_PUBLIC_FACILITIES", "osm_id": 13657438806, "osm_type": "node", "name": "北京舞蹈学院图书馆", "amenity": "library", "shop": null, "operator": null, "source": "DATA-SRC-OSM", "official_boundary": false, "usable_for_formal": "background_only", "precision_note": "OSM 社区数据 POI，位置精度数米级；公共服务设施底数背景"}, "geometry": {"type": "Point", "coordinates": [116.313581, 39.946103]}}, {"type": "Feature", "properties": {"layer": "OSM_PUBLIC_FACILITIES", "osm_id": 13709891301, "osm_type": "node", "name": "Papà Danilo", "amenity": "restaurant", "shop": null, "operator": null, "source": "DATA-SRC-OSM", "official_boundary": false, "usable_for_formal": "background_only", "precision_note": "OSM 社区数据 POI，位置精度数米级；公共服务设施底数背景"}, "geometry": {"type": "Point", "coordinates": [116.387615, 39.941433]}}, {"type": "Feature", "properties": {"layer": "OSM_PUBLIC_FACILITIES", "osm_id": 13726976359, "osm_type": "node", "name": "麦当劳", "amenity": "fast_food", "shop": null, "operator": null, "source": "DATA-SRC-OSM", "official_boundary": false, "usable_for_formal": "background_only", "precision_note": "OSM 社区数据 POI，位置精度数米级；公共服务设施底数背景"}, "geometry": {"type": "Point", "coordinates": [116.355811, 39.984015]}}, {"type": "Feature", "properties": {"layer": "OSM_PUBLIC_FACILITIES", "osm_id": 13730207783, "osm_type": "node", "name": "夜罐罐米线", "amenity": "restaurant", "shop": null, "operator": null, "source": "DATA-SRC-OSM", "official_boundary": false, "usable_for_formal": "background_only", "precision_note": "OSM 社区数据 POI，位置精度数米级；公共服务设施底数背景"}, "geometry": {"type": "Point", "coordinates": [116.312169, 39.969157]}}, {"type": "Feature", "properties": {"layer": "OSM_PUBLIC_FACILITIES", "osm_id": 13730212939, "osm_type": "node", "name": "毛师傅Gelato", "amenity": "restaurant", "shop": null, "operator": null, "source": "DATA-SRC-OSM", "official_boundary": false, "usable_for_formal": "background_only", "precision_note": "OSM 社区数据 POI，位置精度数米级；公共服务设施底数背景"}, "geometry": {"type": "Point", "coordinates": [116.307454, 39.971637]}}, {"type": "Feature", "properties": {"layer": "OSM_PUBLIC_FACILITIES", "osm_id": 13730397836, "osm_type": "node", "name": "正谈炸鸡", "amenity": "fast_food", "shop": null, "operator": null, "source": "DATA-SRC-OSM", "official_boundary": false, "usable_for_formal": "background_only", "precision_note": "OSM 社区数据 POI，位置精度数米级；公共服务设施底数背景"}, "geometry": {"type": "Point", "coordinates": [116.309526, 39.9769]}}, {"type": "Feature", "properties": {"layer": "OSM_PUBLIC_FACILITIES", "osm_id": 13730412653, "osm_type": "node", "name": "基本元素 Base Element Coffee", "amenity": "cafe", "shop": null, "operator": null, "source": "DATA-SRC-OSM", "official_boundary": false, "usable_for_formal": "background_only", "precision_note": "OSM 社区数据 POI，位置精度数米级；公共服务设施底数背景"}, "geometry": {"type": "Point", "coordinates": [116.304825, 40.017047]}}, {"type": "Feature", "properties": {"layer": "OSM_PUBLIC_FACILITIES", "osm_id": 13730412655, "osm_type": "node", "name": "清河·茶贰居", "amenity": "cafe", "shop": null, "operator": null, "source": "DATA-SRC-OSM", "official_boundary": false, "usable_for_formal": "background_only", "precision_note": "OSM 社区数据 POI，位置精度数米级；公共服务设施底数背景"}, "geometry": {"type": "Point", "coordinates": [116.300309, 40.016506]}}, {"type": "Feature", "properties": {"layer": "OSM_PUBLIC_FACILITIES", "osm_id": 13898122597, "osm_type": "node", "name": "Peking Chamber", "amenity": "restaurant", "shop": null, "operator": null, "source": "DATA-SRC-OSM", "official_boundary": false, "usable_for_formal": "background_only", "precision_note": "OSM 社区数据 POI，位置精度数米级；公共服务设施底数背景"}, "geometry": {"type": "Point", "coordinates": [116.3946, 39.949923]}}, {"type": "Feature", "properties": {"layer": "OSM_PUBLIC_FACILITIES", "osm_id": 13898429782, "osm_type": "node", "name": "Community Police", "amenity": "police", "shop": null, "operator": null, "source": "DATA-SRC-OSM", "official_boundary": false, "usable_for_formal": "background_only", "precision_note": "OSM 社区数据 POI，位置精度数米级；公共服务设施底数背景"}, "geometry": {"type": "Point", "coordinates": [116.385323, 39.938836]}}, {"type": "Feature", "properties": {"layer": "OSM_PUBLIC_FACILITIES", "osm_id": 13898648458, "osm_type": "node", "name": "Chagee Tea", "amenity": "cafe", "shop": null, "operator": null, "source": "DATA-SRC-OSM", "official_boundary": false, "usable_for_formal": "background_only", "precision_note": "OSM 社区数据 POI，位置精度数米级；公共服务设施底数背景"}, "geometry": {"type": "Point", "coordinates": [116.38752, 39.937103]}}, {"type": "Feature", "properties": {"layer": "OSM_PUBLIC_FACILITIES", "osm_id": 13923969894, "osm_type": "node", "name": "瑞幸咖啡", "amenity": "cafe", "shop": null, "operator": null, "source": "DATA-SRC-OSM", "official_boundary": false, "usable_for_formal": "background_only", "precision_note": "OSM 社区数据 POI，位置精度数米级；公共服务设施底数背景"}, "geometry": {"type": "Point", "coordinates": [116.312149, 39.969247]}}, {"type": "Feature", "properties": {"layer": "OSM_PUBLIC_FACILITIES", "osm_id": 13923969895, "osm_type": "node", "name": "库迪咖啡", "amenity": "cafe", "shop": null, "operator": null, "source": "DATA-SRC-OSM", "official_boundary": false, "usable_for_formal": "background_only", "precision_note": "OSM 社区数据 POI，位置精度数米级；公共服务设施底数背景"}, "geometry": {"type": "Point", "coordinates": [116.312279, 39.96915]}}, {"type": "Feature", "properties": {"layer": "OSM_PUBLIC_FACILITIES", "osm_id": 13942114448, "osm_type": "node", "name": "Cotti Coffee", "amenity": "cafe", "shop": null, "operator": null, "source": "DATA-SRC-OSM", "official_boundary": false, "usable_for_formal": "background_only", "precision_note": "OSM 社区数据 POI，位置精度数米级；公共服务设施底数背景"}, "geometry": {"type": "Point", "coordinates": [116.310948, 39.982494]}}, {"type": "Feature", "properties": {"layer": "OSM_PUBLIC_FACILITIES", "osm_id": 13982873139, "osm_type": "node", "name": "中科生活为老服务科学园站", "amenity": "community_centre", "shop": null, "operator": null, "source": "DATA-SRC-OSM", "official_boundary": false, "usable_for_formal": "background_only", "precision_note": "OSM 社区数据 POI，位置精度数米级；公共服务设施底数背景"}, "geometry": {"type": "Point", "coordinates": [116.377755, 39.99623]}}, {"type": "Feature", "properties": {"layer": "OSM_PUBLIC_FACILITIES", "osm_id": 13982873285, "osm_type": "node", "name": "科学园南里社区卫生服务站", "amenity": "hospital", "shop": null, "operator": null, "source": "DATA-SRC-OSM", "official_boundary": false, "usable_for_formal": "background_only", "precision_note": "OSM 社区数据 POI，位置精度数米级；公共服务设施底数背景"}, "geometry": {"type": "Point", "coordinates": [116.377485, 39.996222]}}, {"type": "Feature", "properties": {"layer": "OSM_PUBLIC_FACILITIES", "osm_id": 13982873374, "osm_type": "node", "name": "中国邮政储蓄银行", "amenity": "bank", "shop": null, "operator": null, "source": "DATA-SRC-OSM", "official_boundary": false, "usable_for_formal": "background_only", "precision_note": "OSM 社区数据 POI，位置精度数米级；公共服务设施底数背景"}, "geometry": {"type": "Point", "coordinates": [116.378158, 39.996238]}}, {"type": "Feature", "properties": {"layer": "OSM_PUBLIC_FACILITIES", "osm_id": 13982873541, "osm_type": "node", "name": "奥运村养老照料中心", "amenity": "community_centre", "shop": null, "operator": null, "source": "DATA-SRC-OSM", "official_boundary": false, "usable_for_formal": "background_only", "precision_note": "OSM 社区数据 POI，位置精度数米级；公共服务设施底数背景"}, "geometry": {"type": "Point", "coordinates": [116.37898, 39.996209]}}, {"type": "Feature", "properties": {"layer": "OSM_PUBLIC_FACILITIES", "osm_id": 13982873609, "osm_type": "node", "name": "奥运村街道图书馆分馆", "amenity": "library", "shop": null, "operator": null, "source": "DATA-SRC-OSM", "official_boundary": false, "usable_for_formal": "background_only", "precision_note": "OSM 社区数据 POI，位置精度数米级；公共服务设施底数背景"}, "geometry": {"type": "Point", "coordinates": [116.379055, 39.9962]}}, {"type": "Feature", "properties": {"layer": "OSM_PUBLIC_FACILITIES", "osm_id": 14041237396, "osm_type": "node", "name": "龙可立咖", "amenity": "cafe", "shop": null, "operator": null, "source": "DATA-SRC-OSM", "official_boundary": false, "usable_for_formal": "background_only", "precision_note": "OSM 社区数据 POI，位置精度数米级；公共服务设施底数背景"}, "geometry": {"type": "Point", "coordinates": [116.308631, 39.994987]}}, {"type": "Feature", "properties": {"layer": "OSM_PUBLIC_FACILITIES", "osm_id": 14063263901, "osm_type": "node", "name": "中国科学院软件研究所", "amenity": "college", "shop": null, "operator": null, "source": "DATA-SRC-OSM", "official_boundary": false, "usable_for_formal": "background_only", "precision_note": "OSM 社区数据 POI，位置精度数米级；公共服务设施底数背景"}, "geometry": {"type": "Point", "coordinates": [116.330889, 39.978406]}}, {"type": "Feature", "properties": {"layer": "OSM_PUBLIC_FACILITIES", "osm_id": 14072131110, "osm_type": "node", "name": "熊煮咖啡BearBrew", "amenity": "restaurant", "shop": null, "operator": null, "source": "DATA-SRC-OSM", "official_boundary": false, "usable_for_formal": "background_only", "precision_note": "OSM 社区数据 POI，位置精度数米级；公共服务设施底数背景"}, "geometry": {"type": "Point", "coordinates": [116.343437, 39.943543]}}, {"type": "Feature", "properties": {"layer": "OSM_PUBLIC_FACILITIES", "osm_id": 14074228232, "osm_type": "node", "name": "马克思主义学院", "amenity": "college", "shop": null, "operator": null, "source": "DATA-SRC-OSM", "official_boundary": false, "usable_for_formal": "background_only", "precision_note": "OSM 社区数据 POI，位置精度数米级；公共服务设施底数背景"}, "geometry": {"type": "Point", "coordinates": [116.336249, 39.952335]}}, {"type": "Feature", "properties": {"layer": "OSM_PUBLIC_FACILITIES", "osm_id": 14077911672, "osm_type": "node", "name": "清青披萨", "amenity": "restaurant", "shop": null, "operator": null, "source": "DATA-SRC-OSM", "official_boundary": false, "usable_for_formal": "background_only", "precision_note": "OSM 社区数据 POI，位置精度数米级；公共服务设施底数背景"}, "geometry": {"type": "Point", "coordinates": [116.322378, 40.010396]}}, {"type": "Feature", "properties": {"layer": "OSM_PUBLIC_FACILITIES", "osm_id": 14077911673, "osm_type": "node", "name": "清青休闲餐厅", "amenity": "fast_food", "shop": null, "operator": null, "source": "DATA-SRC-OSM", "official_boundary": false, "usable_for_formal": "background_only", "precision_note": "OSM 社区数据 POI，位置精度数米级；公共服务设施底数背景"}, "geometry": {"type": "Point", "coordinates": [116.31993, 40.009501]}}, {"type": "Feature", "properties": {"layer": "OSM_PUBLIC_FACILITIES", "osm_id": 14077911674, "osm_type": "node", "name": "简约餐厅", "amenity": "restaurant", "shop": null, "operator": null, "source": "DATA-SRC-OSM", "official_boundary": false, "usable_for_formal": "background_only", "precision_note": "OSM 社区数据 POI，位置精度数米级；公共服务设施底数背景"}, "geometry": {"type": "Point", "coordinates": [116.320061, 40.009506]}}, {"type": "Feature", "properties": {"layer": "OSM_PUBLIC_FACILITIES", "osm_id": 14077911675, "osm_type": "node", "name": "清青小火锅", "amenity": "restaurant", "shop": null, "operator": null, "source": "DATA-SRC-OSM", "official_boundary": false, "usable_for_formal": "background_only", "precision_note": "OSM 社区数据 POI，位置精度数米级；公共服务设施底数背景"}, "geometry": {"type": "Point", "coordinates": [116.327558, 40.00907]}}, {"type": "Feature", "properties": {"layer": "OSM_PUBLIC_FACILITIES", "osm_id": 25847391, "osm_type": "way", "name": "上地实验小学", "amenity": "school", "shop": null, "operator": null, "source": "DATA-SRC-OSM", "official_boundary": false, "usable_for_formal": "background_only", "precision_note": "OSM 社区数据 POI，位置精度数米级；公共服务设施底数背景"}, "geometry": {"type": "Point", "coordinates": [116.308251, 40.030274]}}, {"type": "Feature", "properties": {"layer": "OSM_PUBLIC_FACILITIES", "osm_id": 26812097, "osm_type": "way", "name": "海淀医院", "amenity": "hospital", "shop": null, "operator": null, "source": "DATA-SRC-OSM", "official_boundary": false, "usable_for_formal": "background_only", "precision_note": "OSM 社区数据 POI，位置精度数米级；公共服务设施底数背景"}, "geometry": {"type": "Point", "coordinates": [116.309447, 39.975704]}}, {"type": "Feature", "properties": {"layer": "OSM_PUBLIC_FACILITIES", "osm_id": 30725330, "osm_type": "way", "name": "中国人民大学", "amenity": "university", "shop": null, "operator": null, "source": "DATA-SRC-OSM", "official_boundary": false, "usable_for_formal": "background_only", "precision_note": "OSM 社区数据 POI，位置精度数米级；公共服务设施底数背景"}, "geometry": {"type": "Point", "coordinates": [116.305866, 39.969123]}}, {"type": "Feature", "properties": {"layer": "OSM_PUBLIC_FACILITIES", "osm_id": 30748230, "osm_type": "way", "name": "北京理工大学", "amenity": "university", "shop": null, "operator": null, "source": "DATA-SRC-OSM", "official_boundary": false, "usable_for_formal": "background_only", "precision_note": "OSM 社区数据 POI，位置精度数米级；公共服务设施底数背景"}, "geometry": {"type": "Point", "coordinates": [116.311701, 39.957876]}}, {"type": "Feature", "properties": {"layer": "OSM_PUBLIC_FACILITIES", "osm_id": 30784020, "osm_type": "way", "name": "北京师范大学", "amenity": "university", "shop": null, "operator": null, "source": "DATA-SRC-OSM", "official_boundary": false, "usable_for_formal": "background_only", "precision_note": "OSM 社区数据 POI，位置精度数米级；公共服务设施底数背景"}, "geometry": {"type": "Point", "coordinates": [116.360768, 39.959155]}}, {"type": "Feature", "properties": {"layer": "OSM_PUBLIC_FACILITIES", "osm_id": 33432033, "osm_type": "way", "name": "观畴园餐厅（万人大食堂）", "amenity": "restaurant", "shop": null, "operator": null, "source": "DATA-SRC-OSM", "official_boundary": false, "usable_for_formal": "background_only", "precision_note": "OSM 社区数据 POI，位置精度数米级；公共服务设施底数背景"}, "geometry": {"type": "Point", "coordinates": [116.316079, 40.005585]}}, {"type": "Feature", "properties": {"layer": "OSM_PUBLIC_FACILITIES", "osm_id": 33457842, "osm_type": "way", "name": "大礼堂", "amenity": "theatre", "shop": null, "operator": null, "source": "DATA-SRC-OSM", "official_boundary": false, "usable_for_formal": "background_only", "precision_note": "OSM 社区数据 POI，位置精度数米级；公共服务设施底数背景"}, "geometry": {"type": "Point", "coordinates": [116.318256, 40.002438]}}, {"type": "Feature", "properties": {"layer": "OSM_PUBLIC_FACILITIES", "osm_id": 33611055, "osm_type": "way", "name": "四环市场", "amenity": "marketplace", "shop": null, "operator": null, "source": "DATA-SRC-OSM", "official_boundary": false, "usable_for_formal": "background_only", "precision_note": "OSM 社区数据 POI，位置精度数米级；公共服务设施底数背景"}, "geometry": {"type": "Point", "coordinates": [116.371035, 39.939828]}}, {"type": "Feature", "properties": {"layer": "OSM_PUBLIC_FACILITIES", "osm_id": 41705633, "osm_type": "way", "name": "北京交通大学附属中学（北校区）", "amenity": "school", "shop": null, "operator": null, "source": "DATA-SRC-OSM", "official_boundary": false, "usable_for_formal": "background_only", "precision_note": "OSM 社区数据 POI，位置精度数米级；公共服务设施底数背景"}, "geometry": {"type": "Point", "coordinates": [116.329633, 39.961524]}}, {"type": "Feature", "properties": {"layer": "OSM_PUBLIC_FACILITIES", "osm_id": 42411602, "osm_type": "way", "name": "大钟寺", "amenity": "place_of_worship", "shop": null, "operator": null, "source": "DATA-SRC-OSM", "official_boundary": false, "usable_for_formal": "background_only", "precision_note": "OSM 社区数据 POI，位置精度数米级；公共服务设施底数背景"}, "geometry": {"type": "Point", "coordinates": [116.331857, 39.968049]}}, {"type": "Feature", "properties": {"layer": "OSM_PUBLIC_FACILITIES", "osm_id": 48051017, "osm_type": "way", "name": "中国音乐学院", "amenity": "college", "shop": null, "operator": null, "source": "DATA-SRC-OSM", "official_boundary": false, "usable_for_formal": "background_only", "precision_note": "OSM 社区数据 POI，位置精度数米级；公共服务设施底数背景"}, "geometry": {"type": "Point", "coordinates": [116.372206, 39.99008]}}, {"type": "Feature", "properties": {"layer": "OSM_PUBLIC_FACILITIES", "osm_id": 55816439, "osm_type": "way", "name": "中国农业大学东校区", "amenity": "university", "shop": null, "operator": null, "source": "DATA-SRC-OSM", "official_boundary": false, "usable_for_formal": "background_only", "precision_note": "OSM 社区数据 POI，位置精度数米级；公共服务设施底数背景"}, "geometry": {"type": "Point", "coordinates": [116.351315, 40.002188]}}, {"type": "Feature", "properties": {"layer": "OSM_PUBLIC_FACILITIES", "osm_id": 55883973, "osm_type": "way", "name": "北顶娘娘庙", "amenity": "place_of_worship", "shop": null, "operator": null, "source": "DATA-SRC-OSM", "official_boundary": false, "usable_for_formal": "background_only", "precision_note": "OSM 社区数据 POI，位置精度数米级；公共服务设施底数背景"}, "geometry": {"type": "Point", "coordinates": [116.38385, 39.988996]}}, {"type": "Feature", "properties": {"layer": "OSM_PUBLIC_FACILITIES", "osm_id": 78051436, "osm_type": "way", "name": "国家图书馆总馆北区", "amenity": "library", "shop": null, "operator": null, "source": "DATA-SRC-OSM", "official_boundary": false, "usable_for_formal": "background_only", "precision_note": "OSM 社区数据 POI，位置精度数米级；公共服务设施底数背景"}, "geometry": {"type": "Point", "coordinates": [116.317319, 39.944219]}}, {"type": "Feature", "properties": {"layer": "OSM_PUBLIC_FACILITIES", "osm_id": 79696970, "osm_type": "way", "name": "紫荆园餐厅", "amenity": "restaurant", "shop": null, "operator": null, "source": "DATA-SRC-OSM", "official_boundary": false, "usable_for_formal": "background_only", "precision_note": "OSM 社区数据 POI，位置精度数米级；公共服务设施底数背景"}, "geometry": {"type": "Point", "coordinates": [116.32247, 40.010512]}}, {"type": "Feature", "properties": {"layer": "OSM_PUBLIC_FACILITIES", "osm_id": 79696971, "osm_type": "way", "name": "桃李园餐厅", "amenity": "restaurant", "shop": null, "operator": null, "source": "DATA-SRC-OSM", "official_boundary": false, "usable_for_formal": "background_only", "precision_note": "OSM 社区数据 POI，位置精度数米级；公共服务设施底数背景"}, "geometry": {"type": "Point", "coordinates": [116.319963, 40.00963]}}, {"type": "Feature", "properties": {"layer": "OSM_PUBLIC_FACILITIES", "osm_id": 80342046, "osm_type": "way", "name": "听涛园餐厅", "amenity": "restaurant", "shop": null, "operator": null, "source": "DATA-SRC-OSM", "official_boundary": false, "usable_for_formal": "background_only", "precision_note": "OSM 社区数据 POI，位置精度数米级；公共服务设施底数背景"}, "geometry": {"type": "Point", "coordinates": [116.320664, 40.005291]}}, {"type": "Feature", "properties": {"layer": "OSM_PUBLIC_FACILITIES", "osm_id": 80342091, "osm_type": "way", "name": "丁香园餐厅", "amenity": "restaurant", "shop": null, "operator": null, "source": "DATA-SRC-OSM", "official_boundary": false, "usable_for_formal": "background_only", "precision_note": "OSM 社区数据 POI，位置精度数米级；公共服务设施底数背景"}, "geometry": {"type": "Point", "coordinates": [116.320706, 40.007058]}}, {"type": "Feature", "properties": {"layer": "OSM_PUBLIC_FACILITIES", "osm_id": 80716519, "osm_type": "way", "name": "清华大学校医院", "amenity": "hospital", "shop": null, "operator": "清华大学", "source": "DATA-SRC-OSM", "official_boundary": false, "usable_for_formal": "background_only", "precision_note": "OSM 社区数据 POI，位置精度数米级；公共服务设施底数背景"}, "geometry": {"type": "Point", "coordinates": [116.312149, 40.001492]}}, {"type": "Feature", "properties": {"layer": "OSM_PUBLIC_FACILITIES", "osm_id": 84273995, "osm_type": "way", "name": "熙春园餐厅", "amenity": "restaurant", "shop": null, "operator": "清华大学", "source": "DATA-SRC-OSM", "official_boundary": false, "usable_for_formal": "background_only", "precision_note": "OSM 社区数据 POI，位置精度数米级；公共服务设施底数背景"}, "geometry": {"type": "Point", "coordinates": [116.31524, 40.000615]}}, {"type": "Feature", "properties": {"layer": "OSM_PUBLIC_FACILITIES", "osm_id": 84273997, "osm_type": "way", "name": "荷园教工餐厅", "amenity": "restaurant", "shop": null, "operator": "清华大学", "source": "DATA-SRC-OSM", "official_boundary": false, "usable_for_formal": "background_only", "precision_note": "OSM 社区数据 POI，位置精度数米级；公共服务设施底数背景"}, "geometry": {"type": "Point", "coordinates": [116.314937, 40.001758]}}, {"type": "Feature", "properties": {"layer": "OSM_PUBLIC_FACILITIES", "osm_id": 84652150, "osm_type": "way", "name": "闻馨园餐厅", "amenity": "restaurant", "shop": null, "operator": null, "source": "DATA-SRC-OSM", "official_boundary": false, "usable_for_formal": "background_only", "precision_note": "OSM 社区数据 POI，位置精度数米级；公共服务设施底数背景"}, "geometry": {"type": "Point", "coordinates": [116.322655, 40.005647]}}, {"type": "Feature", "properties": {"layer": "OSM_PUBLIC_FACILITIES", "osm_id": 88777864, "osm_type": "way", "name": "北航图书馆", "amenity": "library", "shop": null, "operator": null, "source": "DATA-SRC-OSM", "official_boundary": false, "usable_for_formal": "background_only", "precision_note": "OSM 社区数据 POI，位置精度数米级；公共服务设施底数背景"}, "geometry": {"type": "Point", "coordinates": [116.342471, 39.982525]}}, {"type": "Feature", "properties": {"layer": "OSM_PUBLIC_FACILITIES", "osm_id": 121981792, "osm_type": "way", "name": "大运村公交场站", "amenity": "bus_station", "shop": null, "operator": null, "source": "DATA-SRC-OSM", "official_boundary": false, "usable_for_formal": "background_only", "precision_note": "OSM 社区数据 POI，位置精度数米级；公共服务设施底数背景"}, "geometry": {"type": "Point", "coordinates": [116.334867, 39.975694]}}, {"type": "Feature", "properties": {"layer": "OSM_PUBLIC_FACILITIES", "osm_id": 142604101, "osm_type": "way", "name": "林业大学图书馆", "amenity": "library", "shop": null, "operator": null, "source": "DATA-SRC-OSM", "official_boundary": false, "usable_for_formal": "background_only", "precision_note": "OSM 社区数据 POI，位置精度数米级；公共服务设施底数背景"}, "geometry": {"type": "Point", "coordinates": [116.340736, 40.002265]}}, {"type": "Feature", "properties": {"layer": "OSM_PUBLIC_FACILITIES", "osm_id": 158112141, "osm_type": "way", "name": "新清华学堂", "amenity": "theatre", "shop": null, "operator": "清华大学", "source": "DATA-SRC-OSM", "official_boundary": false, "usable_for_formal": "background_only", "precision_note": "OSM 社区数据 POI，位置精度数米级；公共服务设施底数背景"}, "geometry": {"type": "Point", "coordinates": [116.323287, 40.000319]}}, {"type": "Feature", "properties": {"layer": "OSM_PUBLIC_FACILITIES", "osm_id": 161453470, "osm_type": "way", "name": "北京清河镇支行", "amenity": "bank", "shop": null, "operator": "中国工商银行", "source": "DATA-SRC-OSM", "official_boundary": false, "usable_for_formal": "background_only", "precision_note": "OSM 社区数据 POI，位置精度数米级；公共服务设施底数背景"}, "geometry": {"type": "Point", "coordinates": [116.332711, 40.036179]}}, {"type": "Feature", "properties": {"layer": "OSM_PUBLIC_FACILITIES", "osm_id": 162380529, "osm_type": "way", "name": "北京师范大学继续教育与教师培训学院", "amenity": "college", "shop": null, "operator": null, "source": "DATA-SRC-OSM", "official_boundary": false, "usable_for_formal": "background_only", "precision_note": "OSM 社区数据 POI，位置精度数米级；公共服务设施底数背景"}, "geometry": {"type": "Point", "coordinates": [116.378151, 39.935085]}}, {"type": "Feature", "properties": {"layer": "OSM_PUBLIC_FACILITIES", "osm_id": 162982988, "osm_type": "way", "name": "利君堂大药房新街口分店", "amenity": "pharmacy", "shop": null, "operator": null, "source": "DATA-SRC-OSM", "official_boundary": false, "usable_for_formal": "background_only", "precision_note": "OSM 社区数据 POI，位置精度数米级；公共服务设施底数背景"}, "geometry": {"type": "Point", "coordinates": [116.365233, 39.943068]}}, {"type": "Feature", "properties": {"layer": "OSM_PUBLIC_FACILITIES", "osm_id": 162983004, "osm_type": "way", "name": "解放军歌剧院", "amenity": "theatre", "shop": null, "operator": null, "source": "DATA-SRC-OSM", "official_boundary": false, "usable_for_formal": "background_only", "precision_note": "OSM 社区数据 POI，位置精度数米级；公共服务设施底数背景"}, "geometry": {"type": "Point", "coordinates": [116.36688, 39.946626]}}, {"type": "Feature", "properties": {"layer": "OSM_PUBLIC_FACILITIES", "osm_id": 163825705, "osm_type": "way", "name": "海淀区中关村第二小学华清校区", "amenity": "school", "shop": null, "operator": null, "source": "DATA-SRC-OSM", "official_boundary": false, "usable_for_formal": "background_only", "precision_note": "OSM 社区数据 POI，位置精度数米级；公共服务设施底数背景"}, "geometry": {"type": "Point", "coordinates": [116.327669, 39.989532]}}, {"type": "Feature", "properties": {"layer": "OSM_PUBLIC_FACILITIES", "osm_id": 167169164, "osm_type": "way", "name": "中国农业大学东区社区卫生服务中心", "amenity": "hospital", "shop": null, "operator": null, "source": "DATA-SRC-OSM", "official_boundary": false, "usable_for_formal": "background_only", "precision_note": "OSM 社区数据 POI，位置精度数米级；公共服务设施底数背景"}, "geometry": {"type": "Point", "coordinates": [116.348039, 40.002061]}}, {"type": "Feature", "properties": {"layer": "OSM_PUBLIC_FACILITIES", "osm_id": 167304641, "osm_type": "way", "name": "中国农业大学附属实验小学", "amenity": "school", "shop": null, "operator": null, "source": "DATA-SRC-OSM", "official_boundary": false, "usable_for_formal": "background_only", "precision_note": "OSM 社区数据 POI，位置精度数米级；公共服务设施底数背景"}, "geometry": {"type": "Point", "coordinates": [116.347129, 40.002118]}}, {"type": "Feature", "properties": {"layer": "OSM_PUBLIC_FACILITIES", "osm_id": 169065601, "osm_type": "way", "name": "信息与电气工程学院", "amenity": "college", "shop": null, "operator": null, "source": "DATA-SRC-OSM", "official_boundary": false, "usable_for_formal": "background_only", "precision_note": "OSM 社区数据 POI，位置精度数米级；公共服务设施底数背景"}, "geometry": {"type": "Point", "coordinates": [116.350162, 40.005263]}}, {"type": "Feature", "properties": {"layer": "OSM_PUBLIC_FACILITIES", "osm_id": 170431450, "osm_type": "way", "name": "西直门天主堂 (西堂)", "amenity": "place_of_worship", "shop": null, "operator": null, "source": "DATA-SRC-OSM", "official_boundary": false, "usable_for_formal": "background_only", "precision_note": "OSM 社区数据 POI，位置精度数米级；公共服务设施底数背景"}, "geometry": {"type": "Point", "coordinates": [116.359767, 39.938458]}}, {"type": "Feature", "properties": {"layer": "OSM_PUBLIC_FACILITIES", "osm_id": 175187111, "osm_type": "way", "name": "北郊长途汽车站", "amenity": "bus_station", "shop": null, "operator": null, "source": "DATA-SRC-OSM", "official_boundary": false, "usable_for_formal": "background_only", "precision_note": "OSM 社区数据 POI，位置精度数米级；公共服务设施底数背景"}, "geometry": {"type": "Point", "coordinates": [116.374394, 39.982034]}}, {"type": "Feature", "properties": {"layer": "OSM_PUBLIC_FACILITIES", "osm_id": 187248303, "osm_type": "way", "name": "关岳庙", "amenity": "place_of_worship", "shop": null, "operator": null, "source": "DATA-SRC-OSM", "official_boundary": false, "usable_for_formal": "background_only", "precision_note": "OSM 社区数据 POI，位置精度数米级；公共服务设施底数背景"}, "geometry": {"type": "Point", "coordinates": [116.379424, 39.945388]}}, {"type": "Feature", "properties": {"layer": "OSM_PUBLIC_FACILITIES", "osm_id": 187248305, "osm_type": "way", "name": "拈花寺", "amenity": "place_of_worship", "shop": null, "operator": null, "source": "DATA-SRC-OSM", "official_boundary": false, "usable_for_formal": "background_only", "precision_note": "OSM 社区数据 POI，位置精度数米级；公共服务设施底数背景"}, "geometry": {"type": "Point", "coordinates": [116.380827, 39.945657]}}, {"type": "Feature", "properties": {"layer": "OSM_PUBLIC_FACILITIES", "osm_id": 188600671, "osm_type": "way", "name": "图书馆", "amenity": "library", "shop": null, "operator": null, "source": "DATA-SRC-OSM", "official_boundary": false, "usable_for_formal": "background_only", "precision_note": "OSM 社区数据 POI，位置精度数米级；公共服务设施底数背景"}, "geometry": {"type": "Point", "coordinates": [116.337335, 39.950741]}}, {"type": "Feature", "properties": {"layer": "OSM_PUBLIC_FACILITIES", "osm_id": 188712163, "osm_type": "way", "name": "艺园餐厅", "amenity": "restaurant", "shop": null, "operator": null, "source": "DATA-SRC-OSM", "official_boundary": false, "usable_for_formal": "background_only", "precision_note": "OSM 社区数据 POI，位置精度数米级；公共服务设施底数背景"}, "geometry": {"type": "Point", "coordinates": [116.300774, 39.987152]}}, {"type": "Feature", "properties": {"layer": "OSM_PUBLIC_FACILITIES", "osm_id": 190427034, "osm_type": "way", "name": "北航校医院", "amenity": "hospital", "shop": null, "operator": null, "source": "DATA-SRC-OSM", "official_boundary": false, "usable_for_formal": "background_only", "precision_note": "OSM 社区数据 POI，位置精度数米级；公共服务设施底数背景"}, "geometry": {"type": "Point", "coordinates": [116.337497, 39.979275]}}, {"type": "Feature", "properties": {"layer": "OSM_PUBLIC_FACILITIES", "osm_id": 190427810, "osm_type": "way", "name": "合一楼", "amenity": "restaurant", "shop": null, "operator": null, "source": "DATA-SRC-OSM", "official_boundary": false, "usable_for_formal": "background_only", "precision_note": "OSM 社区数据 POI，位置精度数米级；公共服务设施底数背景"}, "geometry": {"type": "Point", "coordinates": [116.33866, 39.980828]}}, {"type": "Feature", "properties": {"layer": "OSM_PUBLIC_FACILITIES", "osm_id": 190427995, "osm_type": "way", "name": "东区食堂", "amenity": "restaurant", "shop": null, "operator": null, "source": "DATA-SRC-OSM", "official_boundary": false, "usable_for_formal": "background_only", "precision_note": "OSM 社区数据 POI，位置精度数米级；公共服务设施底数背景"}, "geometry": {"type": "Point", "coordinates": [116.341434, 39.980635]}}, {"type": "Feature", "properties": {"layer": "OSM_PUBLIC_FACILITIES", "osm_id": 208170381, "osm_type": "way", "name": "海淀基督教堂", "amenity": "place_of_worship", "shop": null, "operator": null, "source": "DATA-SRC-OSM", "official_boundary": false, "usable_for_formal": "background_only", "precision_note": "OSM 社区数据 POI，位置精度数米级；公共服务设施底数背景"}, "geometry": {"type": "Point", "coordinates": [116.301428, 39.981854]}}, {"type": "Feature", "properties": {"layer": "OSM_PUBLIC_FACILITIES", "osm_id": 226625472, "osm_type": "way", "name": "寓园教工食堂", "amenity": "restaurant", "shop": null, "operator": null, "source": "DATA-SRC-OSM", "official_boundary": false, "usable_for_formal": "background_only", "precision_note": "OSM 社区数据 POI，位置精度数米级；公共服务设施底数背景"}, "geometry": {"type": "Point", "coordinates": [116.312999, 39.997058]}}, {"type": "Feature", "properties": {"layer": "OSM_PUBLIC_FACILITIES", "osm_id": 226628792, "osm_type": "way", "name": "清华大学洁华幼儿园", "amenity": "kindergarten", "shop": null, "operator": "清华大学", "source": "DATA-SRC-OSM", "official_boundary": false, "usable_for_formal": "background_only", "precision_note": "OSM 社区数据 POI，位置精度数米级；公共服务设施底数背景"}, "geometry": {"type": "Point", "coordinates": [116.320178, 39.995958]}}, {"type": "Feature", "properties": {"layer": "OSM_PUBLIC_FACILITIES", "osm_id": 226629272, "osm_type": "way", "name": "南园教工食堂", "amenity": "restaurant", "shop": null, "operator": null, "source": "DATA-SRC-OSM", "official_boundary": false, "usable_for_formal": "background_only", "precision_note": "OSM 社区数据 POI，位置精度数米级；公共服务设施底数背景"}, "geometry": {"type": "Point", "coordinates": [116.321047, 39.994597]}}, {"type": "Feature", "properties": {"layer": "OSM_PUBLIC_FACILITIES", "osm_id": 226666911, "osm_type": "way", "name": "工会俱乐部", "amenity": "community_centre", "shop": null, "operator": "清华大学", "source": "DATA-SRC-OSM", "official_boundary": false, "usable_for_formal": "background_only", "precision_note": "OSM 社区数据 POI，位置精度数米级；公共服务设施底数背景"}, "geometry": {"type": "Point", "coordinates": [116.31493, 40.001505]}}, {"type": "Feature", "properties": {"layer": "OSM_PUBLIC_FACILITIES", "osm_id": 226670880, "osm_type": "way", "name": "清华大学附属小学", "amenity": "school", "shop": null, "operator": "清华大学", "source": "DATA-SRC-OSM", "official_boundary": false, "usable_for_formal": "background_only", "precision_note": "OSM 社区数据 POI，位置精度数米级；公共服务设施底数背景"}, "geometry": {"type": "Point", "coordinates": [116.316709, 39.994213]}}, {"type": "Feature", "properties": {"layer": "OSM_PUBLIC_FACILITIES", "osm_id": 226670893, "osm_type": "way", "name": "保卫处派出所", "amenity": "police", "shop": null, "operator": "清华大学", "source": "DATA-SRC-OSM", "official_boundary": false, "usable_for_formal": "background_only", "precision_note": "OSM 社区数据 POI，位置精度数米级；公共服务设施底数背景"}, "geometry": {"type": "Point", "coordinates": [116.320943, 40.000417]}}, {"type": "Feature", "properties": {"layer": "OSM_PUBLIC_FACILITIES", "osm_id": 226671400, "osm_type": "way", "name": "蒙民伟音乐厅", "amenity": "theatre", "shop": null, "operator": "清华大学", "source": "DATA-SRC-OSM", "official_boundary": false, "usable_for_formal": "background_only", "precision_note": "OSM 社区数据 POI，位置精度数米级；公共服务设施底数背景"}, "geometry": {"type": "Point", "coordinates": [116.322304, 40.000625]}}, {"type": "Feature", "properties": {"layer": "OSM_PUBLIC_FACILITIES", "osm_id": 226671429, "osm_type": "way", "name": "人文社科图书馆（凯风楼）", "amenity": "library", "shop": null, "operator": "清华大学", "source": "DATA-SRC-OSM", "official_boundary": false, "usable_for_formal": "background_only", "precision_note": "OSM 社区数据 POI，位置精度数米级；公共服务设施底数背景"}, "geometry": {"type": "Point", "coordinates": [116.322276, 40.002934]}}, {"type": "Feature", "properties": {"layer": "OSM_PUBLIC_FACILITIES", "osm_id": 226936599, "osm_type": "way", "name": "芝兰园餐厅", "amenity": "restaurant", "shop": null, "operator": "清华大学", "source": "DATA-SRC-OSM", "official_boundary": false, "usable_for_formal": "background_only", "precision_note": "OSM 社区数据 POI，位置精度数米级；公共服务设施底数背景"}, "geometry": {"type": "Point", "coordinates": [116.32749, 40.009053]}}, {"type": "Feature", "properties": {"layer": "OSM_PUBLIC_FACILITIES", "osm_id": 226936600, "osm_type": "way", "name": "玉树园餐厅", "amenity": "restaurant", "shop": null, "operator": "清华大学", "source": "DATA-SRC-OSM", "official_boundary": false, "usable_for_formal": "background_only", "precision_note": "OSM 社区数据 POI，位置精度数米级；公共服务设施底数背景"}, "geometry": {"type": "Point", "coordinates": [116.325948, 40.010465]}}, {"type": "Feature", "properties": {"layer": "OSM_PUBLIC_FACILITIES", "osm_id": 232729787, "osm_type": "way", "name": "西黃寺（中国藏语系高级佛学院）", "amenity": "college", "shop": null, "operator": null, "source": "DATA-SRC-OSM", "official_boundary": false, "usable_for_formal": "background_only", "precision_note": "OSM 社区数据 POI，位置精度数米级；公共服务设施底数背景"}, "geometry": {"type": "Point", "coordinates": [116.384235, 39.962953]}}, {"type": "Feature", "properties": {"layer": "OSM_PUBLIC_FACILITIES", "osm_id": 239150507, "osm_type": "way", "name": "北京教育学院附属中学", "amenity": "school", "shop": null, "operator": null, "source": "DATA-SRC-OSM", "official_boundary": false, "usable_for_formal": "background_only", "precision_note": "OSM 社区数据 POI，位置精度数米级；公共服务设施底数背景"}, "geometry": {"type": "Point", "coordinates": [116.36192, 39.942258]}}, {"type": "Feature", "properties": {"layer": "OSM_PUBLIC_FACILITIES", "osm_id": 239150547, "osm_type": "way", "name": "北京启喑实验学校", "amenity": "school", "shop": null, "operator": null, "source": "DATA-SRC-OSM", "official_boundary": false, "usable_for_formal": "background_only", "precision_note": "OSM 社区数据 POI，位置精度数米级；公共服务设施底数背景"}, "geometry": {"type": "Point", "coordinates": [116.362859, 39.943564]}}, {"type": "Feature", "properties": {"layer": "OSM_PUBLIC_FACILITIES", "osm_id": 239166840, "osm_type": "way", "name": "林业大学邮政所", "amenity": "post_office", "shop": null, "operator": "中国邮政", "source": "DATA-SRC-OSM", "official_boundary": false, "usable_for_formal": "background_only", "precision_note": "OSM 社区数据 POI，位置精度数米级；公共服务设施底数背景"}, "geometry": {"type": "Point", "coordinates": [116.34273, 40.002814]}}, {"type": "Feature", "properties": {"layer": "OSM_PUBLIC_FACILITIES", "osm_id": 240832243, "osm_type": "way", "name": "学五食堂", "amenity": "restaurant", "shop": null, "operator": null, "source": "DATA-SRC-OSM", "official_boundary": false, "usable_for_formal": "background_only", "precision_note": "OSM 社区数据 POI，位置精度数米级；公共服务设施底数背景"}, "geometry": {"type": "Point", "coordinates": [116.300869, 39.987671]}}, {"type": "Feature", "properties": {"layer": "OSM_PUBLIC_FACILITIES", "osm_id": 240832248, "osm_type": "way", "name": "农园餐厅", "amenity": "restaurant", "shop": null, "operator": null, "source": "DATA-SRC-OSM", "official_boundary": false, "usable_for_formal": "background_only", "precision_note": "OSM 社区数据 POI，位置精度数米级；公共服务设施底数背景"}, "geometry": {"type": "Point", "coordinates": [116.306096, 39.987527]}}, {"type": "Feature", "properties": {"layer": "OSM_PUBLIC_FACILITIES", "osm_id": 244249227, "osm_type": "way", "name": "中国地质图书馆", "amenity": "library", "shop": null, "operator": null, "source": "DATA-SRC-OSM", "official_boundary": false, "usable_for_formal": "background_only", "precision_note": "OSM 社区数据 POI，位置精度数米级；公共服务设施底数背景"}, "geometry": {"type": "Point", "coordinates": [116.343546, 39.990332]}}, {"type": "Feature", "properties": {"layer": "OSM_PUBLIC_FACILITIES", "osm_id": 245018916, "osm_type": "way", "name": "眉州东坡酒楼 魏公村店", "amenity": "restaurant", "shop": null, "operator": null, "source": "DATA-SRC-OSM", "official_boundary": false, "usable_for_formal": "background_only", "precision_note": "OSM 社区数据 POI，位置精度数米级；公共服务设施底数背景"}, "geometry": {"type": "Point", "coordinates": [116.312425, 39.95178]}}, {"type": "Feature", "properties": {"layer": "OSM_PUBLIC_FACILITIES", "osm_id": 245164271, "osm_type": "way", "name": "中国地质大学（北京）", "amenity": "university", "shop": null, "operator": "中华人民共和国教育部", "source": "DATA-SRC-OSM", "official_boundary": false, "usable_for_formal": "background_only", "precision_note": "OSM 社区数据 POI，位置精度数米级；公共服务设施底数背景"}, "geometry": {"type": "Point", "coordinates": [116.338916, 39.988683]}}, {"type": "Feature", "properties": {"layer": "OSM_PUBLIC_FACILITIES", "osm_id": 245751295, "osm_type": "way", "name": "餐厅", "amenity": "restaurant", "shop": null, "operator": null, "source": "DATA-SRC-OSM", "official_boundary": false, "usable_for_formal": "background_only", "precision_note": "OSM 社区数据 POI，位置精度数米级；公共服务设施底数背景"}, "geometry": {"type": "Point", "coordinates": [116.377628, 40.004949]}}, {"type": "Feature", "properties": {"layer": "OSM_PUBLIC_FACILITIES", "osm_id": 247351547, "osm_type": "way", "name": "矿大图书馆", "amenity": "library", "shop": null, "operator": null, "source": "DATA-SRC-OSM", "official_boundary": false, "usable_for_formal": "background_only", "precision_note": "OSM 社区数据 POI，位置精度数米级；公共服务设施底数背景"}, "geometry": {"type": "Point", "coordinates": [116.343188, 39.997293]}}, {"type": "Feature", "properties": {"layer": "OSM_PUBLIC_FACILITIES", "osm_id": 248393687, "osm_type": "way", "name": "中央财经大学", "amenity": "university", "shop": null, "operator": null, "source": "DATA-SRC-OSM", "official_boundary": false, "usable_for_formal": "background_only", "precision_note": "OSM 社区数据 POI，位置精度数米级；公共服务设施底数背景"}, "geometry": {"type": "Point", "coordinates": [116.335999, 39.958418]}}, {"type": "Feature", "properties": {"layer": "OSM_PUBLIC_FACILITIES", "osm_id": 249229899, "osm_type": "way", "name": null, "amenity": "fire_station", "shop": null, "operator": null, "source": "DATA-SRC-OSM", "official_boundary": false, "usable_for_formal": "background_only", "precision_note": "OSM 社区数据 POI，位置精度数米级；公共服务设施底数背景"}, "geometry": {"type": "Point", "coordinates": [116.324989, 39.965578]}}, {"type": "Feature", "properties": {"layer": "OSM_PUBLIC_FACILITIES", "osm_id": 250712057, "osm_type": "way", "name": "福浪", "amenity": "theatre", "shop": null, "operator": null, "source": "DATA-SRC-OSM", "official_boundary": false, "usable_for_formal": "background_only", "precision_note": "OSM 社区数据 POI，位置精度数米级；公共服务设施底数背景"}, "geometry": {"type": "Point", "coordinates": [116.390275, 39.977705]}}, {"type": "Feature", "properties": {"layer": "OSM_PUBLIC_FACILITIES", "osm_id": 256453433, "osm_type": "way", "name": "北京四惠西区医院", "amenity": "hospital", "shop": null, "operator": null, "source": "DATA-SRC-OSM", "official_boundary": false, "usable_for_formal": "background_only", "precision_note": "OSM 社区数据 POI，位置精度数米级；公共服务设施底数背景"}, "geometry": {"type": "Point", "coordinates": [116.343274, 39.956078]}}, {"type": "Feature", "properties": {"layer": "OSM_PUBLIC_FACILITIES", "osm_id": 256753335, "osm_type": "way", "name": "北京语言大学", "amenity": "university", "shop": null, "operator": null, "source": "DATA-SRC-OSM", "official_boundary": false, "usable_for_formal": "background_only", "precision_note": "OSM 社区数据 POI，位置精度数米级；公共服务设施底数背景"}, "geometry": {"type": "Point", "coordinates": [116.341962, 39.99453]}}, {"type": "Feature", "properties": {"layer": "OSM_PUBLIC_FACILITIES", "osm_id": 256756234, "osm_type": "way", "name": "Cafeteria No. 1", "amenity": "cafe", "shop": null, "operator": null, "source": "DATA-SRC-OSM", "official_boundary": false, "usable_for_formal": "background_only", "precision_note": "OSM 社区数据 POI，位置精度数米级；公共服务设施底数背景"}, "geometry": {"type": "Point", "coordinates": [116.341186, 39.99304]}}, {"type": "Feature", "properties": {"layer": "OSM_PUBLIC_FACILITIES", "osm_id": 263218414, "osm_type": "way", "name": "北京师范大学朝阳附属学校（小学部）", "amenity": "school", "shop": null, "operator": null, "source": "DATA-SRC-OSM", "official_boundary": false, "usable_for_formal": "background_only", "precision_note": "OSM 社区数据 POI，位置精度数米级；公共服务设施底数背景"}, "geometry": {"type": "Point", "coordinates": [116.363669, 40.01408]}}, {"type": "Feature", "properties": {"layer": "OSM_PUBLIC_FACILITIES", "osm_id": 265006297, "osm_type": "way", "name": "东区食堂", "amenity": "restaurant", "shop": null, "operator": null, "source": "DATA-SRC-OSM", "official_boundary": false, "usable_for_formal": "background_only", "precision_note": "OSM 社区数据 POI，位置精度数米级；公共服务设施底数背景"}, "geometry": {"type": "Point", "coordinates": [116.339981, 39.94712]}}, {"type": "Feature", "properties": {"layer": "OSM_PUBLIC_FACILITIES", "osm_id": 265008345, "osm_type": "way", "name": "北航实验学校小学部", "amenity": "school", "shop": null, "operator": null, "source": "DATA-SRC-OSM", "official_boundary": false, "usable_for_formal": "background_only", "precision_note": "OSM 社区数据 POI，位置精度数米级；公共服务设施底数背景"}, "geometry": {"type": "Point", "coordinates": [116.34296, 39.976368]}}, {"type": "Feature", "properties": {"layer": "OSM_PUBLIC_FACILITIES", "osm_id": 265030102, "osm_type": "way", "name": "麦当劳", "amenity": "fast_food", "shop": null, "operator": null, "source": "DATA-SRC-OSM", "official_boundary": false, "usable_for_formal": "background_only", "precision_note": "OSM 社区数据 POI，位置精度数米级；公共服务设施底数背景"}, "geometry": {"type": "Point", "coordinates": [116.35134, 39.962292]}}, {"type": "Feature", "properties": {"layer": "OSM_PUBLIC_FACILITIES", "osm_id": 266297360, "osm_type": "way", "name": "北京交通大学东校区", "amenity": "university", "shop": null, "operator": null, "source": "DATA-SRC-OSM", "official_boundary": false, "usable_for_formal": "background_only", "precision_note": "OSM 社区数据 POI，位置精度数米级；公共服务设施底数背景"}, "geometry": {"type": "Point", "coordinates": [116.340773, 39.946319]}}, {"type": "Feature", "properties": {"layer": "OSM_PUBLIC_FACILITIES", "osm_id": 266298563, "osm_type": "way", "name": "北京大学人民医院", "amenity": "hospital", "shop": null, "operator": null, "source": "DATA-SRC-OSM", "official_boundary": false, "usable_for_formal": "background_only", "precision_note": "OSM 社区数据 POI，位置精度数米级；公共服务设施底数背景"}, "geometry": {"type": "Point", "coordinates": [116.347884, 39.93521]}}, {"type": "Feature", "properties": {"layer": "OSM_PUBLIC_FACILITIES", "osm_id": 266512538, "osm_type": "way", "name": "北京交通大学主校区", "amenity": "university", "shop": null, "operator": null, "source": "DATA-SRC-OSM", "official_boundary": false, "usable_for_formal": "background_only", "precision_note": "OSM 社区数据 POI，位置精度数米级；公共服务设施底数背景"}, "geometry": {"type": "Point", "coordinates": [116.337566, 39.951176]}}, {"type": "Feature", "properties": {"layer": "OSM_PUBLIC_FACILITIES", "osm_id": 276198748, "osm_type": "way", "name": "学生一食堂", "amenity": "restaurant", "shop": null, "operator": null, "source": "DATA-SRC-OSM", "official_boundary": false, "usable_for_formal": "background_only", "precision_note": "OSM 社区数据 POI，位置精度数米级；公共服务设施底数背景"}, "geometry": {"type": "Point", "coordinates": [116.337199, 39.951828]}}, {"type": "Feature", "properties": {"layer": "OSM_PUBLIC_FACILITIES", "osm_id": 277748303, "osm_type": "way", "name": null, "amenity": "kindergarten", "shop": null, "operator": null, "source": "DATA-SRC-OSM", "official_boundary": false, "usable_for_formal": "background_only", "precision_note": "OSM 社区数据 POI，位置精度数米级；公共服务设施底数背景"}, "geometry": {"type": "Point", "coordinates": [116.366702, 40.038106]}}, {"type": "Feature", "properties": {"layer": "OSM_PUBLIC_FACILITIES", "osm_id": 277989175, "osm_type": "way", "name": "北京科技大学", "amenity": "university", "shop": null, "operator": "中华人民共和国教育部", "source": "DATA-SRC-OSM", "official_boundary": false, "usable_for_formal": "background_only", "precision_note": "OSM 社区数据 POI，位置精度数米级；公共服务设施底数背景"}, "geometry": {"type": "Point", "coordinates": [116.350744, 39.988436]}}, {"type": "Feature", "properties": {"layer": "OSM_PUBLIC_FACILITIES", "osm_id": 279281877, "osm_type": "way", "name": "工学院", "amenity": "college", "shop": null, "operator": null, "source": "DATA-SRC-OSM", "official_boundary": false, "usable_for_formal": "background_only", "precision_note": "OSM 社区数据 POI，位置精度数米级；公共服务设施底数背景"}, "geometry": {"type": "Point", "coordinates": [116.351244, 40.004579]}}, {"type": "Feature", "properties": {"layer": "OSM_PUBLIC_FACILITIES", "osm_id": 279303636, "osm_type": "way", "name": "北京邮电大学", "amenity": "university", "shop": null, "operator": null, "source": "DATA-SRC-OSM", "official_boundary": false, "usable_for_formal": "background_only", "precision_note": "OSM 社区数据 POI，位置精度数米级；公共服务设施底数背景"}, "geometry": {"type": "Point", "coordinates": [116.351318, 39.959096]}}, {"type": "Feature", "properties": {"layer": "OSM_PUBLIC_FACILITIES", "osm_id": 290283254, "osm_type": "way", "name": null, "amenity": "library", "shop": null, "operator": null, "source": "DATA-SRC-OSM", "official_boundary": false, "usable_for_formal": "background_only", "precision_note": "OSM 社区数据 POI，位置精度数米级；公共服务设施底数背景"}, "geometry": {"type": "Point", "coordinates": [116.341533, 39.994191]}}, {"type": "Feature", "properties": {"layer": "OSM_PUBLIC_FACILITIES", "osm_id": 297313053, "osm_type": "way", "name": "北京市公安局德胜门外派出所", "amenity": "police", "shop": null, "operator": null, "source": "DATA-SRC-OSM", "official_boundary": false, "usable_for_formal": "background_only", "precision_note": "OSM 社区数据 POI，位置精度数米级；公共服务设施底数背景"}, "geometry": {"type": "Point", "coordinates": [116.375691, 39.948696]}}, {"type": "Feature", "properties": {"layer": "OSM_PUBLIC_FACILITIES", "osm_id": 297338338, "osm_type": "way", "name": "北京大学人民医院(清河分院)", "amenity": "hospital", "shop": null, "operator": null, "source": "DATA-SRC-OSM", "official_boundary": false, "usable_for_formal": "background_only", "precision_note": "OSM 社区数据 POI，位置精度数米级；公共服务设施底数背景"}, "geometry": {"type": "Point", "coordinates": [116.339761, 40.034615]}}, {"type": "Feature", "properties": {"layer": "OSM_PUBLIC_FACILITIES", "osm_id": 298031484, "osm_type": "way", "name": "东区食堂", "amenity": "restaurant", "shop": null, "operator": null, "source": "DATA-SRC-OSM", "official_boundary": false, "usable_for_formal": "background_only", "precision_note": "OSM 社区数据 POI，位置精度数米级；公共服务设施底数背景"}, "geometry": {"type": "Point", "coordinates": [116.31111, 39.967585]}}, {"type": "Feature", "properties": {"layer": "OSM_PUBLIC_FACILITIES", "osm_id": 298041155, "osm_type": "way", "name": "北京培黎职业学院", "amenity": "college", "shop": null, "operator": null, "source": "DATA-SRC-OSM", "official_boundary": false, "usable_for_formal": "background_only", "precision_note": "OSM 社区数据 POI，位置精度数米级；公共服务设施底数背景"}, "geometry": {"type": "Point", "coordinates": [116.33907, 40.019553]}}, {"type": "Feature", "properties": {"layer": "OSM_PUBLIC_FACILITIES", "osm_id": 298474891, "osm_type": "way", "name": "海淀区永泰小学", "amenity": "school", "shop": null, "operator": null, "source": "DATA-SRC-OSM", "official_boundary": false, "usable_for_formal": "background_only", "precision_note": "OSM 社区数据 POI，位置精度数米级；公共服务设施底数背景"}, "geometry": {"type": "Point", "coordinates": [116.35169, 40.031882]}}, {"type": "Feature", "properties": {"layer": "OSM_PUBLIC_FACILITIES", "osm_id": 302985254, "osm_type": "way", "name": "中国科学院大学中关村校区", "amenity": "college", "shop": null, "operator": null, "source": "DATA-SRC-OSM", "official_boundary": false, "usable_for_formal": "background_only", "precision_note": "OSM 社区数据 POI，位置精度数米级；公共服务设施底数背景"}, "geometry": {"type": "Point", "coordinates": [116.323868, 39.980503]}}, {"type": "Feature", "properties": {"layer": "OSM_PUBLIC_FACILITIES", "osm_id": 305570852, "osm_type": "way", "name": "中国农业科学院附属小学（农科院校区）", "amenity": "school", "shop": null, "operator": null, "source": "DATA-SRC-OSM", "official_boundary": false, "usable_for_formal": "background_only", "precision_note": "OSM 社区数据 POI，位置精度数米级；公共服务设施底数背景"}, "geometry": {"type": "Point", "coordinates": [116.32228, 39.956499]}}, {"type": "Feature", "properties": {"layer": "OSM_PUBLIC_FACILITIES", "osm_id": 305570853, "osm_type": "way", "name": "老干部活动中心", "amenity": "community_centre", "shop": null, "operator": null, "source": "DATA-SRC-OSM", "official_boundary": false, "usable_for_formal": "background_only", "precision_note": "OSM 社区数据 POI，位置精度数米级；公共服务设施底数背景"}, "geometry": {"type": "Point", "coordinates": [116.320132, 39.95723]}}, {"type": "Feature", "properties": {"layer": "OSM_PUBLIC_FACILITIES", "osm_id": 305570854, "osm_type": "way", "name": "中国农业科学院附属幼儿园", "amenity": "kindergarten", "shop": null, "operator": null, "source": "DATA-SRC-OSM", "official_boundary": false, "usable_for_formal": "background_only", "precision_note": "OSM 社区数据 POI，位置精度数米级；公共服务设施底数背景"}, "geometry": {"type": "Point", "coordinates": [116.322166, 39.95772]}}, {"type": "Feature", "properties": {"layer": "OSM_PUBLIC_FACILITIES", "osm_id": 305570856, "osm_type": "way", "name": "国家农业图书馆", "amenity": "library", "shop": null, "operator": null, "source": "DATA-SRC-OSM", "official_boundary": false, "usable_for_formal": "background_only", "precision_note": "OSM 社区数据 POI，位置精度数米级；公共服务设施底数背景"}, "geometry": {"type": "Point", "coordinates": [116.320067, 39.958551]}}, {"type": "Feature", "properties": {"layer": "OSM_PUBLIC_FACILITIES", "osm_id": 305570858, "osm_type": "way", "name": null, "amenity": "police", "shop": null, "operator": null, "source": "DATA-SRC-OSM", "official_boundary": false, "usable_for_formal": "background_only", "precision_note": "OSM 社区数据 POI，位置精度数米级；公共服务设施底数背景"}, "geometry": {"type": "Point", "coordinates": [116.321876, 39.957046]}}, {"type": "Feature", "properties": {"layer": "OSM_PUBLIC_FACILITIES", "osm_id": 307895965, "osm_type": "way", "name": "美怡园食府", "amenity": "restaurant", "shop": null, "operator": null, "source": "DATA-SRC-OSM", "official_boundary": false, "usable_for_formal": "background_only", "precision_note": "OSM 社区数据 POI，位置精度数米级；公共服务设施底数背景"}, "geometry": {"type": "Point", "coordinates": [116.325052, 39.936024]}}, {"type": "Feature", "properties": {"layer": "OSM_PUBLIC_FACILITIES", "osm_id": 313367526, "osm_type": "way", "name": "海淀交通支队中关村大队", "amenity": "police", "shop": null, "operator": null, "source": "DATA-SRC-OSM", "official_boundary": false, "usable_for_formal": "background_only", "precision_note": "OSM 社区数据 POI，位置精度数米级；公共服务设施底数背景"}, "geometry": {"type": "Point", "coordinates": [116.328184, 39.977314]}}, {"type": "Feature", "properties": {"layer": "OSM_PUBLIC_FACILITIES", "osm_id": 314370873, "osm_type": "way", "name": "万秀园", "amenity": "restaurant", "shop": null, "operator": null, "source": "DATA-SRC-OSM", "official_boundary": false, "usable_for_formal": "background_only", "precision_note": "OSM 社区数据 POI，位置精度数米级；公共服务设施底数背景"}, "geometry": {"type": "Point", "coordinates": [116.355662, 39.987585]}}, {"type": "Feature", "properties": {"layer": "OSM_PUBLIC_FACILITIES", "osm_id": 314370874, "osm_type": "way", "name": "鸿博园", "amenity": "restaurant", "shop": null, "operator": null, "source": "DATA-SRC-OSM", "official_boundary": false, "usable_for_formal": "background_only", "precision_note": "OSM 社区数据 POI，位置精度数米级；公共服务设施底数背景"}, "geometry": {"type": "Point", "coordinates": [116.351339, 39.987495]}}, {"type": "Feature", "properties": {"layer": "OSM_PUBLIC_FACILITIES", "osm_id": 344373140, "osm_type": "way", "name": "校医院（北京邮电大学社区卫生服务中心）", "amenity": "hospital", "shop": null, "operator": null, "source": "DATA-SRC-OSM", "official_boundary": false, "usable_for_formal": "background_only", "precision_note": "OSM 社区数据 POI，位置精度数米级；公共服务设施底数背景"}, "geometry": {"type": "Point", "coordinates": [116.350649, 39.958589]}}, {"type": "Feature", "properties": {"layer": "OSM_PUBLIC_FACILITIES", "osm_id": 352165031, "osm_type": "way", "name": "真觉寺", "amenity": "place_of_worship", "shop": null, "operator": null, "source": "DATA-SRC-OSM", "official_boundary": false, "usable_for_formal": "background_only", "precision_note": "OSM 社区数据 POI，位置精度数米级；公共服务设施底数背景"}, "geometry": {"type": "Point", "coordinates": [116.323716, 39.943055]}}, {"type": "Feature", "properties": {"layer": "OSM_PUBLIC_FACILITIES", "osm_id": 354312341, "osm_type": "way", "name": "学生区快递服务站", "amenity": "post_office", "shop": null, "operator": "近邻宝", "source": "DATA-SRC-OSM", "official_boundary": false, "usable_for_formal": "background_only", "precision_note": "OSM 社区数据 POI，位置精度数米级；公共服务设施底数背景"}, "geometry": {"type": "Point", "coordinates": [116.320992, 40.011742]}}, {"type": "Feature", "properties": {"layer": "OSM_PUBLIC_FACILITIES", "osm_id": 365025448, "osm_type": "way", "name": "中央民族大学", "amenity": "university", "shop": null, "operator": null, "source": "DATA-SRC-OSM", "official_boundary": false, "usable_for_formal": "background_only", "precision_note": "OSM 社区数据 POI，位置精度数米级；公共服务设施底数背景"}, "geometry": {"type": "Point", "coordinates": [116.313842, 39.949474]}}, {"type": "Feature", "properties": {"layer": "OSM_PUBLIC_FACILITIES", "osm_id": 365805614, "osm_type": "way", "name": "北京石油学院附属小学", "amenity": "school", "shop": null, "operator": "北京石油学院", "source": "DATA-SRC-OSM", "official_boundary": false, "usable_for_formal": "background_only", "precision_note": "OSM 社区数据 POI，位置精度数米级；公共服务设施底数背景"}, "geometry": {"type": "Point", "coordinates": [116.357356, 39.993782]}}, {"type": "Feature", "properties": {"layer": "OSM_PUBLIC_FACILITIES", "osm_id": 365816824, "osm_type": "way", "name": "北京石油学院附属中学", "amenity": "school", "shop": null, "operator": null, "source": "DATA-SRC-OSM", "official_boundary": false, "usable_for_formal": "background_only", "precision_note": "OSM 社区数据 POI，位置精度数米级；公共服务设施底数背景"}, "geometry": {"type": "Point", "coordinates": [116.356525, 39.997857]}}, {"type": "Feature", "properties": {"layer": "OSM_PUBLIC_FACILITIES", "osm_id": 365853170, "osm_type": "way", "name": "科技食堂", "amenity": "restaurant", "shop": null, "operator": null, "source": "DATA-SRC-OSM", "official_boundary": false, "usable_for_formal": "background_only", "precision_note": "OSM 社区数据 POI，位置精度数米级；公共服务设施底数背景"}, "geometry": {"type": "Point", "coordinates": [116.350319, 39.994048]}}, {"type": "Feature", "properties": {"layer": "OSM_PUBLIC_FACILITIES", "osm_id": 367970203, "osm_type": "way", "name": "北京信息科技大学（清河小营校区）", "amenity": "school", "shop": null, "operator": null, "source": "DATA-SRC-OSM", "official_boundary": false, "usable_for_formal": "background_only", "precision_note": "OSM 社区数据 POI，位置精度数米级；公共服务设施底数背景"}, "geometry": {"type": "Point", "coordinates": [116.341334, 40.037197]}}, {"type": "Feature", "properties": {"layer": "OSM_PUBLIC_FACILITIES", "osm_id": 372945805, "osm_type": "way", "name": "学一食堂", "amenity": "restaurant", "shop": null, "operator": null, "source": "DATA-SRC-OSM", "official_boundary": false, "usable_for_formal": "background_only", "precision_note": "OSM 社区数据 POI，位置精度数米级；公共服务设施底数背景"}, "geometry": {"type": "Point", "coordinates": [116.301697, 39.986258]}}, {"type": "Feature", "properties": {"layer": "OSM_PUBLIC_FACILITIES", "osm_id": 377569800, "osm_type": "way", "name": "国安剧院", "amenity": "theatre", "shop": null, "operator": null, "source": "DATA-SRC-OSM", "official_boundary": false, "usable_for_formal": "background_only", "precision_note": "OSM 社区数据 POI，位置精度数米级；公共服务设施底数背景"}, "geometry": {"type": "Point", "coordinates": [116.364421, 39.980131]}}, {"type": "Feature", "properties": {"layer": "OSM_PUBLIC_FACILITIES", "osm_id": 378420724, "osm_type": "way", "name": "中国政法大学（学院路校区）", "amenity": "university", "shop": null, "operator": null, "source": "DATA-SRC-OSM", "official_boundary": false, "usable_for_formal": "background_only", "precision_note": "OSM 社区数据 POI，位置精度数米级；公共服务设施底数背景"}, "geometry": {"type": "Point", "coordinates": [116.344517, 39.963667]}}, {"type": "Feature", "properties": {"layer": "OSM_PUBLIC_FACILITIES", "osm_id": 380109089, "osm_type": "way", "name": "中关村中学（双榆树校区）", "amenity": "school", "shop": null, "operator": null, "source": "DATA-SRC-OSM", "official_boundary": false, "usable_for_formal": "background_only", "precision_note": "OSM 社区数据 POI，位置精度数米级；公共服务设施底数背景"}, "geometry": {"type": "Point", "coordinates": [116.314869, 39.970804]}}, {"type": "Feature", "properties": {"layer": "OSM_PUBLIC_FACILITIES", "osm_id": 383266188, "osm_type": "way", "name": "北一区图书馆", "amenity": "library", "shop": null, "operator": "首都师范大学", "source": "DATA-SRC-OSM", "official_boundary": false, "usable_for_formal": "background_only", "precision_note": "OSM 社区数据 POI，位置精度数米级；公共服务设施底数背景"}, "geometry": {"type": "Point", "coordinates": [116.301909, 39.936449]}}, {"type": "Feature", "properties": {"layer": "OSM_PUBLIC_FACILITIES", "osm_id": 388355720, "osm_type": "way", "name": "北京电影学院", "amenity": "college", "shop": null, "operator": null, "source": "DATA-SRC-OSM", "official_boundary": false, "usable_for_formal": "background_only", "precision_note": "OSM 社区数据 POI，位置精度数米级；公共服务设施底数背景"}, "geometry": {"type": "Point", "coordinates": [116.349612, 39.97019]}}, {"type": "Feature", "properties": {"layer": "OSM_PUBLIC_FACILITIES", "osm_id": 389714442, "osm_type": "way", "name": "中国科学院大学（中关村校区）", "amenity": "university", "shop": null, "operator": "中国科学院大学", "source": "DATA-SRC-OSM", "official_boundary": false, "usable_for_formal": "background_only", "precision_note": "OSM 社区数据 POI，位置精度数米级；公共服务设施底数背景"}, "geometry": {"type": "Point", "coordinates": [116.329849, 39.982349]}}, {"type": "Feature", "properties": {"layer": "OSM_PUBLIC_FACILITIES", "osm_id": 391182787, "osm_type": "way", "name": "青年公寓食堂", "amenity": "restaurant", "shop": null, "operator": null, "source": "DATA-SRC-OSM", "official_boundary": false, "usable_for_formal": "background_only", "precision_note": "OSM 社区数据 POI，位置精度数米级；公共服务设施底数背景"}, "geometry": {"type": "Point", "coordinates": [116.328374, 39.983369]}}, {"type": "Feature", "properties": {"layer": "OSM_PUBLIC_FACILITIES", "osm_id": 392552191, "osm_type": "way", "name": "北大青鸟总部食堂", "amenity": "restaurant", "shop": null, "operator": null, "source": "DATA-SRC-OSM", "official_boundary": false, "usable_for_formal": "background_only", "precision_note": "OSM 社区数据 POI，位置精度数米级；公共服务设施底数背景"}, "geometry": {"type": "Point", "coordinates": [116.31274, 39.991829]}}, {"type": "Feature", "properties": {"layer": "OSM_PUBLIC_FACILITIES", "osm_id": 398506106, "osm_type": "way", "name": "清华大学附属中学上地小学", "amenity": "school", "shop": null, "operator": null, "source": "DATA-SRC-OSM", "official_boundary": false, "usable_for_formal": "background_only", "precision_note": "OSM 社区数据 POI，位置精度数米级；公共服务设施底数背景"}, "geometry": {"type": "Point", "coordinates": [116.315417, 40.015538]}}, {"type": "Feature", "properties": {"layer": "OSM_PUBLIC_FACILITIES", "osm_id": 398508191, "osm_type": "way", "name": "北京体育大学", "amenity": "university", "shop": null, "operator": null, "source": "DATA-SRC-OSM", "official_boundary": false, "usable_for_formal": "background_only", "precision_note": "OSM 社区数据 POI，位置精度数米级；公共服务设施底数背景"}, "geometry": {"type": "Point", "coordinates": [116.312992, 40.022272]}}, {"type": "Feature", "properties": {"layer": "OSM_PUBLIC_FACILITIES", "osm_id": 399013934, "osm_type": "way", "name": "综合食堂(新食堂)", "amenity": "restaurant", "shop": null, "operator": null, "source": "DATA-SRC-OSM", "official_boundary": false, "usable_for_formal": "background_only", "precision_note": "OSM 社区数据 POI，位置精度数米级；公共服务设施底数背景"}, "geometry": {"type": "Point", "coordinates": [116.350322, 39.962591]}}, {"type": "Feature", "properties": {"layer": "OSM_PUBLIC_FACILITIES", "osm_id": 399018200, "osm_type": "way", "name": "北京邮电大学学生餐厅(老食堂)", "amenity": "restaurant", "shop": null, "operator": null, "source": "DATA-SRC-OSM", "official_boundary": false, "usable_for_formal": "background_only", "precision_note": "OSM 社区数据 POI，位置精度数米级；公共服务设施底数背景"}, "geometry": {"type": "Point", "coordinates": [116.352853, 39.962]}}, {"type": "Feature", "properties": {"layer": "OSM_PUBLIC_FACILITIES", "osm_id": 403594616, "osm_type": "way", "name": "西城区进步小学", "amenity": "school", "shop": null, "operator": null, "source": "DATA-SRC-OSM", "official_boundary": false, "usable_for_formal": "background_only", "precision_note": "OSM 社区数据 POI，位置精度数米级；公共服务设施底数背景"}, "geometry": {"type": "Point", "coordinates": [116.341518, 39.935188]}}, {"type": "Feature", "properties": {"layer": "OSM_PUBLIC_FACILITIES", "osm_id": 403595578, "osm_type": "way", "name": "展览路医院", "amenity": "hospital", "shop": null, "operator": null, "source": "DATA-SRC-OSM", "official_boundary": false, "usable_for_formal": "background_only", "precision_note": "OSM 社区数据 POI，位置精度数米级；公共服务设施底数背景"}, "geometry": {"type": "Point", "coordinates": [116.342729, 39.936065]}}, {"type": "Feature", "properties": {"layer": "OSM_PUBLIC_FACILITIES", "osm_id": 412295595, "osm_type": "way", "name": "北京建筑大学（西城校区）", "amenity": "university", "shop": null, "operator": null, "source": "DATA-SRC-OSM", "official_boundary": false, "usable_for_formal": "background_only", "precision_note": "OSM 社区数据 POI，位置精度数米级；公共服务设施底数背景"}, "geometry": {"type": "Point", "coordinates": [116.3359, 39.933801]}}, {"type": "Feature", "properties": {"layer": "OSM_PUBLIC_FACILITIES", "osm_id": 412296444, "osm_type": "way", "name": "首都师范大学（北一区）", "amenity": "university", "shop": null, "operator": "首都师范大学", "source": "DATA-SRC-OSM", "official_boundary": false, "usable_for_formal": "background_only", "precision_note": "OSM 社区数据 POI，位置精度数米级；公共服务设施底数背景"}, "geometry": {"type": "Point", "coordinates": [116.301745, 39.936394]}}, {"type": "Feature", "properties": {"layer": "OSM_PUBLIC_FACILITIES", "osm_id": 412296512, "osm_type": "way", "name": "首都师范大学（北二区）", "amenity": "university", "shop": null, "operator": "首都师范大学", "source": "DATA-SRC-OSM", "official_boundary": false, "usable_for_formal": "background_only", "precision_note": "OSM 社区数据 POI，位置精度数米级；公共服务设施底数背景"}, "geometry": {"type": "Point", "coordinates": [116.305284, 39.935543]}}, {"type": "Feature", "properties": {"layer": "OSM_PUBLIC_FACILITIES", "osm_id": 412296579, "osm_type": "way", "name": "北京化工大学(西校区)", "amenity": "university", "shop": null, "operator": "中华人民共和国教育部", "source": "DATA-SRC-OSM", "official_boundary": false, "usable_for_formal": "background_only", "precision_note": "OSM 社区数据 POI，位置精度数米级；公共服务设施底数背景"}, "geometry": {"type": "Point", "coordinates": [116.297514, 39.941021]}}, {"type": "Feature", "properties": {"layer": "OSM_PUBLIC_FACILITIES", "osm_id": 412296635, "osm_type": "way", "name": "中国青年政治学院", "amenity": "university", "shop": null, "operator": null, "source": "DATA-SRC-OSM", "official_boundary": false, "usable_for_formal": "background_only", "precision_note": "OSM 社区数据 POI，位置精度数米级；公共服务设施底数背景"}, "geometry": {"type": "Point", "coordinates": [116.300878, 39.949217]}}, {"type": "Feature", "properties": {"layer": "OSM_PUBLIC_FACILITIES", "osm_id": 412296879, "osm_type": "way", "name": "中国人民大学附属中学", "amenity": "school", "shop": null, "operator": null, "source": "DATA-SRC-OSM", "official_boundary": false, "usable_for_formal": "background_only", "precision_note": "OSM 社区数据 POI，位置精度数米级；公共服务设施底数背景"}, "geometry": {"type": "Point", "coordinates": [116.309375, 39.973137]}}, {"type": "Feature", "properties": {"layer": "OSM_PUBLIC_FACILITIES", "osm_id": 412297452, "osm_type": "way", "name": "北京大学附属中学", "amenity": "school", "shop": null, "operator": null, "source": "DATA-SRC-OSM", "official_boundary": false, "usable_for_formal": "background_only", "precision_note": "OSM 社区数据 POI，位置精度数米级；公共服务设施底数背景"}, "geometry": {"type": "Point", "coordinates": [116.314342, 39.976784]}}, {"type": "Feature", "properties": {"layer": "OSM_PUBLIC_FACILITIES", "osm_id": 412298166, "osm_type": "way", "name": "清华大学附属中学", "amenity": "school", "shop": null, "operator": "清华大学", "source": "DATA-SRC-OSM", "official_boundary": false, "usable_for_formal": "background_only", "precision_note": "OSM 社区数据 POI，位置精度数米级；公共服务设施底数背景"}, "geometry": {"type": "Point", "coordinates": [116.314395, 40.008448]}}, {"type": "Feature", "properties": {"layer": "OSM_PUBLIC_FACILITIES", "osm_id": 412304646, "osm_type": "way", "name": "北京市第三十五中学", "amenity": "school", "shop": null, "operator": null, "source": "DATA-SRC-OSM", "official_boundary": false, "usable_for_formal": "background_only", "precision_note": "OSM 社区数据 POI，位置精度数米级；公共服务设施底数背景"}, "geometry": {"type": "Point", "coordinates": [116.363166, 39.938007]}}, {"type": "Feature", "properties": {"layer": "OSM_PUBLIC_FACILITIES", "osm_id": 412323504, "osm_type": "way", "name": "北京林业大学", "amenity": "university", "shop": null, "operator": null, "source": "DATA-SRC-OSM", "official_boundary": false, "usable_for_formal": "background_only", "precision_note": "OSM 社区数据 POI，位置精度数米级；公共服务设施底数背景"}, "geometry": {"type": "Point", "coordinates": [116.338701, 40.001914]}}, {"type": "Feature", "properties": {"layer": "OSM_PUBLIC_FACILITIES", "osm_id": 412323507, "osm_type": "way", "name": "北京联合大学学院路校区", "amenity": "university", "shop": null, "operator": null, "source": "DATA-SRC-OSM", "official_boundary": false, "usable_for_formal": "background_only", "precision_note": "OSM 社区数据 POI，位置精度数米级；公共服务设施底数背景"}, "geometry": {"type": "Point", "coordinates": [116.348985, 39.976053]}}, {"type": "Feature", "properties": {"layer": "OSM_PUBLIC_FACILITIES", "osm_id": 412323508, "osm_type": "way", "name": "中国农业大学", "amenity": "university", "shop": null, "operator": null, "source": "DATA-SRC-OSM", "official_boundary": false, "usable_for_formal": "background_only", "precision_note": "OSM 社区数据 POI，位置精度数米级；公共服务设施底数背景"}, "geometry": {"type": "Point", "coordinates": [116.349789, 40.008748]}}, {"type": "Feature", "properties": {"layer": "OSM_PUBLIC_FACILITIES", "osm_id": 434331017, "osm_type": "way", "name": "北京市第一零一中学矿大分校", "amenity": "school", "shop": null, "operator": null, "source": "DATA-SRC-OSM", "official_boundary": false, "usable_for_formal": "background_only", "precision_note": "OSM 社区数据 POI，位置精度数米级；公共服务设施底数背景"}, "geometry": {"type": "Point", "coordinates": [116.341051, 39.997146]}}, {"type": "Feature", "properties": {"layer": "OSM_PUBLIC_FACILITIES", "osm_id": 435148186, "osm_type": "way", "name": "北京科技大学附属中学", "amenity": "school", "shop": null, "operator": null, "source": "DATA-SRC-OSM", "official_boundary": false, "usable_for_formal": "background_only", "precision_note": "OSM 社区数据 POI，位置精度数米级；公共服务设施底数背景"}, "geometry": {"type": "Point", "coordinates": [116.357082, 39.991379]}}, {"type": "Feature", "properties": {"layer": "OSM_PUBLIC_FACILITIES", "osm_id": 437945146, "osm_type": "way", "name": "海淀区第三实验小学（南校区）", "amenity": "school", "shop": null, "operator": null, "source": "DATA-SRC-OSM", "official_boundary": false, "usable_for_formal": "background_only", "precision_note": "OSM 社区数据 POI，位置精度数米级；公共服务设施底数背景"}, "geometry": {"type": "Point", "coordinates": [116.337822, 39.990108]}}, {"type": "Feature", "properties": {"layer": "OSM_PUBLIC_FACILITIES", "osm_id": 438504958, "osm_type": "way", "name": "中国人民解放军火箭军特色医学中心", "amenity": "hospital", "shop": null, "operator": null, "source": "DATA-SRC-OSM", "official_boundary": false, "usable_for_formal": "background_only", "precision_note": "OSM 社区数据 POI，位置精度数米级；公共服务设施底数背景"}, "geometry": {"type": "Point", "coordinates": [116.366373, 39.95564]}}, {"type": "Feature", "properties": {"layer": "OSM_PUBLIC_FACILITIES", "osm_id": 439833755, "osm_type": "way", "name": "为明幼教实验幼儿园", "amenity": "kindergarten", "shop": null, "operator": null, "source": "DATA-SRC-OSM", "official_boundary": false, "usable_for_formal": "background_only", "precision_note": "OSM 社区数据 POI，位置精度数米级；公共服务设施底数背景"}, "geometry": {"type": "Point", "coordinates": [116.365775, 40.010087]}}, {"type": "Feature", "properties": {"layer": "OSM_PUBLIC_FACILITIES", "osm_id": 442765604, "osm_type": "way", "name": "北京师范大学朝阳附属学校（中学部）", "amenity": "school", "shop": null, "operator": null, "source": "DATA-SRC-OSM", "official_boundary": false, "usable_for_formal": "background_only", "precision_note": "OSM 社区数据 POI，位置精度数米级；公共服务设施底数背景"}, "geometry": {"type": "Point", "coordinates": [116.362628, 40.009038]}}, {"type": "Feature", "properties": {"layer": "OSM_PUBLIC_FACILITIES", "osm_id": 444894328, "osm_type": "way", "name": "松林餐厅", "amenity": "restaurant", "shop": null, "operator": null, "source": "DATA-SRC-OSM", "official_boundary": false, "usable_for_formal": "background_only", "precision_note": "OSM 社区数据 POI，位置精度数米级；公共服务设施底数背景"}, "geometry": {"type": "Point", "coordinates": [116.302007, 39.986466]}}, {"type": "Feature", "properties": {"layer": "OSM_PUBLIC_FACILITIES", "osm_id": 444894329, "osm_type": "way", "name": "餐饮综合楼（家园食堂）", "amenity": "restaurant", "shop": null, "operator": null, "source": "DATA-SRC-OSM", "official_boundary": false, "usable_for_formal": "background_only", "precision_note": "OSM 社区数据 POI，位置精度数米级；公共服务设施底数背景"}, "geometry": {"type": "Point", "coordinates": [116.301781, 39.987035]}}, {"type": "Feature", "properties": {"layer": "OSM_PUBLIC_FACILITIES", "osm_id": 445016204, "osm_type": "way", "name": "佟园餐厅（清真）", "amenity": "restaurant", "shop": null, "operator": null, "source": "DATA-SRC-OSM", "official_boundary": false, "usable_for_formal": "background_only", "precision_note": "OSM 社区数据 POI，位置精度数米级；公共服务设施底数背景"}, "geometry": {"type": "Point", "coordinates": [116.300687, 39.989765]}}, {"type": "Feature", "properties": {"layer": "OSM_PUBLIC_FACILITIES", "osm_id": 446944417, "osm_type": "way", "name": "燕南食堂", "amenity": "restaurant", "shop": null, "operator": null, "source": "DATA-SRC-OSM", "official_boundary": false, "usable_for_formal": "background_only", "precision_note": "OSM 社区数据 POI，位置精度数米级；公共服务设施底数背景"}, "geometry": {"type": "Point", "coordinates": [116.30411, 39.989255]}}, {"type": "Feature", "properties": {"layer": "OSM_PUBLIC_FACILITIES", "osm_id": 447572742, "osm_type": "way", "name": "北京师范大学第二附属中学国际部", "amenity": "school", "shop": null, "operator": null, "source": "DATA-SRC-OSM", "official_boundary": false, "usable_for_formal": "background_only", "precision_note": "OSM 社区数据 POI，位置精度数米级；公共服务设施底数背景"}, "geometry": {"type": "Point", "coordinates": [116.363487, 40.031275]}}, {"type": "Feature", "properties": {"layer": "OSM_PUBLIC_FACILITIES", "osm_id": 448631004, "osm_type": "way", "name": "北京市信息管理学院", "amenity": "school", "shop": null, "operator": null, "source": "DATA-SRC-OSM", "official_boundary": false, "usable_for_formal": "background_only", "precision_note": "OSM 社区数据 POI，位置精度数米级；公共服务设施底数背景"}, "geometry": {"type": "Point", "coordinates": [116.354052, 40.030455]}}, {"type": "Feature", "properties": {"layer": "OSM_PUBLIC_FACILITIES", "osm_id": 451304710, "osm_type": "way", "name": "北园教工食堂", "amenity": "fast_food", "shop": null, "operator": null, "source": "DATA-SRC-OSM", "official_boundary": false, "usable_for_formal": "background_only", "precision_note": "OSM 社区数据 POI，位置精度数米级；公共服务设施底数背景"}, "geometry": {"type": "Point", "coordinates": [116.312834, 40.010668]}}, {"type": "Feature", "properties": {"layer": "OSM_PUBLIC_FACILITIES", "osm_id": 467591980, "osm_type": "way", "name": "中国科学院大学（奥运村校区）", "amenity": "university", "shop": null, "operator": "University of Chinese Academy of Sciences", "source": "DATA-SRC-OSM", "official_boundary": false, "usable_for_formal": "background_only", "precision_note": "OSM 社区数据 POI，位置精度数米级；公共服务设施底数背景"}, "geometry": {"type": "Point", "coordinates": [116.373076, 40.002057]}}, {"type": "Feature", "properties": {"layer": "OSM_PUBLIC_FACILITIES", "osm_id": 467711164, "osm_type": "way", "name": "北京大学附属中学北医分校", "amenity": "school", "shop": null, "operator": null, "source": "DATA-SRC-OSM", "official_boundary": false, "usable_for_formal": "background_only", "precision_note": "OSM 社区数据 POI，位置精度数米级；公共服务设施底数背景"}, "geometry": {"type": "Point", "coordinates": [116.356297, 39.979676]}}, {"type": "Feature", "properties": {"layer": "OSM_PUBLIC_FACILITIES", "osm_id": 467844922, "osm_type": "way", "name": "海淀区中关村第一小学", "amenity": "school", "shop": null, "operator": null, "source": "DATA-SRC-OSM", "official_boundary": false, "usable_for_formal": "background_only", "precision_note": "OSM 社区数据 POI，位置精度数米级；公共服务设施底数背景"}, "geometry": {"type": "Point", "coordinates": [116.315477, 39.982438]}}, {"type": "Feature", "properties": {"layer": "OSM_PUBLIC_FACILITIES", "osm_id": 467845000, "osm_type": "way", "name": "北京市中关村中学", "amenity": "school", "shop": null, "operator": null, "source": "DATA-SRC-OSM", "official_boundary": false, "usable_for_formal": "background_only", "precision_note": "OSM 社区数据 POI，位置精度数米级；公共服务设施底数背景"}, "geometry": {"type": "Point", "coordinates": [116.320352, 39.977142]}}, {"type": "Feature", "properties": {"layer": "OSM_PUBLIC_FACILITIES", "osm_id": 467852131, "osm_type": "way", "name": "海淀区双榆树中心小学", "amenity": "school", "shop": null, "operator": null, "source": "DATA-SRC-OSM", "official_boundary": false, "usable_for_formal": "background_only", "precision_note": "OSM 社区数据 POI，位置精度数米级；公共服务设施底数背景"}, "geometry": {"type": "Point", "coordinates": [116.317356, 39.967693]}}, {"type": "Feature", "properties": {"layer": "OSM_PUBLIC_FACILITIES", "osm_id": 468830012, "osm_type": "way", "name": "大学生活动中心", "amenity": "community_centre", "shop": null, "operator": null, "source": "DATA-SRC-OSM", "official_boundary": false, "usable_for_formal": "background_only", "precision_note": "OSM 社区数据 POI，位置精度数米级；公共服务设施底数背景"}, "geometry": {"type": "Point", "coordinates": [116.334856, 39.93505]}}, {"type": "Feature", "properties": {"layer": "OSM_PUBLIC_FACILITIES", "osm_id": 473654610, "osm_type": "way", "name": "北京交通大学附属中学（南校区）", "amenity": "school", "shop": null, "operator": "北京交通大学", "source": "DATA-SRC-OSM", "official_boundary": false, "usable_for_formal": "background_only", "precision_note": "OSM 社区数据 POI，位置精度数米级；公共服务设施底数背景"}, "geometry": {"type": "Point", "coordinates": [116.338163, 39.95358]}}, {"type": "Feature", "properties": {"layer": "OSM_PUBLIC_FACILITIES", "osm_id": 475229886, "osm_type": "way", "name": "中央财经大学清河校区", "amenity": "university", "shop": null, "operator": null, "source": "DATA-SRC-OSM", "official_boundary": false, "usable_for_formal": "background_only", "precision_note": "OSM 社区数据 POI，位置精度数米级；公共服务设施底数背景"}, "geometry": {"type": "Point", "coordinates": [116.316959, 40.030594]}}, {"type": "Feature", "properties": {"layer": "OSM_PUBLIC_FACILITIES", "osm_id": 475230083, "osm_type": "way", "name": "美和园幼儿园", "amenity": "kindergarten", "shop": null, "operator": null, "source": "DATA-SRC-OSM", "official_boundary": false, "usable_for_formal": "background_only", "precision_note": "OSM 社区数据 POI，位置精度数米级；公共服务设施底数背景"}, "geometry": {"type": "Point", "coordinates": [116.316616, 40.033062]}}, {"type": "Feature", "properties": {"layer": "OSM_PUBLIC_FACILITIES", "osm_id": 476901082, "osm_type": "way", "name": "北京市中关村医院", "amenity": "hospital", "shop": null, "operator": null, "source": "DATA-SRC-OSM", "official_boundary": false, "usable_for_formal": "background_only", "precision_note": "OSM 社区数据 POI，位置精度数米级；公共服务设施底数背景"}, "geometry": {"type": "Point", "coordinates": [116.314339, 39.978948]}}, {"type": "Feature", "properties": {"layer": "OSM_PUBLIC_FACILITIES", "osm_id": 478432511, "osm_type": "way", "name": "豳风堂", "amenity": "restaurant", "shop": null, "operator": null, "source": "DATA-SRC-OSM", "official_boundary": false, "usable_for_formal": "background_only", "precision_note": "OSM 社区数据 POI，位置精度数米级；公共服务设施底数背景"}, "geometry": {"type": "Point", "coordinates": [116.332535, 39.940676]}}, {"type": "Feature", "properties": {"layer": "OSM_PUBLIC_FACILITIES", "osm_id": 482818390, "osm_type": "way", "name": "北京市朝阳外国语学校小学部（232校区）", "amenity": "school", "shop": null, "operator": null, "source": "DATA-SRC-OSM", "official_boundary": false, "usable_for_formal": "background_only", "precision_note": "OSM 社区数据 POI，位置精度数米级；公共服务设施底数背景"}, "geometry": {"type": "Point", "coordinates": [116.395344, 39.99812]}}, {"type": "Feature", "properties": {"layer": "OSM_PUBLIC_FACILITIES", "osm_id": 497790863, "osm_type": "way", "name": "火德真君庙", "amenity": "place_of_worship", "shop": null, "operator": null, "source": "DATA-SRC-OSM", "official_boundary": false, "usable_for_formal": "background_only", "precision_note": "OSM 社区数据 POI，位置精度数米级；公共服务设施底数背景"}, "geometry": {"type": "Point", "coordinates": [116.389351, 39.935543]}}, {"type": "Feature", "properties": {"layer": "OSM_PUBLIC_FACILITIES", "osm_id": 499007315, "osm_type": "way", "name": "中关村中学蓟门里", "amenity": "school", "shop": null, "operator": null, "source": "DATA-SRC-OSM", "official_boundary": false, "usable_for_formal": "background_only", "precision_note": "OSM 社区数据 POI，位置精度数米级；公共服务设施底数背景"}, "geometry": {"type": "Point", "coordinates": [116.345441, 39.971451]}}, {"type": "Feature", "properties": {"layer": "OSM_PUBLIC_FACILITIES", "osm_id": 499428275, "osm_type": "way", "name": "北师大实验小学", "amenity": "school", "shop": null, "operator": null, "source": "DATA-SRC-OSM", "official_boundary": false, "usable_for_formal": "background_only", "precision_note": "OSM 社区数据 POI，位置精度数米级；公共服务设施底数背景"}, "geometry": {"type": "Point", "coordinates": [116.362263, 39.961851]}}, {"type": "Feature", "properties": {"layer": "OSM_PUBLIC_FACILITIES", "osm_id": 499432986, "osm_type": "way", "name": "教工食堂", "amenity": "restaurant", "shop": null, "operator": null, "source": "DATA-SRC-OSM", "official_boundary": false, "usable_for_formal": "background_only", "precision_note": "OSM 社区数据 POI，位置精度数米级；公共服务设施底数背景"}, "geometry": {"type": "Point", "coordinates": [116.360659, 39.961505]}}, {"type": "Feature", "properties": {"layer": "OSM_PUBLIC_FACILITIES", "osm_id": 499433000, "osm_type": "way", "name": "实习餐厅", "amenity": "restaurant", "shop": null, "operator": null, "source": "DATA-SRC-OSM", "official_boundary": false, "usable_for_formal": "background_only", "precision_note": "OSM 社区数据 POI，位置精度数米级；公共服务设施底数背景"}, "geometry": {"type": "Point", "coordinates": [116.3612, 39.96157]}}, {"type": "Feature", "properties": {"layer": "OSM_PUBLIC_FACILITIES", "osm_id": 499434918, "osm_type": "way", "name": "新乐群餐厅", "amenity": "restaurant", "shop": null, "operator": null, "source": "DATA-SRC-OSM", "official_boundary": false, "usable_for_formal": "background_only", "precision_note": "OSM 社区数据 POI，位置精度数米级；公共服务设施底数背景"}, "geometry": {"type": "Point", "coordinates": [116.355885, 39.957351]}}, {"type": "Feature", "properties": {"layer": "OSM_PUBLIC_FACILITIES", "osm_id": 499437078, "osm_type": "way", "name": "西南餐厅", "amenity": "restaurant", "shop": null, "operator": null, "source": "DATA-SRC-OSM", "official_boundary": false, "usable_for_formal": "background_only", "precision_note": "OSM 社区数据 POI，位置精度数米级；公共服务设施底数背景"}, "geometry": {"type": "Point", "coordinates": [116.35669, 39.957728]}}, {"type": "Feature", "properties": {"layer": "OSM_PUBLIC_FACILITIES", "osm_id": 499437130, "osm_type": "way", "name": "西北餐厅", "amenity": "restaurant", "shop": null, "operator": null, "source": "DATA-SRC-OSM", "official_boundary": false, "usable_for_formal": "background_only", "precision_note": "OSM 社区数据 POI，位置精度数米级；公共服务设施底数背景"}, "geometry": {"type": "Point", "coordinates": [116.356691, 39.957356]}}, {"type": "Feature", "properties": {"layer": "OSM_PUBLIC_FACILITIES", "osm_id": 499474090, "osm_type": "way", "name": "海淀区学院路小学", "amenity": "school", "shop": null, "operator": null, "source": "DATA-SRC-OSM", "official_boundary": false, "usable_for_formal": "background_only", "precision_note": "OSM 社区数据 POI，位置精度数米级；公共服务设施底数背景"}, "geometry": {"type": "Point", "coordinates": [116.345011, 39.969634]}}, {"type": "Feature", "properties": {"layer": "OSM_PUBLIC_FACILITIES", "osm_id": 515209524, "osm_type": "way", "name": "中国人民大学北校区", "amenity": "university", "shop": null, "operator": null, "source": "DATA-SRC-OSM", "official_boundary": false, "usable_for_formal": "background_only", "precision_note": "OSM 社区数据 POI，位置精度数米级；公共服务设施底数背景"}, "geometry": {"type": "Point", "coordinates": [116.304324, 39.973168]}}, {"type": "Feature", "properties": {"layer": "OSM_PUBLIC_FACILITIES", "osm_id": 518469017, "osm_type": "way", "name": "图书馆及计算机机房", "amenity": "library", "shop": null, "operator": "中国人民大学附属中学", "source": "DATA-SRC-OSM", "official_boundary": false, "usable_for_formal": "background_only", "precision_note": "OSM 社区数据 POI，位置精度数米级；公共服务设施底数背景"}, "geometry": {"type": "Point", "coordinates": [116.309358, 39.973938]}}, {"type": "Feature", "properties": {"layer": "OSM_PUBLIC_FACILITIES", "osm_id": 527503372, "osm_type": "way", "name": "北京石油学院附属实验小学", "amenity": "school", "shop": null, "operator": null, "source": "DATA-SRC-OSM", "official_boundary": false, "usable_for_formal": "background_only", "precision_note": "OSM 社区数据 POI，位置精度数米级；公共服务设施底数背景"}, "geometry": {"type": "Point", "coordinates": [116.369693, 40.032627]}}, {"type": "Feature", "properties": {"layer": "OSM_PUBLIC_FACILITIES", "osm_id": 527503509, "osm_type": "way", "name": "北京石油学院附属第二实验小学", "amenity": "school", "shop": null, "operator": null, "source": "DATA-SRC-OSM", "official_boundary": false, "usable_for_formal": "background_only", "precision_note": "OSM 社区数据 POI，位置精度数米级；公共服务设施底数背景"}, "geometry": {"type": "Point", "coordinates": [116.372152, 40.03433]}}, {"type": "Feature", "properties": {"layer": "OSM_PUBLIC_FACILITIES", "osm_id": 534432977, "osm_type": "way", "name": "北京市第十九中学", "amenity": "school", "shop": null, "operator": null, "source": "DATA-SRC-OSM", "official_boundary": false, "usable_for_formal": "background_only", "precision_note": "OSM 社区数据 POI，位置精度数米级；公共服务设施底数背景"}, "geometry": {"type": "Point", "coordinates": [116.299107, 39.968169]}}, {"type": "Feature", "properties": {"layer": "OSM_PUBLIC_FACILITIES", "osm_id": 534625953, "osm_type": "way", "name": null, "amenity": "cafe", "shop": null, "operator": null, "source": "DATA-SRC-OSM", "official_boundary": false, "usable_for_formal": "background_only", "precision_note": "OSM 社区数据 POI，位置精度数米级；公共服务设施底数背景"}, "geometry": {"type": "Point", "coordinates": [116.367445, 39.966184]}}, {"type": "Feature", "properties": {"layer": "OSM_PUBLIC_FACILITIES", "osm_id": 534696730, "osm_type": "way", "name": "警务站", "amenity": "police", "shop": null, "operator": null, "source": "DATA-SRC-OSM", "official_boundary": false, "usable_for_formal": "background_only", "precision_note": "OSM 社区数据 POI，位置精度数米级；公共服务设施底数背景"}, "geometry": {"type": "Point", "coordinates": [116.313455, 40.031693]}}, {"type": "Feature", "properties": {"layer": "OSM_PUBLIC_FACILITIES", "osm_id": 543824383, "osm_type": "way", "name": "医学图书馆", "amenity": "library", "shop": null, "operator": null, "source": "DATA-SRC-OSM", "official_boundary": false, "usable_for_formal": "background_only", "precision_note": "OSM 社区数据 POI，位置精度数米级；公共服务设施底数背景"}, "geometry": {"type": "Point", "coordinates": [116.351307, 39.982955]}}, {"type": "Feature", "properties": {"layer": "OSM_PUBLIC_FACILITIES", "osm_id": 543827026, "osm_type": "way", "name": "德园美食餐厅", "amenity": "restaurant", "shop": null, "operator": null, "source": "DATA-SRC-OSM", "official_boundary": false, "usable_for_formal": "background_only", "precision_note": "OSM 社区数据 POI，位置精度数米级；公共服务设施底数背景"}, "geometry": {"type": "Point", "coordinates": [116.355593, 39.984591]}}, {"type": "Feature", "properties": {"layer": "OSM_PUBLIC_FACILITIES", "osm_id": 543831707, "osm_type": "way", "name": "北京大学医学部", "amenity": "university", "shop": null, "operator": null, "source": "DATA-SRC-OSM", "official_boundary": false, "usable_for_formal": "background_only", "precision_note": "OSM 社区数据 POI，位置精度数米级；公共服务设施底数背景"}, "geometry": {"type": "Point", "coordinates": [116.352889, 39.982767]}}, {"type": "Feature", "properties": {"layer": "OSM_PUBLIC_FACILITIES", "osm_id": 543831900, "osm_type": "way", "name": "北京大学第三医院", "amenity": "hospital", "shop": null, "operator": null, "source": "DATA-SRC-OSM", "official_boundary": false, "usable_for_formal": "background_only", "precision_note": "OSM 社区数据 POI，位置精度数米级；公共服务设施底数背景"}, "geometry": {"type": "Point", "coordinates": [116.353609, 39.981429]}}, {"type": "Feature", "properties": {"layer": "OSM_PUBLIC_FACILITIES", "osm_id": 543831903, "osm_type": "way", "name": "北京大学第六医院", "amenity": "hospital", "shop": null, "operator": null, "source": "DATA-SRC-OSM", "official_boundary": false, "usable_for_formal": "background_only", "precision_note": "OSM 社区数据 POI，位置精度数米级；公共服务设施底数背景"}, "geometry": {"type": "Point", "coordinates": [116.350934, 39.981029]}}, {"type": "Feature", "properties": {"layer": "OSM_PUBLIC_FACILITIES", "osm_id": 543835538, "osm_type": "way", "name": "智能学院", "amenity": "restaurant", "shop": null, "operator": null, "source": "DATA-SRC-OSM", "official_boundary": false, "usable_for_formal": "background_only", "precision_note": "OSM 社区数据 POI，位置精度数米级；公共服务设施底数背景"}, "geometry": {"type": "Point", "coordinates": [116.356476, 39.987079]}}, {"type": "Feature", "properties": {"layer": "OSM_PUBLIC_FACILITIES", "osm_id": 544328791, "osm_type": "way", "name": "清芬园餐厅", "amenity": "restaurant", "shop": null, "operator": null, "source": "DATA-SRC-OSM", "official_boundary": false, "usable_for_formal": "background_only", "precision_note": "OSM 社区数据 POI，位置精度数米级；公共服务设施底数背景"}, "geometry": {"type": "Point", "coordinates": [116.322073, 40.004503]}}, {"type": "Feature", "properties": {"layer": "OSM_PUBLIC_FACILITIES", "osm_id": 545585827, "osm_type": "way", "name": null, "amenity": "restaurant", "shop": null, "operator": null, "source": "DATA-SRC-OSM", "official_boundary": false, "usable_for_formal": "background_only", "precision_note": "OSM 社区数据 POI，位置精度数米级；公共服务设施底数背景"}, "geometry": {"type": "Point", "coordinates": [116.367232, 39.984734]}}, {"type": "Feature", "properties": {"layer": "OSM_PUBLIC_FACILITIES", "osm_id": 545585944, "osm_type": "way", "name": null, "amenity": "hospital", "shop": null, "operator": null, "source": "DATA-SRC-OSM", "official_boundary": false, "usable_for_formal": "background_only", "precision_note": "OSM 社区数据 POI，位置精度数米级；公共服务设施底数背景"}, "geometry": {"type": "Point", "coordinates": [116.366419, 39.982681]}}, {"type": "Feature", "properties": {"layer": "OSM_PUBLIC_FACILITIES", "osm_id": 545586782, "osm_type": "way", "name": "南区食堂", "amenity": "restaurant", "shop": null, "operator": null, "source": "DATA-SRC-OSM", "official_boundary": false, "usable_for_formal": "background_only", "precision_note": "OSM 社区数据 POI，位置精度数米级；公共服务设施底数背景"}, "geometry": {"type": "Point", "coordinates": [116.364735, 39.982324]}}, {"type": "Feature", "properties": {"layer": "OSM_PUBLIC_FACILITIES", "osm_id": 545780596, "osm_type": "way", "name": "北京市清河中学", "amenity": "school", "shop": null, "operator": null, "source": "DATA-SRC-OSM", "official_boundary": false, "usable_for_formal": "background_only", "precision_note": "OSM 社区数据 POI，位置精度数米级；公共服务设施底数背景"}, "geometry": {"type": "Point", "coordinates": [116.339759, 40.030127]}}, {"type": "Feature", "properties": {"layer": "OSM_PUBLIC_FACILITIES", "osm_id": 546322201, "osm_type": "way", "name": "永和大王", "amenity": "fast_food", "shop": null, "operator": null, "source": "DATA-SRC-OSM", "official_boundary": false, "usable_for_formal": "background_only", "precision_note": "OSM 社区数据 POI，位置精度数米级；公共服务设施底数背景"}, "geometry": {"type": "Point", "coordinates": [116.336679, 39.937798]}}, {"type": "Feature", "properties": {"layer": "OSM_PUBLIC_FACILITIES", "osm_id": 548810366, "osm_type": "way", "name": "北京舞蹈学院", "amenity": "university", "shop": null, "operator": "北京舞蹈学院", "source": "DATA-SRC-OSM", "official_boundary": false, "usable_for_formal": "background_only", "precision_note": "OSM 社区数据 POI，位置精度数米级；公共服务设施底数背景"}, "geometry": {"type": "Point", "coordinates": [116.313275, 39.946133]}}, {"type": "Feature", "properties": {"layer": "OSM_PUBLIC_FACILITIES", "osm_id": 548815685, "osm_type": "way", "name": "北京大学口腔医院", "amenity": "hospital", "shop": null, "operator": null, "source": "DATA-SRC-OSM", "official_boundary": false, "usable_for_formal": "background_only", "precision_note": "OSM 社区数据 POI，位置精度数米级；公共服务设施底数背景"}, "geometry": {"type": "Point", "coordinates": [116.318989, 39.950926]}}, {"type": "Feature", "properties": {"layer": "OSM_PUBLIC_FACILITIES", "osm_id": 556212984, "osm_type": "way", "name": "北京十一学校龙樾实验中学", "amenity": "school", "shop": null, "operator": null, "source": "DATA-SRC-OSM", "official_boundary": false, "usable_for_formal": "background_only", "precision_note": "OSM 社区数据 POI，位置精度数米级；公共服务设施底数背景"}, "geometry": {"type": "Point", "coordinates": [116.343163, 40.043412]}}, {"type": "Feature", "properties": {"layer": "OSM_PUBLIC_FACILITIES", "osm_id": 556779104, "osm_type": "way", "name": "北京市三帆中学", "amenity": "school", "shop": null, "operator": null, "source": "DATA-SRC-OSM", "official_boundary": false, "usable_for_formal": "background_only", "precision_note": "OSM 社区数据 POI，位置精度数米级；公共服务设施底数背景"}, "geometry": {"type": "Point", "coordinates": [116.369069, 39.962032]}}, {"type": "Feature", "properties": {"layer": "OSM_PUBLIC_FACILITIES", "osm_id": 556779106, "osm_type": "way", "name": "北京师范大学第二附属中学", "amenity": "school", "shop": null, "operator": null, "source": "DATA-SRC-OSM", "official_boundary": false, "usable_for_formal": "background_only", "precision_note": "OSM 社区数据 POI，位置精度数米级；公共服务设施底数背景"}, "geometry": {"type": "Point", "coordinates": [116.365996, 39.958613]}}, {"type": "Feature", "properties": {"layer": "OSM_PUBLIC_FACILITIES", "osm_id": 564175101, "osm_type": "way", "name": "北师大实验幼儿园龙樾分园", "amenity": "kindergarten", "shop": null, "operator": null, "source": "DATA-SRC-OSM", "official_boundary": false, "usable_for_formal": "background_only", "precision_note": "OSM 社区数据 POI，位置精度数米级；公共服务设施底数背景"}, "geometry": {"type": "Point", "coordinates": [116.344571, 40.042975]}}, {"type": "Feature", "properties": {"layer": "OSM_PUBLIC_FACILITIES", "osm_id": 582551392, "osm_type": "way", "name": "北邮邮驿站", "amenity": "post_office", "shop": null, "operator": null, "source": "DATA-SRC-OSM", "official_boundary": false, "usable_for_formal": "background_only", "precision_note": "OSM 社区数据 POI，位置精度数米级；公共服务设施底数背景"}, "geometry": {"type": "Point", "coordinates": [116.351103, 39.963539]}}, {"type": "Feature", "properties": {"layer": "OSM_PUBLIC_FACILITIES", "osm_id": 588615417, "osm_type": "way", "name": "安宁庄兴隆寺", "amenity": "place_of_worship", "shop": null, "operator": null, "source": "DATA-SRC-OSM", "official_boundary": false, "usable_for_formal": "background_only", "precision_note": "OSM 社区数据 POI，位置精度数米级；公共服务设施底数背景"}, "geometry": {"type": "Point", "coordinates": [116.318006, 40.043501]}}, {"type": "Feature", "properties": {"layer": "OSM_PUBLIC_FACILITIES", "osm_id": 588615418, "osm_type": "way", "name": "清河社区卫生服务中心", "amenity": "hospital", "shop": null, "operator": null, "source": "DATA-SRC-OSM", "official_boundary": false, "usable_for_formal": "background_only", "precision_note": "OSM 社区数据 POI，位置精度数米级；公共服务设施底数背景"}, "geometry": {"type": "Point", "coordinates": [116.322182, 40.043763]}}, {"type": "Feature", "properties": {"layer": "OSM_PUBLIC_FACILITIES", "osm_id": 594889495, "osm_type": "way", "name": "石科院职工食堂", "amenity": "restaurant", "shop": null, "operator": null, "source": "DATA-SRC-OSM", "official_boundary": false, "usable_for_formal": "background_only", "precision_note": "OSM 社区数据 POI，位置精度数米级；公共服务设施底数背景"}, "geometry": {"type": "Point", "coordinates": [116.350132, 39.99806]}}, {"type": "Feature", "properties": {"layer": "OSM_PUBLIC_FACILITIES", "osm_id": 595098635, "osm_type": "way", "name": "医务室", "amenity": "clinic", "shop": null, "operator": null, "source": "DATA-SRC-OSM", "official_boundary": false, "usable_for_formal": "background_only", "precision_note": "OSM 社区数据 POI，位置精度数米级；公共服务设施底数背景"}, "geometry": {"type": "Point", "coordinates": [116.352839, 39.997364]}}, {"type": "Feature", "properties": {"layer": "OSM_PUBLIC_FACILITIES", "osm_id": 595353308, "osm_type": "way", "name": "北京一零一中学双榆树校区", "amenity": "school", "shop": null, "operator": null, "source": "DATA-SRC-OSM", "official_boundary": false, "usable_for_formal": "background_only", "precision_note": "OSM 社区数据 POI，位置精度数米级；公共服务设施底数背景"}, "geometry": {"type": "Point", "coordinates": [116.321608, 39.967551]}}, {"type": "Feature", "properties": {"layer": "OSM_PUBLIC_FACILITIES", "osm_id": 595357025, "osm_type": "way", "name": "人大附中实验小学", "amenity": "school", "shop": null, "operator": null, "source": "DATA-SRC-OSM", "official_boundary": false, "usable_for_formal": "background_only", "precision_note": "OSM 社区数据 POI，位置精度数米级；公共服务设施底数背景"}, "geometry": {"type": "Point", "coordinates": [116.315211, 39.973399]}}, {"type": "Feature", "properties": {"layer": "OSM_PUBLIC_FACILITIES", "osm_id": 608650150, "osm_type": "way", "name": "中国农业大学新图书馆", "amenity": "library", "shop": null, "operator": null, "source": "DATA-SRC-OSM", "official_boundary": false, "usable_for_formal": "background_only", "precision_note": "OSM 社区数据 POI，位置精度数米级；公共服务设施底数背景"}, "geometry": {"type": "Point", "coordinates": [116.35258, 40.00481]}}, {"type": "Feature", "properties": {"layer": "OSM_PUBLIC_FACILITIES", "osm_id": 622703490, "osm_type": "way", "name": "中国人民解放军总医院第九医学中心", "amenity": "hospital", "shop": null, "operator": null, "source": "DATA-SRC-OSM", "official_boundary": false, "usable_for_formal": "background_only", "precision_note": "OSM 社区数据 POI，位置精度数米级；公共服务设施底数背景"}, "geometry": {"type": "Point", "coordinates": [116.371488, 39.993963]}}, {"type": "Feature", "properties": {"layer": "OSM_PUBLIC_FACILITIES", "osm_id": 625701993, "osm_type": "way", "name": "中国国家图书馆", "amenity": "library", "shop": null, "operator": null, "source": "DATA-SRC-OSM", "official_boundary": false, "usable_for_formal": "background_only", "precision_note": "OSM 社区数据 POI，位置精度数米级；公共服务设施底数背景"}, "geometry": {"type": "Point", "coordinates": [116.317187, 39.943241]}}, {"type": "Feature", "properties": {"layer": "OSM_PUBLIC_FACILITIES", "osm_id": 627109330, "osm_type": "way", "name": "餐饮中心", "amenity": "restaurant", "shop": null, "operator": null, "source": "DATA-SRC-OSM", "official_boundary": false, "usable_for_formal": "background_only", "precision_note": "OSM 社区数据 POI，位置精度数米级；公共服务设施底数背景"}, "geometry": {"type": "Point", "coordinates": [116.339751, 39.990348]}}, {"type": "Feature", "properties": {"layer": "OSM_PUBLIC_FACILITIES", "osm_id": 628032080, "osm_type": "way", "name": "北京第一〇一中学", "amenity": "school", "shop": null, "operator": null, "source": "DATA-SRC-OSM", "official_boundary": false, "usable_for_formal": "background_only", "precision_note": "OSM 社区数据 POI，位置精度数米级；公共服务设施底数背景"}, "geometry": {"type": "Point", "coordinates": [116.298375, 40.000308]}}, {"type": "Feature", "properties": {"layer": "OSM_PUBLIC_FACILITIES", "osm_id": 628032101, "osm_type": "way", "name": "阿卜杜勒·阿齐兹国王公共图书馆北京大学分馆（古籍图书馆）", "amenity": "library", "shop": null, "operator": "北京大学", "source": "DATA-SRC-OSM", "official_boundary": false, "usable_for_formal": "background_only", "precision_note": "OSM 社区数据 POI，位置精度数米级；公共服务设施底数背景"}, "geometry": {"type": "Point", "coordinates": [116.303321, 39.991523]}}, {"type": "Feature", "properties": {"layer": "OSM_PUBLIC_FACILITIES", "osm_id": 628042951, "osm_type": "way", "name": "海淀区中关村第二小学", "amenity": "school", "shop": null, "operator": null, "source": "DATA-SRC-OSM", "official_boundary": false, "usable_for_formal": "background_only", "precision_note": "OSM 社区数据 POI，位置精度数米级；公共服务设施底数背景"}, "geometry": {"type": "Point", "coordinates": [116.311095, 39.986101]}}, {"type": "Feature", "properties": {"layer": "OSM_PUBLIC_FACILITIES", "osm_id": 630766635, "osm_type": "way", "name": "球幕剧院", "amenity": "theatre", "shop": null, "operator": null, "source": "DATA-SRC-OSM", "official_boundary": false, "usable_for_formal": "background_only", "precision_note": "OSM 社区数据 POI，位置精度数米级；公共服务设施底数背景"}, "geometry": {"type": "Point", "coordinates": [116.387332, 39.968663]}}, {"type": "Feature", "properties": {"layer": "OSM_PUBLIC_FACILITIES", "osm_id": 630766671, "osm_type": "way", "name": "小院涮肉", "amenity": "restaurant", "shop": null, "operator": null, "source": "DATA-SRC-OSM", "official_boundary": false, "usable_for_formal": "background_only", "precision_note": "OSM 社区数据 POI，位置精度数米级；公共服务设施底数背景"}, "geometry": {"type": "Point", "coordinates": [116.394115, 39.969462]}}, {"type": "Feature", "properties": {"layer": "OSM_PUBLIC_FACILITIES", "osm_id": 631067478, "osm_type": "way", "name": "安贞社区公园大舞台", "amenity": "community_centre", "shop": null, "operator": null, "source": "DATA-SRC-OSM", "official_boundary": false, "usable_for_formal": "background_only", "precision_note": "OSM 社区数据 POI，位置精度数米级；公共服务设施底数背景"}, "geometry": {"type": "Point", "coordinates": [116.39302, 39.97086]}}, {"type": "Feature", "properties": {"layer": "OSM_PUBLIC_FACILITIES", "osm_id": 631067480, "osm_type": "way", "name": "集天味道·老菜馆", "amenity": "restaurant", "shop": null, "operator": null, "source": "DATA-SRC-OSM", "official_boundary": false, "usable_for_formal": "background_only", "precision_note": "OSM 社区数据 POI，位置精度数米级；公共服务设施底数背景"}, "geometry": {"type": "Point", "coordinates": [116.39415, 39.970092]}}, {"type": "Feature", "properties": {"layer": "OSM_PUBLIC_FACILITIES", "osm_id": 631914113, "osm_type": "way", "name": "中国木偶艺术剧院", "amenity": "theatre", "shop": null, "operator": null, "source": "DATA-SRC-OSM", "official_boundary": false, "usable_for_formal": "background_only", "precision_note": "OSM 社区数据 POI，位置精度数米级；公共服务设施底数背景"}, "geometry": {"type": "Point", "coordinates": [116.394792, 39.966704]}}, {"type": "Feature", "properties": {"layer": "OSM_PUBLIC_FACILITIES", "osm_id": 635226210, "osm_type": "way", "name": "一食堂", "amenity": "restaurant", "shop": null, "operator": null, "source": "DATA-SRC-OSM", "official_boundary": false, "usable_for_formal": "background_only", "precision_note": "OSM 社区数据 POI，位置精度数米级；公共服务设施底数背景"}, "geometry": {"type": "Point", "coordinates": [116.341854, 40.004014]}}, {"type": "Feature", "properties": {"layer": "OSM_PUBLIC_FACILITIES", "osm_id": 636309392, "osm_type": "way", "name": "海淀区星火小学", "amenity": "school", "shop": null, "operator": null, "source": "DATA-SRC-OSM", "official_boundary": false, "usable_for_formal": "background_only", "precision_note": "OSM 社区数据 POI，位置精度数米级；公共服务设施底数背景"}, "geometry": {"type": "Point", "coordinates": [116.360553, 39.952036]}}, {"type": "Feature", "properties": {"layer": "OSM_PUBLIC_FACILITIES", "osm_id": 638127847, "osm_type": "way", "name": "清华大学五道口金融学院", "amenity": "university", "shop": null, "operator": "Tsinghua University", "source": "DATA-SRC-OSM", "official_boundary": false, "usable_for_formal": "background_only", "precision_note": "OSM 社区数据 POI，位置精度数米级；公共服务设施底数背景"}, "geometry": {"type": "Point", "coordinates": [116.329369, 39.992191]}}, {"type": "Feature", "properties": {"layer": "OSM_PUBLIC_FACILITIES", "osm_id": 652095459, "osm_type": "way", "name": "海淀区育鹰小学（西校区）", "amenity": "school", "shop": null, "operator": null, "source": "DATA-SRC-OSM", "official_boundary": false, "usable_for_formal": "background_only", "precision_note": "OSM 社区数据 POI，位置精度数米级；公共服务设施底数背景"}, "geometry": {"type": "Point", "coordinates": [116.318503, 40.053428]}}, {"type": "Feature", "properties": {"layer": "OSM_PUBLIC_FACILITIES", "osm_id": 655155950, "osm_type": "way", "name": "空军航空医学研究所附属医院", "amenity": "hospital", "shop": null, "operator": null, "source": "DATA-SRC-OSM", "official_boundary": false, "usable_for_formal": "background_only", "precision_note": "OSM 社区数据 POI，位置精度数米级；公共服务设施底数背景"}, "geometry": {"type": "Point", "coordinates": [116.301173, 39.93956]}}, {"type": "Feature", "properties": {"layer": "OSM_PUBLIC_FACILITIES", "osm_id": 656808582, "osm_type": "way", "name": "北京明天幼稚集团第一幼儿园", "amenity": "kindergarten", "shop": null, "operator": null, "source": "DATA-SRC-OSM", "official_boundary": false, "usable_for_formal": "background_only", "precision_note": "OSM 社区数据 POI，位置精度数米级；公共服务设施底数背景"}, "geometry": {"type": "Point", "coordinates": [116.354133, 39.977485]}}, {"type": "Feature", "properties": {"layer": "OSM_PUBLIC_FACILITIES", "osm_id": 656808583, "osm_type": "way", "name": "海淀区九一小学", "amenity": "school", "shop": null, "operator": null, "source": "DATA-SRC-OSM", "official_boundary": false, "usable_for_formal": "background_only", "precision_note": "OSM 社区数据 POI，位置精度数米级；公共服务设施底数背景"}, "geometry": {"type": "Point", "coordinates": [116.355997, 39.977962]}}, {"type": "Feature", "properties": {"layer": "OSM_PUBLIC_FACILITIES", "osm_id": 656808584, "osm_type": "way", "name": "九一幼儿园", "amenity": "kindergarten", "shop": null, "operator": null, "source": "DATA-SRC-OSM", "official_boundary": false, "usable_for_formal": "background_only", "precision_note": "OSM 社区数据 POI，位置精度数米级；公共服务设施底数背景"}, "geometry": {"type": "Point", "coordinates": [116.357215, 39.978229]}}, {"type": "Feature", "properties": {"layer": "OSM_PUBLIC_FACILITIES", "osm_id": 657002507, "osm_type": "way", "name": "北京师范大学附属幼儿园", "amenity": "kindergarten", "shop": null, "operator": null, "source": "DATA-SRC-OSM", "official_boundary": false, "usable_for_formal": "background_only", "precision_note": "OSM 社区数据 POI，位置精度数米级；公共服务设施底数背景"}, "geometry": {"type": "Point", "coordinates": [116.359317, 39.961985]}}, {"type": "Feature", "properties": {"layer": "OSM_PUBLIC_FACILITIES", "osm_id": 657908096, "osm_type": "way", "name": "花园路社区服务中心", "amenity": "community_centre", "shop": null, "operator": null, "source": "DATA-SRC-OSM", "official_boundary": false, "usable_for_formal": "background_only", "precision_note": "OSM 社区数据 POI，位置精度数米级；公共服务设施底数背景"}, "geometry": {"type": "Point", "coordinates": [116.354187, 39.979965]}}, {"type": "Feature", "properties": {"layer": "OSM_PUBLIC_FACILITIES", "osm_id": 658253345, "osm_type": "way", "name": "北京市信息管理学校（花园路校区）", "amenity": "school", "shop": null, "operator": "北京市信息管理学校", "source": "DATA-SRC-OSM", "official_boundary": false, "usable_for_formal": "background_only", "precision_note": "OSM 社区数据 POI，位置精度数米级；公共服务设施底数背景"}, "geometry": {"type": "Point", "coordinates": [116.356773, 39.976093]}}, {"type": "Feature", "properties": {"layer": "OSM_PUBLIC_FACILITIES", "osm_id": 658381638, "osm_type": "way", "name": "太月园幼儿园", "amenity": "kindergarten", "shop": null, "operator": null, "source": "DATA-SRC-OSM", "official_boundary": false, "usable_for_formal": "background_only", "precision_note": "OSM 社区数据 POI，位置精度数米级；公共服务设施底数背景"}, "geometry": {"type": "Point", "coordinates": [116.341815, 39.971531]}}, {"type": "Feature", "properties": {"layer": "OSM_PUBLIC_FACILITIES", "osm_id": 673999804, "osm_type": "way", "name": "北京信息科技大学清河校区", "amenity": "university", "shop": null, "operator": null, "source": "DATA-SRC-OSM", "official_boundary": false, "usable_for_formal": "background_only", "precision_note": "OSM 社区数据 POI，位置精度数米级；公共服务设施底数背景"}, "geometry": {"type": "Point", "coordinates": [116.336106, 40.042916]}}, {"type": "Feature", "properties": {"layer": "OSM_PUBLIC_FACILITIES", "osm_id": 678315611, "osm_type": "way", "name": "北京市第二十中学附属实验学校", "amenity": "school", "shop": null, "operator": null, "source": "DATA-SRC-OSM", "official_boundary": false, "usable_for_formal": "background_only", "precision_note": "OSM 社区数据 POI，位置精度数米级；公共服务设施底数背景"}, "geometry": {"type": "Point", "coordinates": [116.34699, 40.033607]}}, {"type": "Feature", "properties": {"layer": "OSM_PUBLIC_FACILITIES", "osm_id": 727034429, "osm_type": "way", "name": "库迪咖啡", "amenity": "cafe", "shop": null, "operator": null, "source": "DATA-SRC-OSM", "official_boundary": false, "usable_for_formal": "background_only", "precision_note": "OSM 社区数据 POI，位置精度数米级；公共服务设施底数背景"}, "geometry": {"type": "Point", "coordinates": [116.343983, 39.981062]}}, {"type": "Feature", "properties": {"layer": "OSM_PUBLIC_FACILITIES", "osm_id": 734755015, "osm_type": "way", "name": "上地实验学校", "amenity": "school", "shop": null, "operator": null, "source": "DATA-SRC-OSM", "official_boundary": false, "usable_for_formal": "background_only", "precision_note": "OSM 社区数据 POI，位置精度数米级；公共服务设施底数背景"}, "geometry": {"type": "Point", "coordinates": [116.302236, 40.033501]}}, {"type": "Feature", "properties": {"layer": "OSM_PUBLIC_FACILITIES", "osm_id": 739520302, "osm_type": "way", "name": "北航实验学校中学部", "amenity": "school", "shop": null, "operator": null, "source": "DATA-SRC-OSM", "official_boundary": false, "usable_for_formal": "background_only", "precision_note": "OSM 社区数据 POI，位置精度数米级；公共服务设施底数背景"}, "geometry": {"type": "Point", "coordinates": [116.337524, 39.977467]}}, {"type": "Feature", "properties": {"layer": "OSM_PUBLIC_FACILITIES", "osm_id": 739527670, "osm_type": "way", "name": "北航幼儿园", "amenity": "kindergarten", "shop": null, "operator": null, "source": "DATA-SRC-OSM", "official_boundary": false, "usable_for_formal": "background_only", "precision_note": "OSM 社区数据 POI，位置精度数米级；公共服务设施底数背景"}, "geometry": {"type": "Point", "coordinates": [116.336418, 39.980745]}}, {"type": "Feature", "properties": {"layer": "OSM_PUBLIC_FACILITIES", "osm_id": 739527672, "osm_type": "way", "name": "北航校医院", "amenity": "hospital", "shop": null, "operator": null, "source": "DATA-SRC-OSM", "official_boundary": false, "usable_for_formal": "background_only", "precision_note": "OSM 社区数据 POI，位置精度数米级；公共服务设施底数背景"}, "geometry": {"type": "Point", "coordinates": [116.337425, 39.979383]}}, {"type": "Feature", "properties": {"layer": "OSM_PUBLIC_FACILITIES", "osm_id": 739763668, "osm_type": "way", "name": "法源清真寺", "amenity": "place_of_worship", "shop": null, "operator": null, "source": "DATA-SRC-OSM", "official_boundary": false, "usable_for_formal": "background_only", "precision_note": "OSM 社区数据 POI，位置精度数米级；公共服务设施底数背景"}, "geometry": {"type": "Point", "coordinates": [116.373796, 39.950749]}}, {"type": "Feature", "properties": {"layer": "OSM_PUBLIC_FACILITIES", "osm_id": 772630335, "osm_type": "way", "name": null, "amenity": "library", "shop": null, "operator": null, "source": "DATA-SRC-OSM", "official_boundary": false, "usable_for_formal": "background_only", "precision_note": "OSM 社区数据 POI，位置精度数米级；公共服务设施底数背景"}, "geometry": {"type": "Point", "coordinates": [116.339842, 40.01989]}}, {"type": "Feature", "properties": {"layer": "OSM_PUBLIC_FACILITIES", "osm_id": 772630343, "osm_type": "way", "name": "学院食堂", "amenity": "restaurant", "shop": null, "operator": null, "source": "DATA-SRC-OSM", "official_boundary": false, "usable_for_formal": "background_only", "precision_note": "OSM 社区数据 POI，位置精度数米级；公共服务设施底数背景"}, "geometry": {"type": "Point", "coordinates": [116.339229, 40.019536]}}, {"type": "Feature", "properties": {"layer": "OSM_PUBLIC_FACILITIES", "osm_id": 783048695, "osm_type": "way", "name": "西二旗消防中队", "amenity": "fire_station", "shop": null, "operator": null, "source": "DATA-SRC-OSM", "official_boundary": false, "usable_for_formal": "background_only", "precision_note": "OSM 社区数据 POI，位置精度数米级；公共服务设施底数背景"}, "geometry": {"type": "Point", "coordinates": [116.30682, 40.051547]}}, {"type": "Feature", "properties": {"layer": "OSM_PUBLIC_FACILITIES", "osm_id": 783048701, "osm_type": "way", "name": "凯蒂幼儿园", "amenity": "kindergarten", "shop": null, "operator": null, "source": "DATA-SRC-OSM", "official_boundary": false, "usable_for_formal": "background_only", "precision_note": "OSM 社区数据 POI，位置精度数米级；公共服务设施底数背景"}, "geometry": {"type": "Point", "coordinates": [116.305741, 40.051871]}}, {"type": "Feature", "properties": {"layer": "OSM_PUBLIC_FACILITIES", "osm_id": 793230962, "osm_type": "way", "name": "北京林业大学附属实验小学", "amenity": "school", "shop": null, "operator": null, "source": "DATA-SRC-OSM", "official_boundary": false, "usable_for_formal": "background_only", "precision_note": "OSM 社区数据 POI，位置精度数米级；公共服务设施底数背景"}, "geometry": {"type": "Point", "coordinates": [116.333978, 40.014229]}}, {"type": "Feature", "properties": {"layer": "OSM_PUBLIC_FACILITIES", "osm_id": 803147798, "osm_type": "way", "name": "北京市第二十中学", "amenity": "school", "shop": null, "operator": null, "source": "DATA-SRC-OSM", "official_boundary": false, "usable_for_formal": "background_only", "precision_note": "OSM 社区数据 POI，位置精度数米级；公共服务设施底数背景"}, "geometry": {"type": "Point", "coordinates": [116.33177, 40.037574]}}, {"type": "Feature", "properties": {"layer": "OSM_PUBLIC_FACILITIES", "osm_id": 803148280, "osm_type": "way", "name": "爱儿坊橡树湾双语幼儿园", "amenity": "kindergarten", "shop": null, "operator": null, "source": "DATA-SRC-OSM", "official_boundary": false, "usable_for_formal": "background_only", "precision_note": "OSM 社区数据 POI，位置精度数米级；公共服务设施底数背景"}, "geometry": {"type": "Point", "coordinates": [116.324665, 40.027392]}}, {"type": "Feature", "properties": {"layer": "OSM_PUBLIC_FACILITIES", "osm_id": 803148281, "osm_type": "way", "name": "海淀区第二实验小学橡树校区", "amenity": "school", "shop": null, "operator": null, "source": "DATA-SRC-OSM", "official_boundary": false, "usable_for_formal": "background_only", "precision_note": "OSM 社区数据 POI，位置精度数米级；公共服务设施底数背景"}, "geometry": {"type": "Point", "coordinates": [116.324604, 40.028613]}}, {"type": "Feature", "properties": {"layer": "OSM_PUBLIC_FACILITIES", "osm_id": 817111080, "osm_type": "way", "name": "清河交通枢纽", "amenity": "bus_station", "shop": null, "operator": null, "source": "DATA-SRC-OSM", "official_boundary": false, "usable_for_formal": "background_only", "precision_note": "OSM 社区数据 POI，位置精度数米级；公共服务设施底数背景"}, "geometry": {"type": "Point", "coordinates": [116.30643, 40.041082]}}, {"type": "Feature", "properties": {"layer": "OSM_PUBLIC_FACILITIES", "osm_id": 817157928, "osm_type": "way", "name": "法律图书馆", "amenity": "library", "shop": null, "operator": null, "source": "DATA-SRC-OSM", "official_boundary": false, "usable_for_formal": "background_only", "precision_note": "OSM 社区数据 POI，位置精度数米级；公共服务设施底数背景"}, "geometry": {"type": "Point", "coordinates": [116.322714, 39.998015]}}, {"type": "Feature", "properties": {"layer": "OSM_PUBLIC_FACILITIES", "osm_id": 849087987, "osm_type": "way", "name": "民族剧院", "amenity": "theatre", "shop": null, "operator": "中央民族歌舞团", "source": "DATA-SRC-OSM", "official_boundary": false, "usable_for_formal": "background_only", "precision_note": "OSM 社区数据 POI，位置精度数米级；公共服务设施底数背景"}, "geometry": {"type": "Point", "coordinates": [116.316268, 39.951134]}}, {"type": "Feature", "properties": {"layer": "OSM_PUBLIC_FACILITIES", "osm_id": 850857906, "osm_type": "way", "name": "目光教育", "amenity": "school", "shop": null, "operator": null, "source": "DATA-SRC-OSM", "official_boundary": false, "usable_for_formal": "background_only", "precision_note": "OSM 社区数据 POI，位置精度数米级；公共服务设施底数背景"}, "geometry": {"type": "Point", "coordinates": [116.308734, 40.050536]}}, {"type": "Feature", "properties": {"layer": "OSM_PUBLIC_FACILITIES", "osm_id": 852490409, "osm_type": "way", "name": "清华大学附属小学双清苑校区", "amenity": "school", "shop": null, "operator": null, "source": "DATA-SRC-OSM", "official_boundary": false, "usable_for_formal": "background_only", "precision_note": "OSM 社区数据 POI，位置精度数米级；公共服务设施底数背景"}, "geometry": {"type": "Point", "coordinates": [116.335358, 40.00888]}}, {"type": "Feature", "properties": {"layer": "OSM_PUBLIC_FACILITIES", "osm_id": 852490432, "osm_type": "way", "name": "清华大学洁华幼儿园双清苑分园", "amenity": "kindergarten", "shop": null, "operator": null, "source": "DATA-SRC-OSM", "official_boundary": false, "usable_for_formal": "background_only", "precision_note": "OSM 社区数据 POI，位置精度数米级；公共服务设施底数背景"}, "geometry": {"type": "Point", "coordinates": [116.336249, 40.009809]}}, {"type": "Feature", "properties": {"layer": "OSM_PUBLIC_FACILITIES", "osm_id": 852619796, "osm_type": "way", "name": "中关村第一小学西二旗分校", "amenity": "school", "shop": null, "operator": null, "source": "DATA-SRC-OSM", "official_boundary": false, "usable_for_formal": "background_only", "precision_note": "OSM 社区数据 POI，位置精度数米级；公共服务设施底数背景"}, "geometry": {"type": "Point", "coordinates": [116.304552, 40.048848]}}, {"type": "Feature", "properties": {"layer": "OSM_PUBLIC_FACILITIES", "osm_id": 852646108, "osm_type": "way", "name": "李文正馆", "amenity": "library", "shop": null, "operator": null, "source": "DATA-SRC-OSM", "official_boundary": false, "usable_for_formal": "background_only", "precision_note": "OSM 社区数据 POI，位置精度数米级；公共服务设施底数背景"}, "geometry": {"type": "Point", "coordinates": [116.317633, 40.004162]}}, {"type": "Feature", "properties": {"layer": "OSM_PUBLIC_FACILITIES", "osm_id": 861086572, "osm_type": "way", "name": "海淀区消防支队八家中队", "amenity": "fire_station", "shop": null, "operator": null, "source": "DATA-SRC-OSM", "official_boundary": false, "usable_for_formal": "background_only", "precision_note": "OSM 社区数据 POI，位置精度数米级；公共服务设施底数背景"}, "geometry": {"type": "Point", "coordinates": [116.334036, 40.005337]}}, {"type": "Feature", "properties": {"layer": "OSM_PUBLIC_FACILITIES", "osm_id": 866277614, "osm_type": "way", "name": "北京大学工学院", "amenity": "university", "shop": null, "operator": "北京大学", "source": "DATA-SRC-OSM", "official_boundary": false, "usable_for_formal": "background_only", "precision_note": "OSM 社区数据 POI，位置精度数米级；公共服务设施底数背景"}, "geometry": {"type": "Point", "coordinates": [116.31216, 39.993016]}}, {"type": "Feature", "properties": {"layer": "OSM_PUBLIC_FACILITIES", "osm_id": 868296012, "osm_type": "way", "name": "中国地质大学附属中学", "amenity": "school", "shop": null, "operator": null, "source": "DATA-SRC-OSM", "official_boundary": false, "usable_for_formal": "background_only", "precision_note": "OSM 社区数据 POI，位置精度数米级；公共服务设施底数背景"}, "geometry": {"type": "Point", "coordinates": [116.338596, 39.986597]}}, {"type": "Feature", "properties": {"layer": "OSM_PUBLIC_FACILITIES", "osm_id": 868296013, "osm_type": "way", "name": "海淀区职业技校东校区", "amenity": "college", "shop": null, "operator": null, "source": "DATA-SRC-OSM", "official_boundary": false, "usable_for_formal": "background_only", "precision_note": "OSM 社区数据 POI，位置精度数米级；公共服务设施底数背景"}, "geometry": {"type": "Point", "coordinates": [116.338446, 39.985941]}}, {"type": "Feature", "properties": {"layer": "OSM_PUBLIC_FACILITIES", "osm_id": 868296014, "osm_type": "way", "name": "中关村学院", "amenity": "college", "shop": null, "operator": null, "source": "DATA-SRC-OSM", "official_boundary": false, "usable_for_formal": "background_only", "precision_note": "OSM 社区数据 POI，位置精度数米级；公共服务设施底数背景"}, "geometry": {"type": "Point", "coordinates": [116.339258, 39.985915]}}, {"type": "Feature", "properties": {"layer": "OSM_PUBLIC_FACILITIES", "osm_id": 868296015, "osm_type": "way", "name": "北京城市学院", "amenity": "college", "shop": null, "operator": "北京市教委", "source": "DATA-SRC-OSM", "official_boundary": false, "usable_for_formal": "background_only", "precision_note": "OSM 社区数据 POI，位置精度数米级；公共服务设施底数背景"}, "geometry": {"type": "Point", "coordinates": [116.340775, 39.986147]}}, {"type": "Feature", "properties": {"layer": "OSM_PUBLIC_FACILITIES", "osm_id": 868296036, "osm_type": "way", "name": "北京市海淀区第三实验小学（北校区）", "amenity": "school", "shop": null, "operator": null, "source": "DATA-SRC-OSM", "official_boundary": false, "usable_for_formal": "background_only", "precision_note": "OSM 社区数据 POI，位置精度数米级；公共服务设施底数背景"}, "geometry": {"type": "Point", "coordinates": [116.334929, 39.992716]}}, {"type": "Feature", "properties": {"layer": "OSM_PUBLIC_FACILITIES", "osm_id": 876388896, "osm_type": "way", "name": "北京交通大学附属中学（东校区）", "amenity": "school", "shop": null, "operator": null, "source": "DATA-SRC-OSM", "official_boundary": false, "usable_for_formal": "background_only", "precision_note": "OSM 社区数据 POI，位置精度数米级；公共服务设施底数背景"}, "geometry": {"type": "Point", "coordinates": [116.368664, 39.968697]}}, {"type": "Feature", "properties": {"layer": "OSM_PUBLIC_FACILITIES", "osm_id": 876428130, "osm_type": "way", "name": "中关园食堂", "amenity": "restaurant", "shop": null, "operator": null, "source": "DATA-SRC-OSM", "official_boundary": false, "usable_for_formal": "background_only", "precision_note": "OSM 社区数据 POI，位置精度数米级；公共服务设施底数背景"}, "geometry": {"type": "Point", "coordinates": [116.314467, 39.990648]}}, {"type": "Feature", "properties": {"layer": "OSM_PUBLIC_FACILITIES", "osm_id": 888093516, "osm_type": "way", "name": "万寿寺", "amenity": "place_of_worship", "shop": null, "operator": null, "source": "DATA-SRC-OSM", "official_boundary": false, "usable_for_formal": "background_only", "precision_note": "OSM 社区数据 POI，位置精度数米级；公共服务设施底数背景"}, "geometry": {"type": "Point", "coordinates": [116.305339, 39.945963]}}, {"type": "Feature", "properties": {"layer": "OSM_PUBLIC_FACILITIES", "osm_id": 888093522, "osm_type": "way", "name": "中国农业科学院附属小学（气象路校区）", "amenity": "school", "shop": null, "operator": "中国农业科学院", "source": "DATA-SRC-OSM", "official_boundary": false, "usable_for_formal": "background_only", "precision_note": "OSM 社区数据 POI，位置精度数米级；公共服务设施底数背景"}, "geometry": {"type": "Point", "coordinates": [116.330459, 39.945684]}}, {"type": "Feature", "properties": {"layer": "OSM_PUBLIC_FACILITIES", "osm_id": 891739616, "osm_type": "way", "name": "北京市海淀区妇幼保健院东南院区", "amenity": "hospital", "shop": null, "operator": null, "source": "DATA-SRC-OSM", "official_boundary": false, "usable_for_formal": "background_only", "precision_note": "OSM 社区数据 POI，位置精度数米级；公共服务设施底数背景"}, "geometry": {"type": "Point", "coordinates": [116.300021, 39.971206]}}, {"type": "Feature", "properties": {"layer": "OSM_PUBLIC_FACILITIES", "osm_id": 892665301, "osm_type": "way", "name": null, "amenity": "school", "shop": null, "operator": null, "source": "DATA-SRC-OSM", "official_boundary": false, "usable_for_formal": "background_only", "precision_note": "OSM 社区数据 POI，位置精度数米级；公共服务设施底数背景"}, "geometry": {"type": "Point", "coordinates": [116.332333, 39.964412]}}, {"type": "Feature", "properties": {"layer": "OSM_PUBLIC_FACILITIES", "osm_id": 915420284, "osm_type": "way", "name": "益民市场", "amenity": "marketplace", "shop": null, "operator": null, "source": "DATA-SRC-OSM", "official_boundary": false, "usable_for_formal": "background_only", "precision_note": "OSM 社区数据 POI，位置精度数米级；公共服务设施底数背景"}, "geometry": {"type": "Point", "coordinates": [116.307893, 40.051876]}}, {"type": "Feature", "properties": {"layer": "OSM_PUBLIC_FACILITIES", "osm_id": 915449072, "osm_type": "way", "name": "北京第二实验小学（德胜校区）", "amenity": "school", "shop": null, "operator": null, "source": "DATA-SRC-OSM", "official_boundary": false, "usable_for_formal": "background_only", "precision_note": "OSM 社区数据 POI，位置精度数米级；公共服务设施底数背景"}, "geometry": {"type": "Point", "coordinates": [116.374977, 39.949427]}}, {"type": "Feature", "properties": {"layer": "OSM_PUBLIC_FACILITIES", "osm_id": 915450605, "osm_type": "way", "name": "北京市第七中学", "amenity": "school", "shop": null, "operator": "北京市第七中学", "source": "DATA-SRC-OSM", "official_boundary": false, "usable_for_formal": "background_only", "precision_note": "OSM 社区数据 POI，位置精度数米级；公共服务设施底数背景"}, "geometry": {"type": "Point", "coordinates": [116.377374, 39.951391]}}, {"type": "Feature", "properties": {"layer": "OSM_PUBLIC_FACILITIES", "osm_id": 916062407, "osm_type": "way", "name": "家园", "amenity": "restaurant", "shop": null, "operator": null, "source": "DATA-SRC-OSM", "official_boundary": false, "usable_for_formal": "background_only", "precision_note": "OSM 社区数据 POI，位置精度数米级；公共服务设施底数背景"}, "geometry": {"type": "Point", "coordinates": [116.316175, 39.993399]}}, {"type": "Feature", "properties": {"layer": "OSM_PUBLIC_FACILITIES", "osm_id": 917379043, "osm_type": "way", "name": "北京交通大学-向阳办公区", "amenity": "university", "shop": null, "operator": "北京交通大学", "source": "DATA-SRC-OSM", "official_boundary": false, "usable_for_formal": "background_only", "precision_note": "OSM 社区数据 POI，位置精度数米级；公共服务设施底数背景"}, "geometry": {"type": "Point", "coordinates": [116.336229, 39.952604]}}, {"type": "Feature", "properties": {"layer": "OSM_PUBLIC_FACILITIES", "osm_id": 917379044, "osm_type": "way", "name": "中国铁道科学院幼儿园", "amenity": "kindergarten", "shop": null, "operator": "中国铁道科学院", "source": "DATA-SRC-OSM", "official_boundary": false, "usable_for_formal": "background_only", "precision_note": "OSM 社区数据 POI，位置精度数米级；公共服务设施底数背景"}, "geometry": {"type": "Point", "coordinates": [116.339773, 39.955412]}}, {"type": "Feature", "properties": {"layer": "OSM_PUBLIC_FACILITIES", "osm_id": 917379045, "osm_type": "way", "name": "北京交通大学附属小学（东校区）", "amenity": "school", "shop": null, "operator": "北京交通大学", "source": "DATA-SRC-OSM", "official_boundary": false, "usable_for_formal": "background_only", "precision_note": "OSM 社区数据 POI，位置精度数米级；公共服务设施底数背景"}, "geometry": {"type": "Point", "coordinates": [116.342396, 39.951869]}}, {"type": "Feature", "properties": {"layer": "OSM_PUBLIC_FACILITIES", "osm_id": 917379046, "osm_type": "way", "name": "国防大学军事文化学院", "amenity": "university", "shop": null, "operator": null, "source": "DATA-SRC-OSM", "official_boundary": false, "usable_for_formal": "background_only", "precision_note": "OSM 社区数据 POI，位置精度数米级；公共服务设施底数背景"}, "geometry": {"type": "Point", "coordinates": [116.318916, 39.953719]}}, {"type": "Feature", "properties": {"layer": "OSM_PUBLIC_FACILITIES", "osm_id": 917665174, "osm_type": "way", "name": "海淀区前进小学", "amenity": "school", "shop": null, "operator": null, "source": "DATA-SRC-OSM", "official_boundary": false, "usable_for_formal": "background_only", "precision_note": "OSM 社区数据 POI，位置精度数米级；公共服务设施底数背景"}, "geometry": {"type": "Point", "coordinates": [116.353513, 39.973129]}}, {"type": "Feature", "properties": {"layer": "OSM_PUBLIC_FACILITIES", "osm_id": 917665185, "osm_type": "way", "name": "海淀区民族小学（南校区）", "amenity": "school", "shop": null, "operator": null, "source": "DATA-SRC-OSM", "official_boundary": false, "usable_for_formal": "background_only", "precision_note": "OSM 社区数据 POI，位置精度数米级；公共服务设施底数背景"}, "geometry": {"type": "Point", "coordinates": [116.369833, 39.970707]}}, {"type": "Feature", "properties": {"layer": "OSM_PUBLIC_FACILITIES", "osm_id": 918613800, "osm_type": "way", "name": "中国科学院第三幼儿园", "amenity": "kindergarten", "shop": null, "operator": null, "source": "DATA-SRC-OSM", "official_boundary": false, "usable_for_formal": "background_only", "precision_note": "OSM 社区数据 POI，位置精度数米级；公共服务设施底数背景"}, "geometry": {"type": "Point", "coordinates": [116.314669, 39.982185]}}, {"type": "Feature", "properties": {"layer": "OSM_PUBLIC_FACILITIES", "osm_id": 919969641, "osm_type": "way", "name": "北京信息科技大学(健翔桥校区)", "amenity": "university", "shop": null, "operator": null, "source": "DATA-SRC-OSM", "official_boundary": false, "usable_for_formal": "background_only", "precision_note": "OSM 社区数据 POI，位置精度数米级；公共服务设施底数背景"}, "geometry": {"type": "Point", "coordinates": [116.375847, 39.987955]}}, {"type": "Feature", "properties": {"layer": "OSM_PUBLIC_FACILITIES", "osm_id": 922427117, "osm_type": "way", "name": "北京市西城区黄城根小学（后广平校区）", "amenity": "school", "shop": null, "operator": null, "source": "DATA-SRC-OSM", "official_boundary": false, "usable_for_formal": "background_only", "precision_note": "OSM 社区数据 POI，位置精度数米级；公共服务设施底数背景"}, "geometry": {"type": "Point", "coordinates": [116.356007, 39.935806]}}, {"type": "Feature", "properties": {"layer": "OSM_PUBLIC_FACILITIES", "osm_id": 922791284, "osm_type": "way", "name": "厂桥小学北校区", "amenity": "school", "shop": null, "operator": null, "source": "DATA-SRC-OSM", "official_boundary": false, "usable_for_formal": "background_only", "precision_note": "OSM 社区数据 POI，位置精度数米级；公共服务设施底数背景"}, "geometry": {"type": "Point", "coordinates": [116.369171, 39.936883]}}, {"type": "Feature", "properties": {"layer": "OSM_PUBLIC_FACILITIES", "osm_id": 922791285, "osm_type": "way", "name": "北京雷锋小学（东街校区）", "amenity": "school", "shop": null, "operator": null, "source": "DATA-SRC-OSM", "official_boundary": false, "usable_for_formal": "background_only", "precision_note": "OSM 社区数据 POI，位置精度数米级；公共服务设施底数背景"}, "geometry": {"type": "Point", "coordinates": [116.372273, 39.941413]}}, {"type": "Feature", "properties": {"layer": "OSM_PUBLIC_FACILITIES", "osm_id": 922791286, "osm_type": "way", "name": "柳荫街小学（煤厂胡同址）", "amenity": "school", "shop": null, "operator": null, "source": "DATA-SRC-OSM", "official_boundary": false, "usable_for_formal": "background_only", "precision_note": "OSM 社区数据 POI，位置精度数米级；公共服务设施底数背景"}, "geometry": {"type": "Point", "coordinates": [116.379528, 39.938218]}}, {"type": "Feature", "properties": {"layer": "OSM_PUBLIC_FACILITIES", "osm_id": 922791287, "osm_type": "way", "name": "西城区柳荫街小学(大翔凤址）", "amenity": "school", "shop": null, "operator": null, "source": "DATA-SRC-OSM", "official_boundary": false, "usable_for_formal": "background_only", "precision_note": "OSM 社区数据 POI，位置精度数米级；公共服务设施底数背景"}, "geometry": {"type": "Point", "coordinates": [116.383496, 39.937386]}}, {"type": "Feature", "properties": {"layer": "OSM_PUBLIC_FACILITIES", "osm_id": 922791288, "osm_type": "way", "name": "北京市雷锋小学", "amenity": "school", "shop": null, "operator": null, "source": "DATA-SRC-OSM", "official_boundary": false, "usable_for_formal": "background_only", "precision_note": "OSM 社区数据 POI，位置精度数米级；公共服务设施底数背景"}, "geometry": {"type": "Point", "coordinates": [116.385512, 39.946392]}}, {"type": "Feature", "properties": {"layer": "OSM_PUBLIC_FACILITIES", "osm_id": 924593023, "osm_type": "way", "name": "西城区师范学校附属小学（六铺炕校区）", "amenity": "school", "shop": null, "operator": null, "source": "DATA-SRC-OSM", "official_boundary": false, "usable_for_formal": "background_only", "precision_note": "OSM 社区数据 POI，位置精度数米级；公共服务设施底数背景"}, "geometry": {"type": "Point", "coordinates": [116.384552, 39.954486]}}, {"type": "Feature", "properties": {"layer": "OSM_PUBLIC_FACILITIES", "osm_id": 924593024, "osm_type": "way", "name": "西城区五路通小学", "amenity": "school", "shop": null, "operator": null, "source": "DATA-SRC-OSM", "official_boundary": false, "usable_for_formal": "background_only", "precision_note": "OSM 社区数据 POI，位置精度数米级；公共服务设施底数背景"}, "geometry": {"type": "Point", "coordinates": [116.376897, 39.959595]}}, {"type": "Feature", "properties": {"layer": "OSM_PUBLIC_FACILITIES", "osm_id": 924593028, "osm_type": "way", "name": "北京第二实验小学（玉桃园分校）", "amenity": "school", "shop": null, "operator": null, "source": "DATA-SRC-OSM", "official_boundary": false, "usable_for_formal": "background_only", "precision_note": "OSM 社区数据 POI，位置精度数米级；公共服务设施底数背景"}, "geometry": {"type": "Point", "coordinates": [116.356756, 39.940796]}}, {"type": "Feature", "properties": {"layer": "OSM_PUBLIC_FACILITIES", "osm_id": 924593034, "osm_type": "way", "name": "西城区志成小学（西址）", "amenity": "school", "shop": null, "operator": null, "source": "DATA-SRC-OSM", "official_boundary": false, "usable_for_formal": "background_only", "precision_note": "OSM 社区数据 POI，位置精度数米级；公共服务设施底数背景"}, "geometry": {"type": "Point", "coordinates": [116.354677, 39.936626]}}, {"type": "Feature", "properties": {"layer": "OSM_PUBLIC_FACILITIES", "osm_id": 925024594, "osm_type": "way", "name": "西城区育翔小学（德胜里校区）", "amenity": "school", "shop": null, "operator": "西城区育翔小学", "source": "DATA-SRC-OSM", "official_boundary": false, "usable_for_formal": "background_only", "precision_note": "OSM 社区数据 POI，位置精度数米级；公共服务设施底数背景"}, "geometry": {"type": "Point", "coordinates": [116.36887, 39.953833]}}, {"type": "Feature", "properties": {"layer": "OSM_PUBLIC_FACILITIES", "osm_id": 925024595, "osm_type": "way", "name": "首都医科大学附属北京安定医院", "amenity": "hospital", "shop": null, "operator": "首都医科大学", "source": "DATA-SRC-OSM", "official_boundary": false, "usable_for_formal": "background_only", "precision_note": "OSM 社区数据 POI，位置精度数米级；公共服务设施底数背景"}, "geometry": {"type": "Point", "coordinates": [116.370595, 39.951536]}}, {"type": "Feature", "properties": {"layer": "OSM_PUBLIC_FACILITIES", "osm_id": 925024596, "osm_type": "way", "name": "西城区育翔小学（阳光校区）", "amenity": "school", "shop": null, "operator": null, "source": "DATA-SRC-OSM", "official_boundary": false, "usable_for_formal": "background_only", "precision_note": "OSM 社区数据 POI，位置精度数米级；公共服务设施底数背景"}, "geometry": {"type": "Point", "coordinates": [116.380823, 39.965113]}}, {"type": "Feature", "properties": {"layer": "OSM_PUBLIC_FACILITIES", "osm_id": 925024597, "osm_type": "way", "name": "育翔小学", "amenity": "school", "shop": null, "operator": null, "source": "DATA-SRC-OSM", "official_boundary": false, "usable_for_formal": "background_only", "precision_note": "OSM 社区数据 POI，位置精度数米级；公共服务设施底数背景"}, "geometry": {"type": "Point", "coordinates": [116.371789, 39.964362]}}, {"type": "Feature", "properties": {"layer": "OSM_PUBLIC_FACILITIES", "osm_id": 925024600, "osm_type": "way", "name": "西城区鸦儿胡同小学（南校区）", "amenity": "school", "shop": null, "operator": null, "source": "DATA-SRC-OSM", "official_boundary": false, "usable_for_formal": "background_only", "precision_note": "OSM 社区数据 POI，位置精度数米级；公共服务设施底数背景"}, "geometry": {"type": "Point", "coordinates": [116.38551, 39.939194]}}, {"type": "Feature", "properties": {"layer": "OSM_PUBLIC_FACILITIES", "osm_id": 925024601, "osm_type": "way", "name": "西城区鸦儿胡同小学（北校区）", "amenity": "school", "shop": null, "operator": null, "source": "DATA-SRC-OSM", "official_boundary": false, "usable_for_formal": "background_only", "precision_note": "OSM 社区数据 POI，位置精度数米级；公共服务设施底数背景"}, "geometry": {"type": "Point", "coordinates": [116.385341, 39.941545]}}, {"type": "Feature", "properties": {"layer": "OSM_PUBLIC_FACILITIES", "osm_id": 925024612, "osm_type": "way", "name": "北京市三帆中学附属小学", "amenity": "school", "shop": null, "operator": null, "source": "DATA-SRC-OSM", "official_boundary": false, "usable_for_formal": "background_only", "precision_note": "OSM 社区数据 POI，位置精度数米级；公共服务设施底数背景"}, "geometry": {"type": "Point", "coordinates": [116.379722, 39.969182]}}, {"type": "Feature", "properties": {"layer": "OSM_PUBLIC_FACILITIES", "osm_id": 929588941, "osm_type": "way", "name": "积水潭医院", "amenity": "hospital", "shop": null, "operator": null, "source": "DATA-SRC-OSM", "official_boundary": false, "usable_for_formal": "background_only", "precision_note": "OSM 社区数据 POI，位置精度数米级；公共服务设施底数背景"}, "geometry": {"type": "Point", "coordinates": [116.369131, 39.943107]}}, {"type": "Feature", "properties": {"layer": "OSM_PUBLIC_FACILITIES", "osm_id": 929653187, "osm_type": "way", "name": "北京市第十三中学分校", "amenity": "school", "shop": null, "operator": null, "source": "DATA-SRC-OSM", "official_boundary": false, "usable_for_formal": "background_only", "precision_note": "OSM 社区数据 POI，位置精度数米级；公共服务设施底数背景"}, "geometry": {"type": "Point", "coordinates": [116.38025, 39.946917]}}, {"type": "Feature", "properties": {"layer": "OSM_PUBLIC_FACILITIES", "osm_id": 929752792, "osm_type": "way", "name": "北京市第十三中学（初中部）", "amenity": "school", "shop": null, "operator": null, "source": "DATA-SRC-OSM", "official_boundary": false, "usable_for_formal": "background_only", "precision_note": "OSM 社区数据 POI，位置精度数米级；公共服务设施底数背景"}, "geometry": {"type": "Point", "coordinates": [116.380184, 39.942875]}}, {"type": "Feature", "properties": {"layer": "OSM_PUBLIC_FACILITIES", "osm_id": 929752798, "osm_type": "way", "name": null, "amenity": "place_of_worship", "shop": null, "operator": null, "source": "DATA-SRC-OSM", "official_boundary": false, "usable_for_formal": "background_only", "precision_note": "OSM 社区数据 POI，位置精度数米级；公共服务设施底数背景"}, "geometry": {"type": "Point", "coordinates": [116.381761, 39.940942]}}, {"type": "Feature", "properties": {"layer": "OSM_PUBLIC_FACILITIES", "osm_id": 929752805, "osm_type": "way", "name": "广化寺", "amenity": "place_of_worship", "shop": null, "operator": null, "source": "DATA-SRC-OSM", "official_boundary": false, "usable_for_formal": "background_only", "precision_note": "OSM 社区数据 POI，位置精度数米级；公共服务设施底数背景"}, "geometry": {"type": "Point", "coordinates": [116.384536, 39.940119]}}, {"type": "Feature", "properties": {"layer": "OSM_PUBLIC_FACILITIES", "osm_id": 929752816, "osm_type": "way", "name": "北京联合大学（什刹海校区）", "amenity": "school", "shop": null, "operator": null, "source": "DATA-SRC-OSM", "official_boundary": false, "usable_for_formal": "background_only", "precision_note": "OSM 社区数据 POI，位置精度数米级；公共服务设施底数背景"}, "geometry": {"type": "Point", "coordinates": [116.388794, 39.937208]}}, {"type": "Feature", "properties": {"layer": "OSM_PUBLIC_FACILITIES", "osm_id": 934940413, "osm_type": "way", "name": "北京市八一学校小学部", "amenity": "school", "shop": null, "operator": null, "source": "DATA-SRC-OSM", "official_boundary": false, "usable_for_formal": "background_only", "precision_note": "OSM 社区数据 POI，位置精度数米级；公共服务设施底数背景"}, "geometry": {"type": "Point", "coordinates": [116.30166, 39.976791]}}, {"type": "Feature", "properties": {"layer": "OSM_PUBLIC_FACILITIES", "osm_id": 934940414, "osm_type": "way", "name": "北京市信息管理学校（中关村校区）", "amenity": "school", "shop": null, "operator": null, "source": "DATA-SRC-OSM", "official_boundary": false, "usable_for_formal": "background_only", "precision_note": "OSM 社区数据 POI，位置精度数米级；公共服务设施底数背景"}, "geometry": {"type": "Point", "coordinates": [116.30196, 39.975905]}}, {"type": "Feature", "properties": {"layer": "OSM_PUBLIC_FACILITIES", "osm_id": 934940422, "osm_type": "way", "name": "中国农业科学院附属小学（学院南路校区）", "amenity": "school", "shop": null, "operator": null, "source": "DATA-SRC-OSM", "official_boundary": false, "usable_for_formal": "background_only", "precision_note": "OSM 社区数据 POI，位置精度数米级；公共服务设施底数背景"}, "geometry": {"type": "Point", "coordinates": [116.330873, 39.958872]}}, {"type": "Feature", "properties": {"layer": "OSM_PUBLIC_FACILITIES", "osm_id": 934940423, "osm_type": "way", "name": "中国农业科学院附属小学（政法路校区）", "amenity": "school", "shop": null, "operator": null, "source": "DATA-SRC-OSM", "official_boundary": false, "usable_for_formal": "background_only", "precision_note": "OSM 社区数据 POI，位置精度数米级；公共服务设施底数背景"}, "geometry": {"type": "Point", "coordinates": [116.344078, 39.962067]}}, {"type": "Feature", "properties": {"layer": "OSM_PUBLIC_FACILITIES", "osm_id": 934940425, "osm_type": "way", "name": "北京邮电大学附属小学（明光村校区）", "amenity": "school", "shop": null, "operator": null, "source": "DATA-SRC-OSM", "official_boundary": false, "usable_for_formal": "background_only", "precision_note": "OSM 社区数据 POI，位置精度数米级；公共服务设施底数背景"}, "geometry": {"type": "Point", "coordinates": [116.347402, 39.953861]}}, {"type": "Feature", "properties": {"layer": "OSM_PUBLIC_FACILITIES", "osm_id": 936158187, "osm_type": "way", "name": "双榆树社区卫生服务中心", "amenity": "clinic", "shop": null, "operator": "公立", "source": "DATA-SRC-OSM", "official_boundary": false, "usable_for_formal": "background_only", "precision_note": "OSM 社区数据 POI，位置精度数米级；公共服务设施底数背景"}, "geometry": {"type": "Point", "coordinates": [116.318507, 39.968542]}}, {"type": "Feature", "properties": {"layer": "OSM_PUBLIC_FACILITIES", "osm_id": 936161126, "osm_type": "way", "name": null, "amenity": "restaurant", "shop": null, "operator": null, "source": "DATA-SRC-OSM", "official_boundary": false, "usable_for_formal": "background_only", "precision_note": "OSM 社区数据 POI，位置精度数米级；公共服务设施底数背景"}, "geometry": {"type": "Point", "coordinates": [116.318609, 39.967119]}}, {"type": "Feature", "properties": {"layer": "OSM_PUBLIC_FACILITIES", "osm_id": 937833947, "osm_type": "way", "name": "甲所餐厅", "amenity": "restaurant", "shop": null, "operator": null, "source": "DATA-SRC-OSM", "official_boundary": false, "usable_for_formal": "background_only", "precision_note": "OSM 社区数据 POI，位置精度数米级；公共服务设施底数背景"}, "geometry": {"type": "Point", "coordinates": [116.316257, 39.999675]}}, {"type": "Feature", "properties": {"layer": "OSM_PUBLIC_FACILITIES", "osm_id": 940385038, "osm_type": "way", "name": "海淀区永泰小学（清缘里校区）", "amenity": "school", "shop": null, "operator": null, "source": "DATA-SRC-OSM", "official_boundary": false, "usable_for_formal": "background_only", "precision_note": "OSM 社区数据 POI，位置精度数米级；公共服务设施底数背景"}, "geometry": {"type": "Point", "coordinates": [116.350634, 40.027768]}}, {"type": "Feature", "properties": {"layer": "OSM_PUBLIC_FACILITIES", "osm_id": 940385055, "osm_type": "way", "name": "海淀区西颐小学", "amenity": "school", "shop": null, "operator": null, "source": "DATA-SRC-OSM", "official_boundary": false, "usable_for_formal": "background_only", "precision_note": "OSM 社区数据 POI，位置精度数米级；公共服务设施底数背景"}, "geometry": {"type": "Point", "coordinates": [116.30715, 39.963797]}}, {"type": "Feature", "properties": {"layer": "OSM_PUBLIC_FACILITIES", "osm_id": 940385057, "osm_type": "way", "name": "北京林业大学附属小学", "amenity": "school", "shop": null, "operator": null, "source": "DATA-SRC-OSM", "official_boundary": false, "usable_for_formal": "background_only", "precision_note": "OSM 社区数据 POI，位置精度数米级；公共服务设施底数背景"}, "geometry": {"type": "Point", "coordinates": [116.342181, 40.003291]}}, {"type": "Feature", "properties": {"layer": "OSM_PUBLIC_FACILITIES", "osm_id": 940385058, "osm_type": "way", "name": "清华大学附属小学清河分校（朱房校区）", "amenity": "school", "shop": null, "operator": null, "source": "DATA-SRC-OSM", "official_boundary": false, "usable_for_formal": "background_only", "precision_note": "OSM 社区数据 POI，位置精度数米级；公共服务设施底数背景"}, "geometry": {"type": "Point", "coordinates": [116.332123, 40.027157]}}, {"type": "Feature", "properties": {"layer": "OSM_PUBLIC_FACILITIES", "osm_id": 940385060, "osm_type": "way", "name": "海淀区第二实验小学（汇缘校区）", "amenity": "school", "shop": null, "operator": null, "source": "DATA-SRC-OSM", "official_boundary": false, "usable_for_formal": "background_only", "precision_note": "OSM 社区数据 POI，位置精度数米级；公共服务设施底数背景"}, "geometry": {"type": "Point", "coordinates": [116.317522, 40.027611]}}, {"type": "Feature", "properties": {"layer": "OSM_PUBLIC_FACILITIES", "osm_id": 940385061, "osm_type": "way", "name": "海淀区第二实验小学（当代校区）", "amenity": "school", "shop": null, "operator": null, "source": "DATA-SRC-OSM", "official_boundary": false, "usable_for_formal": "background_only", "precision_note": "OSM 社区数据 POI，位置精度数米级；公共服务设施底数背景"}, "geometry": {"type": "Point", "coordinates": [116.312034, 40.042587]}}, {"type": "Feature", "properties": {"layer": "OSM_PUBLIC_FACILITIES", "osm_id": 940385062, "osm_type": "way", "name": "海淀区第二实验小学（清宁校区）", "amenity": "school", "shop": null, "operator": null, "source": "DATA-SRC-OSM", "official_boundary": false, "usable_for_formal": "background_only", "precision_note": "OSM 社区数据 POI，位置精度数米级；公共服务设施底数背景"}, "geometry": {"type": "Point", "coordinates": [116.328948, 40.040264]}}, {"type": "Feature", "properties": {"layer": "OSM_PUBLIC_FACILITIES", "osm_id": 940943782, "osm_type": "way", "name": "海淀区双榆树第一小学", "amenity": "school", "shop": null, "operator": null, "source": "DATA-SRC-OSM", "official_boundary": false, "usable_for_formal": "background_only", "precision_note": "OSM 社区数据 POI，位置精度数米级；公共服务设施底数背景"}, "geometry": {"type": "Point", "coordinates": [116.321404, 39.968991]}}, {"type": "Feature", "properties": {"layer": "OSM_PUBLIC_FACILITIES", "osm_id": 940943810, "osm_type": "way", "name": "清华大学附属中学上地学校", "amenity": "school", "shop": null, "operator": null, "source": "DATA-SRC-OSM", "official_boundary": false, "usable_for_formal": "background_only", "precision_note": "OSM 社区数据 POI，位置精度数米级；公共服务设施底数背景"}, "geometry": {"type": "Point", "coordinates": [116.312452, 40.016417]}}, {"type": "Feature", "properties": {"layer": "OSM_PUBLIC_FACILITIES", "osm_id": 941402162, "osm_type": "way", "name": "北京外国语大学附属小学（万寿寺校区）", "amenity": "school", "shop": null, "operator": null, "source": "DATA-SRC-OSM", "official_boundary": false, "usable_for_formal": "background_only", "precision_note": "OSM 社区数据 POI，位置精度数米级；公共服务设施底数背景"}, "geometry": {"type": "Point", "coordinates": [116.306511, 39.950273]}}, {"type": "Feature", "properties": {"layer": "OSM_PUBLIC_FACILITIES", "osm_id": 941402163, "osm_type": "way", "name": "北京外国语大学附属中学", "amenity": "school", "shop": null, "operator": null, "source": "DATA-SRC-OSM", "official_boundary": false, "usable_for_formal": "background_only", "precision_note": "OSM 社区数据 POI，位置精度数米级；公共服务设施底数背景"}, "geometry": {"type": "Point", "coordinates": [116.306698, 39.950776]}}, {"type": "Feature", "properties": {"layer": "OSM_PUBLIC_FACILITIES", "osm_id": 941402164, "osm_type": "way", "name": "北京外国语大学附属小学（魏公村校区）", "amenity": "school", "shop": null, "operator": null, "source": "DATA-SRC-OSM", "official_boundary": false, "usable_for_formal": "background_only", "precision_note": "OSM 社区数据 POI，位置精度数米级；公共服务设施底数背景"}, "geometry": {"type": "Point", "coordinates": [116.311681, 39.952395]}}, {"type": "Feature", "properties": {"layer": "OSM_PUBLIC_FACILITIES", "osm_id": 941402173, "osm_type": "way", "name": "北京理工大学附属小学", "amenity": "school", "shop": null, "operator": null, "source": "DATA-SRC-OSM", "official_boundary": false, "usable_for_formal": "background_only", "precision_note": "OSM 社区数据 POI，位置精度数米级；公共服务设施底数背景"}, "geometry": {"type": "Point", "coordinates": [116.303052, 39.960647]}}, {"type": "Feature", "properties": {"layer": "OSM_PUBLIC_FACILITIES", "osm_id": 941440375, "osm_type": "way", "name": "北京交通运输职业学院", "amenity": "school", "shop": null, "operator": null, "source": "DATA-SRC-OSM", "official_boundary": false, "usable_for_formal": "background_only", "precision_note": "OSM 社区数据 POI，位置精度数米级；公共服务设施底数背景"}, "geometry": {"type": "Point", "coordinates": [116.334079, 40.048928]}}, {"type": "Feature", "properties": {"layer": "OSM_PUBLIC_FACILITIES", "osm_id": 941729551, "osm_type": "way", "name": "北京邮电大学附属小学（海淀区今典小学）", "amenity": "school", "shop": null, "operator": null, "source": "DATA-SRC-OSM", "official_boundary": false, "usable_for_formal": "background_only", "precision_note": "OSM 社区数据 POI，位置精度数米级；公共服务设施底数背景"}, "geometry": {"type": "Point", "coordinates": [116.354039, 39.954045]}}, {"type": "Feature", "properties": {"layer": "OSM_PUBLIC_FACILITIES", "osm_id": 941729552, "osm_type": "way", "name": "北京邮电大学附属小学（文慧园校区）", "amenity": "school", "shop": null, "operator": null, "source": "DATA-SRC-OSM", "official_boundary": false, "usable_for_formal": "background_only", "precision_note": "OSM 社区数据 POI，位置精度数米级；公共服务设施底数背景"}, "geometry": {"type": "Point", "coordinates": [116.354034, 39.950052]}}, {"type": "Feature", "properties": {"layer": "OSM_PUBLIC_FACILITIES", "osm_id": 941729554, "osm_type": "way", "name": "北京邮电大学附属小学（志强校区）", "amenity": "school", "shop": null, "operator": null, "source": "DATA-SRC-OSM", "official_boundary": false, "usable_for_formal": "background_only", "precision_note": "OSM 社区数据 POI，位置精度数米级；公共服务设施底数背景"}, "geometry": {"type": "Point", "coordinates": [116.358658, 39.946427]}}, {"type": "Feature", "properties": {"layer": "OSM_PUBLIC_FACILITIES", "osm_id": 941729555, "osm_type": "way", "name": "北京石油学院附属小学（东校区）", "amenity": "school", "shop": null, "operator": null, "source": "DATA-SRC-OSM", "official_boundary": false, "usable_for_formal": "background_only", "precision_note": "OSM 社区数据 POI，位置精度数米级；公共服务设施底数背景"}, "geometry": {"type": "Point", "coordinates": [116.361452, 39.994979]}}, {"type": "Feature", "properties": {"layer": "OSM_PUBLIC_FACILITIES", "osm_id": 941729556, "osm_type": "way", "name": "北京石油学院附属小学（南校区）", "amenity": "school", "shop": null, "operator": null, "source": "DATA-SRC-OSM", "official_boundary": false, "usable_for_formal": "background_only", "precision_note": "OSM 社区数据 POI，位置精度数米级；公共服务设施底数背景"}, "geometry": {"type": "Point", "coordinates": [116.360992, 39.987654]}}, {"type": "Feature", "properties": {"layer": "OSM_PUBLIC_FACILITIES", "osm_id": 941729557, "osm_type": "way", "name": "海淀区中关村第四小学", "amenity": "school", "shop": null, "operator": null, "source": "DATA-SRC-OSM", "official_boundary": false, "usable_for_formal": "background_only", "precision_note": "OSM 社区数据 POI，位置精度数米级；公共服务设施底数背景"}, "geometry": {"type": "Point", "coordinates": [116.333387, 39.968187]}}, {"type": "Feature", "properties": {"layer": "OSM_PUBLIC_FACILITIES", "osm_id": 941729558, "osm_type": "way", "name": "海淀区育鹰小学（东校区）", "amenity": "school", "shop": null, "operator": null, "source": "DATA-SRC-OSM", "official_boundary": false, "usable_for_formal": "background_only", "precision_note": "OSM 社区数据 POI，位置精度数米级；公共服务设施底数背景"}, "geometry": {"type": "Point", "coordinates": [116.327969, 40.049087]}}, {"type": "Feature", "properties": {"layer": "OSM_PUBLIC_FACILITIES", "osm_id": 941729559, "osm_type": "way", "name": "海淀区民族小学（北校区）", "amenity": "school", "shop": null, "operator": null, "source": "DATA-SRC-OSM", "official_boundary": false, "usable_for_formal": "background_only", "precision_note": "OSM 社区数据 POI，位置精度数米级；公共服务设施底数背景"}, "geometry": {"type": "Point", "coordinates": [116.367875, 39.978518]}}, {"type": "Feature", "properties": {"layer": "OSM_PUBLIC_FACILITIES", "osm_id": 941729560, "osm_type": "way", "name": "北京医科大学附属小学（花园路校区）", "amenity": "school", "shop": null, "operator": "北京医科大学", "source": "DATA-SRC-OSM", "official_boundary": false, "usable_for_formal": "background_only", "precision_note": "OSM 社区数据 POI，位置精度数米级；公共服务设施底数背景"}, "geometry": {"type": "Point", "coordinates": [116.357889, 39.984042]}}, {"type": "Feature", "properties": {"layer": "OSM_PUBLIC_FACILITIES", "osm_id": 941729561, "osm_type": "way", "name": "北京医科大学附属小学（牡丹园校区）", "amenity": "school", "shop": null, "operator": null, "source": "DATA-SRC-OSM", "official_boundary": false, "usable_for_formal": "background_only", "precision_note": "OSM 社区数据 POI，位置精度数米级；公共服务设施底数背景"}, "geometry": {"type": "Point", "coordinates": [116.370934, 39.976404]}}, {"type": "Feature", "properties": {"layer": "OSM_PUBLIC_FACILITIES", "osm_id": 941729563, "osm_type": "way", "name": "清华大学附属小学清河分校（强佑校区）", "amenity": "school", "shop": null, "operator": null, "source": "DATA-SRC-OSM", "official_boundary": false, "usable_for_formal": "background_only", "precision_note": "OSM 社区数据 POI，位置精度数米级；公共服务设施底数背景"}, "geometry": {"type": "Point", "coordinates": [116.337445, 40.028175]}}, {"type": "Feature", "properties": {"layer": "OSM_PUBLIC_FACILITIES", "osm_id": 944587855, "osm_type": "way", "name": "北京科技大学幼儿园", "amenity": "kindergarten", "shop": null, "operator": null, "source": "DATA-SRC-OSM", "official_boundary": false, "usable_for_formal": "background_only", "precision_note": "OSM 社区数据 POI，位置精度数米级；公共服务设施底数背景"}, "geometry": {"type": "Point", "coordinates": [116.360761, 40.032048]}}, {"type": "Feature", "properties": {"layer": "OSM_PUBLIC_FACILITIES", "osm_id": 944686231, "osm_type": "way", "name": "北京师范大学第三附属中学", "amenity": "school", "shop": null, "operator": null, "source": "DATA-SRC-OSM", "official_boundary": false, "usable_for_formal": "background_only", "precision_note": "OSM 社区数据 POI，位置精度数米级；公共服务设施底数背景"}, "geometry": {"type": "Point", "coordinates": [116.359408, 39.964297]}}, {"type": "Feature", "properties": {"layer": "OSM_PUBLIC_FACILITIES", "osm_id": 944686232, "osm_type": "way", "name": "北京师范大学第三附属中学（南校区）", "amenity": "school", "shop": null, "operator": null, "source": "DATA-SRC-OSM", "official_boundary": false, "usable_for_formal": "background_only", "precision_note": "OSM 社区数据 POI，位置精度数米级；公共服务设施底数背景"}, "geometry": {"type": "Point", "coordinates": [116.356032, 39.952349]}}, {"type": "Feature", "properties": {"layer": "OSM_PUBLIC_FACILITIES", "osm_id": 944686233, "osm_type": "way", "name": "北京交通大学附属中学第二分校", "amenity": "school", "shop": null, "operator": null, "source": "DATA-SRC-OSM", "official_boundary": false, "usable_for_formal": "background_only", "precision_note": "OSM 社区数据 POI，位置精度数米级；公共服务设施底数背景"}, "geometry": {"type": "Point", "coordinates": [116.328895, 39.9501]}}, {"type": "Feature", "properties": {"layer": "OSM_PUBLIC_FACILITIES", "osm_id": 945996694, "osm_type": "way", "name": "东城区黑芝麻胡同小学（帽儿校区）", "amenity": "school", "shop": null, "operator": null, "source": "DATA-SRC-OSM", "official_boundary": false, "usable_for_formal": "background_only", "precision_note": "OSM 社区数据 POI，位置精度数米级；公共服务设施底数背景"}, "geometry": {"type": "Point", "coordinates": [116.394367, 39.935129]}}, {"type": "Feature", "properties": {"layer": "OSM_PUBLIC_FACILITIES", "osm_id": 948392692, "osm_type": "way", "name": "北京二龙路医院", "amenity": "hospital", "shop": null, "operator": null, "source": "DATA-SRC-OSM", "official_boundary": false, "usable_for_formal": "background_only", "precision_note": "OSM 社区数据 POI，位置精度数米级；公共服务设施底数背景"}, "geometry": {"type": "Point", "coordinates": [116.373957, 39.958234]}}, {"type": "Feature", "properties": {"layer": "OSM_PUBLIC_FACILITIES", "osm_id": 951385441, "osm_type": "way", "name": "丹天圣境", "amenity": "place_of_worship", "shop": null, "operator": null, "source": "DATA-SRC-OSM", "official_boundary": false, "usable_for_formal": "background_only", "precision_note": "OSM 社区数据 POI，位置精度数米级；公共服务设施底数背景"}, "geometry": {"type": "Point", "coordinates": [116.389518, 39.935381]}}, {"type": "Feature", "properties": {"layer": "OSM_PUBLIC_FACILITIES", "osm_id": 953235184, "osm_type": "way", "name": null, "amenity": "police", "shop": null, "operator": null, "source": "DATA-SRC-OSM", "official_boundary": false, "usable_for_formal": "background_only", "precision_note": "OSM 社区数据 POI，位置精度数米级；公共服务设施底数背景"}, "geometry": {"type": "Point", "coordinates": [116.331045, 39.991785]}}, {"type": "Feature", "properties": {"layer": "OSM_PUBLIC_FACILITIES", "osm_id": 953235185, "osm_type": "way", "name": null, "amenity": "police", "shop": null, "operator": null, "source": "DATA-SRC-OSM", "official_boundary": false, "usable_for_formal": "background_only", "precision_note": "OSM 社区数据 POI，位置精度数米级；公共服务设施底数背景"}, "geometry": {"type": "Point", "coordinates": [116.331013, 39.991306]}}, {"type": "Feature", "properties": {"layer": "OSM_PUBLIC_FACILITIES", "osm_id": 956330721, "osm_type": "way", "name": "北京联合大学外馆斜街校区", "amenity": "university", "shop": null, "operator": null, "source": "DATA-SRC-OSM", "official_boundary": false, "usable_for_formal": "background_only", "precision_note": "OSM 社区数据 POI，位置精度数米级；公共服务设施底数背景"}, "geometry": {"type": "Point", "coordinates": [116.393567, 39.962587]}}, {"type": "Feature", "properties": {"layer": "OSM_PUBLIC_FACILITIES", "osm_id": 959801254, "osm_type": "way", "name": "北京中仁中医医院", "amenity": "hospital", "shop": null, "operator": null, "source": "DATA-SRC-OSM", "official_boundary": false, "usable_for_formal": "background_only", "precision_note": "OSM 社区数据 POI，位置精度数米级；公共服务设施底数背景"}, "geometry": {"type": "Point", "coordinates": [116.354406, 39.956866]}}, {"type": "Feature", "properties": {"layer": "OSM_PUBLIC_FACILITIES", "osm_id": 960945193, "osm_type": "way", "name": "北京市朝阳区教育国资中心幼儿园(林萃园)", "amenity": "kindergarten", "shop": null, "operator": null, "source": "DATA-SRC-OSM", "official_boundary": false, "usable_for_formal": "background_only", "precision_note": "OSM 社区数据 POI，位置精度数米级；公共服务设施底数背景"}, "geometry": {"type": "Point", "coordinates": [116.360098, 40.015224]}}, {"type": "Feature", "properties": {"layer": "OSM_PUBLIC_FACILITIES", "osm_id": 960945194, "osm_type": "way", "name": "北京市朝阳区为明多元智能幼儿园", "amenity": "kindergarten", "shop": null, "operator": null, "source": "DATA-SRC-OSM", "official_boundary": false, "usable_for_formal": "background_only", "precision_note": "OSM 社区数据 POI，位置精度数米级；公共服务设施底数背景"}, "geometry": {"type": "Point", "coordinates": [116.361414, 40.014591]}}, {"type": "Feature", "properties": {"layer": "OSM_PUBLIC_FACILITIES", "osm_id": 962135678, "osm_type": "way", "name": "北京市第五中学分校（鼓楼校区）", "amenity": "school", "shop": null, "operator": null, "source": "DATA-SRC-OSM", "official_boundary": false, "usable_for_formal": "background_only", "precision_note": "OSM 社区数据 POI，位置精度数米级；公共服务设施底数背景"}, "geometry": {"type": "Point", "coordinates": [116.395297, 39.938671]}}, {"type": "Feature", "properties": {"layer": "OSM_PUBLIC_FACILITIES", "osm_id": 962135679, "osm_type": "way", "name": "北京市第一中学", "amenity": "school", "shop": null, "operator": null, "source": "DATA-SRC-OSM", "official_boundary": false, "usable_for_formal": "background_only", "precision_note": "OSM 社区数据 POI，位置精度数米级；公共服务设施底数背景"}, "geometry": {"type": "Point", "coordinates": [116.39397, 39.946044]}}, {"type": "Feature", "properties": {"layer": "OSM_PUBLIC_FACILITIES", "osm_id": 962135683, "osm_type": "way", "name": "北京市第一七一中学附属青年湖小学（南校区）", "amenity": "school", "shop": null, "operator": null, "source": "DATA-SRC-OSM", "official_boundary": false, "usable_for_formal": "background_only", "precision_note": "OSM 社区数据 POI，位置精度数米级；公共服务设施底数背景"}, "geometry": {"type": "Point", "coordinates": [116.391143, 39.953181]}}, {"type": "Feature", "properties": {"layer": "OSM_PUBLIC_FACILITIES", "osm_id": 963404956, "osm_type": "way", "name": "军委机关事务管理总局幼儿园", "amenity": "kindergarten", "shop": null, "operator": null, "source": "DATA-SRC-OSM", "official_boundary": false, "usable_for_formal": "background_only", "precision_note": "OSM 社区数据 POI，位置精度数米级；公共服务设施底数背景"}, "geometry": {"type": "Point", "coordinates": [116.359925, 39.955186]}}, {"type": "Feature", "properties": {"layer": "OSM_PUBLIC_FACILITIES", "osm_id": 964176206, "osm_type": "way", "name": "北京市第一七一中学附属青年湖小学", "amenity": "school", "shop": null, "operator": null, "source": "DATA-SRC-OSM", "official_boundary": false, "usable_for_formal": "background_only", "precision_note": "OSM 社区数据 POI，位置精度数米级；公共服务设施底数背景"}, "geometry": {"type": "Point", "coordinates": [116.392146, 39.955437]}}, {"type": "Feature", "properties": {"layer": "OSM_PUBLIC_FACILITIES", "osm_id": 970660872, "osm_type": "way", "name": null, "amenity": "fire_station", "shop": null, "operator": null, "source": "DATA-SRC-OSM", "official_boundary": false, "usable_for_formal": "background_only", "precision_note": "OSM 社区数据 POI，位置精度数米级；公共服务设施底数背景"}, "geometry": {"type": "Point", "coordinates": [116.320773, 39.940859]}}, {"type": "Feature", "properties": {"layer": "OSM_PUBLIC_FACILITIES", "osm_id": 971146051, "osm_type": "way", "name": "院职工食堂", "amenity": "restaurant", "shop": null, "operator": null, "source": "DATA-SRC-OSM", "official_boundary": false, "usable_for_formal": "background_only", "precision_note": "OSM 社区数据 POI，位置精度数米级；公共服务设施底数背景"}, "geometry": {"type": "Point", "coordinates": [116.321164, 39.957834]}}, {"type": "Feature", "properties": {"layer": "OSM_PUBLIC_FACILITIES", "osm_id": 971289355, "osm_type": "way", "name": "中国农业科学院门诊部", "amenity": "clinic", "shop": null, "operator": null, "source": "DATA-SRC-OSM", "official_boundary": false, "usable_for_formal": "background_only", "precision_note": "OSM 社区数据 POI，位置精度数米级；公共服务设施底数背景"}, "geometry": {"type": "Point", "coordinates": [116.322811, 39.958493]}}, {"type": "Feature", "properties": {"layer": "OSM_PUBLIC_FACILITIES", "osm_id": 978347158, "osm_type": "way", "name": "海淀区消防支队(河北村消防站)", "amenity": "fire_station", "shop": null, "operator": null, "source": "DATA-SRC-OSM", "official_boundary": false, "usable_for_formal": "background_only", "precision_note": "OSM 社区数据 POI，位置精度数米级；公共服务设施底数背景"}, "geometry": {"type": "Point", "coordinates": [116.377316, 40.035068]}}, {"type": "Feature", "properties": {"layer": "OSM_PUBLIC_FACILITIES", "osm_id": 984147595, "osm_type": "way", "name": "北京市西城区德胜中学", "amenity": "school", "shop": null, "operator": null, "source": "DATA-SRC-OSM", "official_boundary": false, "usable_for_formal": "background_only", "precision_note": "OSM 社区数据 POI，位置精度数米级；公共服务设施底数背景"}, "geometry": {"type": "Point", "coordinates": [116.378296, 39.964481]}}, {"type": "Feature", "properties": {"layer": "OSM_PUBLIC_FACILITIES", "osm_id": 985097345, "osm_type": "way", "name": "北京中科启元学校", "amenity": "school", "shop": null, "operator": null, "source": "DATA-SRC-OSM", "official_boundary": false, "usable_for_formal": "background_only", "precision_note": "OSM 社区数据 POI，位置精度数米级；公共服务设施底数背景"}, "geometry": {"type": "Point", "coordinates": [116.321518, 39.981828]}}, {"type": "Feature", "properties": {"layer": "OSM_PUBLIC_FACILITIES", "osm_id": 986582060, "osm_type": "way", "name": "宏恩观", "amenity": "place_of_worship", "shop": null, "operator": null, "source": "DATA-SRC-OSM", "official_boundary": false, "usable_for_formal": "background_only", "precision_note": "OSM 社区数据 POI，位置精度数米级；公共服务设施底数背景"}, "geometry": {"type": "Point", "coordinates": [116.38964, 39.942885]}}, {"type": "Feature", "properties": {"layer": "OSM_PUBLIC_FACILITIES", "osm_id": 989032270, "osm_type": "way", "name": "北土城公交场站", "amenity": "bus_station", "shop": null, "operator": null, "source": "DATA-SRC-OSM", "official_boundary": false, "usable_for_formal": "background_only", "precision_note": "OSM 社区数据 POI，位置精度数米级；公共服务设施底数背景"}, "geometry": {"type": "Point", "coordinates": [116.390103, 39.976452]}}, {"type": "Feature", "properties": {"layer": "OSM_PUBLIC_FACILITIES", "osm_id": 990439603, "osm_type": "way", "name": "马甸清真寺", "amenity": "place_of_worship", "shop": null, "operator": null, "source": "DATA-SRC-OSM", "official_boundary": false, "usable_for_formal": "background_only", "precision_note": "OSM 社区数据 POI，位置精度数米级；公共服务设施底数背景"}, "geometry": {"type": "Point", "coordinates": [116.372105, 39.968139]}}, {"type": "Feature", "properties": {"layer": "OSM_PUBLIC_FACILITIES", "osm_id": 993241543, "osm_type": "way", "name": "中日友好医院西区（舰船院区）", "amenity": "hospital", "shop": null, "operator": null, "source": "DATA-SRC-OSM", "official_boundary": false, "usable_for_formal": "background_only", "precision_note": "OSM 社区数据 POI，位置精度数米级；公共服务设施底数背景"}, "geometry": {"type": "Point", "coordinates": [116.361458, 40.00857]}}, {"type": "Feature", "properties": {"layer": "OSM_PUBLIC_FACILITIES", "osm_id": 994109963, "osm_type": "way", "name": "中国人民大学附属中学朝阳学校（安华校区）", "amenity": "school", "shop": null, "operator": null, "source": "DATA-SRC-OSM", "official_boundary": false, "usable_for_formal": "background_only", "precision_note": "OSM 社区数据 POI，位置精度数米级；公共服务设施底数背景"}, "geometry": {"type": "Point", "coordinates": [116.393177, 39.96607]}}, {"type": "Feature", "properties": {"layer": "OSM_PUBLIC_FACILITIES", "osm_id": 994109964, "osm_type": "way", "name": "朝阳区安华学校", "amenity": "school", "shop": null, "operator": null, "source": "DATA-SRC-OSM", "official_boundary": false, "usable_for_formal": "background_only", "precision_note": "OSM 社区数据 POI，位置精度数米级；公共服务设施底数背景"}, "geometry": {"type": "Point", "coordinates": [116.391935, 39.962828]}}, {"type": "Feature", "properties": {"layer": "OSM_PUBLIC_FACILITIES", "osm_id": 995531910, "osm_type": "way", "name": "中国教育科学研究院朝阳实验学校中学部", "amenity": "school", "shop": null, "operator": null, "source": "DATA-SRC-OSM", "official_boundary": false, "usable_for_formal": "background_only", "precision_note": "OSM 社区数据 POI，位置精度数米级；公共服务设施底数背景"}, "geometry": {"type": "Point", "coordinates": [116.393107, 39.972117]}}, {"type": "Feature", "properties": {"layer": "OSM_PUBLIC_FACILITIES", "osm_id": 995531912, "osm_type": "way", "name": "中国教育科学研究院朝阳实验学校（小学高部）", "amenity": "school", "shop": null, "operator": null, "source": "DATA-SRC-OSM", "official_boundary": false, "usable_for_formal": "background_only", "precision_note": "OSM 社区数据 POI，位置精度数米级；公共服务设施底数背景"}, "geometry": {"type": "Point", "coordinates": [116.391608, 39.971948]}}, {"type": "Feature", "properties": {"layer": "OSM_PUBLIC_FACILITIES", "osm_id": 995531913, "osm_type": "way", "name": "中国教育科学研究院朝阳实验学校（安华里校部）", "amenity": "school", "shop": null, "operator": null, "source": "DATA-SRC-OSM", "official_boundary": false, "usable_for_formal": "background_only", "precision_note": "OSM 社区数据 POI，位置精度数米级；公共服务设施底数背景"}, "geometry": {"type": "Point", "coordinates": [116.393004, 39.965042]}}, {"type": "Feature", "properties": {"layer": "OSM_PUBLIC_FACILITIES", "osm_id": 1002580383, "osm_type": "way", "name": "中国科学院第一幼儿园", "amenity": "kindergarten", "shop": null, "operator": null, "source": "DATA-SRC-OSM", "official_boundary": false, "usable_for_formal": "background_only", "precision_note": "OSM 社区数据 POI，位置精度数米级；公共服务设施底数背景"}, "geometry": {"type": "Point", "coordinates": [116.311326, 39.985166]}}, {"type": "Feature", "properties": {"layer": "OSM_PUBLIC_FACILITIES", "osm_id": 1003833559, "osm_type": "way", "name": "中国矿业大学（北京）", "amenity": "university", "shop": null, "operator": "中华人民共和国教育部", "source": "DATA-SRC-OSM", "official_boundary": false, "usable_for_formal": "background_only", "precision_note": "OSM 社区数据 POI，位置精度数米级；公共服务设施底数背景"}, "geometry": {"type": "Point", "coordinates": [116.342108, 39.997214]}}, {"type": "Feature", "properties": {"layer": "OSM_PUBLIC_FACILITIES", "osm_id": 1003838049, "osm_type": "way", "name": "禾谷园", "amenity": "restaurant", "shop": null, "operator": null, "source": "DATA-SRC-OSM", "official_boundary": false, "usable_for_formal": "background_only", "precision_note": "OSM 社区数据 POI，位置精度数米级；公共服务设施底数背景"}, "geometry": {"type": "Point", "coordinates": [116.33564, 40.005662]}}, {"type": "Feature", "properties": {"layer": "OSM_PUBLIC_FACILITIES", "osm_id": 1005615195, "osm_type": "way", "name": "海淀高等职业教育学院", "amenity": "college", "shop": null, "operator": null, "source": "DATA-SRC-OSM", "official_boundary": false, "usable_for_formal": "background_only", "precision_note": "OSM 社区数据 POI，位置精度数米级；公共服务设施底数背景"}, "geometry": {"type": "Point", "coordinates": [116.309754, 40.014085]}}, {"type": "Feature", "properties": {"layer": "OSM_PUBLIC_FACILITIES", "osm_id": 1010633942, "osm_type": "way", "name": "大雄宝殿", "amenity": "place_of_worship", "shop": null, "operator": null, "source": "DATA-SRC-OSM", "official_boundary": false, "usable_for_formal": "background_only", "precision_note": "OSM 社区数据 POI，位置精度数米级；公共服务设施底数背景"}, "geometry": {"type": "Point", "coordinates": [116.309894, 39.942869]}}, {"type": "Feature", "properties": {"layer": "OSM_PUBLIC_FACILITIES", "osm_id": 1010633943, "osm_type": "way", "name": "观音殿", "amenity": "place_of_worship", "shop": null, "operator": null, "source": "DATA-SRC-OSM", "official_boundary": false, "usable_for_formal": "background_only", "precision_note": "OSM 社区数据 POI，位置精度数米级；公共服务设施底数背景"}, "geometry": {"type": "Point", "coordinates": [116.309857, 39.943099]}}, {"type": "Feature", "properties": {"layer": "OSM_PUBLIC_FACILITIES", "osm_id": 1010633944, "osm_type": "way", "name": "天王殿", "amenity": "place_of_worship", "shop": null, "operator": null, "source": "DATA-SRC-OSM", "official_boundary": false, "usable_for_formal": "background_only", "precision_note": "OSM 社区数据 POI，位置精度数米级；公共服务设施底数背景"}, "geometry": {"type": "Point", "coordinates": [116.309958, 39.942591]}}, {"type": "Feature", "properties": {"layer": "OSM_PUBLIC_FACILITIES", "osm_id": 1010633945, "osm_type": "way", "name": "祖师殿", "amenity": "place_of_worship", "shop": null, "operator": null, "source": "DATA-SRC-OSM", "official_boundary": false, "usable_for_formal": "background_only", "precision_note": "OSM 社区数据 POI，位置精度数米级；公共服务设施底数背景"}, "geometry": {"type": "Point", "coordinates": [116.309872, 39.942745]}}, {"type": "Feature", "properties": {"layer": "OSM_PUBLIC_FACILITIES", "osm_id": 1010633946, "osm_type": "way", "name": "伽蓝殿", "amenity": "place_of_worship", "shop": null, "operator": null, "source": "DATA-SRC-OSM", "official_boundary": false, "usable_for_formal": "background_only", "precision_note": "OSM 社区数据 POI，位置精度数米级；公共服务设施底数背景"}, "geometry": {"type": "Point", "coordinates": [116.310005, 39.942762]}}, {"type": "Feature", "properties": {"layer": "OSM_PUBLIC_FACILITIES", "osm_id": 1010633947, "osm_type": "way", "name": "地藏殿", "amenity": "place_of_worship", "shop": null, "operator": null, "source": "DATA-SRC-OSM", "official_boundary": false, "usable_for_formal": "background_only", "precision_note": "OSM 社区数据 POI，位置精度数米级；公共服务设施底数背景"}, "geometry": {"type": "Point", "coordinates": [116.309956, 39.943003]}}, {"type": "Feature", "properties": {"layer": "OSM_PUBLIC_FACILITIES", "osm_id": 1010633948, "osm_type": "way", "name": "弥陀殿", "amenity": "place_of_worship", "shop": null, "operator": null, "source": "DATA-SRC-OSM", "official_boundary": false, "usable_for_formal": "background_only", "precision_note": "OSM 社区数据 POI，位置精度数米级；公共服务设施底数背景"}, "geometry": {"type": "Point", "coordinates": [116.309823, 39.942986]}}, {"type": "Feature", "properties": {"layer": "OSM_PUBLIC_FACILITIES", "osm_id": 1020713082, "osm_type": "way", "name": "北京市第十三中学", "amenity": "school", "shop": null, "operator": null, "source": "DATA-SRC-OSM", "official_boundary": false, "usable_for_formal": "background_only", "precision_note": "OSM 社区数据 POI，位置精度数米级；公共服务设施底数背景"}, "geometry": {"type": "Point", "coordinates": [116.377068, 39.935761]}}, {"type": "Feature", "properties": {"layer": "OSM_PUBLIC_FACILITIES", "osm_id": 1030031270, "osm_type": "way", "name": "教师食堂", "amenity": "fast_food", "shop": null, "operator": null, "source": "DATA-SRC-OSM", "official_boundary": false, "usable_for_formal": "background_only", "precision_note": "OSM 社区数据 POI，位置精度数米级；公共服务设施底数背景"}, "geometry": {"type": "Point", "coordinates": [116.299979, 40.001004]}}, {"type": "Feature", "properties": {"layer": "OSM_PUBLIC_FACILITIES", "osm_id": 1034863874, "osm_type": "way", "name": "食堂", "amenity": "restaurant", "shop": null, "operator": "首都师范大学", "source": "DATA-SRC-OSM", "official_boundary": false, "usable_for_formal": "background_only", "precision_note": "OSM 社区数据 POI，位置精度数米级；公共服务设施底数背景"}, "geometry": {"type": "Point", "coordinates": [116.300429, 39.936463]}}, {"type": "Feature", "properties": {"layer": "OSM_PUBLIC_FACILITIES", "osm_id": 1039830664, "osm_type": "way", "name": "北京市海培学校健翔校区", "amenity": "school", "shop": null, "operator": null, "source": "DATA-SRC-OSM", "official_boundary": false, "usable_for_formal": "background_only", "precision_note": "OSM 社区数据 POI，位置精度数米级；公共服务设施底数背景"}, "geometry": {"type": "Point", "coordinates": [116.305091, 39.965241]}}, {"type": "Feature", "properties": {"layer": "OSM_PUBLIC_FACILITIES", "osm_id": 1039830682, "osm_type": "way", "name": "明天幼稚集团第二幼儿园", "amenity": "kindergarten", "shop": null, "operator": null, "source": "DATA-SRC-OSM", "official_boundary": false, "usable_for_formal": "background_only", "precision_note": "OSM 社区数据 POI，位置精度数米级；公共服务设施底数背景"}, "geometry": {"type": "Point", "coordinates": [116.32071, 39.967935]}}, {"type": "Feature", "properties": {"layer": "OSM_PUBLIC_FACILITIES", "osm_id": 1039830683, "osm_type": "way", "name": "北京市中关村中学知春分校", "amenity": "school", "shop": null, "operator": null, "source": "DATA-SRC-OSM", "official_boundary": false, "usable_for_formal": "background_only", "precision_note": "OSM 社区数据 POI，位置精度数米级；公共服务设施底数背景"}, "geometry": {"type": "Point", "coordinates": [116.321722, 39.972716]}}, {"type": "Feature", "properties": {"layer": "OSM_PUBLIC_FACILITIES", "osm_id": 1046138240, "osm_type": "way", "name": "太极艾嘉幼儿园", "amenity": "kindergarten", "shop": null, "operator": null, "source": "DATA-SRC-OSM", "official_boundary": false, "usable_for_formal": "background_only", "precision_note": "OSM 社区数据 POI，位置精度数米级；公共服务设施底数背景"}, "geometry": {"type": "Point", "coordinates": [116.364747, 39.988923]}}, {"type": "Feature", "properties": {"layer": "OSM_PUBLIC_FACILITIES", "osm_id": 1046138254, "osm_type": "way", "name": "中国音乐学院附属艺术幼儿园(健翔分园)", "amenity": "kindergarten", "shop": null, "operator": null, "source": "DATA-SRC-OSM", "official_boundary": false, "usable_for_formal": "background_only", "precision_note": "OSM 社区数据 POI，位置精度数米级；公共服务设施底数背景"}, "geometry": {"type": "Point", "coordinates": [116.368032, 39.988601]}}, {"type": "Feature", "properties": {"layer": "OSM_PUBLIC_FACILITIES", "osm_id": 1046143663, "osm_type": "way", "name": "北京市海淀区本真双语艺术幼稚园（本真二里庄园）", "amenity": "kindergarten", "shop": null, "operator": null, "source": "DATA-SRC-OSM", "official_boundary": false, "usable_for_formal": "background_only", "precision_note": "OSM 社区数据 POI，位置精度数米级；公共服务设施底数背景"}, "geometry": {"type": "Point", "coordinates": [116.360304, 39.99526]}}, {"type": "Feature", "properties": {"layer": "OSM_PUBLIC_FACILITIES", "osm_id": 1046764332, "osm_type": "way", "name": null, "amenity": "fire_station", "shop": null, "operator": null, "source": "DATA-SRC-OSM", "official_boundary": false, "usable_for_formal": "background_only", "precision_note": "OSM 社区数据 POI，位置精度数米级；公共服务设施底数背景"}, "geometry": {"type": "Point", "coordinates": [116.377468, 40.035835]}}, {"type": "Feature", "properties": {"layer": "OSM_PUBLIC_FACILITIES", "osm_id": 1053792984, "osm_type": "way", "name": "清华志清中学", "amenity": "school", "shop": null, "operator": null, "source": "DATA-SRC-OSM", "official_boundary": false, "usable_for_formal": "background_only", "precision_note": "OSM 社区数据 POI，位置精度数米级；公共服务设施底数背景"}, "geometry": {"type": "Point", "coordinates": [116.318846, 40.017392]}}, {"type": "Feature", "properties": {"layer": "OSM_PUBLIC_FACILITIES", "osm_id": 1056034695, "osm_type": "way", "name": "延寿寺", "amenity": "place_of_worship", "shop": null, "operator": null, "source": "DATA-SRC-OSM", "official_boundary": false, "usable_for_formal": "background_only", "precision_note": "OSM 社区数据 POI，位置精度数米级；公共服务设施底数背景"}, "geometry": {"type": "Point", "coordinates": [116.333786, 40.007326]}}, {"type": "Feature", "properties": {"layer": "OSM_PUBLIC_FACILITIES", "osm_id": 1059610173, "osm_type": "way", "name": "中关村中学", "amenity": "school", "shop": null, "operator": null, "source": "DATA-SRC-OSM", "official_boundary": false, "usable_for_formal": "background_only", "precision_note": "OSM 社区数据 POI，位置精度数米级；公共服务设施底数背景"}, "geometry": {"type": "Point", "coordinates": [116.321529, 39.993059]}}, {"type": "Feature", "properties": {"layer": "OSM_PUBLIC_FACILITIES", "osm_id": 1061288341, "osm_type": "way", "name": "北京体育大学图书馆", "amenity": "library", "shop": null, "operator": null, "source": "DATA-SRC-OSM", "official_boundary": false, "usable_for_formal": "background_only", "precision_note": "OSM 社区数据 POI，位置精度数米级；公共服务设施底数背景"}, "geometry": {"type": "Point", "coordinates": [116.312503, 40.021262]}}, {"type": "Feature", "properties": {"layer": "OSM_PUBLIC_FACILITIES", "osm_id": 1061295008, "osm_type": "way", "name": "北京体育大学食堂", "amenity": "restaurant", "shop": null, "operator": null, "source": "DATA-SRC-OSM", "official_boundary": false, "usable_for_formal": "background_only", "precision_note": "OSM 社区数据 POI，位置精度数米级；公共服务设施底数背景"}, "geometry": {"type": "Point", "coordinates": [116.315359, 40.021606]}}, {"type": "Feature", "properties": {"layer": "OSM_PUBLIC_FACILITIES", "osm_id": 1066690676, "osm_type": "way", "name": "家恩德运医院", "amenity": "hospital", "shop": null, "operator": null, "source": "DATA-SRC-OSM", "official_boundary": false, "usable_for_formal": "background_only", "precision_note": "OSM 社区数据 POI，位置精度数米级；公共服务设施底数背景"}, "geometry": {"type": "Point", "coordinates": [116.335824, 39.976971]}}, {"type": "Feature", "properties": {"layer": "OSM_PUBLIC_FACILITIES", "osm_id": 1069881258, "osm_type": "way", "name": "凯迪双语实验幼儿园(朱房路)", "amenity": "kindergarten", "shop": null, "operator": null, "source": "DATA-SRC-OSM", "official_boundary": false, "usable_for_formal": "background_only", "precision_note": "OSM 社区数据 POI，位置精度数米级；公共服务设施底数背景"}, "geometry": {"type": "Point", "coordinates": [116.33649, 40.027409]}}, {"type": "Feature", "properties": {"layer": "OSM_PUBLIC_FACILITIES", "osm_id": 1070127511, "osm_type": "way", "name": "北京市红十字会急诊抢救中心", "amenity": "hospital", "shop": null, "operator": null, "source": "DATA-SRC-OSM", "official_boundary": false, "usable_for_formal": "background_only", "precision_note": "OSM 社区数据 POI，位置精度数米级；公共服务设施底数背景"}, "geometry": {"type": "Point", "coordinates": [116.346704, 40.024639]}}, {"type": "Feature", "properties": {"layer": "OSM_PUBLIC_FACILITIES", "osm_id": 1072236531, "osm_type": "way", "name": "龙岗路幼儿园", "amenity": "school", "shop": null, "operator": null, "source": "DATA-SRC-OSM", "official_boundary": false, "usable_for_formal": "background_only", "precision_note": "OSM 社区数据 POI，位置精度数米级；公共服务设施底数背景"}, "geometry": {"type": "Point", "coordinates": [116.356794, 40.030269]}}, {"type": "Feature", "properties": {"layer": "OSM_PUBLIC_FACILITIES", "osm_id": 1082276063, "osm_type": "way", "name": null, "amenity": "police", "shop": null, "operator": null, "source": "DATA-SRC-OSM", "official_boundary": false, "usable_for_formal": "background_only", "precision_note": "OSM 社区数据 POI，位置精度数米级；公共服务设施底数背景"}, "geometry": {"type": "Point", "coordinates": [116.3311, 39.990933]}}, {"type": "Feature", "properties": {"layer": "OSM_PUBLIC_FACILITIES", "osm_id": 1082312768, "osm_type": "way", "name": "北京明园大学", "amenity": "college", "shop": null, "operator": null, "source": "DATA-SRC-OSM", "official_boundary": false, "usable_for_formal": "background_only", "precision_note": "OSM 社区数据 POI，位置精度数米级；公共服务设施底数背景"}, "geometry": {"type": "Point", "coordinates": [116.333794, 40.050939]}}, {"type": "Feature", "properties": {"layer": "OSM_PUBLIC_FACILITIES", "osm_id": 1082314208, "osm_type": "way", "name": "北京市自动化工程学校", "amenity": "school", "shop": null, "operator": null, "source": "DATA-SRC-OSM", "official_boundary": false, "usable_for_formal": "background_only", "precision_note": "OSM 社区数据 POI，位置精度数米级；公共服务设施底数背景"}, "geometry": {"type": "Point", "coordinates": [116.364447, 40.006572]}}, {"type": "Feature", "properties": {"layer": "OSM_PUBLIC_FACILITIES", "osm_id": 1091268424, "osm_type": "way", "name": "北京市社会福利医院", "amenity": "hospital", "shop": null, "operator": null, "source": "DATA-SRC-OSM", "official_boundary": false, "usable_for_formal": "background_only", "precision_note": "OSM 社区数据 POI，位置精度数米级；公共服务设施底数背景"}, "geometry": {"type": "Point", "coordinates": [116.33783, 40.026109]}}, {"type": "Feature", "properties": {"layer": "OSM_PUBLIC_FACILITIES", "osm_id": 1091268427, "osm_type": "way", "name": "清河清真寺", "amenity": "place_of_worship", "shop": null, "operator": null, "source": "DATA-SRC-OSM", "official_boundary": false, "usable_for_formal": "background_only", "precision_note": "OSM 社区数据 POI，位置精度数米级；公共服务设施底数背景"}, "geometry": {"type": "Point", "coordinates": [116.340139, 40.025514]}}, {"type": "Feature", "properties": {"layer": "OSM_PUBLIC_FACILITIES", "osm_id": 1091757240, "osm_type": "way", "name": "咖啡店", "amenity": "cafe", "shop": null, "operator": null, "source": "DATA-SRC-OSM", "official_boundary": false, "usable_for_formal": "background_only", "precision_note": "OSM 社区数据 POI，位置精度数米级；公共服务设施底数背景"}, "geometry": {"type": "Point", "coordinates": [116.335195, 40.001259]}}, {"type": "Feature", "properties": {"layer": "OSM_PUBLIC_FACILITIES", "osm_id": 1101013040, "osm_type": "way", "name": "李兆基人文学苑", "amenity": "college", "shop": null, "operator": "北京大学", "source": "DATA-SRC-OSM", "official_boundary": false, "usable_for_formal": "background_only", "precision_note": "OSM 社区数据 POI，位置精度数米级；公共服务设施底数背景"}, "geometry": {"type": "Point", "coordinates": [116.305205, 39.995685]}}, {"type": "Feature", "properties": {"layer": "OSM_PUBLIC_FACILITIES", "osm_id": 1118773565, "osm_type": "way", "name": "安华里幼儿园安贞部", "amenity": "kindergarten", "shop": null, "operator": null, "source": "DATA-SRC-OSM", "official_boundary": false, "usable_for_formal": "background_only", "precision_note": "OSM 社区数据 POI，位置精度数米级；公共服务设施底数背景"}, "geometry": {"type": "Point", "coordinates": [116.394418, 39.971886]}}, {"type": "Feature", "properties": {"layer": "OSM_PUBLIC_FACILITIES", "osm_id": 1118773566, "osm_type": "way", "name": "北京哈罗英国学校安贞校区", "amenity": "school", "shop": null, "operator": null, "source": "DATA-SRC-OSM", "official_boundary": false, "usable_for_formal": "background_only", "precision_note": "OSM 社区数据 POI，位置精度数米级；公共服务设施底数背景"}, "geometry": {"type": "Point", "coordinates": [116.390505, 39.96999]}}, {"type": "Feature", "properties": {"layer": "OSM_PUBLIC_FACILITIES", "osm_id": 1118773576, "osm_type": "way", "name": "安华里第二幼儿园", "amenity": "kindergarten", "shop": null, "operator": null, "source": "DATA-SRC-OSM", "official_boundary": false, "usable_for_formal": "background_only", "precision_note": "OSM 社区数据 POI，位置精度数米级；公共服务设施底数背景"}, "geometry": {"type": "Point", "coordinates": [116.39103, 39.968849]}}, {"type": "Feature", "properties": {"layer": "OSM_PUBLIC_FACILITIES", "osm_id": 1118773589, "osm_type": "way", "name": "安贞街道中心幼儿园", "amenity": "kindergarten", "shop": null, "operator": null, "source": "DATA-SRC-OSM", "official_boundary": false, "usable_for_formal": "background_only", "precision_note": "OSM 社区数据 POI，位置精度数米级；公共服务设施底数背景"}, "geometry": {"type": "Point", "coordinates": [116.389613, 39.972002]}}, {"type": "Feature", "properties": {"layer": "OSM_PUBLIC_FACILITIES", "osm_id": 1119480015, "osm_type": "way", "name": "大通宝美食家", "amenity": "restaurant", "shop": null, "operator": null, "source": "DATA-SRC-OSM", "official_boundary": false, "usable_for_formal": "background_only", "precision_note": "OSM 社区数据 POI，位置精度数米级；公共服务设施底数背景"}, "geometry": {"type": "Point", "coordinates": [116.393939, 39.970752]}}, {"type": "Feature", "properties": {"layer": "OSM_PUBLIC_FACILITIES", "osm_id": 1119480029, "osm_type": "way", "name": "北京BISS国际学校", "amenity": "school", "shop": null, "operator": null, "source": "DATA-SRC-OSM", "official_boundary": false, "usable_for_formal": "background_only", "precision_note": "OSM 社区数据 POI，位置精度数米级；公共服务设施底数背景"}, "geometry": {"type": "Point", "coordinates": [116.393432, 39.969067]}}, {"type": "Feature", "properties": {"layer": "OSM_PUBLIC_FACILITIES", "osm_id": 1127819758, "osm_type": "way", "name": "美和园幼儿园智学苑分园", "amenity": "kindergarten", "shop": null, "operator": null, "source": "DATA-SRC-OSM", "official_boundary": false, "usable_for_formal": "background_only", "precision_note": "OSM 社区数据 POI，位置精度数米级；公共服务设施底数背景"}, "geometry": {"type": "Point", "coordinates": [116.305462, 40.048598]}}, {"type": "Feature", "properties": {"layer": "OSM_PUBLIC_FACILITIES", "osm_id": 1141821283, "osm_type": "way", "name": "北京市海淀区万泉小学（小南庄校区）", "amenity": "school", "shop": null, "operator": null, "source": "DATA-SRC-OSM", "official_boundary": false, "usable_for_formal": "background_only", "precision_note": "OSM 社区数据 POI，位置精度数米级；公共服务设施底数背景"}, "geometry": {"type": "Point", "coordinates": [116.299729, 39.966765]}}, {"type": "Feature", "properties": {"layer": "OSM_PUBLIC_FACILITIES", "osm_id": 1146998612, "osm_type": "way", "name": "中央民族大学附属中学（初中部）", "amenity": "school", "shop": null, "operator": null, "source": "DATA-SRC-OSM", "official_boundary": false, "usable_for_formal": "background_only", "precision_note": "OSM 社区数据 POI，位置精度数米级；公共服务设施底数背景"}, "geometry": {"type": "Point", "coordinates": [116.316459, 39.94753]}}, {"type": "Feature", "properties": {"layer": "OSM_PUBLIC_FACILITIES", "osm_id": 1150121760, "osm_type": "way", "name": "紫竹禅院", "amenity": "place_of_worship", "shop": null, "operator": null, "source": "DATA-SRC-OSM", "official_boundary": false, "usable_for_formal": "background_only", "precision_note": "OSM 社区数据 POI，位置精度数米级；公共服务设施底数背景"}, "geometry": {"type": "Point", "coordinates": [116.309981, 39.943006]}}, {"type": "Feature", "properties": {"layer": "OSM_PUBLIC_FACILITIES", "osm_id": 1150121762, "osm_type": "way", "name": "八一剧场", "amenity": "theatre", "shop": null, "operator": null, "source": "DATA-SRC-OSM", "official_boundary": false, "usable_for_formal": "background_only", "precision_note": "OSM 社区数据 POI，位置精度数米级；公共服务设施底数背景"}, "geometry": {"type": "Point", "coordinates": [116.304836, 39.94652]}}, {"type": "Feature", "properties": {"layer": "OSM_PUBLIC_FACILITIES", "osm_id": 1150732408, "osm_type": "way", "name": "九十九顶毡房", "amenity": "restaurant", "shop": null, "operator": null, "source": "DATA-SRC-OSM", "official_boundary": false, "usable_for_formal": "background_only", "precision_note": "OSM 社区数据 POI，位置精度数米级；公共服务设施底数背景"}, "geometry": {"type": "Point", "coordinates": [116.361377, 40.039824]}}, {"type": "Feature", "properties": {"layer": "OSM_PUBLIC_FACILITIES", "osm_id": 1167966750, "osm_type": "way", "name": "蓟门里幼儿园", "amenity": "kindergarten", "shop": null, "operator": null, "source": "DATA-SRC-OSM", "official_boundary": false, "usable_for_formal": "background_only", "precision_note": "OSM 社区数据 POI，位置精度数米级；公共服务设施底数背景"}, "geometry": {"type": "Point", "coordinates": [116.344591, 39.968289]}}, {"type": "Feature", "properties": {"layer": "OSM_PUBLIC_FACILITIES", "osm_id": 1181356959, "osm_type": "way", "name": "燕京神学院", "amenity": "school", "shop": null, "operator": null, "source": "DATA-SRC-OSM", "official_boundary": false, "usable_for_formal": "background_only", "precision_note": "OSM 社区数据 POI，位置精度数米级；公共服务设施底数背景"}, "geometry": {"type": "Point", "coordinates": [116.363629, 40.029733]}}, {"type": "Feature", "properties": {"layer": "OSM_PUBLIC_FACILITIES", "osm_id": 1190564325, "osm_type": "way", "name": "博雅学园幼儿园", "amenity": "kindergarten", "shop": null, "operator": null, "source": "DATA-SRC-OSM", "official_boundary": false, "usable_for_formal": "background_only", "precision_note": "OSM 社区数据 POI，位置精度数米级；公共服务设施底数背景"}, "geometry": {"type": "Point", "coordinates": [116.332956, 39.98662]}}, {"type": "Feature", "properties": {"layer": "OSM_PUBLIC_FACILITIES", "osm_id": 1192949960, "osm_type": "way", "name": "未来之星实验幼儿园", "amenity": "kindergarten", "shop": null, "operator": null, "source": "DATA-SRC-OSM", "official_boundary": false, "usable_for_formal": "background_only", "precision_note": "OSM 社区数据 POI，位置精度数米级；公共服务设施底数背景"}, "geometry": {"type": "Point", "coordinates": [116.345122, 40.00226]}}, {"type": "Feature", "properties": {"layer": "OSM_PUBLIC_FACILITIES", "osm_id": 1206744343, "osm_type": "way", "name": null, "amenity": "theatre", "shop": null, "operator": null, "source": "DATA-SRC-OSM", "official_boundary": false, "usable_for_formal": "background_only", "precision_note": "OSM 社区数据 POI，位置精度数米级；公共服务设施底数背景"}, "geometry": {"type": "Point", "coordinates": [116.369849, 40.038755]}}, {"type": "Feature", "properties": {"layer": "OSM_PUBLIC_FACILITIES", "osm_id": 1271085295, "osm_type": "way", "name": "海淀第二实验小学安宁分校", "amenity": "school", "shop": null, "operator": null, "source": "DATA-SRC-OSM", "official_boundary": false, "usable_for_formal": "background_only", "precision_note": "OSM 社区数据 POI，位置精度数米级；公共服务设施底数背景"}, "geometry": {"type": "Point", "coordinates": [116.317741, 40.049061]}}, {"type": "Feature", "properties": {"layer": "OSM_PUBLIC_FACILITIES", "osm_id": 1271964665, "osm_type": "way", "name": "醉面", "amenity": "restaurant", "shop": null, "operator": null, "source": "DATA-SRC-OSM", "official_boundary": false, "usable_for_formal": "background_only", "precision_note": "OSM 社区数据 POI，位置精度数米级；公共服务设施底数背景"}, "geometry": {"type": "Point", "coordinates": [116.339167, 39.976372]}}, {"type": "Feature", "properties": {"layer": "OSM_PUBLIC_FACILITIES", "osm_id": 1275481734, "osm_type": "way", "name": "北京师范大学", "amenity": "university", "shop": null, "operator": null, "source": "DATA-SRC-OSM", "official_boundary": false, "usable_for_formal": "background_only", "precision_note": "OSM 社区数据 POI，位置精度数米级；公共服务设施底数背景"}, "geometry": {"type": "Point", "coordinates": [116.3571, 39.955255]}}, {"type": "Feature", "properties": {"layer": "OSM_PUBLIC_FACILITIES", "osm_id": 1280550099, "osm_type": "way", "name": "中国剧院", "amenity": "theatre", "shop": null, "operator": null, "source": "DATA-SRC-OSM", "official_boundary": false, "usable_for_formal": "background_only", "precision_note": "OSM 社区数据 POI，位置精度数米级；公共服务设施底数背景"}, "geometry": {"type": "Point", "coordinates": [116.304695, 39.94721]}}, {"type": "Feature", "properties": {"layer": "OSM_PUBLIC_FACILITIES", "osm_id": 1295150823, "osm_type": "way", "name": "栅栏幼儿园", "amenity": "kindergarten", "shop": null, "operator": null, "source": "DATA-SRC-OSM", "official_boundary": false, "usable_for_formal": "background_only", "precision_note": "OSM 社区数据 POI，位置精度数米级；公共服务设施底数背景"}, "geometry": {"type": "Point", "coordinates": [116.37455, 39.995222]}}, {"type": "Feature", "properties": {"layer": "OSM_PUBLIC_FACILITIES", "osm_id": 1312762606, "osm_type": "way", "name": "彩和坊书院", "amenity": "restaurant", "shop": null, "operator": null, "source": "DATA-SRC-OSM", "official_boundary": false, "usable_for_formal": "background_only", "precision_note": "OSM 社区数据 POI，位置精度数米级；公共服务设施底数背景"}, "geometry": {"type": "Point", "coordinates": [116.301591, 39.979407]}}, {"type": "Feature", "properties": {"layer": "OSM_PUBLIC_FACILITIES", "osm_id": 1326247552, "osm_type": "way", "name": "北京第56中学", "amenity": "school", "shop": null, "operator": null, "source": "DATA-SRC-OSM", "official_boundary": false, "usable_for_formal": "background_only", "precision_note": "OSM 社区数据 POI，位置精度数米级；公共服务设施底数背景"}, "geometry": {"type": "Point", "coordinates": [116.329746, 39.934852]}}, {"type": "Feature", "properties": {"layer": "OSM_PUBLIC_FACILITIES", "osm_id": 1326247559, "osm_type": "way", "name": "北京西城外国语学校", "amenity": "school", "shop": null, "operator": null, "source": "DATA-SRC-OSM", "official_boundary": false, "usable_for_formal": "background_only", "precision_note": "OSM 社区数据 POI，位置精度数米级；公共服务设施底数背景"}, "geometry": {"type": "Point", "coordinates": [116.344231, 39.935031]}}, {"type": "Feature", "properties": {"layer": "OSM_PUBLIC_FACILITIES", "osm_id": 1326247568, "osm_type": "way", "name": "北京市消防救援总队", "amenity": "fire_station", "shop": null, "operator": null, "source": "DATA-SRC-OSM", "official_boundary": false, "usable_for_formal": "background_only", "precision_note": "OSM 社区数据 POI，位置精度数米级；公共服务设施底数背景"}, "geometry": {"type": "Point", "coordinates": [116.35193, 39.938364]}}, {"type": "Feature", "properties": {"layer": "OSM_PUBLIC_FACILITIES", "osm_id": 1330709889, "osm_type": "way", "name": "北京大学", "amenity": "university", "shop": null, "operator": null, "source": "DATA-SRC-OSM", "official_boundary": false, "usable_for_formal": "background_only", "precision_note": "OSM 社区数据 POI，位置精度数米级；公共服务设施底数背景"}, "geometry": {"type": "Point", "coordinates": [116.30492, 39.991985]}}, {"type": "Feature", "properties": {"layer": "OSM_PUBLIC_FACILITIES", "osm_id": 1359847314, "osm_type": "way", "name": null, "amenity": "cafe", "shop": null, "operator": null, "source": "DATA-SRC-OSM", "official_boundary": false, "usable_for_formal": "background_only", "precision_note": "OSM 社区数据 POI，位置精度数米级；公共服务设施底数背景"}, "geometry": {"type": "Point", "coordinates": [116.313805, 40.000438]}}, {"type": "Feature", "properties": {"layer": "OSM_PUBLIC_FACILITIES", "osm_id": 1368221396, "osm_type": "way", "name": "库迪咖啡", "amenity": "cafe", "shop": null, "operator": null, "source": "DATA-SRC-OSM", "official_boundary": false, "usable_for_formal": "background_only", "precision_note": "OSM 社区数据 POI，位置精度数米级；公共服务设施底数背景"}, "geometry": {"type": "Point", "coordinates": [116.339021, 39.976375]}}, {"type": "Feature", "properties": {"layer": "OSM_PUBLIC_FACILITIES", "osm_id": 1368221397, "osm_type": "way", "name": "现做蛋炒饭", "amenity": "restaurant", "shop": null, "operator": null, "source": "DATA-SRC-OSM", "official_boundary": false, "usable_for_formal": "background_only", "precision_note": "OSM 社区数据 POI，位置精度数米级；公共服务设施底数背景"}, "geometry": {"type": "Point", "coordinates": [116.338863, 39.976367]}}, {"type": "Feature", "properties": {"layer": "OSM_PUBLIC_FACILITIES", "osm_id": 1368221399, "osm_type": "way", "name": "麦堡王", "amenity": "fast_food", "shop": null, "operator": null, "source": "DATA-SRC-OSM", "official_boundary": false, "usable_for_formal": "background_only", "precision_note": "OSM 社区数据 POI，位置精度数米级；公共服务设施底数背景"}, "geometry": {"type": "Point", "coordinates": [116.339168, 39.976301]}}, {"type": "Feature", "properties": {"layer": "OSM_PUBLIC_FACILITIES", "osm_id": 1368221400, "osm_type": "way", "name": "左右手中西意面工坊", "amenity": "restaurant", "shop": null, "operator": null, "source": "DATA-SRC-OSM", "official_boundary": false, "usable_for_formal": "background_only", "precision_note": "OSM 社区数据 POI，位置精度数米级；公共服务设施底数背景"}, "geometry": {"type": "Point", "coordinates": [116.339168, 39.976245]}}, {"type": "Feature", "properties": {"layer": "OSM_PUBLIC_FACILITIES", "osm_id": 1368221401, "osm_type": "way", "name": "沪上阿姨", "amenity": "cafe", "shop": null, "operator": null, "source": "DATA-SRC-OSM", "official_boundary": false, "usable_for_formal": "background_only", "precision_note": "OSM 社区数据 POI，位置精度数米级；公共服务设施底数背景"}, "geometry": {"type": "Point", "coordinates": [116.339571, 39.97641]}}, {"type": "Feature", "properties": {"layer": "OSM_PUBLIC_FACILITIES", "osm_id": 1368356816, "osm_type": "way", "name": "美食苑", "amenity": "restaurant", "shop": null, "operator": null, "source": "DATA-SRC-OSM", "official_boundary": false, "usable_for_formal": "background_only", "precision_note": "OSM 社区数据 POI，位置精度数米级；公共服务设施底数背景"}, "geometry": {"type": "Point", "coordinates": [116.340596, 39.977829]}}, {"type": "Feature", "properties": {"layer": "OSM_PUBLIC_FACILITIES", "osm_id": 1368356817, "osm_type": "way", "name": "小吃街", "amenity": "restaurant", "shop": null, "operator": null, "source": "DATA-SRC-OSM", "official_boundary": false, "usable_for_formal": "background_only", "precision_note": "OSM 社区数据 POI，位置精度数米级；公共服务设施底数背景"}, "geometry": {"type": "Point", "coordinates": [116.341661, 39.97785]}}, {"type": "Feature", "properties": {"layer": "OSM_PUBLIC_FACILITIES", "osm_id": 1368385740, "osm_type": "way", "name": "库迪咖啡", "amenity": "cafe", "shop": null, "operator": null, "source": "DATA-SRC-OSM", "official_boundary": false, "usable_for_formal": "background_only", "precision_note": "OSM 社区数据 POI，位置精度数米级；公共服务设施底数背景"}, "geometry": {"type": "Point", "coordinates": [116.340345, 39.983656]}}, {"type": "Feature", "properties": {"layer": "OSM_PUBLIC_FACILITIES", "osm_id": 1375595588, "osm_type": "way", "name": null, "amenity": "charging_station", "shop": null, "operator": null, "source": "DATA-SRC-OSM", "official_boundary": false, "usable_for_formal": "background_only", "precision_note": "OSM 社区数据 POI，位置精度数米级；公共服务设施底数背景"}, "geometry": {"type": "Point", "coordinates": [116.354729, 39.960639]}}, {"type": "Feature", "properties": {"layer": "OSM_PUBLIC_FACILITIES", "osm_id": 1375595589, "osm_type": "way", "name": null, "amenity": "charging_station", "shop": null, "operator": null, "source": "DATA-SRC-OSM", "official_boundary": false, "usable_for_formal": "background_only", "precision_note": "OSM 社区数据 POI，位置精度数米级；公共服务设施底数背景"}, "geometry": {"type": "Point", "coordinates": [116.350057, 39.963544]}}, {"type": "Feature", "properties": {"layer": "OSM_PUBLIC_FACILITIES", "osm_id": 1375595590, "osm_type": "way", "name": null, "amenity": "charging_station", "shop": null, "operator": null, "source": "DATA-SRC-OSM", "official_boundary": false, "usable_for_formal": "background_only", "precision_note": "OSM 社区数据 POI，位置精度数米级；公共服务设施底数背景"}, "geometry": {"type": "Point", "coordinates": [116.349601, 39.962424]}}, {"type": "Feature", "properties": {"layer": "OSM_PUBLIC_FACILITIES", "osm_id": 1375837507, "osm_type": "way", "name": null, "amenity": "charging_station", "shop": null, "operator": null, "source": "DATA-SRC-OSM", "official_boundary": false, "usable_for_formal": "background_only", "precision_note": "OSM 社区数据 POI，位置精度数米级；公共服务设施底数背景"}, "geometry": {"type": "Point", "coordinates": [116.349594, 39.961682]}}, {"type": "Feature", "properties": {"layer": "OSM_PUBLIC_FACILITIES", "osm_id": 1375860721, "osm_type": "way", "name": null, "amenity": "charging_station", "shop": null, "operator": null, "source": "DATA-SRC-OSM", "official_boundary": false, "usable_for_formal": "background_only", "precision_note": "OSM 社区数据 POI，位置精度数米级；公共服务设施底数背景"}, "geometry": {"type": "Point", "coordinates": [116.351761, 39.962883]}}, {"type": "Feature", "properties": {"layer": "OSM_PUBLIC_FACILITIES", "osm_id": 1376105798, "osm_type": "way", "name": null, "amenity": "charging_station", "shop": null, "operator": null, "source": "DATA-SRC-OSM", "official_boundary": false, "usable_for_formal": "background_only", "precision_note": "OSM 社区数据 POI，位置精度数米级；公共服务设施底数背景"}, "geometry": {"type": "Point", "coordinates": [116.351682, 39.963224]}}, {"type": "Feature", "properties": {"layer": "OSM_PUBLIC_FACILITIES", "osm_id": 1376682970, "osm_type": "way", "name": "学苑风味餐厅(矮食堂)", "amenity": "restaurant", "shop": null, "operator": null, "source": "DATA-SRC-OSM", "official_boundary": false, "usable_for_formal": "background_only", "precision_note": "OSM 社区数据 POI，位置精度数米级；公共服务设施底数背景"}, "geometry": {"type": "Point", "coordinates": [116.352261, 39.962163]}}, {"type": "Feature", "properties": {"layer": "OSM_PUBLIC_FACILITIES", "osm_id": 1377379919, "osm_type": "way", "name": "教工食堂", "amenity": "restaurant", "shop": null, "operator": null, "source": "DATA-SRC-OSM", "official_boundary": false, "usable_for_formal": "background_only", "precision_note": "OSM 社区数据 POI，位置精度数米级；公共服务设施底数背景"}, "geometry": {"type": "Point", "coordinates": [116.361084, 39.961861]}}, {"type": "Feature", "properties": {"layer": "OSM_PUBLIC_FACILITIES", "osm_id": 1377379920, "osm_type": "way", "name": null, "amenity": "hospital", "shop": null, "operator": null, "source": "DATA-SRC-OSM", "official_boundary": false, "usable_for_formal": "background_only", "precision_note": "OSM 社区数据 POI，位置精度数米级；公共服务设施底数背景"}, "geometry": {"type": "Point", "coordinates": [116.360543, 39.962172]}}, {"type": "Feature", "properties": {"layer": "OSM_PUBLIC_FACILITIES", "osm_id": 1377991210, "osm_type": "way", "name": null, "amenity": "charging_station", "shop": null, "operator": null, "source": "DATA-SRC-OSM", "official_boundary": false, "usable_for_formal": "background_only", "precision_note": "OSM 社区数据 POI，位置精度数米级；公共服务设施底数背景"}, "geometry": {"type": "Point", "coordinates": [116.352655, 39.963176]}}, {"type": "Feature", "properties": {"layer": "OSM_PUBLIC_FACILITIES", "osm_id": 1386554255, "osm_type": "way", "name": null, "amenity": "hospital", "shop": null, "operator": null, "source": "DATA-SRC-OSM", "official_boundary": false, "usable_for_formal": "background_only", "precision_note": "OSM 社区数据 POI，位置精度数米级；公共服务设施底数背景"}, "geometry": {"type": "Point", "coordinates": [116.361196, 39.962154]}}, {"type": "Feature", "properties": {"layer": "OSM_PUBLIC_FACILITIES", "osm_id": 1386554256, "osm_type": "way", "name": null, "amenity": "hospital", "shop": null, "operator": null, "source": "DATA-SRC-OSM", "official_boundary": false, "usable_for_formal": "background_only", "precision_note": "OSM 社区数据 POI，位置精度数米级；公共服务设施底数背景"}, "geometry": {"type": "Point", "coordinates": [116.361425, 39.96197]}}, {"type": "Feature", "properties": {"layer": "OSM_PUBLIC_FACILITIES", "osm_id": 1387671090, "osm_type": "way", "name": null, "amenity": "community_centre", "shop": null, "operator": null, "source": "DATA-SRC-OSM", "official_boundary": false, "usable_for_formal": "background_only", "precision_note": "OSM 社区数据 POI，位置精度数米级；公共服务设施底数背景"}, "geometry": {"type": "Point", "coordinates": [116.35979, 39.963192]}}, {"type": "Feature", "properties": {"layer": "OSM_PUBLIC_FACILITIES", "osm_id": 1388502962, "osm_type": "way", "name": null, "amenity": "charging_station", "shop": null, "operator": null, "source": "DATA-SRC-OSM", "official_boundary": false, "usable_for_formal": "background_only", "precision_note": "OSM 社区数据 POI，位置精度数米级；公共服务设施底数背景"}, "geometry": {"type": "Point", "coordinates": [116.360701, 39.960853]}}, {"type": "Feature", "properties": {"layer": "OSM_PUBLIC_FACILITIES", "osm_id": 1388502963, "osm_type": "way", "name": null, "amenity": "charging_station", "shop": null, "operator": null, "source": "DATA-SRC-OSM", "official_boundary": false, "usable_for_formal": "background_only", "precision_note": "OSM 社区数据 POI，位置精度数米级；公共服务设施底数背景"}, "geometry": {"type": "Point", "coordinates": [116.363662, 39.961046]}}, {"type": "Feature", "properties": {"layer": "OSM_PUBLIC_FACILITIES", "osm_id": 1388502966, "osm_type": "way", "name": "南航空厨", "amenity": "restaurant", "shop": null, "operator": null, "source": "DATA-SRC-OSM", "official_boundary": false, "usable_for_formal": "background_only", "precision_note": "OSM 社区数据 POI，位置精度数米级；公共服务设施底数背景"}, "geometry": {"type": "Point", "coordinates": [116.361514, 39.961585]}}, {"type": "Feature", "properties": {"layer": "OSM_PUBLIC_FACILITIES", "osm_id": 1393226242, "osm_type": "way", "name": "北京石油学院附属小学(月华分校)", "amenity": "school", "shop": null, "operator": null, "source": "DATA-SRC-OSM", "official_boundary": false, "usable_for_formal": "background_only", "precision_note": "OSM 社区数据 POI，位置精度数米级；公共服务设施底数背景"}, "geometry": {"type": "Point", "coordinates": [116.356134, 40.004597]}}, {"type": "Feature", "properties": {"layer": "OSM_PUBLIC_FACILITIES", "osm_id": 1393838292, "osm_type": "way", "name": "北京市公安局西城分局警犬队", "amenity": "police", "shop": null, "operator": null, "source": "DATA-SRC-OSM", "official_boundary": false, "usable_for_formal": "background_only", "precision_note": "OSM 社区数据 POI，位置精度数米级；公共服务设施底数背景"}, "geometry": {"type": "Point", "coordinates": [116.347006, 40.018519]}}, {"type": "Feature", "properties": {"layer": "OSM_PUBLIC_FACILITIES", "osm_id": 1411802902, "osm_type": "way", "name": "北京科技大学附属小学", "amenity": "school", "shop": null, "operator": null, "source": "DATA-SRC-OSM", "official_boundary": false, "usable_for_formal": "background_only", "precision_note": "OSM 社区数据 POI，位置精度数米级；公共服务设施底数背景"}, "geometry": {"type": "Point", "coordinates": [116.357953, 39.990883]}}, {"type": "Feature", "properties": {"layer": "OSM_PUBLIC_FACILITIES", "osm_id": 1423025967, "osm_type": "way", "name": "鲁迅书院", "amenity": "library", "shop": null, "operator": null, "source": "DATA-SRC-OSM", "official_boundary": false, "usable_for_formal": "background_only", "precision_note": "OSM 社区数据 POI，位置精度数米级；公共服务设施底数背景"}, "geometry": {"type": "Point", "coordinates": [116.363285, 39.938196]}}, {"type": "Feature", "properties": {"layer": "OSM_PUBLIC_FACILITIES", "osm_id": 1423025973, "osm_type": "way", "name": "餐厅", "amenity": "restaurant", "shop": null, "operator": null, "source": "DATA-SRC-OSM", "official_boundary": false, "usable_for_formal": "background_only", "precision_note": "OSM 社区数据 POI，位置精度数米级；公共服务设施底数背景"}, "geometry": {"type": "Point", "coordinates": [116.363766, 39.937557]}}, {"type": "Feature", "properties": {"layer": "OSM_PUBLIC_FACILITIES", "osm_id": 1423025976, "osm_type": "way", "name": "教师食堂", "amenity": "restaurant", "shop": null, "operator": null, "source": "DATA-SRC-OSM", "official_boundary": false, "usable_for_formal": "background_only", "precision_note": "OSM 社区数据 POI，位置精度数米级；公共服务设施底数背景"}, "geometry": {"type": "Point", "coordinates": [116.364252, 39.937113]}}, {"type": "Feature", "properties": {"layer": "OSM_PUBLIC_FACILITIES", "osm_id": 1423791717, "osm_type": "way", "name": "海嘉实验幼儿园", "amenity": "kindergarten", "shop": null, "operator": null, "source": "DATA-SRC-OSM", "official_boundary": false, "usable_for_formal": "background_only", "precision_note": "OSM 社区数据 POI，位置精度数米级；公共服务设施底数背景"}, "geometry": {"type": "Point", "coordinates": [116.374613, 39.999172]}}, {"type": "Feature", "properties": {"layer": "OSM_PUBLIC_FACILITIES", "osm_id": 1424647752, "osm_type": "way", "name": "校医院", "amenity": "hospital", "shop": null, "operator": null, "source": "DATA-SRC-OSM", "official_boundary": false, "usable_for_formal": "background_only", "precision_note": "OSM 社区数据 POI，位置精度数米级；公共服务设施底数背景"}, "geometry": {"type": "Point", "coordinates": [116.343393, 39.962656]}}, {"type": "Feature", "properties": {"layer": "OSM_PUBLIC_FACILITIES", "osm_id": 1426327177, "osm_type": "way", "name": "北京四中（道元校区）", "amenity": "school", "shop": null, "operator": null, "source": "DATA-SRC-OSM", "official_boundary": false, "usable_for_formal": "background_only", "precision_note": "OSM 社区数据 POI，位置精度数米级；公共服务设施底数背景"}, "geometry": {"type": "Point", "coordinates": [116.364168, 39.940202]}}, {"type": "Feature", "properties": {"layer": "OSM_PUBLIC_FACILITIES", "osm_id": 1455366141, "osm_type": "way", "name": null, "amenity": "cafe", "shop": null, "operator": null, "source": "DATA-SRC-OSM", "official_boundary": false, "usable_for_formal": "background_only", "precision_note": "OSM 社区数据 POI，位置精度数米级；公共服务设施底数背景"}, "geometry": {"type": "Point", "coordinates": [116.336512, 39.939878]}}, {"type": "Feature", "properties": {"layer": "OSM_PUBLIC_FACILITIES", "osm_id": 1466419406, "osm_type": "way", "name": "伊顿国际双语幼儿园", "amenity": "kindergarten", "shop": null, "operator": null, "source": "DATA-SRC-OSM", "official_boundary": false, "usable_for_formal": "background_only", "precision_note": "OSM 社区数据 POI，位置精度数米级；公共服务设施底数背景"}, "geometry": {"type": "Point", "coordinates": [116.375547, 40.006599]}}, {"type": "Feature", "properties": {"layer": "OSM_PUBLIC_FACILITIES", "osm_id": 1466476513, "osm_type": "way", "name": null, "amenity": "theatre", "shop": null, "operator": null, "source": "DATA-SRC-OSM", "official_boundary": false, "usable_for_formal": "background_only", "precision_note": "OSM 社区数据 POI，位置精度数米级；公共服务设施底数背景"}, "geometry": {"type": "Point", "coordinates": [116.371557, 40.010655]}}, {"type": "Feature", "properties": {"layer": "OSM_PUBLIC_FACILITIES", "osm_id": 1470445560, "osm_type": "way", "name": "中国科学院附属实验学校（华严北里校区）", "amenity": "school", "shop": null, "operator": null, "source": "DATA-SRC-OSM", "official_boundary": false, "usable_for_formal": "background_only", "precision_note": "OSM 社区数据 POI，位置精度数米级；公共服务设施底数背景"}, "geometry": {"type": "Point", "coordinates": [116.376205, 39.984323]}}, {"type": "Feature", "properties": {"layer": "OSM_PUBLIC_FACILITIES", "osm_id": 1478721552, "osm_type": "way", "name": "北京语言大学幼儿园", "amenity": "kindergarten", "shop": null, "operator": null, "source": "DATA-SRC-OSM", "official_boundary": false, "usable_for_formal": "background_only", "precision_note": "OSM 社区数据 POI，位置精度数米级；公共服务设施底数背景"}, "geometry": {"type": "Point", "coordinates": [116.335697, 39.992643]}}, {"type": "Feature", "properties": {"layer": "OSM_PUBLIC_FACILITIES", "osm_id": 1488546446, "osm_type": "way", "name": "奥林匹克公园派出所", "amenity": "police", "shop": null, "operator": null, "source": "DATA-SRC-OSM", "official_boundary": false, "usable_for_formal": "background_only", "precision_note": "OSM 社区数据 POI，位置精度数米级；公共服务设施底数背景"}, "geometry": {"type": "Point", "coordinates": [116.393218, 39.987603]}}, {"type": "Feature", "properties": {"layer": "OSM_PUBLIC_FACILITIES", "osm_id": 1489331315, "osm_type": "way", "name": "中国邮政（已停业）", "amenity": "post_office", "shop": null, "operator": null, "source": "DATA-SRC-OSM", "official_boundary": false, "usable_for_formal": "background_only", "precision_note": "OSM 社区数据 POI，位置精度数米级；公共服务设施底数背景"}, "geometry": {"type": "Point", "coordinates": [116.315834, 40.020252]}}, {"type": "Feature", "properties": {"layer": "OSM_PUBLIC_FACILITIES", "osm_id": 1489331317, "osm_type": "way", "name": "教师食堂", "amenity": "restaurant", "shop": null, "operator": null, "source": "DATA-SRC-OSM", "official_boundary": false, "usable_for_formal": "background_only", "precision_note": "OSM 社区数据 POI，位置精度数米级；公共服务设施底数背景"}, "geometry": {"type": "Point", "coordinates": [116.316479, 40.020314]}}, {"type": "Feature", "properties": {"layer": "OSM_PUBLIC_FACILITIES", "osm_id": 1531139569, "osm_type": "way", "name": "中国科学院第五幼儿园", "amenity": "kindergarten", "shop": null, "operator": null, "source": "DATA-SRC-OSM", "official_boundary": false, "usable_for_formal": "background_only", "precision_note": "OSM 社区数据 POI，位置精度数米级；公共服务设施底数背景"}, "geometry": {"type": "Point", "coordinates": [116.374813, 39.996494]}}, {"type": "Feature", "properties": {"layer": "OSM_PUBLIC_FACILITIES", "osm_id": 1531139643, "osm_type": "way", "name": "中国科学院附属实验学校（南沙滩校区）", "amenity": "school", "shop": null, "operator": null, "source": "DATA-SRC-OSM", "official_boundary": false, "usable_for_formal": "background_only", "precision_note": "OSM 社区数据 POI，位置精度数米级；公共服务设施底数背景"}, "geometry": {"type": "Point", "coordinates": [116.369688, 39.995266]}}, {"type": "Feature", "properties": {"layer": "OSM_PUBLIC_FACILITIES", "osm_id": 1531139674, "osm_type": "way", "name": "中国科学院幼儿园", "amenity": "kindergarten", "shop": null, "operator": null, "source": "DATA-SRC-OSM", "official_boundary": false, "usable_for_formal": "background_only", "precision_note": "OSM 社区数据 POI，位置精度数米级；公共服务设施底数背景"}, "geometry": {"type": "Point", "coordinates": [116.37882, 39.996791]}}, {"type": "Feature", "properties": {"layer": "OSM_PUBLIC_FACILITIES", "osm_id": 1531139678, "osm_type": "way", "name": "北京市朝阳外国语学校小学部（风林校区）", "amenity": "school", "shop": null, "operator": null, "source": "DATA-SRC-OSM", "official_boundary": false, "usable_for_formal": "background_only", "precision_note": "OSM 社区数据 POI，位置精度数米级；公共服务设施底数背景"}, "geometry": {"type": "Point", "coordinates": [116.375034, 39.998588]}}, {"type": "Feature", "properties": {"layer": "OSM_PUBLIC_FACILITIES", "osm_id": 1531139707, "osm_type": "way", "name": "中国科学院附属实验学校分校", "amenity": "school", "shop": null, "operator": null, "source": "DATA-SRC-OSM", "official_boundary": false, "usable_for_formal": "background_only", "precision_note": "OSM 社区数据 POI，位置精度数米级；公共服务设施底数背景"}, "geometry": {"type": "Point", "coordinates": [116.37066, 39.995263]}}, {"type": "Feature", "properties": {"layer": "OSM_PUBLIC_FACILITIES", "osm_id": 1531139749, "osm_type": "way", "name": "中国科学院附属实验学校（科学园校区）", "amenity": "school", "shop": null, "operator": null, "source": "DATA-SRC-OSM", "official_boundary": false, "usable_for_formal": "background_only", "precision_note": "OSM 社区数据 POI，位置精度数米级；公共服务设施底数背景"}, "geometry": {"type": "Point", "coordinates": [116.378706, 39.995808]}}, {"type": "Feature", "properties": {"layer": "OSM_PUBLIC_FACILITIES", "osm_id": 1539021162, "osm_type": "way", "name": null, "amenity": "cafe", "shop": null, "operator": null, "source": "DATA-SRC-OSM", "official_boundary": false, "usable_for_formal": "background_only", "precision_note": "OSM 社区数据 POI，位置精度数米级；公共服务设施底数背景"}, "geometry": {"type": "Point", "coordinates": [116.299984, 40.016372]}}, {"type": "Feature", "properties": {"layer": "OSM_PUBLIC_FACILITIES", "osm_id": 1539021170, "osm_type": "way", "name": null, "amenity": "cafe", "shop": null, "operator": null, "source": "DATA-SRC-OSM", "official_boundary": false, "usable_for_formal": "background_only", "precision_note": "OSM 社区数据 POI，位置精度数米级；公共服务设施底数背景"}, "geometry": {"type": "Point", "coordinates": [116.304772, 40.017067]}}, {"type": "Feature", "properties": {"layer": "OSM_PUBLIC_FACILITIES", "osm_id": 3249649, "osm_type": "relation", "name": "北京大学图书馆", "amenity": "library", "shop": null, "operator": "北京大学", "source": "DATA-SRC-OSM", "official_boundary": false, "usable_for_formal": "background_only", "precision_note": "OSM 社区数据 POI，位置精度数米级；公共服务设施底数背景"}, "geometry": {"type": "Point", "coordinates": [116.303903, 39.990561]}}, {"type": "Feature", "properties": {"layer": "OSM_PUBLIC_FACILITIES", "osm_id": 6907054, "osm_type": "relation", "name": "国家图书馆总馆南区", "amenity": "library", "shop": null, "operator": null, "source": "DATA-SRC-OSM", "official_boundary": false, "usable_for_formal": "background_only", "precision_note": "OSM 社区数据 POI，位置精度数米级；公共服务设施底数背景"}, "geometry": {"type": "Point", "coordinates": [116.317005, 39.941456]}}, {"type": "Feature", "properties": {"layer": "OSM_PUBLIC_FACILITIES", "osm_id": 7469216, "osm_type": "relation", "name": "清华大学", "amenity": "university", "shop": null, "operator": null, "source": "DATA-SRC-OSM", "official_boundary": false, "usable_for_formal": "background_only", "precision_note": "OSM 社区数据 POI，位置精度数米级；公共服务设施底数背景"}, "geometry": {"type": "Point", "coordinates": [116.318709, 39.999667]}}, {"type": "Feature", "properties": {"layer": "OSM_PUBLIC_FACILITIES", "osm_id": 7568488, "osm_type": "relation", "name": "中国人民大学图书馆", "amenity": "library", "shop": null, "operator": null, "source": "DATA-SRC-OSM", "official_boundary": false, "usable_for_formal": "background_only", "precision_note": "OSM 社区数据 POI，位置精度数米级；公共服务设施底数背景"}, "geometry": {"type": "Point", "coordinates": [116.309873, 39.971081]}}, {"type": "Feature", "properties": {"layer": "OSM_PUBLIC_FACILITIES", "osm_id": 13045609, "osm_type": "relation", "name": "北京外国语大学", "amenity": "university", "shop": null, "operator": null, "source": "DATA-SRC-OSM", "official_boundary": false, "usable_for_formal": "background_only", "precision_note": "OSM 社区数据 POI，位置精度数米级；公共服务设施底数背景"}, "geometry": {"type": "Point", "coordinates": [116.305617, 39.954334]}}, {"type": "Feature", "properties": {"layer": "OSM_PUBLIC_FACILITIES", "osm_id": 13059309, "osm_type": "relation", "name": "北京大学校医院", "amenity": "hospital", "shop": null, "operator": "北京大学", "source": "DATA-SRC-OSM", "official_boundary": false, "usable_for_formal": "background_only", "precision_note": "OSM 社区数据 POI，位置精度数米级；公共服务设施底数背景"}, "geometry": {"type": "Point", "coordinates": [116.307985, 39.995413]}}, {"type": "Feature", "properties": {"layer": "OSM_PUBLIC_FACILITIES", "osm_id": 14959080, "osm_type": "relation", "name": "安贞里派出所", "amenity": "police", "shop": null, "operator": null, "source": "DATA-SRC-OSM", "official_boundary": false, "usable_for_formal": "background_only", "precision_note": "OSM 社区数据 POI，位置精度数米级；公共服务设施底数背景"}, "geometry": {"type": "Point", "coordinates": [116.390256, 39.96874]}}, {"type": "Feature", "properties": {"layer": "OSM_PUBLIC_FACILITIES", "osm_id": 17308240, "osm_type": "relation", "name": "北京大学物理学院", "amenity": "university", "shop": null, "operator": "北京大学", "source": "DATA-SRC-OSM", "official_boundary": false, "usable_for_formal": "background_only", "precision_note": "OSM 社区数据 POI，位置精度数米级；公共服务设施底数背景"}, "geometry": {"type": "Point", "coordinates": [116.310918, 39.991816]}}, {"type": "Feature", "properties": {"layer": "OSM_PUBLIC_FACILITIES", "osm_id": 17308241, "osm_type": "relation", "name": "北京大学附属小学", "amenity": "school", "shop": null, "operator": "北京大学", "source": "DATA-SRC-OSM", "official_boundary": false, "usable_for_formal": "background_only", "precision_note": "OSM 社区数据 POI，位置精度数米级；公共服务设施底数背景"}, "geometry": {"type": "Point", "coordinates": [116.312888, 39.993673]}}, {"type": "Feature", "properties": {"layer": "OSM_PUBLIC_FACILITIES", "osm_id": 17308242, "osm_type": "relation", "name": "北京大学工学院与交叉学科大楼", "amenity": "university", "shop": null, "operator": "北京大学", "source": "DATA-SRC-OSM", "official_boundary": false, "usable_for_formal": "background_only", "precision_note": "OSM 社区数据 POI，位置精度数米级；公共服务设施底数背景"}, "geometry": {"type": "Point", "coordinates": [116.310815, 39.993372]}}, {"type": "Feature", "properties": {"layer": "OSM_PUBLIC_FACILITIES", "osm_id": 17308244, "osm_type": "relation", "name": "北京大学燕东幼儿园", "amenity": "kindergarten", "shop": null, "operator": "北京大学", "source": "DATA-SRC-OSM", "official_boundary": false, "usable_for_formal": "background_only", "precision_note": "OSM 社区数据 POI，位置精度数米级；公共服务设施底数背景"}, "geometry": {"type": "Point", "coordinates": [116.313153, 39.994676]}}, {"type": "Feature", "properties": {"layer": "OSM_PUBLIC_FACILITIES", "osm_id": 17308246, "osm_type": "relation", "name": "北京大学化学与分子工程学院", "amenity": "university", "shop": null, "operator": null, "source": "DATA-SRC-OSM", "official_boundary": false, "usable_for_formal": "background_only", "precision_note": "OSM 社区数据 POI，位置精度数米级；公共服务设施底数背景"}, "geometry": {"type": "Point", "coordinates": [116.311043, 39.98967]}}, {"type": "Feature", "properties": {"layer": "OSM_PUBLIC_FACILITIES", "osm_id": 17569421, "osm_type": "relation", "name": "中央民族大学附属中学", "amenity": "school", "shop": null, "operator": null, "source": "DATA-SRC-OSM", "official_boundary": false, "usable_for_formal": "background_only", "precision_note": "OSM 社区数据 POI，位置精度数米级；公共服务设施底数背景"}, "geometry": {"type": "Point", "coordinates": [116.309928, 39.949643]}}, {"type": "Feature", "properties": {"layer": "OSM_PUBLIC_FACILITIES", "osm_id": 17569422, "osm_type": "relation", "name": "中央社会主义学院", "amenity": "college", "shop": null, "operator": null, "source": "DATA-SRC-OSM", "official_boundary": false, "usable_for_formal": "background_only", "precision_note": "OSM 社区数据 POI，位置精度数米级；公共服务设施底数背景"}, "geometry": {"type": "Point", "coordinates": [116.308973, 39.948373]}}, {"type": "Feature", "properties": {"layer": "OSM_PUBLIC_FACILITIES", "osm_id": 18849853, "osm_type": "relation", "name": "北京航空航天大学(学院路校区)", "amenity": "university", "shop": null, "operator": null, "source": "DATA-SRC-OSM", "official_boundary": false, "usable_for_formal": "background_only", "precision_note": "OSM 社区数据 POI，位置精度数米级；公共服务设施底数背景"}, "geometry": {"type": "Point", "coordinates": [116.340358, 39.980628]}}, {"type": "Feature", "properties": {"layer": "OSM_PUBLIC_FACILITIES", "osm_id": 18849854, "osm_type": "relation", "name": "北航学院路校区教学区", "amenity": "college", "shop": null, "operator": null, "source": "DATA-SRC-OSM", "official_boundary": false, "usable_for_formal": "background_only", "precision_note": "OSM 社区数据 POI，位置精度数米级；公共服务设施底数背景"}, "geometry": {"type": "Point", "coordinates": [116.344183, 39.982314]}}, {"type": "Feature", "properties": {"layer": "OSM_PUBLIC_FACILITIES", "osm_id": 18961046, "osm_type": "relation", "name": null, "amenity": "library", "shop": null, "operator": null, "source": "DATA-SRC-OSM", "official_boundary": false, "usable_for_formal": "background_only", "precision_note": "OSM 社区数据 POI，位置精度数米级；公共服务设施底数背景"}, "geometry": {"type": "Point", "coordinates": [116.351884, 39.961443]}}, {"type": "Feature", "properties": {"layer": "OSM_PUBLIC_FACILITIES", "osm_id": 18988158, "osm_type": "relation", "name": null, "amenity": "university", "shop": null, "operator": null, "source": "DATA-SRC-OSM", "official_boundary": false, "usable_for_formal": "background_only", "precision_note": "OSM 社区数据 POI，位置精度数米级；公共服务设施底数背景"}, "geometry": {"type": "Point", "coordinates": [116.36043, 39.959815]}}, {"type": "Feature", "properties": {"layer": "OSM_PUBLIC_FACILITIES", "osm_id": 19131847, "osm_type": "relation", "name": "信息支援部队机关幼儿园", "amenity": "kindergarten", "shop": null, "operator": null, "source": "DATA-SRC-OSM", "official_boundary": false, "usable_for_formal": "background_only", "precision_note": "OSM 社区数据 POI，位置精度数米级；公共服务设施底数背景"}, "geometry": {"type": "Point", "coordinates": [116.385257, 39.962202]}}, {"type": "Feature", "properties": {"layer": "OSM_PUBLIC_FACILITIES", "osm_id": 19521549, "osm_type": "relation", "name": null, "amenity": "library", "shop": null, "operator": null, "source": "DATA-SRC-OSM", "official_boundary": false, "usable_for_formal": "background_only", "precision_note": "OSM 社区数据 POI，位置精度数米级；公共服务设施底数背景"}, "geometry": {"type": "Point", "coordinates": [116.345219, 39.963736]}}, {"type": "Feature", "properties": {"layer": "OSM_PUBLIC_FACILITIES", "osm_id": 20779764, "osm_type": "relation", "name": "逸夫馆", "amenity": "library", "shop": null, "operator": "清华大学", "source": "DATA-SRC-OSM", "official_boundary": false, "usable_for_formal": "background_only", "precision_note": "OSM 社区数据 POI，位置精度数米级；公共服务设施底数背景"}, "geometry": {"type": "Point", "coordinates": [116.317491, 40.003646]}}, {"type": "Feature", "properties": {"layer": "OSM_PUBLIC_FACILITIES", "osm_id": 20779765, "osm_type": "relation", "name": "老馆", "amenity": "library", "shop": null, "operator": "清华大学", "source": "DATA-SRC-OSM", "official_boundary": false, "usable_for_formal": "background_only", "precision_note": "OSM 社区数据 POI，位置精度数米级；公共服务设施底数背景"}, "geometry": {"type": "Point", "coordinates": [116.318832, 40.003499]}}]}