{"type": "FeatureCollection", "name": "osm_railway_corridor", "attribution": "© OpenStreetMap contributors, ODbL 1.0", "fetch_notes": "See data/processed/osm-overpass-notes.md", "features": [{"type": "Feature", "properties": {"layer": "OSM_RAILWAY", "osm_id": 245134491, "osm_type": "node", "railway": "stop", "abandoned_railway": null, "name": "五道口", "railway_ref": null, "railway_position": null, "node_type": "name_match", "source": "DATA-SRC-OSM", "official_boundary": false, "usable_for_formal": "background_only", "precision_note": "OSM 社区数据铁路站点/历史锚点候选，位置精度数米级；需现场核验"}, "geometry": {"type": "Point", "coordinates": [116.331724, 39.991573]}}, {"type": "Feature", "properties": {"layer": "OSM_RAILWAY", "osm_id": 265711187, "osm_type": "node", "railway": "stop", "abandoned_railway": null, "name": "大钟寺", "railway_ref": null, "railway_position": null, "node_type": "name_match", "source": "DATA-SRC-OSM", "official_boundary": false, "usable_for_formal": "background_only", "precision_note": "OSM 社区数据铁路站点/历史锚点候选，位置精度数米级；需现场核验"}, "geometry": {"type": "Point", "coordinates": [116.339028, 39.965274]}}, {"type": "Feature", "properties": {"layer": "OSM_RAILWAY", "osm_id": 290601047, "osm_type": "node", "railway": "subway_entrance", "abandoned_railway": null, "name": "五道口B出口", "railway_ref": null, "railway_position": null, "node_type": "name_match", "source": "DATA-SRC-OSM", "official_boundary": false, "usable_for_formal": "background_only", "precision_note": "OSM 社区数据铁路站点/历史锚点候选，位置精度数米级；需现场核验"}, "geometry": {"type": "Point", "coordinates": [116.331716, 39.991398]}}, {"type": "Feature", "properties": {"layer": "OSM_RAILWAY", "osm_id": 290601069, "osm_type": "node", "railway": "subway_entrance", "abandoned_railway": null, "name": "五道口A出口", "railway_ref": null, "railway_position": null, "node_type": "name_match", "source": "DATA-SRC-OSM", "official_boundary": false, "usable_for_formal": "background_only", "precision_note": "OSM 社区数据铁路站点/历史锚点候选，位置精度数米级；需现场核验"}, "geometry": {"type": "Point", "coordinates": [116.331675, 39.991759]}}, {"type": "Feature", "properties": {"layer": "OSM_RAILWAY", "osm_id": 340262247, "osm_type": "node", "railway": "station", "abandoned_railway": null, "name": "北苑路北", "railway_ref": null, "railway_position": null, "node_type": "station", "source": "DATA-SRC-OSM", "official_boundary": false, "usable_for_formal": "background_only", "precision_note": "OSM 社区数据铁路站点/历史锚点候选，位置精度数米级；需现场核验"}, "geometry": {"type": "Point", "coordinates": [116.411902, 40.029019]}}, {"type": "Feature", "properties": {"layer": "OSM_RAILWAY", "osm_id": 910429280, "osm_type": "node", "railway": null, "abandoned_railway": null, "name": "五道口工人俱乐部", "railway_ref": null, "railway_position": null, "node_type": "name_match", "source": "DATA-SRC-OSM", "official_boundary": false, "usable_for_formal": "background_only", "precision_note": "OSM 社区数据铁路站点/历史锚点候选，位置精度数米级；需现场核验"}, "geometry": {"type": "Point", "coordinates": [116.333416, 39.992137]}}, {"type": "Feature", "properties": {"layer": "OSM_RAILWAY", "osm_id": 937631571, "osm_type": "node", "railway": null, "abandoned_railway": null, "name": "清华园宾馆", "railway_ref": null, "railway_position": null, "node_type": "name_match", "source": "DATA-SRC-OSM", "official_boundary": false, "usable_for_formal": "background_only", "precision_note": "OSM 社区数据铁路站点/历史锚点候选，位置精度数米级；需现场核验"}, "geometry": {"type": "Point", "coordinates": [116.328704, 39.992063]}}, {"type": "Feature", "properties": {"layer": "OSM_RAILWAY", "osm_id": 1305750653, "osm_type": "node", "railway": "stop", "abandoned_railway": null, "name": "大钟寺", "railway_ref": null, "railway_position": null, "node_type": "name_match", "source": "DATA-SRC-OSM", "official_boundary": false, "usable_for_formal": "background_only", "precision_note": "OSM 社区数据铁路站点/历史锚点候选，位置精度数米级；需现场核验"}, "geometry": {"type": "Point", "coordinates": [116.338997, 39.965271]}}, {"type": "Feature", "properties": {"layer": "OSM_RAILWAY", "osm_id": 1305783002, "osm_type": "node", "railway": "stop", "abandoned_railway": null, "name": "五道口", "railway_ref": null, "railway_position": null, "node_type": "name_match", "source": "DATA-SRC-OSM", "official_boundary": false, "usable_for_formal": "background_only", "precision_note": "OSM 社区数据铁路站点/历史锚点候选，位置精度数米级；需现场核验"}, "geometry": {"type": "Point", "coordinates": [116.331677, 39.991575]}}, {"type": "Feature", "properties": {"layer": "OSM_RAILWAY", "osm_id": 1364084981, "osm_type": "node", "railway": null, "abandoned_railway": "station", "name": "清华园", "railway_ref": "12710", "railway_position": "16.515", "node_type": "historical_station_candidate", "source": "DATA-SRC-OSM", "official_boundary": false, "usable_for_formal": "background_only", "precision_note": "OSM 社区数据铁路站点/历史锚点候选，位置精度数米级；需现场核验"}, "geometry": {"type": "Point", "coordinates": [116.33344, 39.981123]}}, {"type": "Feature", "properties": {"layer": "OSM_RAILWAY", "osm_id": 1419186468, "osm_type": "node", "railway": "station", "abandoned_railway": null, "name": "黄土店", "railway_ref": "12167", "railway_position": "58.068", "node_type": "station", "source": "DATA-SRC-OSM", "official_boundary": false, "usable_for_formal": "background_only", "precision_note": "OSM 社区数据铁路站点/历史锚点候选，位置精度数米级；需现场核验"}, "geometry": {"type": "Point", "coordinates": [116.342306, 40.06919]}}, {"type": "Feature", "properties": {"layer": "OSM_RAILWAY", "osm_id": 1420957578, "osm_type": "node", "railway": null, "abandoned_railway": null, "name": "五道口", "railway_ref": null, "railway_position": null, "node_type": "name_match", "source": "DATA-SRC-OSM", "official_boundary": false, "usable_for_formal": "background_only", "precision_note": "OSM 社区数据铁路站点/历史锚点候选，位置精度数米级；需现场核验"}, "geometry": {"type": "Point", "coordinates": [116.329011, 39.991322]}}, {"type": "Feature", "properties": {"layer": "OSM_RAILWAY", "osm_id": 1499686367, "osm_type": "node", "railway": null, "abandoned_railway": null, "name": "地铁五道口站", "railway_ref": null, "railway_position": null, "node_type": "name_match", "source": "DATA-SRC-OSM", "official_boundary": false, "usable_for_formal": "background_only", "precision_note": "OSM 社区数据铁路站点/历史锚点候选，位置精度数米级；需现场核验"}, "geometry": {"type": "Point", "coordinates": [116.332514, 39.991675]}}, {"type": "Feature", "properties": {"layer": "OSM_RAILWAY", "osm_id": 1532857694, "osm_type": "node", "railway": null, "abandoned_railway": null, "name": "清华园", "railway_ref": null, "railway_position": null, "node_type": "name_match", "source": "DATA-SRC-OSM", "official_boundary": false, "usable_for_formal": "background_only", "precision_note": "OSM 社区数据铁路站点/历史锚点候选，位置精度数米级；需现场核验"}, "geometry": {"type": "Point", "coordinates": [116.321964, 39.991316]}}, {"type": "Feature", "properties": {"layer": "OSM_RAILWAY", "osm_id": 1675895286, "osm_type": "node", "railway": null, "abandoned_railway": null, "name": "五道口公交场站", "railway_ref": null, "railway_position": null, "node_type": "name_match", "source": "DATA-SRC-OSM", "official_boundary": false, "usable_for_formal": "background_only", "precision_note": "OSM 社区数据铁路站点/历史锚点候选，位置精度数米级；需现场核验"}, "geometry": {"type": "Point", "coordinates": [116.331451, 39.987545]}}, {"type": "Feature", "properties": {"layer": "OSM_RAILWAY", "osm_id": 1675895291, "osm_type": "node", "railway": null, "abandoned_railway": null, "name": "五道口公交场站", "railway_ref": null, "railway_position": null, "node_type": "name_match", "source": "DATA-SRC-OSM", "official_boundary": false, "usable_for_formal": "background_only", "precision_note": "OSM 社区数据铁路站点/历史锚点候选，位置精度数米级；需现场核验"}, "geometry": {"type": "Point", "coordinates": [116.331616, 39.987998]}}, {"type": "Feature", "properties": {"layer": "OSM_RAILWAY", "osm_id": 1675895292, "osm_type": "node", "railway": null, "abandoned_railway": null, "name": "五道口公交场站", "railway_ref": null, "railway_position": null, "node_type": "name_match", "source": "DATA-SRC-OSM", "official_boundary": false, "usable_for_formal": "background_only", "precision_note": "OSM 社区数据铁路站点/历史锚点候选，位置精度数米级；需现场核验"}, "geometry": {"type": "Point", "coordinates": [116.331538, 39.987548]}}, {"type": "Feature", "properties": {"layer": "OSM_RAILWAY", "osm_id": 1675895293, "osm_type": "node", "railway": null, "abandoned_railway": null, "name": "五道口公交场站", "railway_ref": null, "railway_position": null, "node_type": "name_match", "source": "DATA-SRC-OSM", "official_boundary": false, "usable_for_formal": "background_only", "precision_note": "OSM 社区数据铁路站点/历史锚点候选，位置精度数米级；需现场核验"}, "geometry": {"type": "Point", "coordinates": [116.331502, 39.987994]}}, {"type": "Feature", "properties": {"layer": "OSM_RAILWAY", "osm_id": 1816099872, "osm_type": "node", "railway": null, "abandoned_railway": null, "name": "地铁大钟寺站", "railway_ref": null, "railway_position": null, "node_type": "name_match", "source": "DATA-SRC-OSM", "official_boundary": false, "usable_for_formal": "background_only", "precision_note": "OSM 社区数据铁路站点/历史锚点候选，位置精度数米级；需现场核验"}, "geometry": {"type": "Point", "coordinates": [116.33651, 39.966063]}}, {"type": "Feature", "properties": {"layer": "OSM_RAILWAY", "osm_id": 2272994459, "osm_type": "node", "railway": null, "abandoned_railway": null, "name": "大钟寺", "railway_ref": null, "railway_position": null, "node_type": "name_match", "source": "DATA-SRC-OSM", "official_boundary": false, "usable_for_formal": "background_only", "precision_note": "OSM 社区数据铁路站点/历史锚点候选，位置精度数米级；需现场核验"}, "geometry": {"type": "Point", "coordinates": [116.33141, 39.966041]}}, {"type": "Feature", "properties": {"layer": "OSM_RAILWAY", "osm_id": 2272994460, "osm_type": "node", "railway": null, "abandoned_railway": null, "name": "大钟寺", "railway_ref": null, "railway_position": null, "node_type": "name_match", "source": "DATA-SRC-OSM", "official_boundary": false, "usable_for_formal": "background_only", "precision_note": "OSM 社区数据铁路站点/历史锚点候选，位置精度数米级；需现场核验"}, "geometry": {"type": "Point", "coordinates": [116.33167, 39.966044]}}, {"type": "Feature", "properties": {"layer": "OSM_RAILWAY", "osm_id": 2272994462, "osm_type": "node", "railway": null, "abandoned_railway": null, "name": "大钟寺", "railway_ref": null, "railway_position": null, "node_type": "name_match", "source": "DATA-SRC-OSM", "official_boundary": false, "usable_for_formal": "background_only", "precision_note": "OSM 社区数据铁路站点/历史锚点候选，位置精度数米级；需现场核验"}, "geometry": {"type": "Point", "coordinates": [116.3302, 39.966428]}}, {"type": "Feature", "properties": {"layer": "OSM_RAILWAY", "osm_id": 2272994463, "osm_type": "node", "railway": null, "abandoned_railway": null, "name": "大钟寺", "railway_ref": null, "railway_position": null, "node_type": "name_match", "source": "DATA-SRC-OSM", "official_boundary": false, "usable_for_formal": "background_only", "precision_note": "OSM 社区数据铁路站点/历史锚点候选，位置精度数米级；需现场核验"}, "geometry": {"type": "Point", "coordinates": [116.331129, 39.966434]}}, {"type": "Feature", "properties": {"layer": "OSM_RAILWAY", "osm_id": 2272994464, "osm_type": "node", "railway": null, "abandoned_railway": null, "name": "大钟寺", "railway_ref": null, "railway_position": null, "node_type": "name_match", "source": "DATA-SRC-OSM", "official_boundary": false, "usable_for_formal": "background_only", "precision_note": "OSM 社区数据铁路站点/历史锚点候选，位置精度数米级；需现场核验"}, "geometry": {"type": "Point", "coordinates": [116.331483, 39.966437]}}, {"type": "Feature", "properties": {"layer": "OSM_RAILWAY", "osm_id": 2363166332, "osm_type": "node", "railway": null, "abandoned_railway": null, "name": "地铁大钟寺站", "railway_ref": null, "railway_position": null, "node_type": "name_match", "source": "DATA-SRC-OSM", "official_boundary": false, "usable_for_formal": "background_only", "precision_note": "OSM 社区数据铁路站点/历史锚点候选，位置精度数米级；需现场核验"}, "geometry": {"type": "Point", "coordinates": [116.338466, 39.966063]}}, {"type": "Feature", "properties": {"layer": "OSM_RAILWAY", "osm_id": 2469776262, "osm_type": "node", "railway": null, "abandoned_railway": null, "name": "五道口北", "railway_ref": null, "railway_position": null, "node_type": "name_match", "source": "DATA-SRC-OSM", "official_boundary": false, "usable_for_formal": "background_only", "precision_note": "OSM 社区数据铁路站点/历史锚点候选，位置精度数米级；需现场核验"}, "geometry": {"type": "Point", "coordinates": [116.331184, 39.992687]}}, {"type": "Feature", "properties": {"layer": "OSM_RAILWAY", "osm_id": 2469776265, "osm_type": "node", "railway": null, "abandoned_railway": null, "name": "五道口北", "railway_ref": null, "railway_position": null, "node_type": "name_match", "source": "DATA-SRC-OSM", "official_boundary": false, "usable_for_formal": "background_only", "precision_note": "OSM 社区数据铁路站点/历史锚点候选，位置精度数米级；需现场核验"}, "geometry": {"type": "Point", "coordinates": [116.331247, 39.992678]}}, {"type": "Feature", "properties": {"layer": "OSM_RAILWAY", "osm_id": 2469786645, "osm_type": "node", "railway": null, "abandoned_railway": null, "name": "地铁五道口站", "railway_ref": null, "railway_position": null, "node_type": "name_match", "source": "DATA-SRC-OSM", "official_boundary": false, "usable_for_formal": "background_only", "precision_note": "OSM 社区数据铁路站点/历史锚点候选，位置精度数米级；需现场核验"}, "geometry": {"type": "Point", "coordinates": [116.333004, 39.99149]}}, {"type": "Feature", "properties": {"layer": "OSM_RAILWAY", "osm_id": 2558686627, "osm_type": "node", "railway": null, "abandoned_railway": null, "name": "地铁大钟寺站", "railway_ref": null, "railway_position": null, "node_type": "name_match", "source": "DATA-SRC-OSM", "official_boundary": false, "usable_for_formal": "background_only", "precision_note": "OSM 社区数据铁路站点/历史锚点候选，位置精度数米级；需现场核验"}, "geometry": {"type": "Point", "coordinates": [116.338286, 39.966486]}}, {"type": "Feature", "properties": {"layer": "OSM_RAILWAY", "osm_id": 3379245686, "osm_type": "node", "railway": "station", "abandoned_railway": null, "name": "北沙滩", "railway_ref": null, "railway_position": null, "node_type": "station", "source": "DATA-SRC-OSM", "official_boundary": false, "usable_for_formal": "background_only", "precision_note": "OSM 社区数据铁路站点/历史锚点候选，位置精度数米级；需现场核验"}, "geometry": {"type": "Point", "coordinates": [116.362043, 40.000124]}}, {"type": "Feature", "properties": {"layer": "OSM_RAILWAY", "osm_id": 3379245688, "osm_type": "node", "railway": "station", "abandoned_railway": null, "name": "奥林匹克公园", "railway_ref": null, "railway_position": null, "node_type": "station", "source": "DATA-SRC-OSM", "official_boundary": false, "usable_for_formal": "background_only", "precision_note": "OSM 社区数据铁路站点/历史锚点候选，位置精度数米级；需现场核验"}, "geometry": {"type": "Point", "coordinates": [116.386756, 40.000386]}}, {"type": "Feature", "properties": {"layer": "OSM_RAILWAY", "osm_id": 3379245689, "osm_type": "node", "railway": "station", "abandoned_railway": null, "name": "安立路", "railway_ref": null, "railway_position": null, "node_type": "station", "source": "DATA-SRC-OSM", "official_boundary": false, "usable_for_formal": "background_only", "precision_note": "OSM 社区数据铁路站点/历史锚点候选，位置精度数米级；需现场核验"}, "geometry": {"type": "Point", "coordinates": [116.401622, 40.001178]}}, {"type": "Feature", "properties": {"layer": "OSM_RAILWAY", "osm_id": 3379245690, "osm_type": "node", "railway": "station", "abandoned_railway": null, "name": "清华东路西口", "railway_ref": null, "railway_position": null, "node_type": "station", "source": "DATA-SRC-OSM", "official_boundary": false, "usable_for_formal": "background_only", "precision_note": "OSM 社区数据铁路站点/历史锚点候选，位置精度数米级；需现场核验"}, "geometry": {"type": "Point", "coordinates": [116.333626, 39.999304]}}, {"type": "Feature", "properties": {"layer": "OSM_RAILWAY", "osm_id": 4186879497, "osm_type": "node", "railway": null, "abandoned_railway": null, "name": "大钟寺派出所", "railway_ref": null, "railway_position": null, "node_type": "name_match", "source": "DATA-SRC-OSM", "official_boundary": false, "usable_for_formal": "background_only", "precision_note": "OSM 社区数据铁路站点/历史锚点候选，位置精度数米级；需现场核验"}, "geometry": {"type": "Point", "coordinates": [116.330336, 39.959375]}}, {"type": "Feature", "properties": {"layer": "OSM_RAILWAY", "osm_id": 4564112817, "osm_type": "node", "railway": "station", "abandoned_railway": null, "name": "甘家口", "railway_ref": null, "railway_position": null, "node_type": "station", "source": "DATA-SRC-OSM", "official_boundary": false, "usable_for_formal": "background_only", "precision_note": "OSM 社区数据铁路站点/历史锚点候选，位置精度数米级；需现场核验"}, "geometry": {"type": "Point", "coordinates": [116.328505, 39.922439]}}, {"type": "Feature", "properties": {"layer": "OSM_RAILWAY", "osm_id": 4564112842, "osm_type": "node", "railway": "station", "abandoned_railway": null, "name": "万寿寺", "railway_ref": null, "railway_position": null, "node_type": "station", "source": "DATA-SRC-OSM", "official_boundary": false, "usable_for_formal": "background_only", "precision_note": "OSM 社区数据铁路站点/历史锚点候选，位置精度数米级；需现场核验"}, "geometry": {"type": "Point", "coordinates": [116.303293, 39.947141]}}, {"type": "Feature", "properties": {"layer": "OSM_RAILWAY", "osm_id": 4564112846, "osm_type": "node", "railway": "station", "abandoned_railway": null, "name": "苏州桥", "railway_ref": null, "railway_position": null, "node_type": "station", "source": "DATA-SRC-OSM", "official_boundary": false, "usable_for_formal": "background_only", "precision_note": "OSM 社区数据铁路站点/历史锚点候选，位置精度数米级；需现场核验"}, "geometry": {"type": "Point", "coordinates": [116.301532, 39.961248]}}, {"type": "Feature", "properties": {"layer": "OSM_RAILWAY", "osm_id": 4564112855, "osm_type": "node", "railway": "station", "abandoned_railway": null, "name": "万泉河桥", "railway_ref": null, "railway_position": null, "node_type": "station", "source": "DATA-SRC-OSM", "official_boundary": false, "usable_for_formal": "background_only", "precision_note": "OSM 社区数据铁路站点/历史锚点候选，位置精度数米级；需现场核验"}, "geometry": {"type": "Point", "coordinates": [116.294265, 39.983919]}}, {"type": "Feature", "properties": {"layer": "OSM_RAILWAY", "osm_id": 4564112873, "osm_type": "node", "railway": "station", "abandoned_railway": null, "name": "农大南路", "railway_ref": null, "railway_position": null, "node_type": "station", "source": "DATA-SRC-OSM", "official_boundary": false, "usable_for_formal": "background_only", "precision_note": "OSM 社区数据铁路站点/历史锚点候选，位置精度数米级；需现场核验"}, "geometry": {"type": "Point", "coordinates": [116.277028, 40.018443]}}, {"type": "Feature", "properties": {"layer": "OSM_RAILWAY", "osm_id": 4822079921, "osm_type": "node", "railway": null, "abandoned_railway": null, "name": "大钟寺派出所户籍大厅", "railway_ref": null, "railway_position": null, "node_type": "name_match", "source": "DATA-SRC-OSM", "official_boundary": false, "usable_for_formal": "background_only", "precision_note": "OSM 社区数据铁路站点/历史锚点候选，位置精度数米级；需现场核验"}, "geometry": {"type": "Point", "coordinates": [116.325829, 39.964524]}}, {"type": "Feature", "properties": {"layer": "OSM_RAILWAY", "osm_id": 5196357163, "osm_type": "node", "railway": null, "abandoned_railway": null, "name": "五道口", "railway_ref": null, "railway_position": null, "node_type": "name_match", "source": "DATA-SRC-OSM", "official_boundary": false, "usable_for_formal": "background_only", "precision_note": "OSM 社区数据铁路站点/历史锚点候选，位置精度数米级；需现场核验"}, "geometry": {"type": "Point", "coordinates": [116.333089, 39.991896]}}, {"type": "Feature", "properties": {"layer": "OSM_RAILWAY", "osm_id": 5305505984, "osm_type": "node", "railway": "station", "abandoned_railway": null, "name": "惠新西街北口", "railway_ref": null, "railway_position": null, "node_type": "station", "source": "DATA-SRC-OSM", "official_boundary": false, "usable_for_formal": "background_only", "precision_note": "OSM 社区数据铁路站点/历史锚点候选，位置精度数米级；需现场核验"}, "geometry": {"type": "Point", "coordinates": [116.410907, 39.986178]}}, {"type": "Feature", "properties": {"layer": "OSM_RAILWAY", "osm_id": 5305505985, "osm_type": "node", "railway": "station", "abandoned_railway": null, "name": "惠新西街南口", "railway_ref": null, "railway_position": null, "node_type": "station", "source": "DATA-SRC-OSM", "official_boundary": false, "usable_for_formal": "background_only", "precision_note": "OSM 社区数据铁路站点/历史锚点候选，位置精度数米级；需现场核验"}, "geometry": {"type": "Point", "coordinates": [116.411355, 39.975959]}}, {"type": "Feature", "properties": {"layer": "OSM_RAILWAY", "osm_id": 5305505986, "osm_type": "node", "railway": "station", "abandoned_railway": null, "name": "和平西桥", "railway_ref": null, "railway_position": null, "node_type": "station", "source": "DATA-SRC-OSM", "official_boundary": false, "usable_for_formal": "background_only", "precision_note": "OSM 社区数据铁路站点/历史锚点候选，位置精度数米级；需现场核验"}, "geometry": {"type": "Point", "coordinates": [116.411793, 39.967229]}}, {"type": "Feature", "properties": {"layer": "OSM_RAILWAY", "osm_id": 5305505987, "osm_type": "node", "railway": "station", "abandoned_railway": null, "name": "雍和宫", "railway_ref": null, "railway_position": null, "node_type": "station", "source": "DATA-SRC-OSM", "official_boundary": false, "usable_for_formal": "background_only", "precision_note": "OSM 社区数据铁路站点/历史锚点候选，位置精度数米级；需现场核验"}, "geometry": {"type": "Point", "coordinates": [116.410164, 39.946971]}}, {"type": "Feature", "properties": {"layer": "OSM_RAILWAY", "osm_id": 5305505988, "osm_type": "node", "railway": "station", "abandoned_railway": null, "name": "雍和宫", "railway_ref": null, "railway_position": null, "node_type": "station", "source": "DATA-SRC-OSM", "official_boundary": false, "usable_for_formal": "background_only", "precision_note": "OSM 社区数据铁路站点/历史锚点候选，位置精度数米级；需现场核验"}, "geometry": {"type": "Point", "coordinates": [116.411543, 39.947927]}}, {"type": "Feature", "properties": {"layer": "OSM_RAILWAY", "osm_id": 5305505990, "osm_type": "node", "railway": "station", "abandoned_railway": null, "name": "东四", "railway_ref": null, "railway_position": null, "node_type": "station", "source": "DATA-SRC-OSM", "official_boundary": false, "usable_for_formal": "background_only", "precision_note": "OSM 社区数据铁路站点/历史锚点候选，位置精度数米级；需现场核验"}, "geometry": {"type": "Point", "coordinates": [116.410248, 39.922974]}}, {"type": "Feature", "properties": {"layer": "OSM_RAILWAY", "osm_id": 5305505993, "osm_type": "node", "railway": "station", "abandoned_railway": null, "name": "什刹海", "railway_ref": null, "railway_position": null, "node_type": "station", "source": "DATA-SRC-OSM", "official_boundary": false, "usable_for_formal": "background_only", "precision_note": "OSM 社区数据铁路站点/历史锚点候选，位置精度数米级；需现场核验"}, "geometry": {"type": "Point", "coordinates": [116.390065, 39.935953]}}, {"type": "Feature", "properties": {"layer": "OSM_RAILWAY", "osm_id": 5305505994, "osm_type": "node", "railway": "station", "abandoned_railway": null, "name": "鼓楼大街", "railway_ref": null, "railway_position": null, "node_type": "station", "source": "DATA-SRC-OSM", "official_boundary": false, "usable_for_formal": "background_only", "precision_note": "OSM 社区数据铁路站点/历史锚点候选，位置精度数米级；需现场核验"}, "geometry": {"type": "Point", "coordinates": [116.387918, 39.947544]}}, {"type": "Feature", "properties": {"layer": "OSM_RAILWAY", "osm_id": 5305505995, "osm_type": "node", "railway": "station", "abandoned_railway": null, "name": "鼓楼大街", "railway_ref": null, "railway_position": null, "node_type": "station", "source": "DATA-SRC-OSM", "official_boundary": false, "usable_for_formal": "background_only", "precision_note": "OSM 社区数据铁路站点/历史锚点候选，位置精度数米级；需现场核验"}, "geometry": {"type": "Point", "coordinates": [116.387637, 39.946731]}}, {"type": "Feature", "properties": {"layer": "OSM_RAILWAY", "osm_id": 5305505996, "osm_type": "node", "railway": "station", "abandoned_railway": null, "name": "安华桥", "railway_ref": null, "railway_position": null, "node_type": "station", "source": "DATA-SRC-OSM", "official_boundary": false, "usable_for_formal": "background_only", "precision_note": "OSM 社区数据铁路站点/历史锚点候选，位置精度数米级；需现场核验"}, "geometry": {"type": "Point", "coordinates": [116.388398, 39.967112]}}, {"type": "Feature", "properties": {"layer": "OSM_RAILWAY", "osm_id": 5305505997, "osm_type": "node", "railway": "station", "abandoned_railway": null, "name": "北土城", "railway_ref": null, "railway_position": null, "node_type": "station", "source": "DATA-SRC-OSM", "official_boundary": false, "usable_for_formal": "background_only", "precision_note": "OSM 社区数据铁路站点/历史锚点候选，位置精度数米级；需现场核验"}, "geometry": {"type": "Point", "coordinates": [116.387926, 39.976399]}}, {"type": "Feature", "properties": {"layer": "OSM_RAILWAY", "osm_id": 5305505998, "osm_type": "node", "railway": "station", "abandoned_railway": null, "name": "森林公园南门", "railway_ref": null, "railway_position": null, "node_type": "station", "source": "DATA-SRC-OSM", "official_boundary": false, "usable_for_formal": "background_only", "precision_note": "OSM 社区数据铁路站点/历史锚点候选，位置精度数米级；需现场核验"}, "geometry": {"type": "Point", "coordinates": [116.3864, 40.009195]}}, {"type": "Feature", "properties": {"layer": "OSM_RAILWAY", "osm_id": 5305506001, "osm_type": "node", "railway": "station", "abandoned_railway": null, "name": "霍营", "railway_ref": null, "railway_position": null, "node_type": "station", "source": "DATA-SRC-OSM", "official_boundary": false, "usable_for_formal": "background_only", "precision_note": "OSM 社区数据铁路站点/历史锚点候选，位置精度数米级；需现场核验"}, "geometry": {"type": "Point", "coordinates": [116.353898, 40.070479]}}, {"type": "Feature", "properties": {"layer": "OSM_RAILWAY", "osm_id": 5305506002, "osm_type": "node", "railway": "station", "abandoned_railway": null, "name": "林萃桥", "railway_ref": null, "railway_position": null, "node_type": "station", "source": "DATA-SRC-OSM", "official_boundary": false, "usable_for_formal": "background_only", "precision_note": "OSM 社区数据铁路站点/历史锚点候选，位置精度数米级；需现场核验"}, "geometry": {"type": "Point", "coordinates": [116.36679, 40.0206]}}, {"type": "Feature", "properties": {"layer": "OSM_RAILWAY", "osm_id": 5305506003, "osm_type": "node", "railway": "station", "abandoned_railway": null, "name": "永泰庄", "railway_ref": null, "railway_position": null, "node_type": "station", "source": "DATA-SRC-OSM", "official_boundary": false, "usable_for_formal": "background_only", "precision_note": "OSM 社区数据铁路站点/历史锚点候选，位置精度数米级；需现场核验"}, "geometry": {"type": "Point", "coordinates": [116.34833, 40.036679]}}, {"type": "Feature", "properties": {"layer": "OSM_RAILWAY", "osm_id": 5305506004, "osm_type": "node", "railway": "station", "abandoned_railway": null, "name": "西小口", "railway_ref": null, "railway_position": null, "node_type": "station", "source": "DATA-SRC-OSM", "official_boundary": false, "usable_for_formal": "background_only", "precision_note": "OSM 社区数据铁路站点/历史锚点候选，位置精度数米级；需现场核验"}, "geometry": {"type": "Point", "coordinates": [116.345164, 40.046068]}}, {"type": "Feature", "properties": {"layer": "OSM_RAILWAY", "osm_id": 5402687151, "osm_type": "node", "railway": "station", "abandoned_railway": null, "name": "大屯路东", "railway_ref": null, "railway_position": null, "node_type": "station", "source": "DATA-SRC-OSM", "official_boundary": false, "usable_for_formal": "background_only", "precision_note": "OSM 社区数据铁路站点/历史锚点候选，位置精度数米级；需现场核验"}, "geometry": {"type": "Point", "coordinates": [116.41219, 40.001536]}}, {"type": "Feature", "properties": {"layer": "OSM_RAILWAY", "osm_id": 5402695989, "osm_type": "node", "railway": "station", "abandoned_railway": null, "name": "奥林匹克公园", "railway_ref": null, "railway_position": null, "node_type": "station", "source": "DATA-SRC-OSM", "official_boundary": false, "usable_for_formal": "background_only", "precision_note": "OSM 社区数据铁路站点/历史锚点候选，位置精度数米级；需现场核验"}, "geometry": {"type": "Point", "coordinates": [116.385335, 40.000895]}}, {"type": "Feature", "properties": {"layer": "OSM_RAILWAY", "osm_id": 5429399341, "osm_type": "node", "railway": "station", "abandoned_railway": null, "name": "动物园", "railway_ref": null, "railway_position": null, "node_type": "station", "source": "DATA-SRC-OSM", "official_boundary": false, "usable_for_formal": "background_only", "precision_note": "OSM 社区数据铁路站点/历史锚点候选，位置精度数米级；需现场核验"}, "geometry": {"type": "Point", "coordinates": [116.332733, 39.936939]}}, {"type": "Feature", "properties": {"layer": "OSM_RAILWAY", "osm_id": 5429400342, "osm_type": "node", "railway": "station", "abandoned_railway": null, "name": "北新桥", "railway_ref": null, "railway_position": null, "node_type": "station", "source": "DATA-SRC-OSM", "official_boundary": false, "usable_for_formal": "background_only", "precision_note": "OSM 社区数据铁路站点/历史锚点候选，位置精度数米级；需现场核验"}, "geometry": {"type": "Point", "coordinates": [116.410889, 39.939385]}}, {"type": "Feature", "properties": {"layer": "OSM_RAILWAY", "osm_id": 5429413631, "osm_type": "node", "railway": "station", "abandoned_railway": null, "name": "国家图书馆", "railway_ref": null, "railway_position": null, "node_type": "station", "source": "DATA-SRC-OSM", "official_boundary": false, "usable_for_formal": "background_only", "precision_note": "OSM 社区数据铁路站点/历史锚点候选，位置精度数米级；需现场核验"}, "geometry": {"type": "Point", "coordinates": [116.318728, 39.941221]}}, {"type": "Feature", "properties": {"layer": "OSM_RAILWAY", "osm_id": 5430403863, "osm_type": "node", "railway": "station", "abandoned_railway": null, "name": "知春路", "railway_ref": null, "railway_position": null, "node_type": "station", "source": "DATA-SRC-OSM", "official_boundary": false, "usable_for_formal": "background_only", "precision_note": "OSM 社区数据铁路站点/历史锚点候选，位置精度数米级；需现场核验"}, "geometry": {"type": "Point", "coordinates": [116.33439, 39.975093]}}, {"type": "Feature", "properties": {"layer": "OSM_RAILWAY", "osm_id": 5430448102, "osm_type": "node", "railway": "station", "abandoned_railway": null, "name": "巴沟", "railway_ref": null, "railway_position": null, "node_type": "station", "source": "DATA-SRC-OSM", "official_boundary": false, "usable_for_formal": "background_only", "precision_note": "OSM 社区数据铁路站点/历史锚点候选，位置精度数米级；需现场核验"}, "geometry": {"type": "Point", "coordinates": [116.287429, 39.973297]}}, {"type": "Feature", "properties": {"layer": "OSM_RAILWAY", "osm_id": 5430462574, "osm_type": "node", "railway": "station", "abandoned_railway": null, "name": "西直门", "railway_ref": null, "railway_position": null, "node_type": "station", "source": "DATA-SRC-OSM", "official_boundary": false, "usable_for_formal": "background_only", "precision_note": "OSM 社区数据铁路站点/历史锚点候选，位置精度数米级；需现场核验"}, "geometry": {"type": "Point", "coordinates": [116.349235, 39.939217]}}, {"type": "Feature", "properties": {"layer": "OSM_RAILWAY", "osm_id": 5430502371, "osm_type": "node", "railway": "station", "abandoned_railway": null, "name": "平安里", "railway_ref": null, "railway_position": null, "node_type": "station", "source": "DATA-SRC-OSM", "official_boundary": false, "usable_for_formal": "background_only", "precision_note": "OSM 社区数据铁路站点/历史锚点候选，位置精度数米级；需现场核验"}, "geometry": {"type": "Point", "coordinates": [116.366487, 39.932316]}}, {"type": "Feature", "properties": {"layer": "OSM_RAILWAY", "osm_id": 5430505472, "osm_type": "node", "railway": "station", "abandoned_railway": null, "name": "车公庄", "railway_ref": null, "railway_position": null, "node_type": "station", "source": "DATA-SRC-OSM", "official_boundary": false, "usable_for_formal": "background_only", "precision_note": "OSM 社区数据铁路站点/历史锚点候选，位置精度数米级；需现场核验"}, "geometry": {"type": "Point", "coordinates": [116.349343, 39.931155]}}, {"type": "Feature", "properties": {"layer": "OSM_RAILWAY", "osm_id": 5430509863, "osm_type": "node", "railway": "station", "abandoned_railway": null, "name": "慈寿寺", "railway_ref": null, "railway_position": null, "node_type": "station", "source": "DATA-SRC-OSM", "official_boundary": false, "usable_for_formal": "background_only", "precision_note": "OSM 社区数据铁路站点/历史锚点候选，位置精度数米级；需现场核验"}, "geometry": {"type": "Point", "coordinates": [116.288863, 39.931559]}}, {"type": "Feature", "properties": {"layer": "OSM_RAILWAY", "osm_id": 5430532540, "osm_type": "node", "railway": "station", "abandoned_railway": null, "name": "霍营", "railway_ref": null, "railway_position": null, "node_type": "station", "source": "DATA-SRC-OSM", "official_boundary": false, "usable_for_formal": "background_only", "precision_note": "OSM 社区数据铁路站点/历史锚点候选，位置精度数米级；需现场核验"}, "geometry": {"type": "Point", "coordinates": [116.354448, 40.069357]}}, {"type": "Feature", "properties": {"layer": "OSM_RAILWAY", "osm_id": 5430533767, "osm_type": "node", "railway": "station", "abandoned_railway": null, "name": "西二旗", "railway_ref": null, "railway_position": null, "node_type": "station", "source": "DATA-SRC-OSM", "official_boundary": false, "usable_for_formal": "background_only", "precision_note": "OSM 社区数据铁路站点/历史锚点候选，位置精度数米级；需现场核验"}, "geometry": {"type": "Point", "coordinates": [116.300181, 40.051716]}}, {"type": "Feature", "properties": {"layer": "OSM_RAILWAY", "osm_id": 5430545454, "osm_type": "node", "railway": "station", "abandoned_railway": null, "name": "白石桥南", "railway_ref": null, "railway_position": null, "node_type": "station", "source": "DATA-SRC-OSM", "official_boundary": false, "usable_for_formal": "background_only", "precision_note": "OSM 社区数据铁路站点/历史锚点候选，位置精度数米级；需现场核验"}, "geometry": {"type": "Point", "coordinates": [116.319376, 39.932388]}}, {"type": "Feature", "properties": {"layer": "OSM_RAILWAY", "osm_id": 5441470420, "osm_type": "node", "railway": "station", "abandoned_railway": null, "name": "回龙观", "railway_ref": null, "railway_position": "18.324", "node_type": "station", "source": "DATA-SRC-OSM", "official_boundary": false, "usable_for_formal": "background_only", "precision_note": "OSM 社区数据铁路站点/历史锚点候选，位置精度数米级；需现场核验"}, "geometry": {"type": "Point", "coordinates": [116.329755, 40.069525]}}, {"type": "Feature", "properties": {"layer": "OSM_RAILWAY", "osm_id": 5441512445, "osm_type": "node", "railway": "station", "abandoned_railway": null, "name": "新街口", "railway_ref": null, "railway_position": null, "node_type": "station", "source": "DATA-SRC-OSM", "official_boundary": false, "usable_for_formal": "background_only", "precision_note": "OSM 社区数据铁路站点/历史锚点候选，位置精度数米级；需现场核验"}, "geometry": {"type": "Point", "coordinates": [116.361274, 39.939429]}}, {"type": "Feature", "properties": {"layer": "OSM_RAILWAY", "osm_id": 5441522470, "osm_type": "node", "railway": "station", "abandoned_railway": null, "name": "花园桥", "railway_ref": null, "railway_position": null, "node_type": "station", "source": "DATA-SRC-OSM", "official_boundary": false, "usable_for_formal": "background_only", "precision_note": "OSM 社区数据铁路站点/历史锚点候选，位置精度数米级；需现场核验"}, "geometry": {"type": "Point", "coordinates": [116.303981, 39.931213]}}, {"type": "Feature", "properties": {"layer": "OSM_RAILWAY", "osm_id": 5441526453, "osm_type": "node", "railway": "station", "abandoned_railway": null, "name": "北海北", "railway_ref": null, "railway_position": null, "node_type": "station", "source": "DATA-SRC-OSM", "official_boundary": false, "usable_for_formal": "background_only", "precision_note": "OSM 社区数据铁路站点/历史锚点候选，位置精度数米级；需现场核验"}, "geometry": {"type": "Point", "coordinates": [116.380044, 39.931798]}}, {"type": "Feature", "properties": {"layer": "OSM_RAILWAY", "osm_id": 5442212133, "osm_type": "node", "railway": "station", "abandoned_railway": null, "name": "立水桥南", "railway_ref": null, "railway_position": null, "node_type": "station", "source": "DATA-SRC-OSM", "official_boundary": false, "usable_for_formal": "background_only", "precision_note": "OSM 社区数据铁路站点/历史锚点候选，位置精度数米级；需现场核验"}, "geometry": {"type": "Point", "coordinates": [116.408244, 40.040507]}}, {"type": "Feature", "properties": {"layer": "OSM_RAILWAY", "osm_id": 5442237543, "osm_type": "node", "railway": "station", "abandoned_railway": null, "name": "五道口", "railway_ref": null, "railway_position": null, "node_type": "station", "source": "DATA-SRC-OSM", "official_boundary": false, "usable_for_formal": "background_only", "precision_note": "OSM 社区数据铁路站点/历史锚点候选，位置精度数米级；需现场核验"}, "geometry": {"type": "Point", "coordinates": [116.331702, 39.991478]}}, {"type": "Feature", "properties": {"layer": "OSM_RAILWAY", "osm_id": 5444434450, "osm_type": "node", "railway": "station", "abandoned_railway": null, "name": "长春桥", "railway_ref": null, "railway_position": null, "node_type": "station", "source": "DATA-SRC-OSM", "official_boundary": false, "usable_for_formal": "background_only", "precision_note": "OSM 社区数据铁路站点/历史锚点候选，位置精度数米级；需现场核验"}, "geometry": {"type": "Point", "coordinates": [116.288039, 39.957411]}}, {"type": "Feature", "properties": {"layer": "OSM_RAILWAY", "osm_id": 5444436956, "osm_type": "node", "railway": "station", "abandoned_railway": null, "name": "火器营", "railway_ref": null, "railway_position": null, "node_type": "station", "source": "DATA-SRC-OSM", "official_boundary": false, "usable_for_formal": "background_only", "precision_note": "OSM 社区数据铁路站点/历史锚点候选，位置精度数米级；需现场核验"}, "geometry": {"type": "Point", "coordinates": [116.283417, 39.964331]}}, {"type": "Feature", "properties": {"layer": "OSM_RAILWAY", "osm_id": 5444681481, "osm_type": "node", "railway": "station", "abandoned_railway": null, "name": "张自忠路", "railway_ref": null, "railway_position": null, "node_type": "station", "source": "DATA-SRC-OSM", "official_boundary": false, "usable_for_formal": "background_only", "precision_note": "OSM 社区数据铁路站点/历史锚点候选，位置精度数米级；需现场核验"}, "geometry": {"type": "Point", "coordinates": [116.411295, 39.932284]}}, {"type": "Feature", "properties": {"layer": "OSM_RAILWAY", "osm_id": 5447564524, "osm_type": "node", "railway": "station", "abandoned_railway": null, "name": "大屯路东", "railway_ref": null, "railway_position": null, "node_type": "station", "source": "DATA-SRC-OSM", "official_boundary": false, "usable_for_formal": "background_only", "precision_note": "OSM 社区数据铁路站点/历史锚点候选，位置精度数米级；需现场核验"}, "geometry": {"type": "Point", "coordinates": [116.411069, 40.00217]}}, {"type": "Feature", "properties": {"layer": "OSM_RAILWAY", "osm_id": 5447625351, "osm_type": "node", "railway": "station", "abandoned_railway": null, "name": "健德门", "railway_ref": null, "railway_position": null, "node_type": "station", "source": "DATA-SRC-OSM", "official_boundary": false, "usable_for_formal": "background_only", "precision_note": "OSM 社区数据铁路站点/历史锚点候选，位置精度数米级；需现场核验"}, "geometry": {"type": "Point", "coordinates": [116.374766, 39.975086]}}, {"type": "Feature", "properties": {"layer": "OSM_RAILWAY", "osm_id": 5448545746, "osm_type": "node", "railway": "station", "abandoned_railway": null, "name": "白堆子", "railway_ref": null, "railway_position": null, "node_type": "station", "source": "DATA-SRC-OSM", "official_boundary": false, "usable_for_formal": "background_only", "precision_note": "OSM 社区数据铁路站点/历史锚点候选，位置精度数米级；需现场核验"}, "geometry": {"type": "Point", "coordinates": [116.319681, 39.922574]}}, {"type": "Feature", "properties": {"layer": "OSM_RAILWAY", "osm_id": 5448580676, "osm_type": "node", "railway": "station", "abandoned_railway": null, "name": "安贞门", "railway_ref": null, "railway_position": null, "node_type": "station", "source": "DATA-SRC-OSM", "official_boundary": false, "usable_for_formal": "background_only", "precision_note": "OSM 社区数据铁路站点/历史锚点候选，位置精度数米级；需现场核验"}, "geometry": {"type": "Point", "coordinates": [116.399183, 39.975834]}}, {"type": "Feature", "properties": {"layer": "OSM_RAILWAY", "osm_id": 5448581898, "osm_type": "node", "railway": "station", "abandoned_railway": null, "name": "牡丹园", "railway_ref": null, "railway_position": null, "node_type": "station", "source": "DATA-SRC-OSM", "official_boundary": false, "usable_for_formal": "background_only", "precision_note": "OSM 社区数据铁路站点/历史锚点候选，位置精度数米级；需现场核验"}, "geometry": {"type": "Point", "coordinates": [116.363063, 39.974913]}}, {"type": "Feature", "properties": {"layer": "OSM_RAILWAY", "osm_id": 5448585739, "osm_type": "node", "railway": "station", "abandoned_railway": null, "name": "西土城", "railway_ref": null, "railway_position": null, "node_type": "station", "source": "DATA-SRC-OSM", "official_boundary": false, "usable_for_formal": "background_only", "precision_note": "OSM 社区数据铁路站点/历史锚点候选，位置精度数米级；需现场核验"}, "geometry": {"type": "Point", "coordinates": [116.347774, 39.974866]}}, {"type": "Feature", "properties": {"layer": "OSM_RAILWAY", "osm_id": 5448587388, "osm_type": "node", "railway": "station", "abandoned_railway": null, "name": "苏州街", "railway_ref": null, "railway_position": null, "node_type": "station", "source": "DATA-SRC-OSM", "official_boundary": false, "usable_for_formal": "background_only", "precision_note": "OSM 社区数据铁路站点/历史锚点候选，位置精度数米级；需现场核验"}, "geometry": {"type": "Point", "coordinates": [116.299974, 39.974328]}}, {"type": "Feature", "properties": {"layer": "OSM_RAILWAY", "osm_id": 5448589968, "osm_type": "node", "railway": "station", "abandoned_railway": null, "name": "白石桥南", "railway_ref": null, "railway_position": null, "node_type": "station", "source": "DATA-SRC-OSM", "official_boundary": false, "usable_for_formal": "background_only", "precision_note": "OSM 社区数据铁路站点/历史锚点候选，位置精度数米级；需现场核验"}, "geometry": {"type": "Point", "coordinates": [116.318448, 39.931255]}}, {"type": "Feature", "properties": {"layer": "OSM_RAILWAY", "osm_id": 5448593092, "osm_type": "node", "railway": "station", "abandoned_railway": null, "name": "安德里北街", "railway_ref": null, "railway_position": null, "node_type": "station", "source": "DATA-SRC-OSM", "official_boundary": false, "usable_for_formal": "background_only", "precision_note": "OSM 社区数据铁路站点/历史锚点候选，位置精度数米级；需现场核验"}, "geometry": {"type": "Point", "coordinates": [116.388548, 39.955494]}}, {"type": "Feature", "properties": {"layer": "OSM_RAILWAY", "osm_id": 5453371982, "osm_type": "node", "railway": "station", "abandoned_railway": null, "name": "车道沟", "railway_ref": null, "railway_position": null, "node_type": "station", "source": "DATA-SRC-OSM", "official_boundary": false, "usable_for_formal": "background_only", "precision_note": "OSM 社区数据铁路站点/历史锚点候选，位置精度数米级；需现场核验"}, "geometry": {"type": "Point", "coordinates": [116.287897, 39.945127]}}, {"type": "Feature", "properties": {"layer": "OSM_RAILWAY", "osm_id": 5453388186, "osm_type": "node", "railway": "station", "abandoned_railway": null, "name": "西钓鱼台", "railway_ref": null, "railway_position": null, "node_type": "station", "source": "DATA-SRC-OSM", "official_boundary": false, "usable_for_formal": "background_only", "precision_note": "OSM 社区数据铁路站点/历史锚点候选，位置精度数米级；需现场核验"}, "geometry": {"type": "Point", "coordinates": [116.291909, 39.921899]}}, {"type": "Feature", "properties": {"layer": "OSM_RAILWAY", "osm_id": 5621379389, "osm_type": "node", "railway": "station", "abandoned_railway": null, "name": "巴沟", "railway_ref": null, "railway_position": null, "node_type": "station", "source": "DATA-SRC-OSM", "official_boundary": false, "usable_for_formal": "background_only", "precision_note": "OSM 社区数据铁路站点/历史锚点候选，位置精度数米级；需现场核验"}, "geometry": {"type": "Point", "coordinates": [116.285573, 39.973157]}}, {"type": "Feature", "properties": {"layer": "OSM_RAILWAY", "osm_id": 5687426566, "osm_type": "node", "railway": "station", "abandoned_railway": null, "name": "六道口", "railway_ref": null, "railway_position": null, "node_type": "station", "source": "DATA-SRC-OSM", "official_boundary": false, "usable_for_formal": "background_only", "precision_note": "OSM 社区数据铁路站点/历史锚点候选，位置精度数米级；需现场核验"}, "geometry": {"type": "Point", "coordinates": [116.346643, 39.999666]}}, {"type": "Feature", "properties": {"layer": "OSM_RAILWAY", "osm_id": 5720933166, "osm_type": "node", "railway": "station", "abandoned_railway": null, "name": "北新桥", "railway_ref": null, "railway_position": null, "node_type": "station", "source": "DATA-SRC-OSM", "official_boundary": false, "usable_for_formal": "background_only", "precision_note": "OSM 社区数据铁路站点/历史锚点候选，位置精度数米级；需现场核验"}, "geometry": {"type": "Point", "coordinates": [116.411934, 39.939696]}}, {"type": "Feature", "properties": {"layer": "OSM_RAILWAY", "osm_id": 6172173744, "osm_type": "node", "railway": "station", "abandoned_railway": null, "name": "中国美术馆", "railway_ref": null, "railway_position": null, "node_type": "station", "source": "DATA-SRC-OSM", "official_boundary": false, "usable_for_formal": "background_only", "precision_note": "OSM 社区数据铁路站点/历史锚点候选，位置精度数米级；需现场核验"}, "geometry": {"type": "Point", "coordinates": [116.404545, 39.923629]}}, {"type": "Feature", "properties": {"layer": "OSM_RAILWAY", "osm_id": 6497767616, "osm_type": "node", "railway": "station", "abandoned_railway": null, "name": "南锣鼓巷", "railway_ref": null, "railway_position": null, "node_type": "station", "source": "DATA-SRC-OSM", "official_boundary": false, "usable_for_formal": "background_only", "precision_note": "OSM 社区数据铁路站点/历史锚点候选，位置精度数米级；需现场核验"}, "geometry": {"type": "Point", "coordinates": [116.396693, 39.931644]}}, {"type": "Feature", "properties": {"layer": "OSM_RAILWAY", "osm_id": 6497773831, "osm_type": "node", "railway": "station", "abandoned_railway": null, "name": "南锣鼓巷", "railway_ref": null, "railway_position": null, "node_type": "station", "source": "DATA-SRC-OSM", "official_boundary": false, "usable_for_formal": "background_only", "precision_note": "OSM 社区数据铁路站点/历史锚点候选，位置精度数米级；需现场核验"}, "geometry": {"type": "Point", "coordinates": [116.397689, 39.932309]}}, {"type": "Feature", "properties": {"layer": "OSM_RAILWAY", "osm_id": 6580603898, "osm_type": "node", "railway": "station", "abandoned_railway": null, "name": "西苑", "railway_ref": null, "railway_position": null, "node_type": "station", "source": "DATA-SRC-OSM", "official_boundary": false, "usable_for_formal": "background_only", "precision_note": "OSM 社区数据铁路站点/历史锚点候选，位置精度数米级；需现场核验"}, "geometry": {"type": "Point", "coordinates": [116.285532, 39.996698]}}, {"type": "Feature", "properties": {"layer": "OSM_RAILWAY", "osm_id": 6606270273, "osm_type": "node", "railway": "station", "abandoned_railway": null, "name": "海淀黄庄", "railway_ref": null, "railway_position": null, "node_type": "station", "source": "DATA-SRC-OSM", "official_boundary": false, "usable_for_formal": "background_only", "precision_note": "OSM 社区数据铁路站点/历史锚点候选，位置精度数米级；需现场核验"}, "geometry": {"type": "Point", "coordinates": [116.31152, 39.974713]}}, {"type": "Feature", "properties": {"layer": "OSM_RAILWAY", "osm_id": 6617852356, "osm_type": "node", "railway": "station", "abandoned_railway": null, "name": "大钟寺", "railway_ref": null, "railway_position": null, "node_type": "station", "source": "DATA-SRC-OSM", "official_boundary": false, "usable_for_formal": "background_only", "precision_note": "OSM 社区数据铁路站点/历史锚点候选，位置精度数米级；需现场核验"}, "geometry": {"type": "Point", "coordinates": [116.339014, 39.965273]}}, {"type": "Feature", "properties": {"layer": "OSM_RAILWAY", "osm_id": 6617852359, "osm_type": "node", "railway": "station", "abandoned_railway": null, "name": "上地", "railway_ref": null, "railway_position": null, "node_type": "station", "source": "DATA-SRC-OSM", "official_boundary": false, "usable_for_formal": "background_only", "precision_note": "OSM 社区数据铁路站点/历史锚点候选，位置精度数米级；需现场核验"}, "geometry": {"type": "Point", "coordinates": [116.314084, 40.031765]}}, {"type": "Feature", "properties": {"layer": "OSM_RAILWAY", "osm_id": 6617852360, "osm_type": "node", "railway": "station", "abandoned_railway": null, "name": "龙泽", "railway_ref": null, "railway_position": null, "node_type": "station", "source": "DATA-SRC-OSM", "official_boundary": false, "usable_for_formal": "background_only", "precision_note": "OSM 社区数据铁路站点/历史锚点候选，位置精度数米级；需现场核验"}, "geometry": {"type": "Point", "coordinates": [116.313203, 40.069573]}}, {"type": "Feature", "properties": {"layer": "OSM_RAILWAY", "osm_id": 6724002358, "osm_type": "node", "railway": "station", "abandoned_railway": null, "name": "积水潭", "railway_ref": null, "railway_position": null, "node_type": "station", "source": "DATA-SRC-OSM", "official_boundary": false, "usable_for_formal": "background_only", "precision_note": "OSM 社区数据铁路站点/历史锚点候选，位置精度数米级；需现场核验"}, "geometry": {"type": "Point", "coordinates": [116.367061, 39.947325]}}, {"type": "Feature", "properties": {"layer": "OSM_RAILWAY", "osm_id": 6724644887, "osm_type": "node", "railway": "station", "abandoned_railway": null, "name": "阜成门", "railway_ref": null, "railway_position": null, "node_type": "station", "source": "DATA-SRC-OSM", "official_boundary": false, "usable_for_formal": "background_only", "precision_note": "OSM 社区数据铁路站点/历史锚点候选，位置精度数米级；需现场核验"}, "geometry": {"type": "Point", "coordinates": [116.350067, 39.922313]}}, {"type": "Feature", "properties": {"layer": "OSM_RAILWAY", "osm_id": 6724644889, "osm_type": "node", "railway": "station", "abandoned_railway": null, "name": "安定门", "railway_ref": null, "railway_position": null, "node_type": "station", "source": "DATA-SRC-OSM", "official_boundary": false, "usable_for_formal": "background_only", "precision_note": "OSM 社区数据铁路站点/历史锚点候选，位置精度数米级；需现场核验"}, "geometry": {"type": "Point", "coordinates": [116.402068, 39.947667]}}, {"type": "Feature", "properties": {"layer": "OSM_RAILWAY", "osm_id": 7116372189, "osm_type": "node", "railway": "station", "abandoned_railway": null, "name": "清河站", "railway_ref": null, "railway_position": null, "node_type": "station", "source": "DATA-SRC-OSM", "official_boundary": false, "usable_for_formal": "background_only", "precision_note": "OSM 社区数据铁路站点/历史锚点候选，位置精度数米级；需现场核验"}, "geometry": {"type": "Point", "coordinates": [116.308683, 40.039778]}}, {"type": "Feature", "properties": {"layer": "OSM_RAILWAY", "osm_id": 7116372190, "osm_type": "node", "railway": "station", "abandoned_railway": null, "name": "清河", "railway_ref": "12707", "railway_position": "31.683", "node_type": "station", "source": "DATA-SRC-OSM", "official_boundary": false, "usable_for_formal": "background_only", "precision_note": "OSM 社区数据铁路站点/历史锚点候选，位置精度数米级；需现场核验"}, "geometry": {"type": "Point", "coordinates": [116.309093, 40.040002]}}, {"type": "Feature", "properties": {"layer": "OSM_RAILWAY", "osm_id": 7861046849, "osm_type": "node", "railway": "station", "abandoned_railway": null, "name": "圆明园", "railway_ref": null, "railway_position": null, "node_type": "station", "source": "DATA-SRC-OSM", "official_boundary": false, "usable_for_formal": "background_only", "precision_note": "OSM 社区数据铁路站点/历史锚点候选，位置精度数米级；需现场核验"}, "geometry": {"type": "Point", "coordinates": [116.303674, 39.998295]}}, {"type": "Feature", "properties": {"layer": "OSM_RAILWAY", "osm_id": 7861046850, "osm_type": "node", "railway": "station", "abandoned_railway": null, "name": "北京大学东门", "railway_ref": null, "railway_position": null, "node_type": "station", "source": "DATA-SRC-OSM", "official_boundary": false, "usable_for_formal": "background_only", "precision_note": "OSM 社区数据铁路站点/历史锚点候选，位置精度数米级；需现场核验"}, "geometry": {"type": "Point", "coordinates": [116.309726, 39.990781]}}, {"type": "Feature", "properties": {"layer": "OSM_RAILWAY", "osm_id": 7861046851, "osm_type": "node", "railway": "station", "abandoned_railway": null, "name": "中关村", "railway_ref": null, "railway_position": null, "node_type": "station", "source": "DATA-SRC-OSM", "official_boundary": false, "usable_for_formal": "background_only", "precision_note": "OSM 社区数据铁路站点/历史锚点候选，位置精度数米级；需现场核验"}, "geometry": {"type": "Point", "coordinates": [116.310379, 39.982657]}}, {"type": "Feature", "properties": {"layer": "OSM_RAILWAY", "osm_id": 7861046852, "osm_type": "node", "railway": "station", "abandoned_railway": null, "name": "人民大学", "railway_ref": null, "railway_position": null, "node_type": "station", "source": "DATA-SRC-OSM", "official_boundary": false, "usable_for_formal": "background_only", "precision_note": "OSM 社区数据铁路站点/历史锚点候选，位置精度数米级；需现场核验"}, "geometry": {"type": "Point", "coordinates": [116.315729, 39.965744]}}, {"type": "Feature", "properties": {"layer": "OSM_RAILWAY", "osm_id": 7861046853, "osm_type": "node", "railway": "station", "abandoned_railway": null, "name": "魏公村", "railway_ref": null, "railway_position": null, "node_type": "station", "source": "DATA-SRC-OSM", "official_boundary": false, "usable_for_formal": "background_only", "precision_note": "OSM 社区数据铁路站点/历史锚点候选，位置精度数米级；需现场核验"}, "geometry": {"type": "Point", "coordinates": [116.317182, 39.956304]}}, {"type": "Feature", "properties": {"layer": "OSM_RAILWAY", "osm_id": 7861046854, "osm_type": "node", "railway": "station", "abandoned_railway": null, "name": "西四", "railway_ref": null, "railway_position": null, "node_type": "station", "source": "DATA-SRC-OSM", "official_boundary": false, "usable_for_formal": "background_only", "precision_note": "OSM 社区数据铁路站点/历史锚点候选，位置精度数米级；需现场核验"}, "geometry": {"type": "Point", "coordinates": [116.366815, 39.922545]}}, {"type": "Feature", "properties": {"layer": "OSM_RAILWAY", "osm_id": 7896842489, "osm_type": "node", "railway": "station", "abandoned_railway": null, "name": "和平里北街", "railway_ref": null, "railway_position": null, "node_type": "station", "source": "DATA-SRC-OSM", "official_boundary": false, "usable_for_formal": "background_only", "precision_note": "OSM 社区数据铁路站点/历史锚点候选，位置精度数米级；需现场核验"}, "geometry": {"type": "Point", "coordinates": [116.412235, 39.957389]}}, {"type": "Feature", "properties": {"layer": "OSM_RAILWAY", "osm_id": 7896877678, "osm_type": "node", "railway": "station", "abandoned_railway": null, "name": "车公庄西", "railway_ref": null, "railway_position": null, "node_type": "station", "source": "DATA-SRC-OSM", "official_boundary": false, "usable_for_formal": "background_only", "precision_note": "OSM 社区数据铁路站点/历史锚点候选，位置精度数米级；需现场核验"}, "geometry": {"type": "Point", "coordinates": [116.33799, 39.931061]}}, {"type": "Feature", "properties": {"layer": "OSM_RAILWAY", "osm_id": 7896877681, "osm_type": "node", "railway": "station", "abandoned_railway": null, "name": "知春里", "railway_ref": null, "railway_position": null, "node_type": "station", "source": "DATA-SRC-OSM", "official_boundary": false, "usable_for_formal": "background_only", "precision_note": "OSM 社区数据铁路站点/历史锚点候选，位置精度数米级；需现场核验"}, "geometry": {"type": "Point", "coordinates": [116.322928, 39.97495]}}, {"type": "Feature", "properties": {"layer": "OSM_RAILWAY", "osm_id": 8016534536, "osm_type": "node", "railway": "station", "abandoned_railway": null, "name": "北京北", "railway_ref": "12713", "railway_position": null, "node_type": "station", "source": "DATA-SRC-OSM", "official_boundary": false, "usable_for_formal": "background_only", "precision_note": "OSM 社区数据铁路站点/历史锚点候选，位置精度数米级；需现场核验"}, "geometry": {"type": "Point", "coordinates": [116.346187, 39.945906]}}, {"type": "Feature", "properties": {"layer": "OSM_RAILWAY", "osm_id": 8073325264, "osm_type": "node", "railway": "station", "abandoned_railway": null, "name": "奥体中心", "railway_ref": null, "railway_position": null, "node_type": "station", "source": "DATA-SRC-OSM", "official_boundary": false, "usable_for_formal": "background_only", "precision_note": "OSM 社区数据铁路站点/历史锚点候选，位置精度数米级；需现场核验"}, "geometry": {"type": "Point", "coordinates": [116.387583, 39.984133]}}, {"type": "Feature", "properties": {"layer": "OSM_RAILWAY", "osm_id": 8093518635, "osm_type": "node", "railway": null, "abandoned_railway": null, "name": "地铁五道口站", "railway_ref": null, "railway_position": null, "node_type": "name_match", "source": "DATA-SRC-OSM", "official_boundary": false, "usable_for_formal": "background_only", "precision_note": "OSM 社区数据铁路站点/历史锚点候选，位置精度数米级；需现场核验"}, "geometry": {"type": "Point", "coordinates": [116.332519, 39.99162]}}, {"type": "Feature", "properties": {"layer": "OSM_RAILWAY", "osm_id": 8093518636, "osm_type": "node", "railway": null, "abandoned_railway": null, "name": "地铁五道口站", "railway_ref": null, "railway_position": null, "node_type": "name_match", "source": "DATA-SRC-OSM", "official_boundary": false, "usable_for_formal": "background_only", "precision_note": "OSM 社区数据铁路站点/历史锚点候选，位置精度数米级；需现场核验"}, "geometry": {"type": "Point", "coordinates": [116.333001, 39.991543]}}, {"type": "Feature", "properties": {"layer": "OSM_RAILWAY", "osm_id": 8948382431, "osm_type": "node", "railway": null, "abandoned_railway": null, "name": "B Active必爱体24小时健身(五道口店)", "railway_ref": null, "railway_position": null, "node_type": "name_match", "source": "DATA-SRC-OSM", "official_boundary": false, "usable_for_formal": "background_only", "precision_note": "OSM 社区数据铁路站点/历史锚点候选，位置精度数米级；需现场核验"}, "geometry": {"type": "Point", "coordinates": [116.324311, 39.991902]}}, {"type": "Feature", "properties": {"layer": "OSM_RAILWAY", "osm_id": 8987603459, "osm_type": "node", "railway": null, "abandoned_railway": null, "name": "清华园街道", "railway_ref": null, "railway_position": null, "node_type": "name_match", "source": "DATA-SRC-OSM", "official_boundary": false, "usable_for_formal": "background_only", "precision_note": "OSM 社区数据铁路站点/历史锚点候选，位置精度数米级；需现场核验"}, "geometry": {"type": "Point", "coordinates": [116.318831, 39.998189]}}, {"type": "Feature", "properties": {"layer": "OSM_RAILWAY", "osm_id": 9380308680, "osm_type": "node", "railway": "station", "abandoned_railway": null, "name": "二里沟", "railway_ref": null, "railway_position": null, "node_type": "station", "source": "DATA-SRC-OSM", "official_boundary": false, "usable_for_formal": "background_only", "precision_note": "OSM 社区数据铁路站点/历史锚点候选，位置精度数米级；需现场核验"}, "geometry": {"type": "Point", "coordinates": [116.327578, 39.931072]}}, {"type": "Feature", "properties": {"layer": "OSM_RAILWAY", "osm_id": 9385085643, "osm_type": "node", "railway": "station", "abandoned_railway": null, "name": "积水潭", "railway_ref": null, "railway_position": null, "node_type": "station", "source": "DATA-SRC-OSM", "official_boundary": false, "usable_for_formal": "background_only", "precision_note": "OSM 社区数据铁路站点/历史锚点候选，位置精度数米级；需现场核验"}, "geometry": {"type": "Point", "coordinates": [116.365824, 39.946237]}}, {"type": "Feature", "properties": {"layer": "OSM_RAILWAY", "osm_id": 9385085646, "osm_type": "node", "railway": "station", "abandoned_railway": null, "name": "北太平庄", "railway_ref": null, "railway_position": null, "node_type": "station", "source": "DATA-SRC-OSM", "official_boundary": false, "usable_for_formal": "background_only", "precision_note": "OSM 社区数据铁路站点/历史锚点候选，位置精度数米级；需现场核验"}, "geometry": {"type": "Point", "coordinates": [116.364124, 39.966771]}}, {"type": "Feature", "properties": {"layer": "OSM_RAILWAY", "osm_id": 9385088768, "osm_type": "node", "railway": "station", "abandoned_railway": null, "name": "平安里", "railway_ref": null, "railway_position": null, "node_type": "station", "source": "DATA-SRC-OSM", "official_boundary": false, "usable_for_formal": "background_only", "precision_note": "OSM 社区数据铁路站点/历史锚点候选，位置精度数米级；需现场核验"}, "geometry": {"type": "Point", "coordinates": [116.361748, 39.932083]}}, {"type": "Feature", "properties": {"layer": "OSM_RAILWAY", "osm_id": 9385088769, "osm_type": "node", "railway": "station", "abandoned_railway": null, "name": "平安里", "railway_ref": null, "railway_position": null, "node_type": "station", "source": "DATA-SRC-OSM", "official_boundary": false, "usable_for_formal": "background_only", "precision_note": "OSM 社区数据铁路站点/历史锚点候选，位置精度数米级；需现场核验"}, "geometry": {"type": "Point", "coordinates": [116.365162, 39.931323]}}, {"type": "Feature", "properties": {"layer": "OSM_RAILWAY", "osm_id": 9385101461, "osm_type": "node", "railway": "station", "abandoned_railway": null, "name": "牡丹园", "railway_ref": null, "railway_position": null, "node_type": "station", "source": "DATA-SRC-OSM", "official_boundary": false, "usable_for_formal": "background_only", "precision_note": "OSM 社区数据铁路站点/历史锚点候选，位置精度数米级；需现场核验"}, "geometry": {"type": "Point", "coordinates": [116.363615, 39.975079]}}, {"type": "Feature", "properties": {"layer": "OSM_RAILWAY", "osm_id": 9611967245, "osm_type": "node", "railway": null, "abandoned_railway": null, "name": "歪煮艺·冷锅串(五道口店)", "railway_ref": null, "railway_position": null, "node_type": "name_match", "source": "DATA-SRC-OSM", "official_boundary": false, "usable_for_formal": "background_only", "precision_note": "OSM 社区数据铁路站点/历史锚点候选，位置精度数米级；需现场核验"}, "geometry": {"type": "Point", "coordinates": [116.334047, 39.996331]}}, {"type": "Feature", "properties": {"layer": "OSM_RAILWAY", "osm_id": 9612376807, "osm_type": "node", "railway": null, "abandoned_railway": null, "name": "碳火烤肉(五道口店)", "railway_ref": null, "railway_position": null, "node_type": "name_match", "source": "DATA-SRC-OSM", "official_boundary": false, "usable_for_formal": "background_only", "precision_note": "OSM 社区数据铁路站点/历史锚点候选，位置精度数米级；需现场核验"}, "geometry": {"type": "Point", "coordinates": [116.334031, 39.996661]}}, {"type": "Feature", "properties": {"layer": "OSM_RAILWAY", "osm_id": 9612377711, "osm_type": "node", "railway": null, "abandoned_railway": null, "name": "夜市场(五道口店)", "railway_ref": null, "railway_position": null, "node_type": "name_match", "source": "DATA-SRC-OSM", "official_boundary": false, "usable_for_formal": "background_only", "precision_note": "OSM 社区数据铁路站点/历史锚点候选，位置精度数米级；需现场核验"}, "geometry": {"type": "Point", "coordinates": [116.33434, 39.998274]}}, {"type": "Feature", "properties": {"layer": "OSM_RAILWAY", "osm_id": 9641470756, "osm_type": "node", "railway": null, "abandoned_railway": null, "name": "五道口", "railway_ref": null, "railway_position": "17.688", "node_type": "name_match", "source": "DATA-SRC-OSM", "official_boundary": false, "usable_for_formal": "background_only", "precision_note": "OSM 社区数据铁路站点/历史锚点候选，位置精度数米级；需现场核验"}, "geometry": {"type": "Point", "coordinates": [116.331823, 39.991675]}}, {"type": "Feature", "properties": {"layer": "OSM_RAILWAY", "osm_id": 9641470757, "osm_type": "node", "railway": null, "abandoned_railway": null, "name": "五道口", "railway_ref": null, "railway_position": "17.688", "node_type": "name_match", "source": "DATA-SRC-OSM", "official_boundary": false, "usable_for_formal": "background_only", "precision_note": "OSM 社区数据铁路站点/历史锚点候选，位置精度数米级；需现场核验"}, "geometry": {"type": "Point", "coordinates": [116.331827, 39.991599]}}, {"type": "Feature", "properties": {"layer": "OSM_RAILWAY", "osm_id": 9641470758, "osm_type": "node", "railway": null, "abandoned_railway": null, "name": "五道口", "railway_ref": null, "railway_position": "17.688", "node_type": "name_match", "source": "DATA-SRC-OSM", "official_boundary": false, "usable_for_formal": "background_only", "precision_note": "OSM 社区数据铁路站点/历史锚点候选，位置精度数米级；需现场核验"}, "geometry": {"type": "Point", "coordinates": [116.331831, 39.991513]}}, {"type": "Feature", "properties": {"layer": "OSM_RAILWAY", "osm_id": 9641470759, "osm_type": "node", "railway": null, "abandoned_railway": null, "name": "五道口", "railway_ref": null, "railway_position": "17.688", "node_type": "name_match", "source": "DATA-SRC-OSM", "official_boundary": false, "usable_for_formal": "background_only", "precision_note": "OSM 社区数据铁路站点/历史锚点候选，位置精度数米级；需现场核验"}, "geometry": {"type": "Point", "coordinates": [116.331835, 39.991439]}}, {"type": "Feature", "properties": {"layer": "OSM_RAILWAY", "osm_id": 9731738269, "osm_type": "node", "railway": null, "abandoned_railway": null, "name": "清华园", "railway_ref": null, "railway_position": null, "node_type": "name_match", "source": "DATA-SRC-OSM", "official_boundary": false, "usable_for_formal": "background_only", "precision_note": "OSM 社区数据铁路站点/历史锚点候选，位置精度数米级；需现场核验"}, "geometry": {"type": "Point", "coordinates": [116.31693, 40.001034]}}, {"type": "Feature", "properties": {"layer": "OSM_RAILWAY", "osm_id": 9773047524, "osm_type": "node", "railway": null, "abandoned_railway": null, "name": "大钟寺", "railway_ref": null, "railway_position": null, "node_type": "name_match", "source": "DATA-SRC-OSM", "official_boundary": false, "usable_for_formal": "background_only", "precision_note": "OSM 社区数据铁路站点/历史锚点候选，位置精度数米级；需现场核验"}, "geometry": {"type": "Point", "coordinates": [116.336271, 39.966599]}}, {"type": "Feature", "properties": {"layer": "OSM_RAILWAY", "osm_id": 9883427005, "osm_type": "node", "railway": null, "abandoned_railway": null, "name": "大钟寺东", "railway_ref": null, "railway_position": null, "node_type": "name_match", "source": "DATA-SRC-OSM", "official_boundary": false, "usable_for_formal": "background_only", "precision_note": "OSM 社区数据铁路站点/历史锚点候选，位置精度数米级；需现场核验"}, "geometry": {"type": "Point", "coordinates": [116.332936, 39.967777]}}, {"type": "Feature", "properties": {"layer": "OSM_RAILWAY", "osm_id": 9883427006, "osm_type": "node", "railway": null, "abandoned_railway": null, "name": "大钟寺东", "railway_ref": null, "railway_position": null, "node_type": "name_match", "source": "DATA-SRC-OSM", "official_boundary": false, "usable_for_formal": "background_only", "precision_note": "OSM 社区数据铁路站点/历史锚点候选，位置精度数米级；需现场核验"}, "geometry": {"type": "Point", "coordinates": [116.3328, 39.96777]}}, {"type": "Feature", "properties": {"layer": "OSM_RAILWAY", "osm_id": 9980842152, "osm_type": "node", "railway": null, "abandoned_railway": null, "name": "五道口", "railway_ref": null, "railway_position": null, "node_type": "name_match", "source": "DATA-SRC-OSM", "official_boundary": false, "usable_for_formal": "background_only", "precision_note": "OSM 社区数据铁路站点/历史锚点候选，位置精度数米级；需现场核验"}, "geometry": {"type": "Point", "coordinates": [116.329018, 39.991426]}}, {"type": "Feature", "properties": {"layer": "OSM_RAILWAY", "osm_id": 9980842162, "osm_type": "node", "railway": null, "abandoned_railway": null, "name": "五道口", "railway_ref": null, "railway_position": null, "node_type": "name_match", "source": "DATA-SRC-OSM", "official_boundary": false, "usable_for_formal": "background_only", "precision_note": "OSM 社区数据铁路站点/历史锚点候选，位置精度数米级；需现场核验"}, "geometry": {"type": "Point", "coordinates": [116.328791, 39.991518]}}, {"type": "Feature", "properties": {"layer": "OSM_RAILWAY", "osm_id": 9980842163, "osm_type": "node", "railway": null, "abandoned_railway": null, "name": "五道口", "railway_ref": null, "railway_position": null, "node_type": "name_match", "source": "DATA-SRC-OSM", "official_boundary": false, "usable_for_formal": "background_only", "precision_note": "OSM 社区数据铁路站点/历史锚点候选，位置精度数米级；需现场核验"}, "geometry": {"type": "Point", "coordinates": [116.32879, 39.991561]}}, {"type": "Feature", "properties": {"layer": "OSM_RAILWAY", "osm_id": 9999295545, "osm_type": "node", "railway": null, "abandoned_railway": null, "name": "大钟寺", "railway_ref": null, "railway_position": null, "node_type": "name_match", "source": "DATA-SRC-OSM", "official_boundary": false, "usable_for_formal": "background_only", "precision_note": "OSM 社区数据铁路站点/历史锚点候选，位置精度数米级；需现场核验"}, "geometry": {"type": "Point", "coordinates": [116.331544, 39.966559]}}, {"type": "Feature", "properties": {"layer": "OSM_RAILWAY", "osm_id": 9999295546, "osm_type": "node", "railway": null, "abandoned_railway": null, "name": "大钟寺", "railway_ref": null, "railway_position": null, "node_type": "name_match", "source": "DATA-SRC-OSM", "official_boundary": false, "usable_for_formal": "background_only", "precision_note": "OSM 社区数据铁路站点/历史锚点候选，位置精度数米级；需现场核验"}, "geometry": {"type": "Point", "coordinates": [116.331393, 39.965958]}}, {"type": "Feature", "properties": {"layer": "OSM_RAILWAY", "osm_id": 9999295547, "osm_type": "node", "railway": null, "abandoned_railway": null, "name": "大钟寺", "railway_ref": null, "railway_position": null, "node_type": "name_match", "source": "DATA-SRC-OSM", "official_boundary": false, "usable_for_formal": "background_only", "precision_note": "OSM 社区数据铁路站点/历史锚点候选，位置精度数米级；需现场核验"}, "geometry": {"type": "Point", "coordinates": [116.331659, 39.965963]}}, {"type": "Feature", "properties": {"layer": "OSM_RAILWAY", "osm_id": 9999303635, "osm_type": "node", "railway": null, "abandoned_railway": null, "name": "地铁大钟寺站", "railway_ref": null, "railway_position": null, "node_type": "name_match", "source": "DATA-SRC-OSM", "official_boundary": false, "usable_for_formal": "background_only", "precision_note": "OSM 社区数据铁路站点/历史锚点候选，位置精度数米级；需现场核验"}, "geometry": {"type": "Point", "coordinates": [116.338284, 39.96655]}}, {"type": "Feature", "properties": {"layer": "OSM_RAILWAY", "osm_id": 9999303636, "osm_type": "node", "railway": null, "abandoned_railway": null, "name": "地铁大钟寺站", "railway_ref": null, "railway_position": null, "node_type": "name_match", "source": "DATA-SRC-OSM", "official_boundary": false, "usable_for_formal": "background_only", "precision_note": "OSM 社区数据铁路站点/历史锚点候选，位置精度数米级；需现场核验"}, "geometry": {"type": "Point", "coordinates": [116.338464, 39.966021]}}, {"type": "Feature", "properties": {"layer": "OSM_RAILWAY", "osm_id": 9999303637, "osm_type": "node", "railway": null, "abandoned_railway": null, "name": "地铁大钟寺站", "railway_ref": null, "railway_position": null, "node_type": "name_match", "source": "DATA-SRC-OSM", "official_boundary": false, "usable_for_formal": "background_only", "precision_note": "OSM 社区数据铁路站点/历史锚点候选，位置精度数米级；需现场核验"}, "geometry": {"type": "Point", "coordinates": [116.336508, 39.965977]}}, {"type": "Feature", "properties": {"layer": "OSM_RAILWAY", "osm_id": 9999303638, "osm_type": "node", "railway": null, "abandoned_railway": null, "name": "大钟寺", "railway_ref": null, "railway_position": null, "node_type": "name_match", "source": "DATA-SRC-OSM", "official_boundary": false, "usable_for_formal": "background_only", "precision_note": "OSM 社区数据铁路站点/历史锚点候选，位置精度数米级；需现场核验"}, "geometry": {"type": "Point", "coordinates": [116.330197, 39.96654]}}, {"type": "Feature", "properties": {"layer": "OSM_RAILWAY", "osm_id": 9999303639, "osm_type": "node", "railway": null, "abandoned_railway": null, "name": "大钟寺", "railway_ref": null, "railway_position": null, "node_type": "name_match", "source": "DATA-SRC-OSM", "official_boundary": false, "usable_for_formal": "background_only", "precision_note": "OSM 社区数据铁路站点/历史锚点候选，位置精度数米级；需现场核验"}, "geometry": {"type": "Point", "coordinates": [116.331163, 39.966561]}}, {"type": "Feature", "properties": {"layer": "OSM_RAILWAY", "osm_id": 10198894137, "osm_type": "node", "railway": null, "abandoned_railway": null, "name": "清华园街道出入境受理点", "railway_ref": null, "railway_position": null, "node_type": "name_match", "source": "DATA-SRC-OSM", "official_boundary": false, "usable_for_formal": "background_only", "precision_note": "OSM 社区数据铁路站点/历史锚点候选，位置精度数米级；需现场核验"}, "geometry": {"type": "Point", "coordinates": [116.320842, 39.998398]}}, {"type": "Feature", "properties": {"layer": "OSM_RAILWAY", "osm_id": 10198894138, "osm_type": "node", "railway": null, "abandoned_railway": null, "name": "清华园老龄大学", "railway_ref": null, "railway_position": null, "node_type": "name_match", "source": "DATA-SRC-OSM", "official_boundary": false, "usable_for_formal": "background_only", "precision_note": "OSM 社区数据铁路站点/历史锚点候选，位置精度数米级；需现场核验"}, "geometry": {"type": "Point", "coordinates": [116.321005, 39.99839]}}, {"type": "Feature", "properties": {"layer": "OSM_RAILWAY", "osm_id": 10548036960, "osm_type": "node", "railway": null, "abandoned_railway": null, "name": "清华园", "railway_ref": null, "railway_position": null, "node_type": "name_match", "source": "DATA-SRC-OSM", "official_boundary": false, "usable_for_formal": "background_only", "precision_note": "OSM 社区数据铁路站点/历史锚点候选，位置精度数米级；需现场核验"}, "geometry": {"type": "Point", "coordinates": [116.321866, 39.991225]}}, {"type": "Feature", "properties": {"layer": "OSM_RAILWAY", "osm_id": 10548036961, "osm_type": "node", "railway": null, "abandoned_railway": null, "name": "清华园", "railway_ref": null, "railway_position": null, "node_type": "name_match", "source": "DATA-SRC-OSM", "official_boundary": false, "usable_for_formal": "background_only", "precision_note": "OSM 社区数据铁路站点/历史锚点候选，位置精度数米级；需现场核验"}, "geometry": {"type": "Point", "coordinates": [116.322091, 39.991223]}}, {"type": "Feature", "properties": {"layer": "OSM_RAILWAY", "osm_id": 10548036962, "osm_type": "node", "railway": null, "abandoned_railway": null, "name": "清华园", "railway_ref": null, "railway_position": null, "node_type": "name_match", "source": "DATA-SRC-OSM", "official_boundary": false, "usable_for_formal": "background_only", "precision_note": "OSM 社区数据铁路站点/历史锚点候选，位置精度数米级；需现场核验"}, "geometry": {"type": "Point", "coordinates": [116.321869, 39.991173]}}, {"type": "Feature", "properties": {"layer": "OSM_RAILWAY", "osm_id": 10548036963, "osm_type": "node", "railway": null, "abandoned_railway": null, "name": "清华园", "railway_ref": null, "railway_position": null, "node_type": "name_match", "source": "DATA-SRC-OSM", "official_boundary": false, "usable_for_formal": "background_only", "precision_note": "OSM 社区数据铁路站点/历史锚点候选，位置精度数米级；需现场核验"}, "geometry": {"type": "Point", "coordinates": [116.322086, 39.991171]}}, {"type": "Feature", "properties": {"layer": "OSM_RAILWAY", "osm_id": 10548036964, "osm_type": "node", "railway": null, "abandoned_railway": null, "name": "清华园", "railway_ref": null, "railway_position": null, "node_type": "name_match", "source": "DATA-SRC-OSM", "official_boundary": false, "usable_for_formal": "background_only", "precision_note": "OSM 社区数据铁路站点/历史锚点候选，位置精度数米级；需现场核验"}, "geometry": {"type": "Point", "coordinates": [116.321955, 39.991369]}}, {"type": "Feature", "properties": {"layer": "OSM_RAILWAY", "osm_id": 10548036965, "osm_type": "node", "railway": null, "abandoned_railway": null, "name": "清华园", "railway_ref": null, "railway_position": null, "node_type": "name_match", "source": "DATA-SRC-OSM", "official_boundary": false, "usable_for_formal": "background_only", "precision_note": "OSM 社区数据铁路站点/历史锚点候选，位置精度数米级；需现场核验"}, "geometry": {"type": "Point", "coordinates": [116.321788, 39.991369]}}, {"type": "Feature", "properties": {"layer": "OSM_RAILWAY", "osm_id": 10548036966, "osm_type": "node", "railway": null, "abandoned_railway": null, "name": "清华园", "railway_ref": null, "railway_position": null, "node_type": "name_match", "source": "DATA-SRC-OSM", "official_boundary": false, "usable_for_formal": "background_only", "precision_note": "OSM 社区数据铁路站点/历史锚点候选，位置精度数米级；需现场核验"}, "geometry": {"type": "Point", "coordinates": [116.321783, 39.991307]}}, {"type": "Feature", "properties": {"layer": "OSM_RAILWAY", "osm_id": 10605339565, "osm_type": "node", "railway": "station", "abandoned_railway": null, "name": "学院桥", "railway_ref": null, "railway_position": null, "node_type": "station", "source": "DATA-SRC-OSM", "official_boundary": false, "usable_for_formal": "background_only", "precision_note": "OSM 社区数据铁路站点/历史锚点候选，位置精度数米级；需现场核验"}, "geometry": {"type": "Point", "coordinates": [116.347251, 39.986801]}}, {"type": "Feature", "properties": {"layer": "OSM_RAILWAY", "osm_id": 10605339566, "osm_type": "node", "railway": "station", "abandoned_railway": null, "name": "学知园", "railway_ref": null, "railway_position": null, "node_type": "station", "source": "DATA-SRC-OSM", "official_boundary": false, "usable_for_formal": "background_only", "precision_note": "OSM 社区数据铁路站点/历史锚点候选，位置精度数米级；需现场核验"}, "geometry": {"type": "Point", "coordinates": [116.345753, 40.01363]}}, {"type": "Feature", "properties": {"layer": "OSM_RAILWAY", "osm_id": 10605339567, "osm_type": "node", "railway": "station", "abandoned_railway": null, "name": "清河小营桥", "railway_ref": null, "railway_position": null, "node_type": "station", "source": "DATA-SRC-OSM", "official_boundary": false, "usable_for_formal": "background_only", "precision_note": "OSM 社区数据铁路站点/历史锚点候选，位置精度数米级；需现场核验"}, "geometry": {"type": "Point", "coordinates": [116.336785, 40.03387]}}, {"type": "Feature", "properties": {"layer": "OSM_RAILWAY", "osm_id": 12205156087, "osm_type": "node", "railway": "station", "abandoned_railway": null, "name": "立水桥", "railway_ref": null, "railway_position": null, "node_type": "station", "source": "DATA-SRC-OSM", "official_boundary": false, "usable_for_formal": "background_only", "precision_note": "OSM 社区数据铁路站点/历史锚点候选，位置精度数米级；需现场核验"}, "geometry": {"type": "Point", "coordinates": [116.405701, 40.051505]}}, {"type": "Feature", "properties": {"layer": "OSM_RAILWAY", "osm_id": 12430713733, "osm_type": "node", "railway": "station", "abandoned_railway": null, "name": "蓟门桥", "railway_ref": null, "railway_position": null, "node_type": "station", "source": "DATA-SRC-OSM", "official_boundary": false, "usable_for_formal": "background_only", "precision_note": "OSM 社区数据铁路站点/历史锚点候选，位置精度数米级；需现场核验"}, "geometry": {"type": "Point", "coordinates": [116.348827, 39.966313]}}, {"type": "Feature", "properties": {"layer": "OSM_RAILWAY", "osm_id": 12430713734, "osm_type": "node", "railway": "station", "abandoned_railway": null, "name": "马甸桥", "railway_ref": null, "railway_position": null, "node_type": "station", "source": "DATA-SRC-OSM", "official_boundary": false, "usable_for_formal": "background_only", "precision_note": "OSM 社区数据铁路站点/历史锚点候选，位置精度数米级；需现场核验"}, "geometry": {"type": "Point", "coordinates": [116.375834, 39.966828]}}, {"type": "Feature", "properties": {"layer": "OSM_RAILWAY", "osm_id": 12430713735, "osm_type": "node", "railway": "station", "abandoned_railway": null, "name": "安贞桥", "railway_ref": null, "railway_position": null, "node_type": "station", "source": "DATA-SRC-OSM", "official_boundary": false, "usable_for_formal": "background_only", "precision_note": "OSM 社区数据铁路站点/历史锚点候选，位置精度数米级；需现场核验"}, "geometry": {"type": "Point", "coordinates": [116.400997, 39.967501]}}, {"type": "Feature", "properties": {"layer": "OSM_RAILWAY", "osm_id": 12430714719, "osm_type": "node", "railway": "station", "abandoned_railway": null, "name": "蓝靛厂", "railway_ref": null, "railway_position": null, "node_type": "station", "source": "DATA-SRC-OSM", "official_boundary": false, "usable_for_formal": "background_only", "precision_note": "OSM 社区数据铁路站点/历史锚点候选，位置精度数米级；需现场核验"}, "geometry": {"type": "Point", "coordinates": [116.276705, 39.95586]}}, {"type": "Feature", "properties": {"layer": "OSM_RAILWAY", "osm_id": 12433919309, "osm_type": "node", "railway": "stop", "abandoned_railway": null, "name": "大钟寺", "railway_ref": null, "railway_position": null, "node_type": "name_match", "source": "DATA-SRC-OSM", "official_boundary": false, "usable_for_formal": "background_only", "precision_note": "OSM 社区数据铁路站点/历史锚点候选，位置精度数米级；需现场核验"}, "geometry": {"type": "Point", "coordinates": [116.337834, 39.966022]}}, {"type": "Feature", "properties": {"layer": "OSM_RAILWAY", "osm_id": 12433919310, "osm_type": "node", "railway": "stop", "abandoned_railway": null, "name": "大钟寺", "railway_ref": null, "railway_position": null, "node_type": "name_match", "source": "DATA-SRC-OSM", "official_boundary": false, "usable_for_formal": "background_only", "precision_note": "OSM 社区数据铁路站点/历史锚点候选，位置精度数米级；需现场核验"}, "geometry": {"type": "Point", "coordinates": [116.337828, 39.96619]}}, {"type": "Feature", "properties": {"layer": "OSM_RAILWAY", "osm_id": 12435251103, "osm_type": "node", "railway": "station", "abandoned_railway": null, "name": "和平西桥", "railway_ref": null, "railway_position": null, "node_type": "station", "source": "DATA-SRC-OSM", "official_boundary": false, "usable_for_formal": "background_only", "precision_note": "OSM 社区数据铁路站点/历史锚点候选，位置精度数米级；需现场核验"}, "geometry": {"type": "Point", "coordinates": [116.411806, 39.967783]}}, {"type": "Feature", "properties": {"layer": "OSM_RAILWAY", "osm_id": 12435287602, "osm_type": "node", "railway": "station", "abandoned_railway": null, "name": "苏州桥", "railway_ref": null, "railway_position": null, "node_type": "station", "source": "DATA-SRC-OSM", "official_boundary": false, "usable_for_formal": "background_only", "precision_note": "OSM 社区数据铁路站点/历史锚点候选，位置精度数米级；需现场核验"}, "geometry": {"type": "Point", "coordinates": [116.301597, 39.96075]}}, {"type": "Feature", "properties": {"layer": "OSM_RAILWAY", "osm_id": 12435287603, "osm_type": "node", "railway": "station", "abandoned_railway": null, "name": "大钟寺", "railway_ref": null, "railway_position": null, "node_type": "station", "source": "DATA-SRC-OSM", "official_boundary": false, "usable_for_formal": "background_only", "precision_note": "OSM 社区数据铁路站点/历史锚点候选，位置精度数米级；需现场核验"}, "geometry": {"type": "Point", "coordinates": [116.337831, 39.966106]}}, {"type": "Feature", "properties": {"layer": "OSM_RAILWAY", "osm_id": 12759368450, "osm_type": "node", "railway": null, "abandoned_railway": null, "name": "清华园社区服务中心", "railway_ref": null, "railway_position": null, "node_type": "name_match", "source": "DATA-SRC-OSM", "official_boundary": false, "usable_for_formal": "background_only", "precision_note": "OSM 社区数据铁路站点/历史锚点候选，位置精度数米级；需现场核验"}, "geometry": {"type": "Point", "coordinates": [116.320917, 39.998391]}}, {"type": "Feature", "properties": {"layer": "OSM_RAILWAY", "osm_id": 13161970243, "osm_type": "node", "railway": "station", "abandoned_railway": null, "name": "朱房北", "railway_ref": null, "railway_position": null, "node_type": "station", "source": "DATA-SRC-OSM", "official_boundary": false, "usable_for_formal": "background_only", "precision_note": "OSM 社区数据铁路站点/历史锚点候选，位置精度数米级；需现场核验"}, "geometry": {"type": "Point", "coordinates": [116.325909, 40.034705]}}, {"type": "Feature", "properties": {"layer": "OSM_RAILWAY", "osm_id": 13354529561, "osm_type": "node", "railway": "station", "abandoned_railway": null, "name": "龙泽西", "railway_ref": null, "railway_position": null, "node_type": "station", "source": "DATA-SRC-OSM", "official_boundary": false, "usable_for_formal": "background_only", "precision_note": "OSM 社区数据铁路站点/历史锚点候选，位置精度数米级；需现场核验"}, "geometry": {"type": "Point", "coordinates": [116.304043, 40.071479]}}, {"type": "Feature", "properties": {"layer": "OSM_RAILWAY", "osm_id": 13391858679, "osm_type": "node", "railway": null, "abandoned_railway": null, "name": "五道口村", "railway_ref": null, "railway_position": null, "node_type": "name_match", "source": "DATA-SRC-OSM", "official_boundary": false, "usable_for_formal": "background_only", "precision_note": "OSM 社区数据铁路站点/历史锚点候选，位置精度数米级；需现场核验"}, "geometry": {"type": "Point", "coordinates": [116.33411, 39.979955]}}, {"type": "Feature", "properties": {"layer": "OSM_RAILWAY", "osm_id": 13410014896, "osm_type": "node", "railway": "station", "abandoned_railway": null, "name": "上地软件园", "railway_ref": null, "railway_position": null, "node_type": "station", "source": "DATA-SRC-OSM", "official_boundary": false, "usable_for_formal": "background_only", "precision_note": "OSM 社区数据铁路站点/历史锚点候选，位置精度数米级；需现场核验"}, "geometry": {"type": "Point", "coordinates": [116.280566, 40.043537]}}, {"type": "Feature", "properties": {"layer": "OSM_RAILWAY", "osm_id": 13410014897, "osm_type": "node", "railway": "station", "abandoned_railway": null, "name": "东北旺", "railway_ref": null, "railway_position": null, "node_type": "station", "source": "DATA-SRC-OSM", "official_boundary": false, "usable_for_formal": "background_only", "precision_note": "OSM 社区数据铁路站点/历史锚点候选，位置精度数米级；需现场核验"}, "geometry": {"type": "Point", "coordinates": [116.288722, 40.051835]}}, {"type": "Feature", "properties": {"layer": "OSM_RAILWAY", "osm_id": 13410044002, "osm_type": "node", "railway": "station", "abandoned_railway": null, "name": "天通苑", "railway_ref": null, "railway_position": null, "node_type": "station", "source": "DATA-SRC-OSM", "official_boundary": false, "usable_for_formal": "background_only", "precision_note": "OSM 社区数据铁路站点/历史锚点候选，位置精度数米级；需现场核验"}, "geometry": {"type": "Point", "coordinates": [116.408726, 40.072664]}}, {"type": "Feature", "properties": {"layer": "OSM_RAILWAY", "osm_id": 25057123, "osm_type": "way", "railway": "rail", "name": null, "source": "DATA-SRC-OSM", "official_boundary": false, "usable_for_formal": "background_only", "precision_note": "OSM 社区数据铁路线，位置精度数米级；非规划红线"}, "geometry": {"type": "LineString", "coordinates": [[116.347961, 39.941604], [116.34739, 39.943196], [116.346861, 39.944674], [116.346724, 39.945079], [116.346643, 39.945354], [116.346575, 39.945635], [116.346521, 39.945942], [116.346451, 39.946391], [116.346417, 39.946767], [116.346389, 39.947084], [116.346358, 39.94736], [116.346327, 39.947608], [116.346221, 39.948206]]}}, {"type": "Feature", "properties": {"layer": "OSM_RAILWAY", "osm_id": 25057473, "osm_type": "way", "railway": "rail", "name": "京包客专线", "source": "DATA-SRC-OSM", "official_boundary": false, "usable_for_formal": "background_only", "precision_note": "OSM 社区数据铁路线，位置精度数米级；非规划红线"}, "geometry": {"type": "LineString", "coordinates": [[116.339069, 39.965933], [116.338947, 39.966663], [116.338627, 39.967705], [116.338365, 39.968243], [116.338256, 39.96845], [116.338143, 39.968657], [116.338027, 39.968841], [116.337679, 39.969336], [116.335317, 39.972359], [116.334803, 39.973058], [116.334575, 39.973488], [116.334364, 39.974044], [116.334215, 39.974613], [116.33409, 39.975297], [116.334036, 39.975587]]}}, {"type": "Feature", "properties": {"layer": "OSM_RAILWAY", "osm_id": 25057477, "osm_type": "way", "railway": "rail", "name": "京包客专线", "source": "DATA-SRC-OSM", "official_boundary": false, "usable_for_formal": "background_only", "precision_note": "OSM 社区数据铁路线，位置精度数米级；非规划红线"}, "geometry": {"type": "LineString", "coordinates": [[116.334036, 39.975587], [116.333794, 39.976931], [116.333558, 39.978097], [116.332571, 39.983629], [116.332459, 39.984298], [116.332397, 39.984686]]}}, {"type": "Feature", "properties": {"layer": "OSM_RAILWAY", "osm_id": 25057640, "osm_type": "way", "railway": "rail", "name": "京包客专线", "source": "DATA-SRC-OSM", "official_boundary": false, "usable_for_formal": "background_only", "precision_note": "OSM 社区数据铁路线，位置精度数米级；非规划红线"}, "geometry": {"type": "LineString", "coordinates": [[116.332397, 39.984686], [116.33229, 39.985389], [116.33226, 39.985589], [116.332108, 39.986644], [116.331987, 39.987586], [116.331964, 39.987817], [116.331824, 39.991393], [116.331757, 39.99308], [116.331558, 39.998171], [116.331514, 39.99935], [116.331275, 40.005013], [116.331225, 40.005601], [116.33112, 40.006163], [116.330971, 40.006676], [116.33091, 40.006865], [116.33079, 40.007161]]}}, {"type": "Feature", "properties": {"layer": "OSM_RAILWAY", "osm_id": 26141450, "osm_type": "way", "railway": "subway", "name": null, "source": "DATA-SRC-OSM", "official_boundary": false, "usable_for_formal": "background_only", "precision_note": "OSM 社区数据铁路线，位置精度数米级；非规划红线"}, "geometry": {"type": "LineString", "coordinates": [[116.311854, 40.035977], [116.311435, 40.036515]]}}, {"type": "Feature", "properties": {"layer": "OSM_RAILWAY", "osm_id": 26141454, "osm_type": "way", "railway": "rail", "name": "京包客专线", "source": "DATA-SRC-OSM", "official_boundary": false, "usable_for_formal": "background_only", "precision_note": "OSM 社区数据铁路线，位置精度数米级；非规划红线"}, "geometry": {"type": "LineString", "coordinates": [[116.31173, 40.036426], [116.312081, 40.036005]]}}, {"type": "Feature", "properties": {"layer": "OSM_RAILWAY", "osm_id": 26307143, "osm_type": "way", "railway": "subway", "name": null, "source": "DATA-SRC-OSM", "official_boundary": false, "usable_for_formal": "background_only", "precision_note": "OSM 社区数据铁路线，位置精度数米级；非规划红线"}, "geometry": {"type": "LineString", "coordinates": [[116.347295, 39.93974], [116.347071, 39.940305]]}}, {"type": "Feature", "properties": {"layer": "OSM_RAILWAY", "osm_id": 30663009, "osm_type": "way", "railway": "subway", "name": "北京地铁8号线", "source": "DATA-SRC-OSM", "official_boundary": false, "usable_for_formal": "background_only", "precision_note": "OSM 社区数据铁路线，位置精度数米级；非规划红线"}, "geometry": {"type": "LineString", "coordinates": [[116.3878, 39.976399], [116.387843, 39.975527], [116.387873, 39.975136], [116.387957, 39.974031], [116.388261, 39.967115], [116.388494, 39.961833], [116.388507, 39.95557], [116.388449, 39.954522], [116.388287, 39.953415], [116.388119, 39.95118], [116.387777, 39.948867], [116.387574, 39.94673], [116.38762, 39.945238], [116.388152, 39.941372], [116.38827, 39.940911], [116.388346, 39.940629], [116.388899, 39.939559], [116.389453, 39.938769], [116.389784, 39.938299], [116.389933, 39.93768], [116.390005, 39.936508], [116.390039, 39.935952], [116.390066, 39.935453], [116.390107, 39.93531], [116.390326, 39.934251], [116.390483, 39.933957], [116.390584, 39.933809], [116.39083, 39.933494], [116.391587, 39.933117], [116.392706, 39.932789], [116.39428, 39.932454], [116.395485, 39.932272], [116.39769, 39.932274], [116.398783, 39.932277], [116.399542, 39.932268], [116.400813, 39.93219], [116.401801, 39.931992], [116.402201, 39.931846], [116.402443, 39.931654], [116.402542, 39.931328], [116.402572, 39.930828], [116.4026, 39.930016], [116.402644, 39.929779], [116.402743, 39.929411], [116.402982, 39.928925], [116.403205, 39.928427], [116.403398, 39.927961], [116.403667, 39.927415], [116.404019, 39.926651], [116.404258, 39.926184], [116.404385, 39.925834], [116.404439, 39.92554], [116.404492, 39.923175]]}}, {"type": "Feature", "properties": {"layer": "OSM_RAILWAY", "osm_id": 51263780, "osm_type": "way", "railway": "subway", "name": null, "source": "DATA-SRC-OSM", "official_boundary": false, "usable_for_formal": "background_only", "precision_note": "OSM 社区数据铁路线，位置精度数米级；非规划红线"}, "geometry": {"type": "LineString", "coordinates": [[116.33123, 40.003981], [116.331084, 40.005523], [116.331038, 40.005935], [116.330924, 40.006408], [116.330766, 40.006851], [116.330587, 40.007254], [116.330394, 40.007603], [116.33011, 40.008044], [116.329805, 40.008449], [116.329555, 40.008756], [116.32927, 40.00904], [116.327979, 40.010199], [116.325044, 40.012818], [116.323106, 40.014486], [116.321826, 40.015623], [116.321658, 40.015768], [116.321607, 40.015806]]}}, {"type": "Feature", "properties": {"layer": "OSM_RAILWAY", "osm_id": 72592765, "osm_type": "way", "railway": "station", "name": "西直门", "source": "DATA-SRC-OSM", "official_boundary": false, "usable_for_formal": "background_only", "precision_note": "OSM 社区数据铁路线，位置精度数米级；非规划红线"}, "geometry": {"type": "LineString", "coordinates": [[116.346836, 39.9414], [116.34698, 39.941015], [116.347124, 39.940652], [116.347538, 39.939677], [116.347107, 39.939597], [116.347102, 39.939608], [116.346994, 39.939902], [116.346888, 39.940201], [116.34678, 39.940485], [116.34666, 39.940811], [116.346563, 39.941075], [116.346474, 39.941316], [116.346836, 39.9414]]}}, {"type": "Feature", "properties": {"layer": "OSM_RAILWAY", "osm_id": 93689228, "osm_type": "way", "railway": "subway", "name": "北京地铁昌平线", "source": "DATA-SRC-OSM", "official_boundary": false, "usable_for_formal": "background_only", "precision_note": "OSM 社区数据铁路线，位置精度数米级；非规划红线"}, "geometry": {"type": "LineString", "coordinates": [[116.300365, 40.051189], [116.300091, 40.051701], [116.29982, 40.052208]]}}, {"type": "Feature", "properties": {"layer": "OSM_RAILWAY", "osm_id": 93716293, "osm_type": "way", "railway": "subway", "name": null, "source": "DATA-SRC-OSM", "official_boundary": false, "usable_for_formal": "background_only", "precision_note": "OSM 社区数据铁路线，位置精度数米级；非规划红线"}, "geometry": {"type": "LineString", "coordinates": [[116.346251, 39.942439], [116.346271, 39.942337], [116.346291, 39.942237]]}}, {"type": "Feature", "properties": {"layer": "OSM_RAILWAY", "osm_id": 93716294, "osm_type": "way", "railway": "subway", "name": null, "source": "DATA-SRC-OSM", "official_boundary": false, "usable_for_formal": "background_only", "precision_note": "OSM 社区数据铁路线，位置精度数米级；非规划红线"}, "geometry": {"type": "LineString", "coordinates": [[116.31882, 40.019759], [116.31856, 40.020422], [116.318284, 40.021108], [116.317688, 40.02267], [116.317045, 40.024301], [116.315508, 40.02827], [116.315204, 40.029076]]}}, {"type": "Feature", "properties": {"layer": "OSM_RAILWAY", "osm_id": 93716295, "osm_type": "way", "railway": "subway", "name": null, "source": "DATA-SRC-OSM", "official_boundary": false, "usable_for_formal": "background_only", "precision_note": "OSM 社区数据铁路线，位置精度数米级；非规划红线"}, "geometry": {"type": "LineString", "coordinates": [[116.315139, 40.029338], [116.314814, 40.030158], [116.314631, 40.030488]]}}, {"type": "Feature", "properties": {"layer": "OSM_RAILWAY", "osm_id": 93716297, "osm_type": "way", "railway": "subway", "name": null, "source": "DATA-SRC-OSM", "official_boundary": false, "usable_for_formal": "background_only", "precision_note": "OSM 社区数据铁路线，位置精度数米级；非规划红线"}, "geometry": {"type": "LineString", "coordinates": [[116.315243, 40.02908], [116.315139, 40.029338]]}}, {"type": "Feature", "properties": {"layer": "OSM_RAILWAY", "osm_id": 93716300, "osm_type": "way", "railway": "subway", "name": null, "source": "DATA-SRC-OSM", "official_boundary": false, "usable_for_formal": "background_only", "precision_note": "OSM 社区数据铁路线，位置精度数米级；非规划红线"}, "geometry": {"type": "LineString", "coordinates": [[116.346209, 39.942421], [116.346271, 39.942337], [116.346331, 39.942255]]}}, {"type": "Feature", "properties": {"layer": "OSM_RAILWAY", "osm_id": 93716303, "osm_type": "way", "railway": "subway", "name": null, "source": "DATA-SRC-OSM", "official_boundary": false, "usable_for_formal": "background_only", "precision_note": "OSM 社区数据铁路线，位置精度数米级；非规划红线"}, "geometry": {"type": "LineString", "coordinates": [[116.319162, 40.018883], [116.31882, 40.019759]]}}, {"type": "Feature", "properties": {"layer": "OSM_RAILWAY", "osm_id": 93716304, "osm_type": "way", "railway": "subway", "name": "13号线", "source": "DATA-SRC-OSM", "official_boundary": false, "usable_for_formal": "background_only", "precision_note": "OSM 社区数据铁路线，位置精度数米级；非规划红线"}, "geometry": {"type": "LineString", "coordinates": [[116.34715, 39.940429], [116.346517, 39.942059], [116.346379, 39.942351], [116.346259, 39.942564], [116.346078, 39.942888]]}}, {"type": "Feature", "properties": {"layer": "OSM_RAILWAY", "osm_id": 93718719, "osm_type": "way", "railway": "subway", "name": "地铁13号线", "source": "DATA-SRC-OSM", "official_boundary": false, "usable_for_formal": "background_only", "precision_note": "OSM 社区数据铁路线，位置精度数米级；非规划红线"}, "geometry": {"type": "LineString", "coordinates": [[116.311435, 40.036515], [116.310438, 40.037732], [116.310145, 40.038073], [116.309891, 40.038382], [116.309849, 40.038432], [116.308732, 40.039812], [116.307534, 40.041289], [116.307524, 40.041301], [116.307023, 40.041964], [116.306749, 40.042344], [116.306359, 40.04293], [116.305721, 40.043818], [116.305261, 40.044441], [116.304301, 40.045508], [116.303981, 40.045857], [116.30383, 40.046032], [116.302805, 40.047374], [116.302475, 40.047814], [116.302003, 40.048536], [116.301472, 40.049563]]}}, {"type": "Feature", "properties": {"layer": "OSM_RAILWAY", "osm_id": 93718724, "osm_type": "way", "railway": "subway", "name": null, "source": "DATA-SRC-OSM", "official_boundary": false, "usable_for_formal": "background_only", "precision_note": "OSM 社区数据铁路线，位置精度数米级；非规划红线"}, "geometry": {"type": "LineString", "coordinates": [[116.300016, 40.052269], [116.299989, 40.052321], [116.298803, 40.054495], [116.298449, 40.055183]]}}, {"type": "Feature", "properties": {"layer": "OSM_RAILWAY", "osm_id": 93718726, "osm_type": "way", "railway": "subway", "name": null, "source": "DATA-SRC-OSM", "official_boundary": false, "usable_for_formal": "background_only", "precision_note": "OSM 社区数据铁路线，位置精度数米级；非规划红线"}, "geometry": {"type": "LineString", "coordinates": [[116.301472, 40.049563], [116.30135, 40.049818]]}}, {"type": "Feature", "properties": {"layer": "OSM_RAILWAY", "osm_id": 93847471, "osm_type": "way", "railway": "subway", "name": null, "source": "DATA-SRC-OSM", "official_boundary": false, "usable_for_formal": "background_only", "precision_note": "OSM 社区数据铁路线，位置精度数米级；非规划红线"}, "geometry": {"type": "LineString", "coordinates": [[116.345844, 39.943351], [116.345963, 39.943168]]}}, {"type": "Feature", "properties": {"layer": "OSM_RAILWAY", "osm_id": 93850531, "osm_type": "way", "railway": "subway", "name": null, "source": "DATA-SRC-OSM", "official_boundary": false, "usable_for_formal": "background_only", "precision_note": "OSM 社区数据铁路线，位置精度数米级；非规划红线"}, "geometry": {"type": "LineString", "coordinates": [[116.319119, 40.018873], [116.319322, 40.018397], [116.319526, 40.017978], [116.319746, 40.017634], [116.320093, 40.017182], [116.32045, 40.016801], [116.320887, 40.016398], [116.321157, 40.016156]]}}, {"type": "Feature", "properties": {"layer": "OSM_RAILWAY", "osm_id": 93850534, "osm_type": "way", "railway": "subway", "name": null, "source": "DATA-SRC-OSM", "official_boundary": false, "usable_for_formal": "background_only", "precision_note": "OSM 社区数据铁路线，位置精度数米级；非规划红线"}, "geometry": {"type": "LineString", "coordinates": [[116.33117, 40.003971], [116.331248, 40.002341], [116.331295, 40.001062], [116.331505, 39.995387], [116.331573, 39.993842], [116.331651, 39.992277], [116.331677, 39.991575], [116.331701, 39.990942], [116.331714, 39.990383], [116.331756, 39.989387], [116.331836, 39.987386], [116.331862, 39.986628], [116.331879, 39.986463], [116.331941, 39.985877], [116.332011, 39.985431], [116.332156, 39.98455], [116.332269, 39.983868], [116.332977, 39.979889]]}}, {"type": "Feature", "properties": {"layer": "OSM_RAILWAY", "osm_id": 93850538, "osm_type": "way", "railway": "subway", "name": null, "source": "DATA-SRC-OSM", "official_boundary": false, "usable_for_formal": "background_only", "precision_note": "OSM 社区数据铁路线，位置精度数米级；非规划红线"}, "geometry": {"type": "LineString", "coordinates": [[116.301309, 40.049799], [116.301431, 40.049544]]}}, {"type": "Feature", "properties": {"layer": "OSM_RAILWAY", "osm_id": 93850539, "osm_type": "way", "railway": "subway", "name": "地铁13号线", "source": "DATA-SRC-OSM", "official_boundary": false, "usable_for_formal": "background_only", "precision_note": "OSM 社区数据铁路线，位置精度数米级；非规划红线"}, "geometry": {"type": "LineString", "coordinates": [[116.301431, 40.049544], [116.301952, 40.048522], [116.30243, 40.04779], [116.302765, 40.04734], [116.30377, 40.04603], [116.303932, 40.045837], [116.304263, 40.045481], [116.305217, 40.04441], [116.305689, 40.043789], [116.306314, 40.042926], [116.306727, 40.042311], [116.307144, 40.041733], [116.307444, 40.041272], [116.307456, 40.041254], [116.308643, 40.039765], [116.309742, 40.038382], [116.30976, 40.038361], [116.310288, 40.037843], [116.310651, 40.037403], [116.311391, 40.036496]]}}, {"type": "Feature", "properties": {"layer": "OSM_RAILWAY", "osm_id": 93850541, "osm_type": "way", "railway": "subway", "name": null, "source": "DATA-SRC-OSM", "official_boundary": false, "usable_for_formal": "background_only", "precision_note": "OSM 社区数据铁路线，位置精度数米级；非规划红线"}, "geometry": {"type": "LineString", "coordinates": [[116.315069, 40.029322], [116.31517, 40.029072]]}}, {"type": "Feature", "properties": {"layer": "OSM_RAILWAY", "osm_id": 93850542, "osm_type": "way", "railway": "subway", "name": null, "source": "DATA-SRC-OSM", "official_boundary": false, "usable_for_formal": "background_only", "precision_note": "OSM 社区数据铁路线，位置精度数米级；非规划红线"}, "geometry": {"type": "LineString", "coordinates": [[116.318797, 40.019752], [116.319119, 40.018873]]}}, {"type": "Feature", "properties": {"layer": "OSM_RAILWAY", "osm_id": 93850547, "osm_type": "way", "railway": "subway", "name": null, "source": "DATA-SRC-OSM", "official_boundary": false, "usable_for_formal": "background_only", "precision_note": "OSM 社区数据铁路线，位置精度数米级；非规划红线"}, "geometry": {"type": "LineString", "coordinates": [[116.311821, 40.035958], [116.31227, 40.035347], [116.312683, 40.03471], [116.313035, 40.03408], [116.313403, 40.033386], [116.313838, 40.032331], [116.31386, 40.032275], [116.314068, 40.031762], [116.31428, 40.031226], [116.314405, 40.030929], [116.314596, 40.030471], [116.314733, 40.030149], [116.315069, 40.029322]]}}, {"type": "Feature", "properties": {"layer": "OSM_RAILWAY", "osm_id": 93850551, "osm_type": "way", "railway": "subway", "name": null, "source": "DATA-SRC-OSM", "official_boundary": false, "usable_for_formal": "background_only", "precision_note": "OSM 社区数据铁路线，位置精度数米级；非规划红线"}, "geometry": {"type": "LineString", "coordinates": [[116.31517, 40.029072], [116.315464, 40.028259], [116.317011, 40.024294], [116.317204, 40.023801], [116.317649, 40.022664], [116.318253, 40.021098], [116.318533, 40.020413], [116.318797, 40.019752]]}}, {"type": "Feature", "properties": {"layer": "OSM_RAILWAY", "osm_id": 93850552, "osm_type": "way", "railway": "subway", "name": null, "source": "DATA-SRC-OSM", "official_boundary": false, "usable_for_formal": "background_only", "precision_note": "OSM 社区数据铁路线，位置精度数米级；非规划红线"}, "geometry": {"type": "LineString", "coordinates": [[116.311391, 40.036496], [116.311821, 40.035958]]}}, {"type": "Feature", "properties": {"layer": "OSM_RAILWAY", "osm_id": 102383251, "osm_type": "way", "railway": "subway", "name": null, "source": "DATA-SRC-OSM", "official_boundary": false, "usable_for_formal": "background_only", "precision_note": "OSM 社区数据铁路线，位置精度数米级；非规划红线"}, "geometry": {"type": "LineString", "coordinates": [[116.315103, 40.029329], [116.314631, 40.030488], [116.314525, 40.030743], [116.314319, 40.031235], [116.314103, 40.03177], [116.313903, 40.032285], [116.31388, 40.032344], [116.313442, 40.03339], [116.312725, 40.03473], [116.312324, 40.03535], [116.311854, 40.035977]]}}, {"type": "Feature", "properties": {"layer": "OSM_RAILWAY", "osm_id": 102383253, "osm_type": "way", "railway": "subway", "name": null, "source": "DATA-SRC-OSM", "official_boundary": false, "usable_for_formal": "background_only", "precision_note": "OSM 社区数据铁路线，位置精度数米级；非规划红线"}, "geometry": {"type": "LineString", "coordinates": [[116.315204, 40.029076], [116.315103, 40.029329]]}}, {"type": "Feature", "properties": {"layer": "OSM_RAILWAY", "osm_id": 102383254, "osm_type": "way", "railway": "subway", "name": null, "source": "DATA-SRC-OSM", "official_boundary": false, "usable_for_formal": "background_only", "precision_note": "OSM 社区数据铁路线，位置精度数米级；非规划红线"}, "geometry": {"type": "LineString", "coordinates": [[116.314405, 40.030929], [116.314525, 40.030743]]}}, {"type": "Feature", "properties": {"layer": "OSM_RAILWAY", "osm_id": 102383256, "osm_type": "way", "railway": "subway", "name": null, "source": "DATA-SRC-OSM", "official_boundary": false, "usable_for_formal": "background_only", "precision_note": "OSM 社区数据铁路线，位置精度数米级；非规划红线"}, "geometry": {"type": "LineString", "coordinates": [[116.315508, 40.02827], [116.315409, 40.028652], [116.315243, 40.02908]]}}, {"type": "Feature", "properties": {"layer": "OSM_RAILWAY", "osm_id": 109345282, "osm_type": "way", "railway": "subway", "name": null, "source": "DATA-SRC-OSM", "official_boundary": false, "usable_for_formal": "background_only", "precision_note": "OSM 社区数据铁路线，位置精度数米级；非规划红线"}, "geometry": {"type": "LineString", "coordinates": [[116.35673, 39.946398], [116.35673, 39.946277], [116.356748, 39.946148], [116.356774, 39.946036], [116.356834, 39.945905]]}}, {"type": "Feature", "properties": {"layer": "OSM_RAILWAY", "osm_id": 109345298, "osm_type": "way", "railway": "subway", "name": null, "source": "DATA-SRC-OSM", "official_boundary": false, "usable_for_formal": "background_only", "precision_note": "OSM 社区数据铁路线，位置精度数米级；非规划红线"}, "geometry": {"type": "LineString", "coordinates": [[116.356683, 39.946406], [116.35667, 39.94632], [116.356618, 39.945813]]}}, {"type": "Feature", "properties": {"layer": "OSM_RAILWAY", "osm_id": 109345299, "osm_type": "way", "railway": "subway", "name": null, "source": "DATA-SRC-OSM", "official_boundary": false, "usable_for_formal": "background_only", "precision_note": "OSM 社区数据铁路线，位置精度数米级；非规划红线"}, "geometry": {"type": "LineString", "coordinates": [[116.357233, 39.947278], [116.357053, 39.94712], [116.356919, 39.946957], [116.356831, 39.946784], [116.356767, 39.946602], [116.35673, 39.946398]]}}, {"type": "Feature", "properties": {"layer": "OSM_RAILWAY", "osm_id": 109369052, "osm_type": "way", "railway": "rail", "name": null, "source": "DATA-SRC-OSM", "official_boundary": false, "usable_for_formal": "background_only", "precision_note": "OSM 社区数据铁路线，位置精度数米级；非规划红线"}, "geometry": {"type": "LineString", "coordinates": [[116.34756, 39.941518], [116.346988, 39.943124], [116.34647, 39.944608], [116.346367, 39.944933], [116.346267, 39.945274], [116.346191, 39.945564], [116.346153, 39.945738], [116.3461, 39.946129], [116.346079, 39.946369], [116.346068, 39.94662], [116.34607, 39.946978], [116.346065, 39.94733], [116.346083, 39.9478], [116.346087, 39.948066], [116.346076, 39.948225], [116.346075, 39.948245], [116.346039, 39.948588]]}}, {"type": "Feature", "properties": {"layer": "OSM_RAILWAY", "osm_id": 109369053, "osm_type": "way", "railway": "rail", "name": null, "source": "DATA-SRC-OSM", "official_boundary": false, "usable_for_formal": "background_only", "precision_note": "OSM 社区数据铁路线，位置精度数米级；非规划红线"}, "geometry": {"type": "LineString", "coordinates": [[116.345938, 39.949121], [116.345981, 39.948714], [116.346001, 39.948448], [116.346025, 39.948071], [116.346019, 39.947803], [116.346002, 39.947327], [116.346002, 39.94698], [116.346003, 39.946607], [116.346011, 39.946391], [116.346034, 39.946108], [116.346082, 39.945728], [116.346126, 39.945513], [116.346268, 39.944988], [116.34638, 39.944625], [116.34656, 39.944121], [116.346912, 39.943111], [116.347504, 39.941505]]}}, {"type": "Feature", "properties": {"layer": "OSM_RAILWAY", "osm_id": 109369072, "osm_type": "way", "railway": "rail", "name": null, "source": "DATA-SRC-OSM", "official_boundary": false, "usable_for_formal": "background_only", "precision_note": "OSM 社区数据铁路线，位置精度数米级；非规划红线"}, "geometry": {"type": "LineString", "coordinates": [[116.347787, 39.941568], [116.347549, 39.942199], [116.347198, 39.943156], [116.346908, 39.94398], [116.346622, 39.944778], [116.346566, 39.944956], [116.346523, 39.945107], [116.346469, 39.945297], [116.346417, 39.945527], [116.346372, 39.945753], [116.346344, 39.945932], [116.346311, 39.946177], [116.346295, 39.946362], [116.346277, 39.946642], [116.346267, 39.946933], [116.346257, 39.947195], [116.346248, 39.947352], [116.346232, 39.947637], [116.346186, 39.948014], [116.346166, 39.948303], [116.346147, 39.948598]]}}, {"type": "Feature", "properties": {"layer": "OSM_RAILWAY", "osm_id": 109369075, "osm_type": "way", "railway": "rail", "name": "京包客专线", "source": "DATA-SRC-OSM", "official_boundary": false, "usable_for_formal": "background_only", "precision_note": "OSM 社区数据铁路线，位置精度数米级；非规划红线"}, "geometry": {"type": "LineString", "coordinates": [[116.347387, 39.941482], [116.346789, 39.943089], [116.346382, 39.944212], [116.346237, 39.944609], [116.346201, 39.94472], [116.346148, 39.944899], [116.346061, 39.945217], [116.345987, 39.945549], [116.345939, 39.945762], [116.345896, 39.946047], [116.345873, 39.946241], [116.345867, 39.946376], [116.345863, 39.946583], [116.345871, 39.946914], [116.345881, 39.947312], [116.34588, 39.947642], [116.345891, 39.948154], [116.345892, 39.948416], [116.345892, 39.948691]]}}, {"type": "Feature", "properties": {"layer": "OSM_RAILWAY", "osm_id": 109369081, "osm_type": "way", "railway": "rail", "name": "京包客专线", "source": "DATA-SRC-OSM", "official_boundary": false, "usable_for_formal": "background_only", "precision_note": "OSM 社区数据铁路线，位置精度数米级；非规划红线"}, "geometry": {"type": "LineString", "coordinates": [[116.346039, 39.948588], [116.346105, 39.948227], [116.346127, 39.948036], [116.346148, 39.947806], [116.346162, 39.947669], [116.346172, 39.947554], [116.346208, 39.946933], [116.346219, 39.946632], [116.346232, 39.946347], [116.346248, 39.946166], [116.346275, 39.945923], [116.346303, 39.945744], [116.346351, 39.945514], [116.346403, 39.945282], [116.346454, 39.945092], [116.346496, 39.944945], [116.346554, 39.944765], [116.347129, 39.943145], [116.347492, 39.942186], [116.347729, 39.941555]]}}, {"type": "Feature", "properties": {"layer": "OSM_RAILWAY", "osm_id": 109369285, "osm_type": "way", "railway": "disused", "name": null, "source": "DATA-SRC-OSM", "official_boundary": false, "usable_for_formal": "background_only", "precision_note": "OSM 社区数据铁路线，位置精度数米级；非规划红线"}, "geometry": {"type": "LineString", "coordinates": [[116.333975, 39.953383], [116.333706, 39.9533], [116.333575, 39.953253], [116.333438, 39.953193], [116.333342, 39.953141], [116.333233, 39.953072], [116.33314, 39.953013], [116.333074, 39.952983], [116.332994, 39.952955], [116.332905, 39.952934], [116.332774, 39.952921]]}}, {"type": "Feature", "properties": {"layer": "OSM_RAILWAY", "osm_id": 109369287, "osm_type": "way", "railway": "disused", "name": null, "source": "DATA-SRC-OSM", "official_boundary": false, "usable_for_formal": "background_only", "precision_note": "OSM 社区数据铁路线，位置精度数米级；非规划红线"}, "geometry": {"type": "LineString", "coordinates": [[116.331751, 39.952174], [116.331197, 39.952121]]}}, {"type": "Feature", "properties": {"layer": "OSM_RAILWAY", "osm_id": 109497813, "osm_type": "way", "railway": "platform", "name": null, "source": "DATA-SRC-OSM", "official_boundary": false, "usable_for_formal": "background_only", "precision_note": "OSM 社区数据铁路线，位置精度数米级；非规划红线"}, "geometry": {"type": "LineString", "coordinates": [[116.345549, 39.946576], [116.34554, 39.94621], [116.345548, 39.94604], [116.345565, 39.945842], [116.345584, 39.945655], [116.345608, 39.945471], [116.345674, 39.945192], [116.34576, 39.944879], [116.345923, 39.944425], [116.346613, 39.942505]]}}, {"type": "Feature", "properties": {"layer": "OSM_RAILWAY", "osm_id": 109497838, "osm_type": "way", "railway": "rail", "name": null, "source": "DATA-SRC-OSM", "official_boundary": false, "usable_for_formal": "background_only", "precision_note": "OSM 社区数据铁路线，位置精度数米级；非规划红线"}, "geometry": {"type": "LineString", "coordinates": [[116.348023, 39.941618], [116.347452, 39.943211], [116.346923, 39.944687], [116.346787, 39.94509], [116.346706, 39.945364], [116.346639, 39.945643], [116.346585, 39.945948], [116.346515, 39.946396], [116.346469, 39.946906], [116.346455, 39.947069], [116.346424, 39.947362], [116.346375, 39.947623], [116.346325, 39.94781], [116.346278, 39.947982], [116.346221, 39.948206]]}}, {"type": "Feature", "properties": {"layer": "OSM_RAILWAY", "osm_id": 114674228, "osm_type": "way", "railway": "subway", "name": "北京地铁2号线", "source": "DATA-SRC-OSM", "official_boundary": false, "usable_for_formal": "background_only", "precision_note": "OSM 社区数据铁路线，位置精度数米级；非规划红线"}, "geometry": {"type": "LineString", "coordinates": [[116.427606, 39.939701], [116.427611, 39.939114], [116.427682, 39.938861], [116.427834, 39.934872], [116.427918, 39.93406], [116.427957, 39.933269], [116.427912, 39.932868], [116.42792, 39.932286], [116.427921, 39.932196], [116.427926, 39.931689], [116.428016, 39.931345], [116.428363, 39.923942], [116.428296, 39.923638], [116.428303, 39.923048], [116.428314, 39.922438], [116.428395, 39.922103], [116.428872, 39.912493], [116.42944, 39.908595], [116.429474, 39.907817], [116.429489, 39.907173], [116.429514, 39.906559], [116.429519, 39.906167], [116.42948, 39.90587], [116.429431, 39.905639], [116.429377, 39.905463], [116.429289, 39.9053], [116.429206, 39.905164], [116.4291, 39.90504], [116.42898, 39.904919], [116.428848, 39.904791], [116.42872, 39.904698], [116.428537, 39.904589], [116.428453, 39.904545], [116.428418, 39.904526], [116.427425, 39.904001], [116.427164, 39.903913], [116.426838, 39.90384], [116.4264, 39.90378], [116.425883, 39.90374], [116.425362, 39.903715], [116.424335, 39.903707], [116.422034, 39.903661], [116.421238, 39.903648], [116.420941, 39.903643], [116.419783, 39.90364], [116.419233, 39.903629], [116.418717, 39.903528], [116.418384, 39.903388], [116.418129, 39.903244], [116.417874, 39.903076], [116.417507, 39.902788], [116.414674, 39.900566], [116.414141, 39.900228], [116.413691, 39.900028], [116.413293, 39.899922], [116.412885, 39.899858], [116.412289, 39.899804], [116.41214, 39.899796], [116.411524, 39.899759], [116.4107, 39.899735], [116.409896, 39.899714], [116.40951, 39.899661], [116.405552, 39.899511], [116.397455, 39.899266], [116.396853, 39.899248], [116.396209, 39.899201], [116.3956, 39.89913], [116.394417, 39.898949], [116.393845, 39.898878], [116.393187, 39.898841], [116.390862, 39.898776], [116.390208, 39.898751], [116.389895, 39.89878], [116.38954, 39.898826], [116.389095, 39.898862], [116.388517, 39.898903], [116.387846, 39.898946], [116.387296, 39.898965], [116.386757, 39.898973], [116.379144, 39.898745], [116.378786, 39.898776], [116.377993, 39.898757], [116.377217, 39.898736], [116.376823, 39.898683], [116.37203, 39.898537], [116.369154, 39.898441], [116.368821, 39.898471], [116.368029, 39.89845], [116.367247, 39.898429], [116.366662, 39.898363], [116.358664, 39.898106], [116.358053, 39.898125], [116.35721, 39.898109], [116.356393, 39.898097], [116.355563, 39.898085], [116.354946, 39.898106], [116.354286, 39.898179], [116.353555, 39.89839], [116.353037, 39.898611], [116.352509, 39.89892], [116.352136, 39.899199], [116.351892, 39.899423], [116.351675, 39.899678], [116.351358, 39.900039], [116.351063, 39.900445], [116.350865, 39.900829], [116.350726, 39.901219], [116.350612, 39.901634], [116.350552, 39.901998], [116.350516, 39.902849], [116.350512, 39.904887], [116.350559, 39.905231], [116.35056, 39.905834], [116.350555, 39.906435], [116.350501, 39.90673], [116.350484, 39.910653], [116.350287, 39.915256], [116.3501, 39.921428], [116.350151, 39.92168], [116.350133, 39.922311], [116.350116, 39.922939], [116.350056, 39.923243], [116.349706, 39.930062], [116.349754, 39.93037], [116.349743, 39.931008], [116.349724, 39.931613], [116.349641, 39.932071], [116.349416, 39.938232], [116.349418, 39.938539], [116.349398, 39.939136]]}}, {"type": "Feature", "properties": {"layer": "OSM_RAILWAY", "osm_id": 115617826, "osm_type": "way", "railway": "platform", "name": null, "source": "DATA-SRC-OSM", "official_boundary": false, "usable_for_formal": "background_only", "precision_note": "OSM 社区数据铁路线，位置精度数米级；非规划红线"}, "geometry": {"type": "LineString", "coordinates": [[116.339121, 39.964722], [116.338993, 39.965809]]}}, {"type": "Feature", "properties": {"layer": "OSM_RAILWAY", "osm_id": 115617827, "osm_type": "way", "railway": "platform", "name": "西直门到达站台", "source": "DATA-SRC-OSM", "official_boundary": false, "usable_for_formal": "background_only", "precision_note": "OSM 社区数据铁路线，位置精度数米级；非规划红线"}, "geometry": {"type": "LineString", "coordinates": [[116.346752, 39.940801], [116.347153, 39.939758]]}}, {"type": "Feature", "properties": {"layer": "OSM_RAILWAY", "osm_id": 115617828, "osm_type": "way", "railway": "platform", "name": null, "source": "DATA-SRC-OSM", "official_boundary": false, "usable_for_formal": "background_only", "precision_note": "OSM 社区数据铁路线，位置精度数米级；非规划红线"}, "geometry": {"type": "LineString", "coordinates": [[116.346969, 39.94085], [116.3473, 39.939993]]}}, {"type": "Feature", "properties": {"layer": "OSM_RAILWAY", "osm_id": 115617829, "osm_type": "way", "railway": "platform", "name": "西直门出发站台", "source": "DATA-SRC-OSM", "official_boundary": false, "usable_for_formal": "background_only", "precision_note": "OSM 社区数据铁路线，位置精度数米级；非规划红线"}, "geometry": {"type": "LineString", "coordinates": [[116.347189, 39.939763], [116.346787, 39.940809]]}}, {"type": "Feature", "properties": {"layer": "OSM_RAILWAY", "osm_id": 115617830, "osm_type": "way", "railway": "platform", "name": "西直门到达站台", "source": "DATA-SRC-OSM", "official_boundary": false, "usable_for_formal": "background_only", "precision_note": "OSM 社区数据铁路线，位置精度数米级；非规划红线"}, "geometry": {"type": "LineString", "coordinates": [[116.34729, 39.93979], [116.346885, 39.940834]]}}, {"type": "Feature", "properties": {"layer": "OSM_RAILWAY", "osm_id": 115617831, "osm_type": "way", "railway": "platform", "name": null, "source": "DATA-SRC-OSM", "official_boundary": false, "usable_for_formal": "background_only", "precision_note": "OSM 社区数据铁路线，位置精度数米级；非规划红线"}, "geometry": {"type": "LineString", "coordinates": [[116.338899, 39.965805], [116.339032, 39.964715]]}}, {"type": "Feature", "properties": {"layer": "OSM_RAILWAY", "osm_id": 115617832, "osm_type": "way", "railway": "platform", "name": "西直门出发站台", "source": "DATA-SRC-OSM", "official_boundary": false, "usable_for_formal": "background_only", "precision_note": "OSM 社区数据铁路线，位置精度数米级；非规划红线"}, "geometry": {"type": "LineString", "coordinates": [[116.346853, 39.940826], [116.34726, 39.93978]]}}, {"type": "Feature", "properties": {"layer": "OSM_RAILWAY", "osm_id": 115620358, "osm_type": "way", "railway": "platform", "name": null, "source": "DATA-SRC-OSM", "official_boundary": false, "usable_for_formal": "background_only", "precision_note": "OSM 社区数据铁路线，位置精度数米级；非规划红线"}, "geometry": {"type": "LineString", "coordinates": [[116.313931, 40.032263], [116.314134, 40.031759], [116.314338, 40.031248]]}}, {"type": "Feature", "properties": {"layer": "OSM_RAILWAY", "osm_id": 115620360, "osm_type": "way", "railway": "platform", "name": null, "source": "DATA-SRC-OSM", "official_boundary": false, "usable_for_formal": "background_only", "precision_note": "OSM 社区数据铁路线，位置精度数米级；非规划红线"}, "geometry": {"type": "LineString", "coordinates": [[116.33163, 39.992178], [116.331672, 39.990994]]}}, {"type": "Feature", "properties": {"layer": "OSM_RAILWAY", "osm_id": 115620363, "osm_type": "way", "railway": "platform", "name": null, "source": "DATA-SRC-OSM", "official_boundary": false, "usable_for_formal": "background_only", "precision_note": "OSM 社区数据铁路线，位置精度数米级；非规划红线"}, "geometry": {"type": "LineString", "coordinates": [[116.334037, 39.974523], [116.333809, 39.975789]]}}, {"type": "Feature", "properties": {"layer": "OSM_RAILWAY", "osm_id": 115620366, "osm_type": "way", "railway": "platform", "name": null, "source": "DATA-SRC-OSM", "official_boundary": false, "usable_for_formal": "background_only", "precision_note": "OSM 社区数据铁路线，位置精度数米级；非规划红线"}, "geometry": {"type": "LineString", "coordinates": [[116.333712, 39.975779], [116.333941, 39.974513]]}}, {"type": "Feature", "properties": {"layer": "OSM_RAILWAY", "osm_id": 115620368, "osm_type": "way", "railway": "platform", "name": null, "source": "DATA-SRC-OSM", "official_boundary": false, "usable_for_formal": "background_only", "precision_note": "OSM 社区数据铁路线，位置精度数米级；非规划红线"}, "geometry": {"type": "LineString", "coordinates": [[116.331769, 39.991001], [116.331726, 39.992181]]}}, {"type": "Feature", "properties": {"layer": "OSM_RAILWAY", "osm_id": 115620370, "osm_type": "way", "railway": "platform", "name": null, "source": "DATA-SRC-OSM", "official_boundary": false, "usable_for_formal": "background_only", "precision_note": "OSM 社区数据铁路线，位置精度数米级；非规划红线"}, "geometry": {"type": "LineString", "coordinates": [[116.314257, 40.031233], [116.314053, 40.031741], [116.313848, 40.032244]]}}, {"type": "Feature", "properties": {"layer": "OSM_RAILWAY", "osm_id": 115706730, "osm_type": "way", "railway": "platform", "name": null, "source": "DATA-SRC-OSM", "official_boundary": false, "usable_for_formal": "background_only", "precision_note": "OSM 社区数据铁路线，位置精度数米级；非规划红线"}, "geometry": {"type": "LineString", "coordinates": [[116.300582, 40.051283], [116.300497, 40.051444], [116.300142, 40.052115], [116.300078, 40.052235]]}}, {"type": "Feature", "properties": {"layer": "OSM_RAILWAY", "osm_id": 115706748, "osm_type": "way", "railway": "platform", "name": null, "source": "DATA-SRC-OSM", "official_boundary": false, "usable_for_formal": "background_only", "precision_note": "OSM 社区数据铁路线，位置精度数米级；非规划红线"}, "geometry": {"type": "LineString", "coordinates": [[116.300397, 40.051225], [116.300311, 40.051386], [116.299955, 40.05206], [116.299893, 40.052177]]}}, {"type": "Feature", "properties": {"layer": "OSM_RAILWAY", "osm_id": 115706753, "osm_type": "way", "railway": "platform", "name": null, "source": "DATA-SRC-OSM", "official_boundary": false, "usable_for_formal": "background_only", "precision_note": "OSM 社区数据铁路线，位置精度数米级；非规划红线"}, "geometry": {"type": "LineString", "coordinates": [[116.299963, 40.052199], [116.300466, 40.051247]]}}, {"type": "Feature", "properties": {"layer": "OSM_RAILWAY", "osm_id": 115706759, "osm_type": "way", "railway": "platform", "name": null, "source": "DATA-SRC-OSM", "official_boundary": false, "usable_for_formal": "background_only", "precision_note": "OSM 社区数据铁路线，位置精度数米级；非规划红线"}, "geometry": {"type": "LineString", "coordinates": [[116.300242, 40.051181], [116.299733, 40.052131]]}}, {"type": "Feature", "properties": {"layer": "OSM_RAILWAY", "osm_id": 120275290, "osm_type": "way", "railway": "subway", "name": null, "source": "DATA-SRC-OSM", "official_boundary": false, "usable_for_formal": "background_only", "precision_note": "OSM 社区数据铁路线，位置精度数米级；非规划红线"}, "geometry": {"type": "LineString", "coordinates": [[116.352161, 39.943123], [116.352592, 39.9432]]}}, {"type": "Feature", "properties": {"layer": "OSM_RAILWAY", "osm_id": 120275291, "osm_type": "way", "railway": "platform", "name": "西直门", "source": "DATA-SRC-OSM", "official_boundary": false, "usable_for_formal": "background_only", "precision_note": "OSM 社区数据铁路线，位置精度数米级；非规划红线"}, "geometry": {"type": "LineString", "coordinates": [[116.349267, 39.939733], [116.349278, 39.939469], [116.349286, 39.939272], [116.349298, 39.938977], [116.349312, 39.938623], [116.349314, 39.938563]]}}, {"type": "Feature", "properties": {"layer": "OSM_RAILWAY", "osm_id": 120275292, "osm_type": "way", "railway": "subway", "name": null, "source": "DATA-SRC-OSM", "official_boundary": false, "usable_for_formal": "background_only", "precision_note": "OSM 社区数据铁路线，位置精度数米级；非规划红线"}, "geometry": {"type": "LineString", "coordinates": [[116.356834, 39.945905], [116.357005, 39.945624], [116.35729, 39.945404], [116.35768, 39.945244], [116.358185, 39.945189], [116.358833, 39.945241], [116.359776, 39.94545], [116.360562, 39.945682], [116.36149, 39.946025], [116.36263, 39.946477], [116.363291, 39.946708]]}}, {"type": "Feature", "properties": {"layer": "OSM_RAILWAY", "osm_id": 120275295, "osm_type": "way", "railway": "platform", "name": null, "source": "DATA-SRC-OSM", "official_boundary": false, "usable_for_formal": "background_only", "precision_note": "OSM 社区数据铁路线，位置精度数米级；非规划红线"}, "geometry": {"type": "LineString", "coordinates": [[116.349383, 39.938563], [116.349381, 39.938623], [116.349368, 39.93898], [116.349359, 39.939273], [116.349352, 39.93947], [116.349343, 39.939735]]}}, {"type": "Feature", "properties": {"layer": "OSM_RAILWAY", "osm_id": 120275296, "osm_type": "way", "railway": "platform", "name": "积水潭", "source": "DATA-SRC-OSM", "official_boundary": false, "usable_for_formal": "background_only", "precision_note": "OSM 社区数据铁路线，位置精度数米级；非规划红线"}, "geometry": {"type": "LineString", "coordinates": [[116.367859, 39.947402], [116.366254, 39.947335]]}}, {"type": "Feature", "properties": {"layer": "OSM_RAILWAY", "osm_id": 120275298, "osm_type": "way", "railway": "subway", "name": null, "source": "DATA-SRC-OSM", "official_boundary": false, "usable_for_formal": "background_only", "precision_note": "OSM 社区数据铁路线，位置精度数米级；非规划红线"}, "geometry": {"type": "LineString", "coordinates": [[116.363537, 39.946827], [116.363291, 39.946708]]}}, {"type": "Feature", "properties": {"layer": "OSM_RAILWAY", "osm_id": 120275299, "osm_type": "way", "railway": "platform", "name": null, "source": "DATA-SRC-OSM", "official_boundary": false, "usable_for_formal": "background_only", "precision_note": "OSM 社区数据铁路线，位置精度数米级；非规划红线"}, "geometry": {"type": "LineString", "coordinates": [[116.366257, 39.947259], [116.367869, 39.947322]]}}, {"type": "Feature", "properties": {"layer": "OSM_RAILWAY", "osm_id": 120275300, "osm_type": "way", "railway": "platform", "name": null, "source": "DATA-SRC-OSM", "official_boundary": false, "usable_for_formal": "background_only", "precision_note": "OSM 社区数据铁路线，位置精度数米级；非规划红线"}, "geometry": {"type": "LineString", "coordinates": [[116.357304, 39.947288], [116.357358, 39.94733], [116.357432, 39.947382], [116.357517, 39.947434], [116.357607, 39.947483], [116.357709, 39.947526], [116.357807, 39.947562], [116.357925, 39.947603]]}}, {"type": "Feature", "properties": {"layer": "OSM_RAILWAY", "osm_id": 120275301, "osm_type": "way", "railway": "platform", "name": null, "source": "DATA-SRC-OSM", "official_boundary": false, "usable_for_formal": "background_only", "precision_note": "OSM 社区数据铁路线，位置精度数米级；非规划红线"}, "geometry": {"type": "LineString", "coordinates": [[116.357223, 39.947362], [116.357296, 39.947415], [116.357386, 39.94747], [116.357526, 39.947545], [116.357667, 39.947603], [116.357794, 39.947647], [116.357895, 39.947678]]}}, {"type": "Feature", "properties": {"layer": "OSM_RAILWAY", "osm_id": 120275305, "osm_type": "way", "railway": "subway", "name": null, "source": "DATA-SRC-OSM", "official_boundary": false, "usable_for_formal": "background_only", "precision_note": "OSM 社区数据铁路线，位置精度数米级；非规划红线"}, "geometry": {"type": "LineString", "coordinates": [[116.357203, 39.947304], [116.357014, 39.947139], [116.35688, 39.946972], [116.356781, 39.94679], [116.356724, 39.94661], [116.356683, 39.946406]]}}, {"type": "Feature", "properties": {"layer": "OSM_RAILWAY", "osm_id": 120275306, "osm_type": "way", "railway": "subway", "name": null, "source": "DATA-SRC-OSM", "official_boundary": false, "usable_for_formal": "background_only", "precision_note": "OSM 社区数据铁路线，位置精度数米级；非规划红线"}, "geometry": {"type": "LineString", "coordinates": [[116.352592, 39.9432], [116.352181, 39.943044]]}}, {"type": "Feature", "properties": {"layer": "OSM_RAILWAY", "osm_id": 120275308, "osm_type": "way", "railway": "subway", "name": null, "source": "DATA-SRC-OSM", "official_boundary": false, "usable_for_formal": "background_only", "precision_note": "OSM 社区数据铁路线，位置精度数米级；非规划红线"}, "geometry": {"type": "LineString", "coordinates": [[116.356618, 39.945813], [116.356581, 39.945422], [116.356497, 39.944997], [116.356192, 39.944584], [116.355854, 39.94434], [116.355342, 39.944083], [116.354408, 39.943759], [116.353545, 39.943479], [116.352592, 39.9432]]}}, {"type": "Feature", "properties": {"layer": "OSM_RAILWAY", "osm_id": 120302934, "osm_type": "way", "railway": "platform", "name": null, "source": "DATA-SRC-OSM", "official_boundary": false, "usable_for_formal": "background_only", "precision_note": "OSM 社区数据铁路线，位置精度数米级；非规划红线"}, "geometry": {"type": "LineString", "coordinates": [[116.386906, 39.947483], [116.388683, 39.947505]]}}, {"type": "Feature", "properties": {"layer": "OSM_RAILWAY", "osm_id": 120302938, "osm_type": "way", "railway": "platform", "name": "鼓楼大街", "source": "DATA-SRC-OSM", "official_boundary": false, "usable_for_formal": "background_only", "precision_note": "OSM 社区数据铁路线，位置精度数米级；非规划红线"}, "geometry": {"type": "LineString", "coordinates": [[116.388677, 39.947592], [116.386886, 39.947558]]}}, {"type": "Feature", "properties": {"layer": "OSM_RAILWAY", "osm_id": 120413634, "osm_type": "way", "railway": "platform", "name": null, "source": "DATA-SRC-OSM", "official_boundary": false, "usable_for_formal": "background_only", "precision_note": "OSM 社区数据铁路线，位置精度数米级；非规划红线"}, "geometry": {"type": "LineString", "coordinates": [[116.346939, 39.974909], [116.348583, 39.97492]]}}, {"type": "Feature", "properties": {"layer": "OSM_RAILWAY", "osm_id": 120413635, "osm_type": "way", "railway": "platform", "name": null, "source": "DATA-SRC-OSM", "official_boundary": false, "usable_for_formal": "background_only", "precision_note": "OSM 社区数据铁路线，位置精度数米级；非规划红线"}, "geometry": {"type": "LineString", "coordinates": [[116.32211, 39.974916], [116.323753, 39.974946]]}}, {"type": "Feature", "properties": {"layer": "OSM_RAILWAY", "osm_id": 120413636, "osm_type": "way", "railway": "platform", "name": null, "source": "DATA-SRC-OSM", "official_boundary": false, "usable_for_formal": "background_only", "precision_note": "OSM 社区数据铁路线，位置精度数米级；非规划红线"}, "geometry": {"type": "LineString", "coordinates": [[116.312353, 39.974684], [116.31071, 39.974636]]}}, {"type": "Feature", "properties": {"layer": "OSM_RAILWAY", "osm_id": 120413638, "osm_type": "way", "railway": "platform", "name": null, "source": "DATA-SRC-OSM", "official_boundary": false, "usable_for_formal": "background_only", "precision_note": "OSM 社区数据铁路线，位置精度数米级；非规划红线"}, "geometry": {"type": "LineString", "coordinates": [[116.334963, 39.975193], [116.336607, 39.975203]]}}, {"type": "Feature", "properties": {"layer": "OSM_RAILWAY", "osm_id": 120413639, "osm_type": "way", "railway": "platform", "name": null, "source": "DATA-SRC-OSM", "official_boundary": false, "usable_for_formal": "background_only", "precision_note": "OSM 社区数据铁路线，位置精度数米级；非规划红线"}, "geometry": {"type": "LineString", "coordinates": [[116.299381, 39.974286], [116.301023, 39.974342]]}}, {"type": "Feature", "properties": {"layer": "OSM_RAILWAY", "osm_id": 120413640, "osm_type": "way", "railway": "platform", "name": null, "source": "DATA-SRC-OSM", "official_boundary": false, "usable_for_formal": "background_only", "precision_note": "OSM 社区数据铁路线，位置精度数米级；非规划红线"}, "geometry": {"type": "LineString", "coordinates": [[116.299372, 39.974402], [116.301014, 39.974459]]}}, {"type": "Feature", "properties": {"layer": "OSM_RAILWAY", "osm_id": 120413643, "osm_type": "way", "railway": "platform", "name": null, "source": "DATA-SRC-OSM", "official_boundary": false, "usable_for_formal": "background_only", "precision_note": "OSM 社区数据铁路线，位置精度数米级；非规划红线"}, "geometry": {"type": "LineString", "coordinates": [[116.334963, 39.975053], [116.336607, 39.975063]]}}, {"type": "Feature", "properties": {"layer": "OSM_RAILWAY", "osm_id": 120413644, "osm_type": "way", "railway": "platform", "name": null, "source": "DATA-SRC-OSM", "official_boundary": false, "usable_for_formal": "background_only", "precision_note": "OSM 社区数据铁路线，位置精度数米级；非规划红线"}, "geometry": {"type": "LineString", "coordinates": [[116.310703, 39.974753], [116.312345, 39.974801]]}}, {"type": "Feature", "properties": {"layer": "OSM_RAILWAY", "osm_id": 120413645, "osm_type": "way", "railway": "platform", "name": null, "source": "DATA-SRC-OSM", "official_boundary": false, "usable_for_formal": "background_only", "precision_note": "OSM 社区数据铁路线，位置精度数米级；非规划红线"}, "geometry": {"type": "LineString", "coordinates": [[116.322109, 39.974959], [116.323752, 39.974989]]}}, {"type": "Feature", "properties": {"layer": "OSM_RAILWAY", "osm_id": 120413646, "osm_type": "way", "railway": "platform", "name": null, "source": "DATA-SRC-OSM", "official_boundary": false, "usable_for_formal": "background_only", "precision_note": "OSM 社区数据铁路线，位置精度数米级；非规划红线"}, "geometry": {"type": "LineString", "coordinates": [[116.346934, 39.974825], [116.348577, 39.974837]]}}, {"type": "Feature", "properties": {"layer": "OSM_RAILWAY", "osm_id": 120414706, "osm_type": "way", "railway": "platform", "name": null, "source": "DATA-SRC-OSM", "official_boundary": false, "usable_for_formal": "background_only", "precision_note": "OSM 社区数据铁路线，位置精度数米级；非规划红线"}, "geometry": {"type": "LineString", "coordinates": [[116.36226, 39.974857], [116.36391, 39.974872]]}}, {"type": "Feature", "properties": {"layer": "OSM_RAILWAY", "osm_id": 120414707, "osm_type": "way", "railway": "platform", "name": null, "source": "DATA-SRC-OSM", "official_boundary": false, "usable_for_formal": "background_only", "precision_note": "OSM 社区数据铁路线，位置精度数米级；非规划红线"}, "geometry": {"type": "LineString", "coordinates": [[116.362266, 39.97494], [116.363899, 39.974952]]}}, {"type": "Feature", "properties": {"layer": "OSM_RAILWAY", "osm_id": 120416905, "osm_type": "way", "railway": "platform", "name": null, "source": "DATA-SRC-OSM", "official_boundary": false, "usable_for_formal": "background_only", "precision_note": "OSM 社区数据铁路线，位置精度数米级；非规划红线"}, "geometry": {"type": "LineString", "coordinates": [[116.387136, 39.975713], [116.38878, 39.975731]]}}, {"type": "Feature", "properties": {"layer": "OSM_RAILWAY", "osm_id": 120416906, "osm_type": "way", "railway": "platform", "name": null, "source": "DATA-SRC-OSM", "official_boundary": false, "usable_for_formal": "background_only", "precision_note": "OSM 社区数据铁路线，位置精度数米级；非规划红线"}, "geometry": {"type": "LineString", "coordinates": [[116.374111, 39.975043], [116.375754, 39.975051]]}}, {"type": "Feature", "properties": {"layer": "OSM_RAILWAY", "osm_id": 120416907, "osm_type": "way", "railway": "platform", "name": "北土城", "source": "DATA-SRC-OSM", "official_boundary": false, "usable_for_formal": "background_only", "precision_note": "OSM 社区数据铁路线，位置精度数米级；非规划红线"}, "geometry": {"type": "LineString", "coordinates": [[116.387822, 39.97701], [116.387827, 39.976897], [116.387878, 39.975767]]}}, {"type": "Feature", "properties": {"layer": "OSM_RAILWAY", "osm_id": 120416908, "osm_type": "way", "railway": "platform", "name": null, "source": "DATA-SRC-OSM", "official_boundary": false, "usable_for_formal": "background_only", "precision_note": "OSM 社区数据铁路线，位置精度数米级；非规划红线"}, "geometry": {"type": "LineString", "coordinates": [[116.374112, 39.975121], [116.375755, 39.97513]]}}, {"type": "Feature", "properties": {"layer": "OSM_RAILWAY", "osm_id": 120416909, "osm_type": "way", "railway": "platform", "name": "北土城", "source": "DATA-SRC-OSM", "official_boundary": false, "usable_for_formal": "background_only", "precision_note": "OSM 社区数据铁路线，位置精度数米级；非规划红线"}, "geometry": {"type": "LineString", "coordinates": [[116.387992, 39.977012], [116.388, 39.976899], [116.388014, 39.976451], [116.388023, 39.976347], [116.388044, 39.975774]]}}, {"type": "Feature", "properties": {"layer": "OSM_RAILWAY", "osm_id": 120416910, "osm_type": "way", "railway": "platform", "name": null, "source": "DATA-SRC-OSM", "official_boundary": false, "usable_for_formal": "background_only", "precision_note": "OSM 社区数据铁路线，位置精度数米级；非规划红线"}, "geometry": {"type": "LineString", "coordinates": [[116.387137, 39.97563], [116.388781, 39.975648]]}}, {"type": "Feature", "properties": {"layer": "OSM_RAILWAY", "osm_id": 120422128, "osm_type": "way", "railway": "subway", "name": null, "source": "DATA-SRC-OSM", "official_boundary": false, "usable_for_formal": "background_only", "precision_note": "OSM 社区数据铁路线，位置精度数米级；非规划红线"}, "geometry": {"type": "LineString", "coordinates": [[116.398327, 39.975808], [116.398003, 39.975882], [116.39563, 39.975853], [116.393871, 39.975923], [116.393021, 39.976081], [116.392023, 39.976435], [116.39096, 39.976966], [116.390209, 39.977468], [116.389627, 39.97803], [116.38905, 39.978755], [116.388542, 39.979497], [116.388197, 39.980054], [116.387872, 39.980753]]}}, {"type": "Feature", "properties": {"layer": "OSM_RAILWAY", "osm_id": 120422130, "osm_type": "way", "railway": "subway", "name": null, "source": "DATA-SRC-OSM", "official_boundary": false, "usable_for_formal": "background_only", "precision_note": "OSM 社区数据铁路线，位置精度数米级；非规划红线"}, "geometry": {"type": "LineString", "coordinates": [[116.3879, 39.980338], [116.388173, 39.979815], [116.388473, 39.979294], [116.388911, 39.978656], [116.389501, 39.97795], [116.390069, 39.977354], [116.390727, 39.976848], [116.391802, 39.976259], [116.392831, 39.975855], [116.393838, 39.975663], [116.395636, 39.975624], [116.398481, 39.975659], [116.399191, 39.975655], [116.400191, 39.975649], [116.400923, 39.975784]]}}, {"type": "Feature", "properties": {"layer": "OSM_RAILWAY", "osm_id": 120628848, "osm_type": "way", "railway": "platform", "name": null, "source": "DATA-SRC-OSM", "official_boundary": false, "usable_for_formal": "background_only", "precision_note": "OSM 社区数据铁路线，位置精度数米级；非规划红线"}, "geometry": {"type": "LineString", "coordinates": [[116.386917, 39.999957], [116.386751, 39.999953], [116.386808, 39.998694], [116.386974, 39.998699], [116.386917, 39.999957]]}}, {"type": "Feature", "properties": {"layer": "OSM_RAILWAY", "osm_id": 120628849, "osm_type": "way", "railway": "platform", "name": null, "source": "DATA-SRC-OSM", "official_boundary": false, "usable_for_formal": "background_only", "precision_note": "OSM 社区数据铁路线，位置精度数米级；非规划红线"}, "geometry": {"type": "LineString", "coordinates": [[116.387622, 39.984766], [116.387691, 39.983508]]}}, {"type": "Feature", "properties": {"layer": "OSM_RAILWAY", "osm_id": 120628850, "osm_type": "way", "railway": "platform", "name": null, "source": "DATA-SRC-OSM", "official_boundary": false, "usable_for_formal": "background_only", "precision_note": "OSM 社区数据铁路线，位置精度数米级；非规划红线"}, "geometry": {"type": "LineString", "coordinates": [[116.386461, 40.00983], [116.386518, 40.008572], [116.386352, 40.008568], [116.386295, 40.009826], [116.386461, 40.00983]]}}, {"type": "Feature", "properties": {"layer": "OSM_RAILWAY", "osm_id": 120628852, "osm_type": "way", "railway": "platform", "name": null, "source": "DATA-SRC-OSM", "official_boundary": false, "usable_for_formal": "background_only", "precision_note": "OSM 社区数据铁路线，位置精度数米级；非规划红线"}, "geometry": {"type": "LineString", "coordinates": [[116.387473, 39.984761], [116.387543, 39.983503]]}}, {"type": "Feature", "properties": {"layer": "OSM_RAILWAY", "osm_id": 120628854, "osm_type": "way", "railway": "subway", "name": null, "source": "DATA-SRC-OSM", "official_boundary": false, "usable_for_formal": "background_only", "precision_note": "OSM 社区数据铁路线，位置精度数米级；非规划红线"}, "geometry": {"type": "LineString", "coordinates": [[116.386246, 40.011892], [116.386325, 40.010481], [116.386328, 40.010403]]}}, {"type": "Feature", "properties": {"layer": "OSM_RAILWAY", "osm_id": 120628855, "osm_type": "way", "railway": "subway", "name": null, "source": "DATA-SRC-OSM", "official_boundary": false, "usable_for_formal": "background_only", "precision_note": "OSM 社区数据铁路线，位置精度数米级；非规划红线"}, "geometry": {"type": "LineString", "coordinates": [[116.386253, 40.010298], [116.386328, 40.010403], [116.386359, 40.010443], [116.38639, 40.010483]]}}, {"type": "Feature", "properties": {"layer": "OSM_RAILWAY", "osm_id": 120628856, "osm_type": "way", "railway": "subway", "name": null, "source": "DATA-SRC-OSM", "official_boundary": false, "usable_for_formal": "background_only", "precision_note": "OSM 社区数据铁路线，位置精度数米级；非规划红线"}, "geometry": {"type": "LineString", "coordinates": [[116.38647, 40.010306], [116.386393, 40.010405], [116.386359, 40.010443], [116.386325, 40.010481]]}}, {"type": "Feature", "properties": {"layer": "OSM_RAILWAY", "osm_id": 120628857, "osm_type": "way", "railway": "subway", "name": null, "source": "DATA-SRC-OSM", "official_boundary": false, "usable_for_formal": "background_only", "precision_note": "OSM 社区数据铁路线，位置精度数米级；非规划红线"}, "geometry": {"type": "LineString", "coordinates": [[116.386311, 40.011893], [116.38639, 40.010483], [116.386393, 40.010405]]}}, {"type": "Feature", "properties": {"layer": "OSM_RAILWAY", "osm_id": 120628858, "osm_type": "way", "railway": "subway", "name": "8号线", "source": "DATA-SRC-OSM", "official_boundary": false, "usable_for_formal": "background_only", "precision_note": "OSM 社区数据铁路线，位置精度数米级；非规划红线"}, "geometry": {"type": "LineString", "coordinates": [[116.386518, 40.0092], [116.38647, 40.010306], [116.386384, 40.011895], [116.386298, 40.013398]]}}, {"type": "Feature", "properties": {"layer": "OSM_RAILWAY", "osm_id": 120680613, "osm_type": "way", "railway": "subway", "name": "北京地铁15号线", "source": "DATA-SRC-OSM", "official_boundary": false, "usable_for_formal": "background_only", "precision_note": "OSM 社区数据铁路线，位置精度数米级；非规划红线"}, "geometry": {"type": "LineString", "coordinates": [[116.521491, 40.034403], [116.52076, 40.034123], [116.51992, 40.033887], [116.51873, 40.033634], [116.517543, 40.03353], [116.515936, 40.033433], [116.510995, 40.033225], [116.506768, 40.03296], [116.499358, 40.032691], [116.498161, 40.032626], [116.496962, 40.032575], [116.495687, 40.032518], [116.494771, 40.032468], [116.492791, 40.032374], [116.490623, 40.032223], [116.489816, 40.032108], [116.48905, 40.031925], [116.488222, 40.031612], [116.487666, 40.031255], [116.487104, 40.030853], [116.486783, 40.030444], [116.48655, 40.029966], [116.486332, 40.029214], [116.486281, 40.028258], [116.486298, 40.027317], [116.486649, 40.021332], [116.486662, 40.020565], [116.486686, 40.019753], [116.486829, 40.017159], [116.487204, 40.012266], [116.486969, 40.009045], [116.486246, 40.006572], [116.485393, 40.004892], [116.484088, 40.003545], [116.48334, 40.003155], [116.480771, 40.001988], [116.478832, 40.001148], [116.476658, 40.001006], [116.476242, 40.001], [116.47543, 40.000998], [116.474527, 40.000974], [116.473282, 40.000961], [116.470013, 40.000917], [116.469543, 40.000911], [116.467976, 40.000418], [116.463361, 39.996701], [116.462761, 39.996192], [116.462342, 39.996005], [116.456779, 39.995954], [116.450816, 39.995815], [116.448947, 39.995762], [116.447158, 39.995567], [116.444425, 39.994896], [116.44387, 39.994719], [116.440477, 39.993954], [116.437777, 39.993715], [116.434123, 39.993476], [116.432842, 39.993556], [116.432254, 39.993675], [116.431527, 39.994365], [116.430678, 39.995519], [116.430198, 39.997316], [116.429536, 39.998397], [116.428895, 39.999047], [116.427839, 39.999538], [116.425897, 39.999728], [116.425112, 39.999812], [116.424209, 39.99991], [116.423063, 39.999976], [116.422295, 40.000079], [116.420615, 40.000662], [116.418672, 40.001182], [116.416559, 40.001625], [116.416357, 40.00165], [116.415794, 40.001676], [116.413592, 40.001648], [116.41248, 40.001626], [116.411744, 40.001612], [116.411168, 40.001586], [116.404172, 40.001319], [116.401616, 40.001252], [116.400275, 40.001251], [116.394616, 40.001214], [116.394541, 40.001142], [116.390446, 40.001052], [116.389584, 40.001033], [116.386193, 40.001006], [116.38533, 40.000991], [116.38444, 40.000969], [116.372937, 40.000563], [116.363066, 40.000215], [116.362055, 40.00019], [116.360913, 40.000161], [116.360514, 40.000149], [116.349099, 39.999818], [116.34664, 39.999744], [116.343948, 39.999657], [116.338628, 39.999475], [116.334482, 39.999334], [116.334253, 39.999326], [116.333626, 39.999314], [116.332724, 39.999294], [116.332549, 39.99929], [116.331, 39.999256]]}}, {"type": "Feature", "properties": {"layer": "OSM_RAILWAY", "osm_id": 120907161, "osm_type": "way", "railway": "subway", "name": null, "source": "DATA-SRC-OSM", "official_boundary": false, "usable_for_formal": "background_only", "precision_note": "OSM 社区数据铁路线，位置精度数米级；非规划红线"}, "geometry": {"type": "LineString", "coordinates": [[116.333713, 39.976206], [116.333703, 39.975981]]}}, {"type": "Feature", "properties": {"layer": "OSM_RAILWAY", "osm_id": 120907165, "osm_type": "way", "railway": "subway", "name": null, "source": "DATA-SRC-OSM", "official_boundary": false, "usable_for_formal": "background_only", "precision_note": "OSM 社区数据铁路线，位置精度数米级；非规划红线"}, "geometry": {"type": "LineString", "coordinates": [[116.387894, 39.9805], [116.387602, 39.981175]]}}, {"type": "Feature", "properties": {"layer": "OSM_RAILWAY", "osm_id": 121777653, "osm_type": "way", "railway": "platform", "name": null, "source": "DATA-SRC-OSM", "official_boundary": false, "usable_for_formal": "background_only", "precision_note": "OSM 社区数据铁路线，位置精度数米级；非规划红线"}, "geometry": {"type": "LineString", "coordinates": [[116.302932, 39.998085], [116.304448, 39.998446]]}}, {"type": "Feature", "properties": {"layer": "OSM_RAILWAY", "osm_id": 121777662, "osm_type": "way", "railway": "platform", "name": null, "source": "DATA-SRC-OSM", "official_boundary": false, "usable_for_formal": "background_only", "precision_note": "OSM 社区数据铁路线，位置精度数米级；非规划红线"}, "geometry": {"type": "LineString", "coordinates": [[116.302917, 39.998121], [116.304435, 39.998483]]}}, {"type": "Feature", "properties": {"layer": "OSM_RAILWAY", "osm_id": 121778754, "osm_type": "way", "railway": "platform", "name": null, "source": "DATA-SRC-OSM", "official_boundary": false, "usable_for_formal": "background_only", "precision_note": "OSM 社区数据铁路线，位置精度数米级；非规划红线"}, "geometry": {"type": "LineString", "coordinates": [[116.310322, 39.982086], [116.310244, 39.983303]]}}, {"type": "Feature", "properties": {"layer": "OSM_RAILWAY", "osm_id": 121778755, "osm_type": "way", "railway": "platform", "name": null, "source": "DATA-SRC-OSM", "official_boundary": false, "usable_for_formal": "background_only", "precision_note": "OSM 社区数据铁路线，位置精度数米级；非规划红线"}, "geometry": {"type": "LineString", "coordinates": [[116.311826, 39.974153], [116.311373, 39.975324]]}}, {"type": "Feature", "properties": {"layer": "OSM_RAILWAY", "osm_id": 121778756, "osm_type": "way", "railway": "platform", "name": null, "source": "DATA-SRC-OSM", "official_boundary": false, "usable_for_formal": "background_only", "precision_note": "OSM 社区数据铁路线，位置精度数米级；非规划红线"}, "geometry": {"type": "LineString", "coordinates": [[116.309831, 39.990206], [116.309712, 39.991418]]}}, {"type": "Feature", "properties": {"layer": "OSM_RAILWAY", "osm_id": 121778757, "osm_type": "way", "railway": "platform", "name": null, "source": "DATA-SRC-OSM", "official_boundary": false, "usable_for_formal": "background_only", "precision_note": "OSM 社区数据铁路线，位置精度数米级；非规划红线"}, "geometry": {"type": "LineString", "coordinates": [[116.311682, 39.974122], [116.311232, 39.975291]]}}, {"type": "Feature", "properties": {"layer": "OSM_RAILWAY", "osm_id": 121778758, "osm_type": "way", "railway": "platform", "name": null, "source": "DATA-SRC-OSM", "official_boundary": false, "usable_for_formal": "background_only", "precision_note": "OSM 社区数据铁路线，位置精度数米级；非规划红线"}, "geometry": {"type": "LineString", "coordinates": [[116.31047, 39.982087], [116.310391, 39.983309]]}}, {"type": "Feature", "properties": {"layer": "OSM_RAILWAY", "osm_id": 121778759, "osm_type": "way", "railway": "platform", "name": null, "source": "DATA-SRC-OSM", "official_boundary": false, "usable_for_formal": "background_only", "precision_note": "OSM 社区数据铁路线，位置精度数米级；非规划红线"}, "geometry": {"type": "LineString", "coordinates": [[116.309684, 39.990202], [116.309564, 39.991417]]}}, {"type": "Feature", "properties": {"layer": "OSM_RAILWAY", "osm_id": 121980940, "osm_type": "way", "railway": "subway", "name": null, "source": "DATA-SRC-OSM", "official_boundary": false, "usable_for_formal": "background_only", "precision_note": "OSM 社区数据铁路线，位置精度数米级；非规划红线"}, "geometry": {"type": "LineString", "coordinates": [[116.364679, 39.974983], [116.365041, 39.974914], [116.365153, 39.974915], [116.366756, 39.974928]]}}, {"type": "Feature", "properties": {"layer": "OSM_RAILWAY", "osm_id": 122003018, "osm_type": "way", "railway": "platform", "name": null, "source": "DATA-SRC-OSM", "official_boundary": false, "usable_for_formal": "background_only", "precision_note": "OSM 社区数据铁路线，位置精度数米级；非规划红线"}, "geometry": {"type": "LineString", "coordinates": [[116.318969, 39.941219], [116.318809, 39.942432]]}}, {"type": "Feature", "properties": {"layer": "OSM_RAILWAY", "osm_id": 122003019, "osm_type": "way", "railway": "platform", "name": null, "source": "DATA-SRC-OSM", "official_boundary": false, "usable_for_formal": "background_only", "precision_note": "OSM 社区数据铁路线，位置精度数米级；非规划红线"}, "geometry": {"type": "LineString", "coordinates": [[116.317164, 39.95573], [116.31702, 39.956944]]}}, {"type": "Feature", "properties": {"layer": "OSM_RAILWAY", "osm_id": 122003020, "osm_type": "way", "railway": "platform", "name": null, "source": "DATA-SRC-OSM", "official_boundary": false, "usable_for_formal": "background_only", "precision_note": "OSM 社区数据铁路线，位置精度数米级；非规划红线"}, "geometry": {"type": "LineString", "coordinates": [[116.315984, 39.965202], [116.315585, 39.966383]]}}, {"type": "Feature", "properties": {"layer": "OSM_RAILWAY", "osm_id": 122003021, "osm_type": "way", "railway": "platform", "name": null, "source": "DATA-SRC-OSM", "official_boundary": false, "usable_for_formal": "background_only", "precision_note": "OSM 社区数据铁路线，位置精度数米级；非规划红线"}, "geometry": {"type": "LineString", "coordinates": [[116.331914, 39.936982], [116.333501, 39.937051]]}}, {"type": "Feature", "properties": {"layer": "OSM_RAILWAY", "osm_id": 122003022, "osm_type": "way", "railway": "platform", "name": null, "source": "DATA-SRC-OSM", "official_boundary": false, "usable_for_formal": "background_only", "precision_note": "OSM 社区数据铁路线，位置精度数米级；非规划红线"}, "geometry": {"type": "LineString", "coordinates": [[116.348245, 39.939085], [116.348484, 39.939091], [116.348754, 39.939098], [116.349148, 39.939109], [116.349533, 39.939119], [116.350006, 39.939133], [116.350301, 39.939141]]}}, {"type": "Feature", "properties": {"layer": "OSM_RAILWAY", "osm_id": 122003023, "osm_type": "way", "railway": "platform", "name": null, "source": "DATA-SRC-OSM", "official_boundary": false, "usable_for_formal": "background_only", "precision_note": "OSM 社区数据铁路线，位置精度数米级；非规划红线"}, "geometry": {"type": "LineString", "coordinates": [[116.317319, 39.955743], [116.317177, 39.956957]]}}, {"type": "Feature", "properties": {"layer": "OSM_RAILWAY", "osm_id": 122003024, "osm_type": "way", "railway": "platform", "name": null, "source": "DATA-SRC-OSM", "official_boundary": false, "usable_for_formal": "background_only", "precision_note": "OSM 社区数据铁路线，位置精度数米级；非规划红线"}, "geometry": {"type": "LineString", "coordinates": [[116.319162, 39.941231], [116.319002, 39.942444]]}}, {"type": "Feature", "properties": {"layer": "OSM_RAILWAY", "osm_id": 122003025, "osm_type": "way", "railway": "platform", "name": null, "source": "DATA-SRC-OSM", "official_boundary": false, "usable_for_formal": "background_only", "precision_note": "OSM 社区数据铁路线，位置精度数米级；非规划红线"}, "geometry": {"type": "LineString", "coordinates": [[116.315844, 39.965174], [116.315443, 39.966353]]}}, {"type": "Feature", "properties": {"layer": "OSM_RAILWAY", "osm_id": 122003026, "osm_type": "way", "railway": "platform", "name": null, "source": "DATA-SRC-OSM", "official_boundary": false, "usable_for_formal": "background_only", "precision_note": "OSM 社区数据铁路线，位置精度数米级；非规划红线"}, "geometry": {"type": "LineString", "coordinates": [[116.331924, 39.936871], [116.333511, 39.936938]]}}, {"type": "Feature", "properties": {"layer": "OSM_RAILWAY", "osm_id": 122003027, "osm_type": "way", "railway": "platform", "name": null, "source": "DATA-SRC-OSM", "official_boundary": false, "usable_for_formal": "background_only", "precision_note": "OSM 社区数据铁路线，位置精度数米级；非规划红线"}, "geometry": {"type": "LineString", "coordinates": [[116.319069, 39.941226], [116.318912, 39.94244]]}}, {"type": "Feature", "properties": {"layer": "OSM_RAILWAY", "osm_id": 122003028, "osm_type": "way", "railway": "platform", "name": null, "source": "DATA-SRC-OSM", "official_boundary": false, "usable_for_formal": "background_only", "precision_note": "OSM 社区数据铁路线，位置精度数米级；非规划红线"}, "geometry": {"type": "LineString", "coordinates": [[116.350296, 39.939185], [116.350004, 39.939176], [116.349531, 39.939163], [116.349148, 39.939151], [116.348752, 39.939141], [116.348482, 39.939134], [116.348244, 39.939128]]}}, {"type": "Feature", "properties": {"layer": "OSM_RAILWAY", "osm_id": 122003029, "osm_type": "way", "railway": "platform", "name": null, "source": "DATA-SRC-OSM", "official_boundary": false, "usable_for_formal": "background_only", "precision_note": "OSM 社区数据铁路线，位置精度数米级；非规划红线"}, "geometry": {"type": "LineString", "coordinates": [[116.319262, 39.941238], [116.319105, 39.942451]]}}, {"type": "Feature", "properties": {"layer": "OSM_RAILWAY", "osm_id": 122003030, "osm_type": "way", "railway": "subway", "name": "北京地铁9号线", "source": "DATA-SRC-OSM", "official_boundary": false, "usable_for_formal": "background_only", "precision_note": "OSM 社区数据铁路线，位置精度数米级；非规划红线"}, "geometry": {"type": "LineString", "coordinates": [[116.318536, 39.944367], [116.318744, 39.943911], [116.318928, 39.942501], [116.319016, 39.941833]]}}, {"type": "Feature", "properties": {"layer": "OSM_RAILWAY", "osm_id": 122003031, "osm_type": "way", "railway": "subway", "name": "北京地铁9号线", "source": "DATA-SRC-OSM", "official_boundary": false, "usable_for_formal": "background_only", "precision_note": "OSM 社区数据铁路线，位置精度数米级；非规划红线"}, "geometry": {"type": "LineString", "coordinates": [[116.318903, 39.944336], [116.318786, 39.943914], [116.31897, 39.942506], [116.319058, 39.941836]]}}, {"type": "Feature", "properties": {"layer": "OSM_RAILWAY", "osm_id": 122019973, "osm_type": "way", "railway": "subway", "name": "13号线", "source": "DATA-SRC-OSM", "official_boundary": false, "usable_for_formal": "background_only", "precision_note": "OSM 社区数据铁路线，位置精度数米级；非规划红线"}, "geometry": {"type": "LineString", "coordinates": [[116.346972, 39.940281], [116.347188, 39.939714]]}}, {"type": "Feature", "properties": {"layer": "OSM_RAILWAY", "osm_id": 122019975, "osm_type": "way", "railway": "subway", "name": "13号线", "source": "DATA-SRC-OSM", "official_boundary": false, "usable_for_formal": "background_only", "precision_note": "OSM 社区数据铁路线，位置精度数米级；非规划红线"}, "geometry": {"type": "LineString", "coordinates": [[116.347071, 39.940305], [116.346573, 39.941621], [116.346331, 39.942255], [116.346251, 39.942439], [116.346078, 39.942888], [116.345963, 39.943168], [116.345327, 39.944788], [116.345233, 39.945034], [116.345159, 39.945274], [116.345111, 39.945611], [116.345093, 39.945974], [116.345106, 39.946234], [116.345151, 39.946496], [116.345283, 39.947316], [116.345374, 39.947841], [116.345467, 39.948362], [116.345498, 39.948522], [116.345515, 39.948696], [116.345521, 39.949008], [116.345517, 39.949157], [116.345505, 39.949307], [116.345489, 39.949445], [116.34546, 39.949578], [116.345389, 39.949834], [116.345253, 39.950159], [116.345096, 39.950453], [116.343482, 39.953491], [116.342644, 39.955001], [116.342218, 39.955764], [116.341973, 39.956216], [116.341805, 39.956551], [116.341539, 39.957124], [116.341378, 39.95746], [116.341105, 39.958002], [116.340503, 39.959093], [116.34039, 39.959313], [116.340278, 39.959534], [116.340094, 39.959942], [116.339947, 39.960346], [116.339877, 39.960553], [116.339815, 39.960761], [116.339701, 39.961175], [116.33965, 39.9614], [116.339607, 39.961606], [116.339547, 39.961923], [116.339513, 39.962227]]}}, {"type": "Feature", "properties": {"layer": "OSM_RAILWAY", "osm_id": 122090409, "osm_type": "way", "railway": "subway", "name": null, "source": "DATA-SRC-OSM", "official_boundary": false, "usable_for_formal": "background_only", "precision_note": "OSM 社区数据铁路线，位置精度数米级；非规划红线"}, "geometry": {"type": "LineString", "coordinates": [[116.338849, 39.966653], [116.338765, 39.967042], [116.338626, 39.967461], [116.338458, 39.967865], [116.338282, 39.968236], [116.338036, 39.968657], [116.33779, 39.969031], [116.336232, 39.971023], [116.335439, 39.972007], [116.33468, 39.972989], [116.334408, 39.973395], [116.334283, 39.97362], [116.334169, 39.97387], [116.334077, 39.974193], [116.334013, 39.974483]]}}, {"type": "Feature", "properties": {"layer": "OSM_RAILWAY", "osm_id": 122090410, "osm_type": "way", "railway": "subway", "name": null, "source": "DATA-SRC-OSM", "official_boundary": false, "usable_for_formal": "background_only", "precision_note": "OSM 社区数据铁路线，位置精度数米级；非规划红线"}, "geometry": {"type": "LineString", "coordinates": [[116.333973, 39.97448], [116.334033, 39.974187], [116.334129, 39.973861], [116.334237, 39.973605], [116.334354, 39.973385], [116.33464, 39.972969], [116.3354, 39.971985], [116.33619, 39.971003], [116.337737, 39.969007], [116.337989, 39.968632], [116.338225, 39.968219], [116.338404, 39.967846], [116.338565, 39.967451], [116.338705, 39.967029], [116.3388, 39.966653]]}}, {"type": "Feature", "properties": {"layer": "OSM_RAILWAY", "osm_id": 122090412, "osm_type": "way", "railway": "subway", "name": null, "source": "DATA-SRC-OSM", "official_boundary": false, "usable_for_formal": "background_only", "precision_note": "OSM 社区数据铁路线，位置精度数米级；非规划红线"}, "geometry": {"type": "LineString", "coordinates": [[116.333026, 39.979896], [116.332312, 39.983873], [116.33219, 39.984548], [116.332154, 39.98477], [116.332044, 39.985434], [116.331978, 39.985879], [116.331893, 39.986627], [116.331875, 39.987386], [116.331799, 39.989386], [116.331757, 39.990383], [116.331744, 39.990943], [116.331724, 39.991573], [116.331694, 39.992275], [116.331607, 39.993842], [116.331542, 39.995388], [116.331447, 39.998027], [116.33135, 40.000704], [116.331337, 40.001062], [116.331291, 40.002341], [116.33123, 40.003981]]}}, {"type": "Feature", "properties": {"layer": "OSM_RAILWAY", "osm_id": 122090413, "osm_type": "way", "railway": "subway", "name": null, "source": "DATA-SRC-OSM", "official_boundary": false, "usable_for_formal": "background_only", "precision_note": "OSM 社区数据铁路线，位置精度数米级；非规划红线"}, "geometry": {"type": "LineString", "coordinates": [[116.334013, 39.974483], [116.333902, 39.975152], [116.333778, 39.975827]]}}, {"type": "Feature", "properties": {"layer": "OSM_RAILWAY", "osm_id": 122090414, "osm_type": "way", "railway": "subway", "name": null, "source": "DATA-SRC-OSM", "official_boundary": false, "usable_for_formal": "background_only", "precision_note": "OSM 社区数据铁路线，位置精度数米级；非规划红线"}, "geometry": {"type": "LineString", "coordinates": [[116.333729, 39.975823], [116.333852, 39.975144], [116.333973, 39.97448]]}}, {"type": "Feature", "properties": {"layer": "OSM_RAILWAY", "osm_id": 122090416, "osm_type": "way", "railway": "subway", "name": "13号线", "source": "DATA-SRC-OSM", "official_boundary": false, "usable_for_formal": "background_only", "precision_note": "OSM 社区数据铁路线，位置精度数米级；非规划红线"}, "geometry": {"type": "LineString", "coordinates": [[116.339477, 39.962225], [116.339512, 39.961917], [116.33957, 39.961602], [116.33961, 39.961397], [116.339664, 39.961171], [116.339778, 39.960758], [116.339843, 39.960546], [116.339912, 39.960336], [116.340058, 39.959937], [116.340235, 39.959518], [116.340342, 39.959304], [116.340458, 39.95908], [116.341065, 39.957988], [116.34122, 39.957687], [116.341342, 39.957449], [116.3415, 39.957117], [116.341768, 39.956537], [116.341938, 39.956205], [116.342181, 39.955753], [116.342606, 39.954985], [116.343456, 39.953485], [116.345077, 39.950446], [116.345231, 39.950149], [116.345364, 39.949823], [116.345432, 39.949577], [116.345466, 39.949444], [116.345484, 39.949298], [116.34549, 39.949154], [116.345498, 39.949006], [116.345488, 39.948692], [116.345469, 39.948528], [116.345439, 39.948364], [116.345349, 39.947841], [116.345256, 39.947318], [116.345126, 39.946503], [116.345081, 39.946233], [116.345068, 39.945973], [116.34508, 39.945606], [116.345125, 39.945266], [116.345195, 39.945021], [116.345287, 39.944774], [116.345844, 39.943351], [116.34598, 39.942989], [116.346139, 39.942586], [116.346209, 39.942421], [116.346291, 39.942237], [116.346429, 39.941693], [116.346972, 39.940281]]}}, {"type": "Feature", "properties": {"layer": "OSM_RAILWAY", "osm_id": 122090417, "osm_type": "way", "railway": "subway", "name": null, "source": "DATA-SRC-OSM", "official_boundary": false, "usable_for_formal": "background_only", "precision_note": "OSM 社区数据铁路线，位置精度数米级；非规划红线"}, "geometry": {"type": "LineString", "coordinates": [[116.3388, 39.966653], [116.338872, 39.966187], [116.338909, 39.965947], [116.338924, 39.965844], [116.338997, 39.965271], [116.339062, 39.964697]]}}, {"type": "Feature", "properties": {"layer": "OSM_RAILWAY", "osm_id": 122090419, "osm_type": "way", "railway": "subway", "name": null, "source": "DATA-SRC-OSM", "official_boundary": false, "usable_for_formal": "background_only", "precision_note": "OSM 社区数据铁路线，位置精度数米级；非规划红线"}, "geometry": {"type": "LineString", "coordinates": [[116.339098, 39.964698], [116.339028, 39.965274], [116.338952, 39.965844], [116.338937, 39.965947], [116.338849, 39.966653]]}}, {"type": "Feature", "properties": {"layer": "OSM_RAILWAY", "osm_id": 122090420, "osm_type": "way", "railway": "subway", "name": null, "source": "DATA-SRC-OSM", "official_boundary": false, "usable_for_formal": "background_only", "precision_note": "OSM 社区数据铁路线，位置精度数米级；非规划红线"}, "geometry": {"type": "LineString", "coordinates": [[116.339513, 39.962227], [116.339472, 39.962533], [116.339414, 39.96291], [116.339287, 39.96354], [116.339175, 39.96418], [116.339098, 39.964698]]}}, {"type": "Feature", "properties": {"layer": "OSM_RAILWAY", "osm_id": 122090421, "osm_type": "way", "railway": "subway", "name": null, "source": "DATA-SRC-OSM", "official_boundary": false, "usable_for_formal": "background_only", "precision_note": "OSM 社区数据铁路线，位置精度数米级；非规划红线"}, "geometry": {"type": "LineString", "coordinates": [[116.339062, 39.964697], [116.339126, 39.964173], [116.339245, 39.963534], [116.339369, 39.962905], [116.339434, 39.962527], [116.339477, 39.962225]]}}, {"type": "Feature", "properties": {"layer": "OSM_RAILWAY", "osm_id": 122090422, "osm_type": "way", "railway": "subway", "name": null, "source": "DATA-SRC-OSM", "official_boundary": false, "usable_for_formal": "background_only", "precision_note": "OSM 社区数据铁路线，位置精度数米级；非规划红线"}, "geometry": {"type": "LineString", "coordinates": [[116.332977, 39.979889], [116.333124, 39.978722], [116.333292, 39.977955], [116.333467, 39.977238], [116.333611, 39.97654], [116.333703, 39.975981], [116.333729, 39.975823]]}}, {"type": "Feature", "properties": {"layer": "OSM_RAILWAY", "osm_id": 122090424, "osm_type": "way", "railway": "subway", "name": null, "source": "DATA-SRC-OSM", "official_boundary": false, "usable_for_formal": "background_only", "precision_note": "OSM 社区数据铁路线，位置精度数米级；非规划红线"}, "geometry": {"type": "LineString", "coordinates": [[116.333778, 39.975827], [116.333713, 39.976206], [116.333655, 39.976542], [116.333513, 39.977244], [116.333345, 39.977962], [116.333175, 39.978734], [116.333026, 39.979896]]}}, {"type": "Feature", "properties": {"layer": "OSM_RAILWAY", "osm_id": 122212276, "osm_type": "way", "railway": "rail", "name": "京包客专线", "source": "DATA-SRC-OSM", "official_boundary": false, "usable_for_formal": "background_only", "precision_note": "OSM 社区数据铁路线，位置精度数米级；非规划红线"}, "geometry": {"type": "LineString", "coordinates": [[116.306274, 40.044001], [116.306494, 40.04375], [116.306729, 40.043499], [116.306977, 40.043233], [116.307317, 40.042865], [116.307459, 40.042703], [116.307625, 40.042495], [116.307988, 40.042039], [116.3083, 40.041636], [116.308849, 40.040942], [116.309443, 40.040179]]}}, {"type": "Feature", "properties": {"layer": "OSM_RAILWAY", "osm_id": 122212318, "osm_type": "way", "railway": "rail", "name": "京包客专线", "source": "DATA-SRC-OSM", "official_boundary": false, "usable_for_formal": "background_only", "precision_note": "OSM 社区数据铁路线，位置精度数米级；非规划红线"}, "geometry": {"type": "LineString", "coordinates": [[116.311915, 40.036515], [116.31228, 40.035984], [116.312312, 40.035936]]}}, {"type": "Feature", "properties": {"layer": "OSM_RAILWAY", "osm_id": 122214299, "osm_type": "way", "railway": "rail", "name": null, "source": "DATA-SRC-OSM", "official_boundary": false, "usable_for_formal": "background_only", "precision_note": "OSM 社区数据铁路线，位置精度数米级；非规划红线"}, "geometry": {"type": "LineString", "coordinates": [[116.31106, 40.037295], [116.310636, 40.037752], [116.310519, 40.03787], [116.310405, 40.037978], [116.310285, 40.038094], [116.310167, 40.038211], [116.309955, 40.038445], [116.309815, 40.038616], [116.30883, 40.039864], [116.306984, 40.042193], [116.306565, 40.042799], [116.306055, 40.043569], [116.305962, 40.0437], [116.305875, 40.043819]]}}, {"type": "Feature", "properties": {"layer": "OSM_RAILWAY", "osm_id": 122214302, "osm_type": "way", "railway": "subway", "name": null, "source": "DATA-SRC-OSM", "official_boundary": false, "usable_for_formal": "background_only", "precision_note": "OSM 社区数据铁路线，位置精度数米级；非规划红线"}, "geometry": {"type": "LineString", "coordinates": [[116.321586, 40.015792], [116.321635, 40.015752], [116.321809, 40.015603], [116.32308, 40.014474], [116.324991, 40.012779], [116.327921, 40.010165], [116.329227, 40.009014], [116.329498, 40.008723], [116.329761, 40.008419], [116.330068, 40.008026], [116.330346, 40.00758], [116.330531, 40.007241], [116.330705, 40.006839], [116.330861, 40.006395], [116.330967, 40.005929], [116.331018, 40.00552], [116.33117, 40.003971]]}}, {"type": "Feature", "properties": {"layer": "OSM_RAILWAY", "osm_id": 122214315, "osm_type": "way", "railway": "rail", "name": "京包客专线", "source": "DATA-SRC-OSM", "official_boundary": false, "usable_for_formal": "background_only", "precision_note": "OSM 社区数据铁路线，位置精度数米级；非规划红线"}, "geometry": {"type": "LineString", "coordinates": [[116.319049, 40.019704], [116.318963, 40.019913], [116.315352, 40.029079]]}}, {"type": "Feature", "properties": {"layer": "OSM_RAILWAY", "osm_id": 122214320, "osm_type": "way", "railway": "rail", "name": "京包客专线", "source": "DATA-SRC-OSM", "official_boundary": false, "usable_for_formal": "background_only", "precision_note": "OSM 社区数据铁路线，位置精度数米级；非规划红线"}, "geometry": {"type": "LineString", "coordinates": [[116.315352, 40.029079], [116.31524, 40.029353]]}}, {"type": "Feature", "properties": {"layer": "OSM_RAILWAY", "osm_id": 122214328, "osm_type": "way", "railway": "rail", "name": "京包客专线", "source": "DATA-SRC-OSM", "official_boundary": false, "usable_for_formal": "background_only", "precision_note": "OSM 社区数据铁路线，位置精度数米级；非规划红线"}, "geometry": {"type": "LineString", "coordinates": [[116.319285, 40.019094], [116.319049, 40.019704]]}}, {"type": "Feature", "properties": {"layer": "OSM_RAILWAY", "osm_id": 122214331, "osm_type": "way", "railway": "rail", "name": "京包客专线", "source": "DATA-SRC-OSM", "official_boundary": false, "usable_for_formal": "background_only", "precision_note": "OSM 社区数据铁路线，位置精度数米级；非规划红线"}, "geometry": {"type": "LineString", "coordinates": [[116.321669, 40.015889], [116.321307, 40.016211], [116.321251, 40.016261]]}}, {"type": "Feature", "properties": {"layer": "OSM_RAILWAY", "osm_id": 122214342, "osm_type": "way", "railway": "subway", "name": null, "source": "DATA-SRC-OSM", "official_boundary": false, "usable_for_formal": "background_only", "precision_note": "OSM 社区数据铁路线，位置精度数米级；非规划红线"}, "geometry": {"type": "LineString", "coordinates": [[116.321157, 40.016156], [116.321343, 40.01599], [116.321586, 40.015792]]}}, {"type": "Feature", "properties": {"layer": "OSM_RAILWAY", "osm_id": 122214344, "osm_type": "way", "railway": "subway", "name": null, "source": "DATA-SRC-OSM", "official_boundary": false, "usable_for_formal": "background_only", "precision_note": "OSM 社区数据铁路线，位置精度数米级；非规划红线"}, "geometry": {"type": "LineString", "coordinates": [[116.321607, 40.015806], [116.321357, 40.016], [116.321172, 40.016166]]}}, {"type": "Feature", "properties": {"layer": "OSM_RAILWAY", "osm_id": 122214368, "osm_type": "way", "railway": "subway", "name": null, "source": "DATA-SRC-OSM", "official_boundary": false, "usable_for_formal": "background_only", "precision_note": "OSM 社区数据铁路线，位置精度数米级；非规划红线"}, "geometry": {"type": "LineString", "coordinates": [[116.321172, 40.016166], [116.3209, 40.016409], [116.32046, 40.01681], [116.320115, 40.01719], [116.31977, 40.017645], [116.31955, 40.017989], [116.31935, 40.018404], [116.319162, 40.018883]]}}, {"type": "Feature", "properties": {"layer": "OSM_RAILWAY", "osm_id": 122214370, "osm_type": "way", "railway": "rail", "name": "京包客专线", "source": "DATA-SRC-OSM", "official_boundary": false, "usable_for_formal": "background_only", "precision_note": "OSM 社区数据铁路线，位置精度数米级；非规划红线"}, "geometry": {"type": "LineString", "coordinates": [[116.31524, 40.029353], [116.31402, 40.032419], [116.313867, 40.032803], [116.313525, 40.033567], [116.313371, 40.033954], [116.313225, 40.034289], [116.313003, 40.034712], [116.312753, 40.035119], [116.312605, 40.035332], [116.312105, 40.035974]]}}, {"type": "Feature", "properties": {"layer": "OSM_RAILWAY", "osm_id": 122214374, "osm_type": "way", "railway": "rail", "name": "京包客专线", "source": "DATA-SRC-OSM", "official_boundary": false, "usable_for_formal": "background_only", "precision_note": "OSM 社区数据铁路线，位置精度数米级；非规划红线"}, "geometry": {"type": "LineString", "coordinates": [[116.321251, 40.016261], [116.321145, 40.016367], [116.320669, 40.016841], [116.320402, 40.017148], [116.32019, 40.017412], [116.319977, 40.017717], [116.319776, 40.018054], [116.319667, 40.018242], [116.319487, 40.018599], [116.319285, 40.019094]]}}, {"type": "Feature", "properties": {"layer": "OSM_RAILWAY", "osm_id": 122218246, "osm_type": "way", "railway": "razed", "name": null, "source": "DATA-SRC-OSM", "official_boundary": false, "usable_for_formal": "background_only", "precision_note": "OSM 社区数据铁路线，位置精度数米级；非规划红线"}, "geometry": {"type": "LineString", "coordinates": [[116.34439, 39.956445], [116.34461, 39.952485]]}}, {"type": "Feature", "properties": {"layer": "OSM_RAILWAY", "osm_id": 122348401, "osm_type": "way", "railway": "razed", "name": null, "source": "DATA-SRC-OSM", "official_boundary": false, "usable_for_formal": "background_only", "precision_note": "OSM 社区数据铁路线，位置精度数米级；非规划红线"}, "geometry": {"type": "LineString", "coordinates": [[116.332623, 39.983933], [116.332689, 39.983659], [116.332786, 39.983287], [116.33282, 39.983136], [116.333659, 39.978029], [116.333674, 39.977822], [116.333697, 39.977503]]}}, {"type": "Feature", "properties": {"layer": "OSM_RAILWAY", "osm_id": 122358006, "osm_type": "way", "railway": "platform", "name": null, "source": "DATA-SRC-OSM", "official_boundary": false, "usable_for_formal": "background_only", "precision_note": "OSM 社区数据铁路线，位置精度数米级；非规划红线"}, "geometry": {"type": "LineString", "coordinates": [[116.347363, 39.945231], [116.346906, 39.946618]]}}, {"type": "Feature", "properties": {"layer": "OSM_RAILWAY", "osm_id": 126903450, "osm_type": "way", "railway": "subway", "name": null, "source": "DATA-SRC-OSM", "official_boundary": false, "usable_for_formal": "background_only", "precision_note": "OSM 社区数据铁路线，位置精度数米级；非规划红线"}, "geometry": {"type": "LineString", "coordinates": [[116.364888, 39.974866], [116.365153, 39.974915]]}}, {"type": "Feature", "properties": {"layer": "OSM_RAILWAY", "osm_id": 127023581, "osm_type": "way", "railway": "subway", "name": "8号线", "source": "DATA-SRC-OSM", "official_boundary": false, "usable_for_formal": "background_only", "precision_note": "OSM 社区数据铁路线，位置精度数米级；非规划红线"}, "geometry": {"type": "LineString", "coordinates": [[116.386209, 40.013396], [116.386172, 40.011893], [116.386253, 40.010298], [116.386291, 40.009196]]}}, {"type": "Feature", "properties": {"layer": "OSM_RAILWAY", "osm_id": 127023583, "osm_type": "way", "railway": "subway", "name": "北京地铁8号线", "source": "DATA-SRC-OSM", "official_boundary": false, "usable_for_formal": "background_only", "precision_note": "OSM 社区数据铁路线，位置精度数米级；非规划红线"}, "geometry": {"type": "LineString", "coordinates": [[116.386291, 40.009196], [116.386751, 39.999324], [116.387476, 39.984133], [116.387602, 39.981175], [116.3878, 39.976399]]}}, {"type": "Feature", "properties": {"layer": "OSM_RAILWAY", "osm_id": 127023584, "osm_type": "way", "railway": "subway", "name": "北京地铁8号线", "source": "DATA-SRC-OSM", "official_boundary": false, "usable_for_formal": "background_only", "precision_note": "OSM 社区数据铁路线，位置精度数米级；非规划红线"}, "geometry": {"type": "LineString", "coordinates": [[116.388057, 39.976401], [116.3879, 39.980338], [116.387894, 39.9805], [116.387872, 39.980753], [116.387687, 39.984138], [116.386974, 39.999326], [116.386584, 40.007772], [116.386518, 40.0092]]}}, {"type": "Feature", "properties": {"layer": "OSM_RAILWAY", "osm_id": 127024048, "osm_type": "way", "railway": "subway", "name": null, "source": "DATA-SRC-OSM", "official_boundary": false, "usable_for_formal": "background_only", "precision_note": "OSM 社区数据铁路线，位置精度数米级；非规划红线"}, "geometry": {"type": "LineString", "coordinates": [[116.44565, 39.96817], [116.443776, 39.96948], [116.442062, 39.970728], [116.441224, 39.971349], [116.436253, 39.974924], [116.435182, 39.975268], [116.434376, 39.975424], [116.433318, 39.97556], [116.432472, 39.975713], [116.431606, 39.975772], [116.430423, 39.975844], [116.427291, 39.975865], [116.424074, 39.975887], [116.417182, 39.975821], [116.412408, 39.975712], [116.411241, 39.97569], [116.410503, 39.975684], [116.407002, 39.975732], [116.400924, 39.975816], [116.399183, 39.975807], [116.398327, 39.975808], [116.387963, 39.975748], [116.386903, 39.975741], [116.385878, 39.975681], [116.382214, 39.975647], [116.380515, 39.97556], [116.377481, 39.97523], [116.376428, 39.975151], [116.374939, 39.975141], [116.373239, 39.975133], [116.364679, 39.974983], [116.363079, 39.974965], [116.347761, 39.97495], [116.346727, 39.974944], [116.345624, 39.975013], [116.343963, 39.97508], [116.343503, 39.975175], [116.342634, 39.97522], [116.342048, 39.975222], [116.341989, 39.975223], [116.336838, 39.975239], [116.33579, 39.975234], [116.333519, 39.975211], [116.327541, 39.97508], [116.32293, 39.974995], [116.317649, 39.974883], [116.31237, 39.974765], [116.311515, 39.974732], [116.300194, 39.974392], [116.299334, 39.974363], [116.297809, 39.974221], [116.296666, 39.973985], [116.295236, 39.973682], [116.293968, 39.973555], [116.289451, 39.973401], [116.288976, 39.97339], [116.288452, 39.973371], [116.287518, 39.973318], [116.286521, 39.973261]]}}, {"type": "Feature", "properties": {"layer": "OSM_RAILWAY", "osm_id": 127024049, "osm_type": "way", "railway": "subway", "name": null, "source": "DATA-SRC-OSM", "official_boundary": false, "usable_for_formal": "background_only", "precision_note": "OSM 社区数据铁路线，位置精度数米级；非规划红线"}, "geometry": {"type": "LineString", "coordinates": [[116.286521, 39.973234], [116.28752, 39.973291], [116.288455, 39.973344], [116.288975, 39.973361], [116.289454, 39.973371], [116.293975, 39.97351], [116.295241, 39.973642], [116.296677, 39.973941], [116.29782, 39.97418], [116.299332, 39.974326], [116.300193, 39.974353], [116.311528, 39.9747], [116.312373, 39.97473], [116.322932, 39.974909], [116.327541, 39.974999], [116.333511, 39.975098], [116.334779, 39.975019], [116.335785, 39.975024], [116.33685, 39.97503], [116.342083, 39.975007], [116.343376, 39.974966], [116.344025, 39.974905], [116.3453, 39.974835], [116.345846, 39.974805], [116.346722, 39.974793], [116.347757, 39.974803], [116.363084, 39.974843], [116.364888, 39.974866], [116.366912, 39.974882], [116.368601, 39.97496], [116.373225, 39.975028], [116.374935, 39.975027], [116.376233, 39.975041], [116.376432, 39.975043], [116.377498, 39.975125], [116.380514, 39.975469], [116.382217, 39.97557], [116.385878, 39.975595], [116.387963, 39.975614], [116.389526, 39.975633], [116.390733, 39.975723], [116.398438, 39.975789], [116.399185, 39.975784], [116.400923, 39.975784], [116.410504, 39.975648], [116.411242, 39.975656], [116.412409, 39.975673], [116.41631, 39.975765], [116.41687, 39.975776], [116.424075, 39.975828], [116.430527, 39.97569], [116.43159, 39.975628], [116.432465, 39.97557], [116.433278, 39.975403], [116.43437, 39.975236], [116.435129, 39.975088], [116.436138, 39.974821], [116.44029, 39.971885], [116.441141, 39.971253], [116.44195, 39.970643], [116.443664, 39.969392], [116.445553, 39.968089]]}}, {"type": "Feature", "properties": {"layer": "OSM_RAILWAY", "osm_id": 128366809, "osm_type": "way", "railway": "subway", "name": null, "source": "DATA-SRC-OSM", "official_boundary": false, "usable_for_formal": "background_only", "precision_note": "OSM 社区数据铁路线，位置精度数米级；非规划红线"}, "geometry": {"type": "LineString", "coordinates": [[116.388105, 39.975424], [116.387873, 39.975136]]}}, {"type": "Feature", "properties": {"layer": "OSM_RAILWAY", "osm_id": 128366810, "osm_type": "way", "railway": "subway", "name": "北京地铁8号线", "source": "DATA-SRC-OSM", "official_boundary": false, "usable_for_formal": "background_only", "precision_note": "OSM 社区数据铁路线，位置精度数米级；非规划红线"}, "geometry": {"type": "LineString", "coordinates": [[116.404639, 39.923547], [116.404564, 39.925545], [116.404545, 39.925741], [116.404366, 39.926215], [116.404232, 39.926479], [116.403811, 39.927291], [116.403218, 39.928666], [116.40295, 39.929341], [116.402822, 39.929977], [116.402797, 39.930388], [116.402758, 39.931249], [116.40252, 39.931672], [116.40251, 39.931689], [116.402401, 39.931797], [116.402063, 39.931983], [116.401553, 39.932125], [116.400813, 39.932257], [116.399837, 39.93234], [116.398784, 39.932353], [116.397687, 39.93235], [116.395487, 39.932347], [116.394292, 39.932532], [116.392765, 39.932849], [116.391613, 39.933177], [116.390855, 39.933587], [116.39063, 39.933887], [116.390482, 39.934126], [116.390411, 39.934278], [116.390115, 39.935528], [116.39009, 39.935954], [116.390003, 39.937666], [116.389857, 39.938332], [116.388996, 39.939602], [116.388491, 39.940649], [116.388284, 39.941419], [116.387737, 39.945234], [116.387694, 39.946732], [116.387711, 39.947044], [116.387911, 39.94898], [116.388272, 39.951358], [116.388403, 39.953425], [116.38856, 39.954549], [116.388613, 39.955572], [116.388791, 39.961847], [116.388537, 39.967119], [116.388202, 39.974038], [116.388105, 39.975424], [116.388096, 39.975555], [116.388085, 39.975797], [116.388057, 39.976401]]}}, {"type": "Feature", "properties": {"layer": "OSM_RAILWAY", "osm_id": 143756863, "osm_type": "way", "railway": "subway", "name": "8号线", "source": "DATA-SRC-OSM", "official_boundary": false, "usable_for_formal": "background_only", "precision_note": "OSM 社区数据铁路线，位置精度数米级；非规划红线"}, "geometry": {"type": "LineString", "coordinates": [[116.386209, 40.013396], [116.386122, 40.014069], [116.386102, 40.014378], [116.38601, 40.015222], [116.385844, 40.015792], [116.385592, 40.016113], [116.384669, 40.016733], [116.3779, 40.019773], [116.37577, 40.020291], [116.367749, 40.020534], [116.366792, 40.020547], [116.365713, 40.020556], [116.363894, 40.020835], [116.362889, 40.021223], [116.353181, 40.02631], [116.352612, 40.026727], [116.351942, 40.027841], [116.351507, 40.029146], [116.348601, 40.035266], [116.348269, 40.036674], [116.34747, 40.040292], [116.346745, 40.042373], [116.345091, 40.046058], [116.34479, 40.046717]]}}, {"type": "Feature", "properties": {"layer": "OSM_RAILWAY", "osm_id": 153322113, "osm_type": "way", "railway": "platform", "name": null, "source": "DATA-SRC-OSM", "official_boundary": false, "usable_for_formal": "background_only", "precision_note": "OSM 社区数据铁路线，位置精度数米级；非规划红线"}, "geometry": {"type": "LineString", "coordinates": [[116.360584, 39.939405], [116.362103, 39.939408]]}}, {"type": "Feature", "properties": {"layer": "OSM_RAILWAY", "osm_id": 153322118, "osm_type": "way", "railway": "platform", "name": null, "source": "DATA-SRC-OSM", "official_boundary": false, "usable_for_formal": "background_only", "precision_note": "OSM 社区数据铁路线，位置精度数米级；非规划红线"}, "geometry": {"type": "LineString", "coordinates": [[116.362101, 39.939506], [116.360583, 39.939508]]}}, {"type": "Feature", "properties": {"layer": "OSM_RAILWAY", "osm_id": 153322274, "osm_type": "way", "railway": "subway", "name": null, "source": "DATA-SRC-OSM", "official_boundary": false, "usable_for_formal": "background_only", "precision_note": "OSM 社区数据铁路线，位置精度数米级；非规划红线"}, "geometry": {"type": "LineString", "coordinates": [[116.310407, 39.983598], [116.310318, 39.983768]]}}, {"type": "Feature", "properties": {"layer": "OSM_RAILWAY", "osm_id": 153322275, "osm_type": "way", "railway": "subway", "name": null, "source": "DATA-SRC-OSM", "official_boundary": false, "usable_for_formal": "background_only", "precision_note": "OSM 社区数据铁路线，位置精度数米级；非规划红线"}, "geometry": {"type": "LineString", "coordinates": [[116.310211, 39.985038], [116.310282, 39.985146]]}}, {"type": "Feature", "properties": {"layer": "OSM_RAILWAY", "osm_id": 153322276, "osm_type": "way", "railway": "subway", "name": null, "source": "DATA-SRC-OSM", "official_boundary": false, "usable_for_formal": "background_only", "precision_note": "OSM 社区数据铁路线，位置精度数米级；非规划红线"}, "geometry": {"type": "LineString", "coordinates": [[116.310214, 39.983331], [116.310327, 39.983674], [116.310318, 39.983768], [116.310211, 39.985038], [116.310206, 39.985124]]}}, {"type": "Feature", "properties": {"layer": "OSM_RAILWAY", "osm_id": 154870219, "osm_type": "way", "railway": "subway", "name": "北京地铁4号线", "source": "DATA-SRC-OSM", "official_boundary": false, "usable_for_formal": "background_only", "precision_note": "OSM 社区数据铁路线，位置精度数米级；非规划红线"}, "geometry": {"type": "LineString", "coordinates": [[116.264254, 40.007803], [116.264815, 40.00614], [116.265579, 40.004631], [116.266568, 40.003315], [116.267525, 40.002427], [116.26845, 40.001825], [116.269444, 40.001444], [116.271336, 40.001161], [116.27258, 40.000959], [116.272848, 40.000919], [116.273121, 40.000869], [116.273469, 40.000788], [116.283427, 39.997412], [116.285505, 39.99665], [116.287969, 39.995795], [116.288728, 39.995641], [116.289472, 39.995575], [116.299169, 39.996188], [116.299857, 39.996305], [116.30043, 39.996518], [116.300932, 39.996833], [116.302135, 39.997674], [116.302492, 39.99789], [116.302894, 39.998038], [116.303703, 39.998243], [116.30453, 39.998426], [116.305176, 39.998525], [116.305724, 39.998561], [116.306082, 39.998554], [116.30645, 39.998533], [116.306854, 39.998493], [116.307258, 39.998416], [116.307675, 39.998286], [116.308134, 39.998082], [116.308631, 39.997798], [116.309045, 39.997412], [116.30945, 39.996915], [116.309677, 39.996261], [116.309844, 39.995498], [116.309787, 39.99474], [116.309591, 39.99358], [116.309481, 39.992881], [116.309453, 39.992537], [116.309466, 39.992173], [116.309594, 39.990807], [116.309652, 39.990162], [116.310214, 39.983331], [116.310254, 39.982692], [116.310295, 39.982009], [116.310409, 39.980545], [116.31062, 39.977845], [116.310702, 39.977146], [116.310863, 39.976463], [116.311197, 39.975306], [116.311426, 39.974712], [116.311681, 39.974053], [116.311991, 39.973363], [116.314403, 39.968439], [116.315138, 39.967003], [116.315413, 39.966365], [116.31562, 39.965758], [116.315838, 39.965117], [116.316142, 39.964006], [116.316336, 39.963013], [116.316497, 39.96196], [116.316623, 39.960499], [116.316992, 39.956975], [116.317068, 39.956334], [116.317144, 39.955693], [116.317786, 39.950242], [116.318418, 39.945253], [116.318536, 39.944367], [116.318777, 39.942487], [116.318865, 39.941824], [116.318952, 39.941153], [116.31903, 39.940474], [116.319134, 39.939767], [116.319179, 39.939464], [116.319421, 39.938794], [116.319738, 39.938305], [116.320303, 39.937866], [116.320892, 39.937562], [116.321837, 39.937329], [116.323241, 39.937137], [116.324879, 39.936999], [116.326934, 39.93687], [116.328858, 39.936773], [116.330088, 39.936775], [116.331891, 39.936852], [116.332717, 39.936886], [116.334726, 39.936982], [116.337625, 39.937132], [116.338724, 39.937227], [116.339754, 39.937473], [116.341933, 39.938169], [116.342822, 39.938401], [116.343721, 39.938563], [116.346719, 39.938953], [116.347037, 39.938988], [116.34734, 39.939017], [116.347557, 39.939034], [116.347756, 39.939047], [116.348009, 39.939057], [116.348248, 39.939062], [116.349327, 39.939093], [116.350302, 39.939119], [116.357554, 39.939303], [116.359608, 39.939364], [116.360511, 39.939381], [116.361344, 39.939381], [116.362181, 39.939385], [116.362883, 39.939332], [116.36367, 39.939148], [116.364416, 39.938845], [116.365107, 39.938412], [116.365241, 39.938305], [116.365389, 39.938179], [116.365513, 39.938062], [116.365656, 39.937891], [116.365757, 39.937739], [116.365988, 39.937294], [116.366193, 39.936799], [116.366349, 39.936173], [116.366423, 39.935666], [116.366356, 39.933831], [116.366395, 39.932318], [116.366425, 39.931409], [116.366718, 39.922554], [116.366732, 39.921952], [116.366944, 39.918702], [116.367148, 39.915568], [116.367164, 39.914948], [116.367181, 39.914343]]}}, {"type": "Feature", "properties": {"layer": "OSM_RAILWAY", "osm_id": 154870235, "osm_type": "way", "railway": "subway", "name": "北京地铁4号线", "source": "DATA-SRC-OSM", "official_boundary": false, "usable_for_formal": "background_only", "precision_note": "OSM 社区数据铁路线，位置精度数米级；非规划红线"}, "geometry": {"type": "LineString", "coordinates": [[116.367379, 39.914284], [116.367363, 39.91489], [116.367346, 39.915509], [116.366929, 39.92189], [116.366918, 39.922562], [116.366597, 39.932257], [116.366561, 39.933779], [116.366631, 39.935607], [116.366557, 39.936129], [116.366399, 39.936769], [116.366185, 39.937286], [116.36581, 39.937915], [116.365712, 39.938042], [116.365617, 39.938142], [116.365475, 39.938287], [116.365263, 39.938455], [116.36454, 39.938907], [116.36376, 39.939224], [116.362938, 39.939417], [116.362216, 39.939471], [116.361358, 39.939473], [116.360529, 39.939475], [116.359903, 39.939464], [116.356592, 39.939381], [116.350295, 39.939205], [116.349323, 39.939173], [116.348244, 39.939146], [116.347342, 39.939091], [116.346708, 39.939023], [116.3437, 39.938651], [116.342941, 39.938504], [116.342794, 39.938465], [116.341879, 39.938249], [116.339703, 39.937554], [116.3387, 39.937315], [116.337623, 39.937222], [116.333959, 39.937031], [116.332729, 39.936973], [116.330083, 39.936892], [116.328884, 39.936906], [116.326978, 39.937024], [116.324921, 39.937154], [116.323272, 39.937317], [116.322022, 39.937487], [116.32124, 39.937659], [116.320619, 39.937957], [116.320066, 39.93834], [116.31974, 39.938877], [116.319569, 39.939529], [116.319333, 39.940985], [116.319312, 39.941114], [116.319224, 39.941783], [116.319136, 39.942452], [116.318903, 39.944336], [116.318789, 39.945223], [116.318109, 39.950204], [116.317364, 39.955641], [116.317289, 39.956285], [116.317214, 39.956932], [116.316793, 39.960997], [116.316696, 39.961927], [116.316553, 39.962968], [116.316351, 39.963982], [116.316044, 39.965089], [116.315828, 39.965727], [116.31562, 39.966343], [116.315445, 39.966769], [116.314573, 39.968449], [116.312196, 39.973351], [116.311892, 39.974036], [116.311631, 39.974719], [116.31141, 39.975289], [116.311065, 39.976416], [116.310922, 39.977101], [116.310838, 39.977797], [116.310517, 39.981955], [116.310474, 39.982633], [116.310433, 39.98328], [116.310407, 39.983598], [116.310282, 39.985146], [116.309879, 39.990117], [116.309817, 39.990751], [116.309675, 39.992202], [116.30967, 39.992527], [116.309693, 39.992866], [116.309799, 39.993551], [116.310027, 39.994718], [116.310113, 39.995488], [116.31001, 39.996328], [116.30978, 39.997022], [116.309347, 39.997575], [116.308785, 39.998016], [116.308267, 39.998314], [116.307636, 39.998532], [116.307053, 39.998648], [116.30649, 39.99869], [116.305856, 39.99868], [116.305173, 39.998618], [116.304506, 39.998526], [116.303657, 39.998334], [116.302827, 39.998134], [116.302418, 39.997966], [116.302048, 39.997748], [116.300853, 39.996908], [116.300359, 39.996596], [116.299812, 39.996398], [116.299155, 39.99628], [116.290671, 39.995744], [116.289491, 39.995669], [116.288781, 39.995732], [116.288049, 39.995881], [116.285564, 39.996745], [116.283526, 39.997485], [116.273564, 40.000872], [116.273202, 40.000958], [116.272916, 40.001011], [116.272617, 40.001057], [116.271385, 40.001244], [116.269514, 40.001535], [116.268557, 40.001886], [116.267649, 40.002473], [116.266723, 40.003337], [116.265737, 40.00463], [116.264922, 40.006118], [116.264332, 40.007746]]}}, {"type": "Feature", "properties": {"layer": "OSM_RAILWAY", "osm_id": 155618800, "osm_type": "way", "railway": "subway", "name": null, "source": "DATA-SRC-OSM", "official_boundary": false, "usable_for_formal": "background_only", "precision_note": "OSM 社区数据铁路线，位置精度数米级；非规划红线"}, "geometry": {"type": "LineString", "coordinates": [[116.357554, 39.939303], [116.357685, 39.939352]]}}, {"type": "Feature", "properties": {"layer": "OSM_RAILWAY", "osm_id": 155618804, "osm_type": "way", "railway": "subway", "name": null, "source": "DATA-SRC-OSM", "official_boundary": false, "usable_for_formal": "background_only", "precision_note": "OSM 社区数据铁路线，位置精度数米级；非规划红线"}, "geometry": {"type": "LineString", "coordinates": [[116.31455, 39.968305], [116.314403, 39.968439]]}}, {"type": "Feature", "properties": {"layer": "OSM_RAILWAY", "osm_id": 155618811, "osm_type": "way", "railway": "subway", "name": null, "source": "DATA-SRC-OSM", "official_boundary": false, "usable_for_formal": "background_only", "precision_note": "OSM 社区数据铁路线，位置精度数米级；非规划红线"}, "geometry": {"type": "LineString", "coordinates": [[116.359608, 39.939364], [116.359476, 39.939405]]}}, {"type": "Feature", "properties": {"layer": "OSM_RAILWAY", "osm_id": 155618816, "osm_type": "way", "railway": "subway", "name": null, "source": "DATA-SRC-OSM", "official_boundary": false, "usable_for_formal": "background_only", "precision_note": "OSM 社区数据铁路线，位置精度数米级；非规划红线"}, "geometry": {"type": "LineString", "coordinates": [[116.315138, 39.967003], [116.315133, 39.967167]]}}, {"type": "Feature", "properties": {"layer": "OSM_RAILWAY", "osm_id": 155618840, "osm_type": "way", "railway": "subway", "name": null, "source": "DATA-SRC-OSM", "official_boundary": false, "usable_for_formal": "background_only", "precision_note": "OSM 社区数据铁路线，位置精度数米级；非规划红线"}, "geometry": {"type": "LineString", "coordinates": [[116.333959, 39.937031], [116.334726, 39.936982]]}}, {"type": "Feature", "properties": {"layer": "OSM_RAILWAY", "osm_id": 155618844, "osm_type": "way", "railway": "subway", "name": null, "source": "DATA-SRC-OSM", "official_boundary": false, "usable_for_formal": "background_only", "precision_note": "OSM 社区数据铁路线，位置精度数米级；非规划红线"}, "geometry": {"type": "LineString", "coordinates": [[116.315445, 39.966769], [116.315222, 39.967033], [116.315133, 39.967167], [116.31455, 39.968305], [116.314472, 39.96846]]}}, {"type": "Feature", "properties": {"layer": "OSM_RAILWAY", "osm_id": 155618856, "osm_type": "way", "railway": "subway", "name": null, "source": "DATA-SRC-OSM", "official_boundary": false, "usable_for_formal": "background_only", "precision_note": "OSM 社区数据铁路线，位置精度数米级；非规划红线"}, "geometry": {"type": "LineString", "coordinates": [[116.359903, 39.939464], [116.359554, 39.939408], [116.359476, 39.939405], [116.357685, 39.939352], [116.357509, 39.939347]]}}, {"type": "Feature", "properties": {"layer": "OSM_RAILWAY", "osm_id": 157879227, "osm_type": "way", "railway": "subway", "name": "北京地铁昌平线", "source": "DATA-SRC-OSM", "official_boundary": false, "usable_for_formal": "background_only", "precision_note": "OSM 社区数据铁路线，位置精度数米级；非规划红线"}, "geometry": {"type": "LineString", "coordinates": [[116.299767, 40.052191], [116.300032, 40.051681], [116.300302, 40.051169]]}}, {"type": "Feature", "properties": {"layer": "OSM_RAILWAY", "osm_id": 163050715, "osm_type": "way", "railway": "subway", "name": null, "source": "DATA-SRC-OSM", "official_boundary": false, "usable_for_formal": "background_only", "precision_note": "OSM 社区数据铁路线，位置精度数米级；非规划红线"}, "geometry": {"type": "LineString", "coordinates": [[116.360979, 39.948923], [116.359924, 39.948301], [116.359735, 39.948213], [116.359517, 39.948118], [116.359235, 39.948033], [116.358861, 39.947928], [116.357923, 39.947662], [116.357803, 39.947623], [116.357684, 39.947582], [116.357527, 39.947512], [116.357406, 39.947448], [116.357299, 39.947379], [116.357203, 39.947304]]}}, {"type": "Feature", "properties": {"layer": "OSM_RAILWAY", "osm_id": 163050716, "osm_type": "way", "railway": "subway", "name": null, "source": "DATA-SRC-OSM", "official_boundary": false, "usable_for_formal": "background_only", "precision_note": "OSM 社区数据铁路线，位置精度数米级；非规划红线"}, "geometry": {"type": "LineString", "coordinates": [[116.364984, 39.947861], [116.362752, 39.94773], [116.362536, 39.947733], [116.362329, 39.947763], [116.362124, 39.947811], [116.361396, 39.948027], [116.361127, 39.948105], [116.360967, 39.948145], [116.360769, 39.94818], [116.360575, 39.9482], [116.3604, 39.948202], [116.360227, 39.948191], [116.360032, 39.948168], [116.35985, 39.948131], [116.359525, 39.948029], [116.359199, 39.947936], [116.358905, 39.947855], [116.358604, 39.94777], [116.358415, 39.947718], [116.35824, 39.947666], [116.358002, 39.947564], [116.357769, 39.947475], [116.357631, 39.947412], [116.357509, 39.947344], [116.357411, 39.947277], [116.357314, 39.947194]]}}, {"type": "Feature", "properties": {"layer": "OSM_RAILWAY", "osm_id": 163050717, "osm_type": "way", "railway": "subway", "name": null, "source": "DATA-SRC-OSM", "official_boundary": false, "usable_for_formal": "background_only", "precision_note": "OSM 社区数据铁路线，位置精度数米级；非规划红线"}, "geometry": {"type": "LineString", "coordinates": [[116.361881, 39.948499], [116.361024, 39.948457], [116.36088, 39.948444], [116.360774, 39.948431], [116.360658, 39.948406], [116.360442, 39.948347], [116.36011, 39.948249], [116.359865, 39.948178], [116.359467, 39.948058], [116.359244, 39.947999], [116.358868, 39.947894], [116.358616, 39.947823], [116.357937, 39.947631], [116.357816, 39.947594], [116.357694, 39.947553], [116.357545, 39.947483], [116.357428, 39.947421], [116.357333, 39.947356], [116.357233, 39.947278]]}}, {"type": "Feature", "properties": {"layer": "OSM_RAILWAY", "osm_id": 163050718, "osm_type": "way", "railway": "subway", "name": null, "source": "DATA-SRC-OSM", "official_boundary": false, "usable_for_formal": "background_only", "precision_note": "OSM 社区数据铁路线，位置精度数米级；非规划红线"}, "geometry": {"type": "LineString", "coordinates": [[116.358604, 39.94777], [116.358213, 39.947606], [116.358064, 39.947513], [116.357988, 39.947446], [116.357926, 39.947374], [116.35788, 39.947298], [116.357822, 39.947204], [116.357765, 39.947128], [116.357759, 39.947116], [116.357681, 39.947048], [116.357551, 39.946959], [116.357365, 39.946832], [116.357175, 39.9467], [116.357064, 39.946608], [116.357008, 39.946514], [116.356983, 39.946444]]}}, {"type": "Feature", "properties": {"layer": "OSM_RAILWAY", "osm_id": 163050719, "osm_type": "way", "railway": "subway", "name": null, "source": "DATA-SRC-OSM", "official_boundary": false, "usable_for_formal": "background_only", "precision_note": "OSM 社区数据铁路线，位置精度数米级；非规划红线"}, "geometry": {"type": "LineString", "coordinates": [[116.358861, 39.947928], [116.359053, 39.947964], [116.359244, 39.947999]]}}, {"type": "Feature", "properties": {"layer": "OSM_RAILWAY", "osm_id": 163050720, "osm_type": "way", "railway": "subway", "name": null, "source": "DATA-SRC-OSM", "official_boundary": false, "usable_for_formal": "background_only", "precision_note": "OSM 社区数据铁路线，位置精度数米级；非规划红线"}, "geometry": {"type": "LineString", "coordinates": [[116.358616, 39.947823], [116.35824, 39.947666]]}}, {"type": "Feature", "properties": {"layer": "OSM_RAILWAY", "osm_id": 163050721, "osm_type": "way", "railway": "subway", "name": null, "source": "DATA-SRC-OSM", "official_boundary": false, "usable_for_formal": "background_only", "precision_note": "OSM 社区数据铁路线，位置精度数米级；非规划红线"}, "geometry": {"type": "LineString", "coordinates": [[116.359235, 39.948033], [116.359053, 39.947964], [116.358868, 39.947894]]}}, {"type": "Feature", "properties": {"layer": "OSM_RAILWAY", "osm_id": 163050722, "osm_type": "way", "railway": "subway", "name": null, "source": "DATA-SRC-OSM", "official_boundary": false, "usable_for_formal": "background_only", "precision_note": "OSM 社区数据铁路线，位置精度数米级；非规划红线"}, "geometry": {"type": "LineString", "coordinates": [[116.357314, 39.947194], [116.357144, 39.946986]]}}, {"type": "Feature", "properties": {"layer": "OSM_RAILWAY", "osm_id": 163050723, "osm_type": "way", "railway": "subway", "name": null, "source": "DATA-SRC-OSM", "official_boundary": false, "usable_for_formal": "background_only", "precision_note": "OSM 社区数据铁路线，位置精度数米级；非规划红线"}, "geometry": {"type": "LineString", "coordinates": [[116.357731, 39.947197], [116.357531, 39.947061]]}}, {"type": "Feature", "properties": {"layer": "OSM_RAILWAY", "osm_id": 163050724, "osm_type": "way", "railway": "subway", "name": null, "source": "DATA-SRC-OSM", "official_boundary": false, "usable_for_formal": "background_only", "precision_note": "OSM 社区数据铁路线，位置精度数米级；非规划红线"}, "geometry": {"type": "LineString", "coordinates": [[116.363291, 39.946708], [116.363568, 39.946771]]}}, {"type": "Feature", "properties": {"layer": "OSM_RAILWAY", "osm_id": 163050725, "osm_type": "way", "railway": "subway", "name": null, "source": "DATA-SRC-OSM", "official_boundary": false, "usable_for_formal": "background_only", "precision_note": "OSM 社区数据铁路线，位置精度数米级；非规划红线"}, "geometry": {"type": "LineString", "coordinates": [[116.359604, 39.947579], [116.358334, 39.947133], [116.358188, 39.947097], [116.357932, 39.947065]]}}, {"type": "Feature", "properties": {"layer": "OSM_RAILWAY", "osm_id": 163050726, "osm_type": "way", "railway": "subway", "name": null, "source": "DATA-SRC-OSM", "official_boundary": false, "usable_for_formal": "background_only", "precision_note": "OSM 社区数据铁路线，位置精度数米级；非规划红线"}, "geometry": {"type": "LineString", "coordinates": [[116.357755, 39.947419], [116.35763, 39.947319], [116.35751, 39.947219], [116.357397, 39.947113], [116.357171, 39.946832]]}}, {"type": "Feature", "properties": {"layer": "OSM_RAILWAY", "osm_id": 163050727, "osm_type": "way", "railway": "subway", "name": null, "source": "DATA-SRC-OSM", "official_boundary": false, "usable_for_formal": "background_only", "precision_note": "OSM 社区数据铁路线，位置精度数米级；非规划红线"}, "geometry": {"type": "LineString", "coordinates": [[116.357365, 39.946832], [116.357553, 39.946936], [116.3577, 39.946997], [116.357932, 39.947065], [116.358187, 39.947136], [116.35958, 39.947626]]}}, {"type": "Feature", "properties": {"layer": "OSM_RAILWAY", "osm_id": 163050728, "osm_type": "way", "railway": "subway", "name": null, "source": "DATA-SRC-OSM", "official_boundary": false, "usable_for_formal": "background_only", "precision_note": "OSM 社区数据铁路线，位置精度数米级；非规划红线"}, "geometry": {"type": "LineString", "coordinates": [[116.358002, 39.947564], [116.357755, 39.947419], [116.357616, 39.947338], [116.357537, 39.947287], [116.35745, 39.947223], [116.357355, 39.947135], [116.357123, 39.946855]]}}, {"type": "Feature", "properties": {"layer": "OSM_RAILWAY", "osm_id": 163051603, "osm_type": "way", "railway": "subway", "name": null, "source": "DATA-SRC-OSM", "official_boundary": false, "usable_for_formal": "background_only", "precision_note": "OSM 社区数据铁路线，位置精度数米级；非规划红线"}, "geometry": {"type": "LineString", "coordinates": [[116.361048, 39.948688], [116.361279, 39.948751], [116.36137, 39.948779], [116.361471, 39.948808], [116.361598, 39.948837], [116.361735, 39.948856], [116.361843, 39.948866], [116.361948, 39.948872], [116.362021, 39.948872], [116.362082, 39.948876], [116.36503, 39.949047]]}}, {"type": "Feature", "properties": {"layer": "OSM_RAILWAY", "osm_id": 163051604, "osm_type": "way", "railway": "subway", "name": null, "source": "DATA-SRC-OSM", "official_boundary": false, "usable_for_formal": "background_only", "precision_note": "OSM 社区数据铁路线，位置精度数米级；非规划红线"}, "geometry": {"type": "LineString", "coordinates": [[116.360742, 39.948556], [116.361226, 39.948695], [116.361359, 39.948735], [116.361481, 39.948768], [116.361591, 39.94879], [116.361684, 39.948808], [116.361777, 39.948819], [116.361875, 39.948826], [116.361966, 39.948831], [116.362086, 39.948837], [116.365034, 39.949002]]}}, {"type": "Feature", "properties": {"layer": "OSM_RAILWAY", "osm_id": 163051605, "osm_type": "way", "railway": "subway", "name": null, "source": "DATA-SRC-OSM", "official_boundary": false, "usable_for_formal": "background_only", "precision_note": "OSM 社区数据铁路线，位置精度数米级；非规划红线"}, "geometry": {"type": "LineString", "coordinates": [[116.360374, 39.948412], [116.360742, 39.948556], [116.361048, 39.948688], [116.361281, 39.948785], [116.361405, 39.948829], [116.361533, 39.948864], [116.361658, 39.94889], [116.361764, 39.948905], [116.361877, 39.948915], [116.362009, 39.948925], [116.362076, 39.948929], [116.365026, 39.949091]]}}, {"type": "Feature", "properties": {"layer": "OSM_RAILWAY", "osm_id": 163051606, "osm_type": "way", "railway": "subway", "name": null, "source": "DATA-SRC-OSM", "official_boundary": false, "usable_for_formal": "background_only", "precision_note": "OSM 社区数据铁路线，位置精度数米级；非规划红线"}, "geometry": {"type": "LineString", "coordinates": [[116.359517, 39.948118], [116.360114, 39.948298], [116.360374, 39.948412], [116.360685, 39.948585], [116.360966, 39.948746], [116.361176, 39.948868], [116.361277, 39.948914], [116.361425, 39.948964], [116.3616, 39.94901], [116.361751, 39.949042], [116.361949, 39.949067], [116.36206, 39.949074], [116.365012, 39.949248]]}}, {"type": "Feature", "properties": {"layer": "OSM_RAILWAY", "osm_id": 163051607, "osm_type": "way", "railway": "subway", "name": null, "source": "DATA-SRC-OSM", "official_boundary": false, "usable_for_formal": "background_only", "precision_note": "OSM 社区数据铁路线，位置精度数米级；非规划红线"}, "geometry": {"type": "LineString", "coordinates": [[116.360685, 39.948585], [116.36085, 39.94865], [116.360984, 39.948707], [116.361205, 39.948798], [116.361323, 39.948844], [116.36143, 39.948878], [116.361556, 39.948911], [116.361683, 39.948938], [116.361796, 39.948956], [116.361904, 39.948965], [116.362016, 39.948969], [116.362071, 39.948972], [116.365021, 39.949135]]}}, {"type": "Feature", "properties": {"layer": "OSM_RAILWAY", "osm_id": 163051608, "osm_type": "way", "railway": "subway", "name": null, "source": "DATA-SRC-OSM", "official_boundary": false, "usable_for_formal": "background_only", "precision_note": "OSM 社区数据铁路线，位置精度数米级；非规划红线"}, "geometry": {"type": "LineString", "coordinates": [[116.360114, 39.948298], [116.360303, 39.94835], [116.360764, 39.948478], [116.36106, 39.948559], [116.361233, 39.948613], [116.36135, 39.948645], [116.361458, 39.948676], [116.361578, 39.948701], [116.361697, 39.948718], [116.361812, 39.948733], [116.361923, 39.948738], [116.362096, 39.948748], [116.365043, 39.948914]]}}, {"type": "Feature", "properties": {"layer": "OSM_RAILWAY", "osm_id": 163051609, "osm_type": "way", "railway": "subway", "name": null, "source": "DATA-SRC-OSM", "official_boundary": false, "usable_for_formal": "background_only", "precision_note": "OSM 社区数据铁路线，位置精度数米级；非规划红线"}, "geometry": {"type": "LineString", "coordinates": [[116.361129, 39.948532], [116.361386, 39.948548], [116.361984, 39.948576], [116.362114, 39.948582], [116.36506, 39.948736]]}}, {"type": "Feature", "properties": {"layer": "OSM_RAILWAY", "osm_id": 163051610, "osm_type": "way", "railway": "subway", "name": null, "source": "DATA-SRC-OSM", "official_boundary": false, "usable_for_formal": "background_only", "precision_note": "OSM 社区数据铁路线，位置精度数米级；非规划红线"}, "geometry": {"type": "LineString", "coordinates": [[116.361389, 39.94858], [116.361652, 39.9486], [116.361802, 39.948608], [116.362109, 39.948624], [116.365056, 39.948781]]}}, {"type": "Feature", "properties": {"layer": "OSM_RAILWAY", "osm_id": 163051611, "osm_type": "way", "railway": "subway", "name": null, "source": "DATA-SRC-OSM", "official_boundary": false, "usable_for_formal": "background_only", "precision_note": "OSM 社区数据铁路线，位置精度数米级；非规划红线"}, "geometry": {"type": "LineString", "coordinates": [[116.359924, 39.948301], [116.360168, 39.948395], [116.360285, 39.948454], [116.361016, 39.948882]]}}, {"type": "Feature", "properties": {"layer": "OSM_RAILWAY", "osm_id": 163051612, "osm_type": "way", "railway": "subway", "name": null, "source": "DATA-SRC-OSM", "official_boundary": false, "usable_for_formal": "background_only", "precision_note": "OSM 社区数据铁路线，位置精度数米级；非规划红线"}, "geometry": {"type": "LineString", "coordinates": [[116.361226, 39.948695], [116.361427, 39.948727], [116.361566, 39.948751], [116.3617, 39.948772], [116.361805, 39.948785], [116.361896, 39.948791], [116.36209, 39.948801], [116.365039, 39.948958]]}}, {"type": "Feature", "properties": {"layer": "OSM_RAILWAY", "osm_id": 163051613, "osm_type": "way", "railway": "subway", "name": null, "source": "DATA-SRC-OSM", "official_boundary": false, "usable_for_formal": "background_only", "precision_note": "OSM 社区数据铁路线，位置精度数米级；非规划红线"}, "geometry": {"type": "LineString", "coordinates": [[116.360764, 39.948478], [116.361129, 39.948532], [116.361389, 39.94858], [116.361654, 39.948625], [116.361781, 39.948637], [116.361955, 39.948651], [116.362105, 39.948659], [116.365052, 39.948825]]}}, {"type": "Feature", "properties": {"layer": "OSM_RAILWAY", "osm_id": 163051614, "osm_type": "way", "railway": "subway", "name": null, "source": "DATA-SRC-OSM", "official_boundary": false, "usable_for_formal": "background_only", "precision_note": "OSM 社区数据铁路线，位置精度数米级；非规划红线"}, "geometry": {"type": "LineString", "coordinates": [[116.36106, 39.948559], [116.36125, 39.94859], [116.361389, 39.948616], [116.361546, 39.948645], [116.361655, 39.948661], [116.361767, 39.948676], [116.361867, 39.948685], [116.361983, 39.948691], [116.362101, 39.948698], [116.365047, 39.948869]]}}, {"type": "Feature", "properties": {"layer": "OSM_RAILWAY", "osm_id": 163051615, "osm_type": "way", "railway": "subway", "name": null, "source": "DATA-SRC-OSM", "official_boundary": false, "usable_for_formal": "background_only", "precision_note": "OSM 社区数据铁路线，位置精度数米级；非规划红线"}, "geometry": {"type": "LineString", "coordinates": [[116.360966, 39.948746], [116.361194, 39.948835], [116.361305, 39.948877], [116.361437, 39.948921], [116.36155, 39.948951], [116.361689, 39.948977], [116.361808, 39.948995], [116.361979, 39.94901], [116.362067, 39.949015], [116.365017, 39.94918]]}}, {"type": "Feature", "properties": {"layer": "OSM_RAILWAY", "osm_id": 163052040, "osm_type": "way", "railway": "subway", "name": null, "source": "DATA-SRC-OSM", "official_boundary": false, "usable_for_formal": "background_only", "precision_note": "OSM 社区数据铁路线，位置精度数米级；非规划红线"}, "geometry": {"type": "LineString", "coordinates": [[116.360127, 39.948218], [116.36036, 39.948236], [116.360517, 39.948237], [116.360715, 39.94822], [116.360951, 39.948185], [116.361176, 39.948127], [116.361384, 39.948073], [116.361576, 39.948026], [116.361771, 39.947994], [116.361937, 39.947984], [116.362113, 39.947986], [116.362178, 39.947989], [116.365131, 39.948171]]}}, {"type": "Feature", "properties": {"layer": "OSM_RAILWAY", "osm_id": 163052041, "osm_type": "way", "railway": "subway", "name": null, "source": "DATA-SRC-OSM", "official_boundary": false, "usable_for_formal": "background_only", "precision_note": "OSM 社区数据铁路线，位置精度数米级；非规划红线"}, "geometry": {"type": "LineString", "coordinates": [[116.359865, 39.948178], [116.360127, 39.948218], [116.360353, 39.948257], [116.360522, 39.948276], [116.360717, 39.948284], [116.360899, 39.948274], [116.361162, 39.948241], [116.3614, 39.948217], [116.361679, 39.948187], [116.361834, 39.948167], [116.361979, 39.948161], [116.362113, 39.948166], [116.362159, 39.948169], [116.365114, 39.948342]]}}, {"type": "Feature", "properties": {"layer": "OSM_RAILWAY", "osm_id": 163052042, "osm_type": "way", "railway": "subway", "name": null, "source": "DATA-SRC-OSM", "official_boundary": false, "usable_for_formal": "background_only", "precision_note": "OSM 社区数据铁路线，位置精度数米级；非规划红线"}, "geometry": {"type": "LineString", "coordinates": [[116.359467, 39.948058], [116.35985, 39.948131]]}}, {"type": "Feature", "properties": {"layer": "OSM_RAILWAY", "osm_id": 163052043, "osm_type": "way", "railway": "subway", "name": null, "source": "DATA-SRC-OSM", "official_boundary": false, "usable_for_formal": "background_only", "precision_note": "OSM 社区数据铁路线，位置精度数米级；非规划红线"}, "geometry": {"type": "LineString", "coordinates": [[116.361643, 39.948372], [116.361909, 39.948415], [116.362064, 39.948432], [116.36213, 39.948436], [116.36509, 39.948598]]}}, {"type": "Feature", "properties": {"layer": "OSM_RAILWAY", "osm_id": 163052044, "osm_type": "way", "railway": "subway", "name": null, "source": "DATA-SRC-OSM", "official_boundary": false, "usable_for_formal": "background_only", "precision_note": "OSM 社区数据铁路线，位置精度数米级；非规划红线"}, "geometry": {"type": "LineString", "coordinates": [[116.361878, 39.948457], [116.36096, 39.948407], [116.360862, 39.948401], [116.360748, 39.94839], [116.360442, 39.948347]]}}, {"type": "Feature", "properties": {"layer": "OSM_RAILWAY", "osm_id": 163052045, "osm_type": "way", "railway": "subway", "name": null, "source": "DATA-SRC-OSM", "official_boundary": false, "usable_for_formal": "background_only", "precision_note": "OSM 社区数据铁路线，位置精度数米级；非规划红线"}, "geometry": {"type": "LineString", "coordinates": [[116.361273, 39.948349], [116.361534, 39.948335], [116.361715, 39.948331], [116.362033, 39.948344], [116.362139, 39.948349], [116.365098, 39.948513]]}}, {"type": "Feature", "properties": {"layer": "OSM_RAILWAY", "osm_id": 163052046, "osm_type": "way", "railway": "subway", "name": null, "source": "DATA-SRC-OSM", "official_boundary": false, "usable_for_formal": "background_only", "precision_note": "OSM 社区数据铁路线，位置精度数米级；非规划红线"}, "geometry": {"type": "LineString", "coordinates": [[116.36511, 39.948385], [116.362154, 39.948212], [116.362107, 39.948209], [116.361954, 39.948203], [116.361798, 39.948206], [116.3614, 39.948217]]}}, {"type": "Feature", "properties": {"layer": "OSM_RAILWAY", "osm_id": 163052047, "osm_type": "way", "railway": "subway", "name": null, "source": "DATA-SRC-OSM", "official_boundary": false, "usable_for_formal": "background_only", "precision_note": "OSM 社区数据铁路线，位置精度数米级；非规划红线"}, "geometry": {"type": "LineString", "coordinates": [[116.360034, 39.948124], [116.360425, 39.948116], [116.360605, 39.948106], [116.36076, 39.948076], [116.360951, 39.948035], [116.36101, 39.948017], [116.362509, 39.947555]]}}, {"type": "Feature", "properties": {"layer": "OSM_RAILWAY", "osm_id": 163052048, "osm_type": "way", "railway": "subway", "name": null, "source": "DATA-SRC-OSM", "official_boundary": false, "usable_for_formal": "background_only", "precision_note": "OSM 社区数据铁路线，位置精度数米级；非规划红线"}, "geometry": {"type": "LineString", "coordinates": [[116.361396, 39.948027], [116.361593, 39.947983], [116.361724, 39.947961], [116.361858, 39.947945], [116.362043, 39.947941], [116.362183, 39.947949], [116.365135, 39.948129]]}}, {"type": "Feature", "properties": {"layer": "OSM_RAILWAY", "osm_id": 163052049, "osm_type": "way", "railway": "subway", "name": null, "source": "DATA-SRC-OSM", "official_boundary": false, "usable_for_formal": "background_only", "precision_note": "OSM 社区数据铁路线，位置精度数米级；非规划红线"}, "geometry": {"type": "LineString", "coordinates": [[116.361317, 39.948307], [116.361548, 39.948266], [116.36171, 39.948245], [116.361851, 39.948244], [116.362056, 39.948253], [116.362149, 39.948258], [116.365106, 39.948427]]}}, {"type": "Feature", "properties": {"layer": "OSM_RAILWAY", "osm_id": 163052050, "osm_type": "way", "railway": "subway", "name": null, "source": "DATA-SRC-OSM", "official_boundary": false, "usable_for_formal": "background_only", "precision_note": "OSM 社区数据铁路线，位置精度数米级；非规划红线"}, "geometry": {"type": "LineString", "coordinates": [[116.360911, 39.948326], [116.361153, 39.948321], [116.361317, 39.948307], [116.361575, 39.948295], [116.361749, 39.948288], [116.361926, 39.948292], [116.362144, 39.948304], [116.365102, 39.94847]]}}, {"type": "Feature", "properties": {"layer": "OSM_RAILWAY", "osm_id": 163052051, "osm_type": "way", "railway": "subway", "name": null, "source": "DATA-SRC-OSM", "official_boundary": false, "usable_for_formal": "background_only", "precision_note": "OSM 社区数据铁路线，位置精度数米级；非规划红线"}, "geometry": {"type": "LineString", "coordinates": [[116.36011, 39.948249], [116.360429, 39.948298], [116.360625, 39.948313], [116.360911, 39.948326], [116.361273, 39.948349], [116.361643, 39.948372], [116.362134, 39.948397], [116.365094, 39.948555]]}}, {"type": "Feature", "properties": {"layer": "OSM_RAILWAY", "osm_id": 163052052, "osm_type": "way", "railway": "subway", "name": null, "source": "DATA-SRC-OSM", "official_boundary": false, "usable_for_formal": "background_only", "precision_note": "OSM 社区数据铁路线，位置精度数米级；非规划红线"}, "geometry": {"type": "LineString", "coordinates": [[116.361236, 39.948144], [116.361428, 39.948102], [116.361608, 39.948064], [116.361755, 39.948041], [116.361882, 39.94803], [116.362018, 39.948028], [116.362173, 39.948037], [116.365127, 39.948214]]}}, {"type": "Feature", "properties": {"layer": "OSM_RAILWAY", "osm_id": 163052053, "osm_type": "way", "railway": "subway", "name": null, "source": "DATA-SRC-OSM", "official_boundary": false, "usable_for_formal": "background_only", "precision_note": "OSM 社区数据铁路线，位置精度数米级；非规划红线"}, "geometry": {"type": "LineString", "coordinates": [[116.360951, 39.948185], [116.361236, 39.948144], [116.361453, 39.948121], [116.361617, 39.948104], [116.361778, 39.94808], [116.361929, 39.948073], [116.362125, 39.948075], [116.362169, 39.948078], [116.365123, 39.948257]]}}, {"type": "Feature", "properties": {"layer": "OSM_RAILWAY", "osm_id": 163052054, "osm_type": "way", "railway": "subway", "name": null, "source": "DATA-SRC-OSM", "official_boundary": false, "usable_for_formal": "background_only", "precision_note": "OSM 社区数据铁路线，位置精度数米级；非规划红线"}, "geometry": {"type": "LineString", "coordinates": [[116.361162, 39.948241], [116.36139, 39.948189], [116.361561, 39.948151], [116.36168, 39.948134], [116.361845, 39.948116], [116.361987, 39.948116], [116.362123, 39.948121], [116.362164, 39.948123], [116.365118, 39.948299]]}}, {"type": "Feature", "properties": {"layer": "OSM_RAILWAY", "osm_id": 163052055, "osm_type": "way", "railway": "subway", "name": null, "source": "DATA-SRC-OSM", "official_boundary": false, "usable_for_formal": "background_only", "precision_note": "OSM 社区数据铁路线，位置精度数米级；非规划红线"}, "geometry": {"type": "LineString", "coordinates": [[116.358905, 39.947855], [116.359231, 39.947905], [116.359466, 39.947912], [116.359631, 39.947905], [116.359799, 39.947887], [116.359915, 39.947865], [116.360069, 39.947823], [116.360136, 39.947805], [116.361554, 39.947378]]}}, {"type": "Feature", "properties": {"layer": "OSM_RAILWAY", "osm_id": 163052056, "osm_type": "way", "railway": "subway", "name": null, "source": "DATA-SRC-OSM", "official_boundary": false, "usable_for_formal": "background_only", "precision_note": "OSM 社区数据铁路线，位置精度数米级；非规划红线"}, "geometry": {"type": "LineString", "coordinates": [[116.359199, 39.947936], [116.359405, 39.947975], [116.359538, 39.947993], [116.359722, 39.948002], [116.359893, 39.94799], [116.360071, 39.947961], [116.360199, 39.947924], [116.360233, 39.947915], [116.361614, 39.947499]]}}, {"type": "Feature", "properties": {"layer": "OSM_RAILWAY", "osm_id": 163052057, "osm_type": "way", "railway": "subway", "name": null, "source": "DATA-SRC-OSM", "official_boundary": false, "usable_for_formal": "background_only", "precision_note": "OSM 社区数据铁路线，位置精度数米级；非规划红线"}, "geometry": {"type": "LineString", "coordinates": [[116.359231, 39.947905], [116.359419, 39.947938], [116.359542, 39.947949], [116.359668, 39.947952], [116.359813, 39.947946], [116.359933, 39.94793], [116.360058, 39.947899], [116.360166, 39.947862], [116.361584, 39.947439]]}}, {"type": "Feature", "properties": {"layer": "OSM_RAILWAY", "osm_id": 163052058, "osm_type": "way", "railway": "subway", "name": null, "source": "DATA-SRC-OSM", "official_boundary": false, "usable_for_formal": "background_only", "precision_note": "OSM 社区数据铁路线，位置精度数米级；非规划红线"}, "geometry": {"type": "LineString", "coordinates": [[116.359525, 39.948029], [116.359821, 39.94809], [116.360034, 39.948124], [116.360279, 39.948154], [116.360441, 39.948159], [116.360608, 39.948149], [116.360777, 39.948122], [116.360975, 39.948079], [116.361034, 39.948062], [116.362536, 39.947615]]}}, {"type": "Feature", "properties": {"layer": "OSM_RAILWAY", "osm_id": 199140214, "osm_type": "way", "railway": "subway", "name": "北京地铁9号线", "source": "DATA-SRC-OSM", "official_boundary": false, "usable_for_formal": "background_only", "precision_note": "OSM 社区数据铁路线，位置精度数米级；非规划红线"}, "geometry": {"type": "LineString", "coordinates": [[116.319146, 39.941158], [116.319058, 39.941836]]}}, {"type": "Feature", "properties": {"layer": "OSM_RAILWAY", "osm_id": 199140215, "osm_type": "way", "railway": "subway", "name": "北京地铁9号线", "source": "DATA-SRC-OSM", "official_boundary": false, "usable_for_formal": "background_only", "precision_note": "OSM 社区数据铁路线，位置精度数米级；非规划红线"}, "geometry": {"type": "LineString", "coordinates": [[116.319016, 39.941833], [116.319105, 39.941156]]}}, {"type": "Feature", "properties": {"layer": "OSM_RAILWAY", "osm_id": 199140216, "osm_type": "way", "railway": "subway", "name": "北京地铁9号线", "source": "DATA-SRC-OSM", "official_boundary": false, "usable_for_formal": "background_only", "precision_note": "OSM 社区数据铁路线，位置精度数米级；非规划红线"}, "geometry": {"type": "LineString", "coordinates": [[116.319105, 39.941156], [116.319331, 39.937184], [116.319278, 39.934292], [116.319286, 39.934242], [116.319304, 39.932391], [116.319655, 39.923469], [116.319637, 39.922574], [116.319727, 39.914708], [116.319724, 39.914614], [116.319716, 39.914529], [116.319694, 39.914396], [116.319656, 39.914235], [116.319589, 39.914027], [116.319498, 39.913804], [116.319439, 39.913678], [116.319351, 39.913514], [116.319247, 39.913353], [116.319055, 39.91306], [116.318781, 39.912651], [116.318655, 39.912473], [116.318601, 39.912407], [116.318544, 39.912346], [116.318451, 39.912261], [116.318395, 39.912214], [116.318363, 39.912188], [116.318264, 39.912119], [116.31739, 39.911545], [116.316988, 39.911258], [116.316835, 39.91113], [116.316706, 39.91102], [116.316337, 39.910675], [116.316189, 39.910497], [116.316092, 39.910355], [116.315723, 39.909675], [116.315635, 39.909462], [116.315583, 39.909284], [116.315562, 39.909157], [116.315558, 39.909086], [116.315561, 39.906795], [116.315558, 39.906768], [116.315554, 39.906742], [116.315544, 39.906708], [116.31553, 39.906675], [116.315271, 39.906261], [116.315078, 39.905949], [116.315055, 39.905914], [116.315042, 39.905889], [116.315031, 39.905858], [116.315026, 39.90582], [116.315025, 39.905773], [116.315036, 39.899727], [116.315032, 39.896227], [116.314945, 39.894663]]}}, {"type": "Feature", "properties": {"layer": "OSM_RAILWAY", "osm_id": 200111964, "osm_type": "way", "railway": "subway", "name": "北京地铁15号线", "source": "DATA-SRC-OSM", "official_boundary": false, "usable_for_formal": "background_only", "precision_note": "OSM 社区数据铁路线，位置精度数米级；非规划红线"}, "geometry": {"type": "LineString", "coordinates": [[116.330999, 39.999223], [116.332548, 39.999267], [116.332721, 39.999272], [116.332965, 39.999278], [116.333626, 39.999297], [116.334253, 39.999309], [116.334347, 39.999311], [116.342551, 39.999492], [116.342594, 39.999493], [116.342673, 39.999495], [116.345749, 39.999574], [116.346644, 39.999599], [116.348945, 39.999669], [116.350252, 39.999703], [116.358046, 39.99994], [116.360934, 40.000028], [116.362046, 40.000058], [116.363096, 40.000087], [116.384468, 40.00076], [116.385327, 40.000769], [116.386198, 40.000794], [116.389586, 40.000902], [116.39455, 40.001037], [116.400395, 40.001096], [116.401609, 40.001118], [116.402957, 40.001168], [116.409079, 40.001386], [116.411156, 40.00146], [116.411736, 40.001481], [116.412474, 40.001495], [116.41356, 40.001515], [116.415794, 40.001578], [116.416547, 40.001522], [116.418629, 40.001092], [116.418724, 40.001067], [116.420604, 40.000577], [116.422139, 40.000043], [116.422236, 40.00001], [116.422838, 39.999927], [116.424181, 39.999787], [116.42511, 39.999686], [116.425859, 39.999601], [116.427765, 39.999393], [116.428821, 39.998909], [116.429332, 39.998385], [116.430068, 39.997278], [116.430466, 39.995514], [116.431314, 39.99432], [116.432154, 39.993597], [116.432821, 39.993431], [116.434059, 39.993339], [116.440482, 39.993836], [116.44388, 39.994681], [116.444551, 39.994856], [116.447167, 39.995534], [116.44895, 39.995731], [116.450817, 39.995782], [116.456779, 39.995913], [116.46235, 39.99595], [116.462642, 39.996057], [116.462822, 39.996123], [116.463428, 39.996652], [116.468025, 40.000339], [116.469546, 40.000818], [116.475416, 40.0009], [116.476669, 40.00091], [116.478857, 40.001073], [116.480816, 40.001911], [116.484169, 40.003467], [116.485476, 40.004835], [116.486371, 40.006539], [116.487092, 40.009032], [116.48736, 40.012265], [116.486979, 40.017156], [116.486873, 40.019755], [116.486845, 40.020569], [116.48683, 40.021334], [116.486679, 40.026406], [116.486651, 40.02732], [116.486629, 40.028257], [116.486717, 40.029201], [116.486896, 40.029888], [116.4871, 40.030305], [116.4874, 40.030674], [116.487883, 40.031038], [116.488469, 40.03136], [116.489168, 40.031669], [116.489892, 40.031855], [116.490678, 40.032002], [116.492839, 40.032122], [116.49478, 40.03224], [116.495738, 40.032306], [116.496977, 40.032356], [116.498185, 40.032418], [116.49937, 40.032483], [116.5076, 40.032974], [116.511001, 40.033177], [116.515937, 40.033395], [116.517546, 40.033494], [116.518741, 40.033599], [116.519936, 40.033852], [116.520776, 40.034092], [116.521519, 40.034368]]}}, {"type": "Feature", "properties": {"layer": "OSM_RAILWAY", "osm_id": 256462453, "osm_type": "way", "railway": "subway", "name": "8号线", "source": "DATA-SRC-OSM", "official_boundary": false, "usable_for_formal": "background_only", "precision_note": "OSM 社区数据铁路线，位置精度数米级；非规划红线"}, "geometry": {"type": "LineString", "coordinates": [[116.357094, 40.080225], [116.357146, 40.079723], [116.35721, 40.079122], [116.357404, 40.077295], [116.357612, 40.076074], [116.357737, 40.074848], [116.357626, 40.073238], [116.357267, 40.072727], [116.356669, 40.072113], [116.353938, 40.07053], [116.352328, 40.069617], [116.350118, 40.068818], [116.341772, 40.064037], [116.34097, 40.063427], [116.340789, 40.063155], [116.340635, 40.062689], [116.341093, 40.058349], [116.341149, 40.057386], [116.341236, 40.056854], [116.344556, 40.047331], [116.34479, 40.046717]]}}, {"type": "Feature", "properties": {"layer": "OSM_RAILWAY", "osm_id": 265943523, "osm_type": "way", "railway": "rail", "name": null, "source": "DATA-SRC-OSM", "official_boundary": false, "usable_for_formal": "background_only", "precision_note": "OSM 社区数据铁路线，位置精度数米级；非规划红线"}, "geometry": {"type": "LineString", "coordinates": [[116.344451, 39.952175], [116.344705, 39.951788], [116.344764, 39.9517], [116.344885, 39.951507], [116.345335, 39.950691], [116.345711, 39.950005], [116.345811, 39.949827], [116.34591, 39.949613], [116.345928, 39.949565]]}}, {"type": "Feature", "properties": {"layer": "OSM_RAILWAY", "osm_id": 266107058, "osm_type": "way", "railway": "disused", "name": null, "source": "DATA-SRC-OSM", "official_boundary": false, "usable_for_formal": "background_only", "precision_note": "OSM 社区数据铁路线，位置精度数米级；非规划红线"}, "geometry": {"type": "LineString", "coordinates": [[116.332774, 39.952921], [116.332105, 39.952874]]}}, {"type": "Feature", "properties": {"layer": "OSM_RAILWAY", "osm_id": 266107062, "osm_type": "way", "railway": "disused", "name": null, "source": "DATA-SRC-OSM", "official_boundary": false, "usable_for_formal": "background_only", "precision_note": "OSM 社区数据铁路线，位置精度数米级；非规划红线"}, "geometry": {"type": "LineString", "coordinates": [[116.332512, 39.952308], [116.332359, 39.952242], [116.332238, 39.952209], [116.332135, 39.952185], [116.331887, 39.952149], [116.331679, 39.952129], [116.331365, 39.952093], [116.331304, 39.952086], [116.330844, 39.952041]]}}, {"type": "Feature", "properties": {"layer": "OSM_RAILWAY", "osm_id": 266107063, "osm_type": "way", "railway": "disused", "name": null, "source": "DATA-SRC-OSM", "official_boundary": false, "usable_for_formal": "background_only", "precision_note": "OSM 社区数据铁路线，位置精度数米级；非规划红线"}, "geometry": {"type": "LineString", "coordinates": [[116.331751, 39.952174], [116.331637, 39.952153], [116.331469, 39.952113], [116.331365, 39.952093]]}}, {"type": "Feature", "properties": {"layer": "OSM_RAILWAY", "osm_id": 426066643, "osm_type": "way", "railway": "disused", "name": null, "source": "DATA-SRC-OSM", "official_boundary": false, "usable_for_formal": "background_only", "precision_note": "OSM 社区数据铁路线，位置精度数米级；非规划红线"}, "geometry": {"type": "LineString", "coordinates": [[116.33922, 39.962391], [116.33962, 39.960698], [116.339694, 39.960367], [116.339733, 39.960234], [116.339832, 39.959977], [116.339889, 39.959823], [116.339978, 39.95965], [116.340039, 39.959544], [116.340113, 39.959426], [116.340202, 39.959274], [116.340347, 39.95903]]}}, {"type": "Feature", "properties": {"layer": "OSM_RAILWAY", "osm_id": 543009088, "osm_type": "way", "railway": "subway", "name": "13号线", "source": "DATA-SRC-OSM", "official_boundary": false, "usable_for_formal": "background_only", "precision_note": "OSM 社区数据铁路线，位置精度数米级；非规划红线"}, "geometry": {"type": "LineString", "coordinates": [[116.347318, 39.939998], [116.34715, 39.940429]]}}, {"type": "Feature", "properties": {"layer": "OSM_RAILWAY", "osm_id": 544170753, "osm_type": "way", "railway": "subway", "name": "8号线", "source": "DATA-SRC-OSM", "official_boundary": false, "usable_for_formal": "background_only", "precision_note": "OSM 社区数据铁路线，位置精度数米级；非规划红线"}, "geometry": {"type": "LineString", "coordinates": [[116.386298, 40.013398], [116.386223, 40.014061], [116.386131, 40.015259], [116.385967, 40.015864], [116.38573, 40.016112], [116.384732, 40.016788], [116.37794, 40.019838], [116.375764, 40.020372], [116.367759, 40.020653], [116.366788, 40.020672], [116.365736, 40.02068], [116.363906, 40.020898], [116.362923, 40.021264], [116.35335, 40.026286], [116.352754, 40.026724], [116.352068, 40.027865], [116.351631, 40.029175], [116.35033, 40.031935], [116.349843, 40.032909], [116.348724, 40.035298], [116.348517, 40.036182], [116.3484, 40.036686], [116.347591, 40.04033], [116.346869, 40.042402], [116.345217, 40.046083], [116.344649, 40.047303], [116.341325, 40.056837], [116.341236, 40.057381], [116.34118, 40.058346], [116.34072, 40.062707], [116.340824, 40.063045], [116.341027, 40.063383], [116.341837, 40.063971], [116.350076, 40.06871], [116.352323, 40.069489], [116.353942, 40.070441], [116.35669, 40.072037], [116.357294, 40.072649], [116.35769, 40.073245], [116.357797, 40.074856], [116.35773, 40.076076], [116.357627, 40.077296], [116.357473, 40.078487], [116.357351, 40.079416], [116.357311, 40.079721], [116.357245, 40.080279], [116.357239, 40.080327]]}}, {"type": "Feature", "properties": {"layer": "OSM_RAILWAY", "osm_id": 602211698, "osm_type": "way", "railway": "subway", "name": "北京地铁12号线", "source": "DATA-SRC-OSM", "official_boundary": false, "usable_for_formal": "background_only", "precision_note": "OSM 社区数据铁路线，位置精度数米级；非规划红线"}, "geometry": {"type": "LineString", "coordinates": [[116.268371, 39.942524], [116.268445, 39.943161], [116.268497, 39.943605], [116.268621, 39.944408], [116.268899, 39.946537], [116.269203, 39.948724], [116.269507, 39.950365], [116.26967, 39.951732], [116.269885, 39.953008], [116.269925, 39.954085], [116.270004, 39.954703], [116.270252, 39.95507], [116.270549, 39.955224], [116.27091, 39.955337], [116.271192, 39.95543], [116.271516, 39.955485], [116.272403, 39.955554], [116.274716, 39.955699], [116.276715, 39.9558], [116.28189, 39.956063], [116.283665, 39.956257], [116.285204, 39.956544], [116.286602, 39.956958], [116.287839, 39.957322], [116.288061, 39.95737], [116.28902, 39.957574], [116.290683, 39.957783], [116.292145, 39.957871], [116.293921, 39.958063], [116.295049, 39.95827], [116.296307, 39.958553], [116.298113, 39.959129], [116.301627, 39.960708], [116.302463, 39.961084], [116.304069, 39.961764], [116.309148, 39.963503], [116.312131, 39.964488], [116.31416, 39.965215], [116.314888, 39.965451], [116.315652, 39.965605], [116.315764, 39.965615], [116.316666, 39.965694], [116.318055, 39.965741], [116.328094, 39.966099], [116.32875, 39.966098], [116.33059, 39.966095], [116.331507, 39.96607], [116.332582, 39.966112], [116.333519, 39.966095], [116.334635, 39.966035], [116.335581, 39.966019], [116.337186, 39.966014], [116.337834, 39.966022], [116.338764, 39.966032], [116.341233, 39.966125], [116.342777, 39.966169], [116.344924, 39.966199], [116.346487, 39.966223], [116.348078, 39.966222], [116.349662, 39.966229], [116.353714, 39.966246], [116.356678, 39.966263], [116.358472, 39.966349], [116.360044, 39.966428], [116.361459, 39.966524], [116.363004, 39.966586], [116.363865, 39.966614], [116.364931, 39.966649], [116.367249, 39.966613], [116.368334, 39.966637], [116.372033, 39.966696], [116.375064, 39.966757], [116.375839, 39.966777], [116.387863, 39.967087], [116.388397, 39.967101], [116.393598, 39.967235], [116.400248, 39.967428], [116.400997, 39.96745], [116.403278, 39.967516], [116.407325, 39.967626], [116.41102, 39.967714], [116.411808, 39.967734], [116.411981, 39.967738], [116.41954, 39.96794], [116.424264, 39.967998], [116.426096, 39.96802], [116.428106, 39.968085], [116.428855, 39.968061], [116.429615, 39.96795], [116.430297, 39.967792], [116.430936, 39.967561], [116.432285, 39.966781], [116.434331, 39.965479], [116.436017, 39.964375], [116.442962, 39.959827], [116.444521, 39.958756], [116.445475, 39.958101], [116.445979, 39.957835], [116.446545, 39.95762], [116.447109, 39.957546], [116.447731, 39.957523], [116.448262, 39.957535], [116.448886, 39.957593], [116.449443, 39.95768], [116.449993, 39.957807], [116.450602, 39.957966], [116.451074, 39.958159], [116.451512, 39.958421], [116.451818, 39.958658], [116.45258, 39.959345], [116.454025, 39.960648], [116.455453, 39.961996], [116.457881, 39.964229], [116.459344, 39.965429], [116.46054, 39.96618], [116.461952, 39.966787], [116.463328, 39.967063], [116.46533, 39.96735], [116.468038, 39.967935], [116.469042, 39.968177], [116.470014, 39.96848], [116.470755, 39.968791], [116.471401, 39.969136], [116.47191, 39.969465], [116.473591, 39.971015], [116.473991, 39.971375], [116.478384, 39.975335], [116.481559, 39.978212], [116.482066, 39.978607], [116.482316, 39.978757], [116.482603, 39.978868], [116.482852, 39.978923], [116.483258, 39.978968], [116.484082, 39.979047], [116.48504, 39.979076], [116.485559, 39.979091], [116.491074, 39.979062], [116.495061, 39.979096], [116.499489, 39.979123], [116.500763, 39.979131], [116.501838, 39.979196], [116.502749, 39.979304], [116.503563, 39.97953], [116.504295, 39.979803], [116.504752, 39.980025], [116.505673, 39.980534], [116.506275, 39.980779], [116.506856, 39.980914], [116.507544, 39.980973], [116.508238, 39.980919], [116.508802, 39.980759], [116.509799, 39.980356], [116.512913, 39.978911], [116.515214, 39.977685], [116.517435, 39.976756], [116.522013, 39.975409], [116.524779, 39.974685], [116.527445, 39.973628], [116.528339, 39.973304], [116.529083, 39.973034], [116.530309, 39.972588], [116.532431, 39.971823], [116.533818, 39.971427], [116.534659, 39.971307], [116.535642, 39.971204], [116.537186, 39.9712], [116.538693, 39.97139], [116.540794, 39.971831], [116.542185, 39.972445], [116.543117, 39.972949], [116.543589, 39.973211], [116.544429, 39.973627], [116.545012, 39.973806], [116.545999, 39.973983], [116.547303, 39.97411], [116.551965, 39.974524]]}}, {"type": "Feature", "properties": {"layer": "OSM_RAILWAY", "osm_id": 602693103, "osm_type": "way", "railway": "subway", "name": "北京地铁昌平线南延", "source": "DATA-SRC-OSM", "official_boundary": false, "usable_for_formal": "background_only", "precision_note": "OSM 社区数据铁路线，位置精度数米级；非规划红线"}, "geometry": {"type": "LineString", "coordinates": [[116.310486, 40.038018], [116.310702, 40.037806], [116.311199, 40.037332], [116.311897, 40.036774], [116.312148, 40.036591], [116.312619, 40.036331], [116.313241, 40.036045], [116.313982, 40.035761], [116.315081, 40.03537], [116.317591, 40.034412], [116.318064, 40.034271], [116.318636, 40.034179], [116.319261, 40.034183], [116.325623, 40.03467], [116.327805, 40.034794], [116.329053, 40.034921], [116.329826, 40.03509], [116.331396, 40.03557], [116.332073, 40.03572], [116.332902, 40.035778], [116.333722, 40.035737], [116.33452, 40.035596], [116.335124, 40.035407], [116.335582, 40.035138], [116.336024, 40.034742], [116.336725, 40.033837], [116.338003, 40.032184], [116.338624, 40.031517], [116.339365, 40.030932], [116.340127, 40.030386], [116.340599, 40.029993], [116.341152, 40.029396], [116.342747, 40.02735], [116.343742, 40.026024], [116.34403, 40.025604], [116.344432, 40.024694], [116.34493, 40.023803], [116.345212, 40.022774], [116.345273, 40.021485], [116.345428, 40.020041], [116.345377, 40.017976], [116.345496, 40.015916], [116.345688, 40.013629], [116.346156, 40.008042], [116.346298, 40.004189], [116.346459, 40.001102]]}}, {"type": "Feature", "properties": {"layer": "OSM_RAILWAY", "osm_id": 684153437, "osm_type": "way", "railway": "rail", "name": "京包客专线", "source": "DATA-SRC-OSM", "official_boundary": false, "usable_for_formal": "background_only", "precision_note": "OSM 社区数据铁路线，位置精度数米级；非规划红线"}, "geometry": {"type": "LineString", "coordinates": [[116.34312, 39.954476], [116.342102, 39.956327], [116.340627, 39.959086], [116.340338, 39.959666], [116.340118, 39.960198], [116.339931, 39.960785], [116.339768, 39.961453], [116.339648, 39.9622], [116.339163, 39.965329], [116.339069, 39.965933]]}}, {"type": "Feature", "properties": {"layer": "OSM_RAILWAY", "osm_id": 684153438, "osm_type": "way", "railway": "disused", "name": null, "source": "DATA-SRC-OSM", "official_boundary": false, "usable_for_formal": "background_only", "precision_note": "OSM 社区数据铁路线，位置精度数米级；非规划红线"}, "geometry": {"type": "LineString", "coordinates": [[116.339156, 39.962382], [116.339647, 39.960254], [116.33975, 39.959954], [116.339807, 39.959825], [116.33987, 39.959715], [116.339949, 39.959577], [116.340013, 39.959481], [116.340074, 39.959387], [116.340154, 39.959285], [116.34029, 39.959106], [116.340347, 39.95903]]}}, {"type": "Feature", "properties": {"layer": "OSM_RAILWAY", "osm_id": 684153439, "osm_type": "way", "railway": "rail", "name": "京包客专线", "source": "DATA-SRC-OSM", "official_boundary": false, "usable_for_formal": "background_only", "precision_note": "OSM 社区数据铁路线，位置精度数米级；非规划红线"}, "geometry": {"type": "LineString", "coordinates": [[116.319335, 40.01911], [116.319542, 40.01862], [116.319722, 40.018258], [116.319898, 40.017942], [116.320101, 40.017626], [116.320214, 40.017463], [116.320429, 40.017192], [116.320603, 40.016982], [116.320815, 40.016759], [116.321294, 40.016293]]}}, {"type": "Feature", "properties": {"layer": "OSM_RAILWAY", "osm_id": 689888448, "osm_type": "way", "railway": "rail", "name": "京包客专线", "source": "DATA-SRC-OSM", "official_boundary": false, "usable_for_formal": "background_only", "precision_note": "OSM 社区数据铁路线，位置精度数米级；非规划红线"}, "geometry": {"type": "LineString", "coordinates": [[116.30146, 40.049916], [116.301179, 40.050438], [116.29993, 40.052752], [116.299552, 40.053436], [116.298697, 40.054997], [116.298538, 40.055265]]}}, {"type": "Feature", "properties": {"layer": "OSM_RAILWAY", "osm_id": 689888449, "osm_type": "way", "railway": "rail", "name": "京包客专线", "source": "DATA-SRC-OSM", "official_boundary": false, "usable_for_formal": "background_only", "precision_note": "OSM 社区数据铁路线，位置精度数米级；非规划红线"}, "geometry": {"type": "LineString", "coordinates": [[116.302963, 40.047396], [116.302727, 40.047699], [116.302486, 40.048051], [116.302271, 40.048397], [116.302078, 40.048743], [116.301639, 40.049578]]}}, {"type": "Feature", "properties": {"layer": "OSM_RAILWAY", "osm_id": 689888450, "osm_type": "way", "railway": "rail", "name": "京包客专线", "source": "DATA-SRC-OSM", "official_boundary": false, "usable_for_formal": "background_only", "precision_note": "OSM 社区数据铁路线，位置精度数米级；非规划红线"}, "geometry": {"type": "LineString", "coordinates": [[116.301639, 40.049578], [116.30146, 40.049916]]}}, {"type": "Feature", "properties": {"layer": "OSM_RAILWAY", "osm_id": 692233328, "osm_type": "way", "railway": "rail", "name": "京包客专线", "source": "DATA-SRC-OSM", "official_boundary": false, "usable_for_formal": "background_only", "precision_note": "OSM 社区数据铁路线，位置精度数米级；非规划红线"}, "geometry": {"type": "LineString", "coordinates": [[116.321294, 40.016293], [116.321714, 40.015928]]}}, {"type": "Feature", "properties": {"layer": "OSM_RAILWAY", "osm_id": 704702707, "osm_type": "way", "railway": "subway", "name": "北京地铁2号线", "source": "DATA-SRC-OSM", "official_boundary": false, "usable_for_formal": "background_only", "precision_note": "OSM 社区数据铁路线，位置精度数米级；非规划红线"}, "geometry": {"type": "LineString", "coordinates": [[116.34926, 39.939132], [116.349288, 39.938538], [116.349304, 39.938232], [116.349602, 39.93207], [116.349551, 39.931612], [116.349566, 39.931007], [116.349584, 39.930368], [116.349667, 39.930062], [116.350013, 39.923243], [116.349959, 39.92294], [116.349972, 39.92231], [116.349991, 39.921686], [116.350064, 39.921429], [116.350186, 39.91727], [116.350245, 39.915255], [116.350445, 39.910652], [116.350464, 39.906731], [116.350408, 39.906435], [116.35041, 39.905835], [116.350417, 39.905231], [116.350476, 39.904887], [116.350465, 39.903389], [116.350479, 39.90284], [116.350506, 39.901993], [116.350568, 39.901629], [116.350682, 39.901211], [116.350816, 39.900816], [116.351033, 39.900428], [116.351328, 39.900021], [116.351642, 39.899658], [116.351862, 39.899401], [116.352105, 39.89917], [116.352485, 39.898889], [116.353019, 39.898581], [116.35354, 39.898359], [116.354276, 39.898111], [116.354951, 39.898017], [116.355556, 39.897975], [116.356397, 39.897985], [116.357216, 39.898003], [116.358058, 39.89802], [116.358667, 39.898077], [116.366665, 39.898333], [116.367251, 39.898318], [116.368034, 39.898337], [116.36882, 39.898357], [116.369154, 39.898417], [116.371849, 39.898489], [116.376826, 39.898652], [116.377221, 39.898621], [116.377997, 39.898645], [116.378787, 39.89867], [116.379145, 39.898712], [116.386758, 39.898945], [116.387292, 39.898932], [116.387837, 39.898902], [116.388477, 39.898841], [116.389047, 39.898777], [116.389583, 39.898718], [116.390205, 39.898635], [116.390736, 39.898631], [116.392501, 39.898682], [116.393044, 39.898716], [116.394415, 39.898907], [116.395597, 39.899088], [116.396209, 39.899173], [116.39678, 39.899214], [116.397435, 39.899228], [116.400327, 39.899316], [116.405548, 39.899473], [116.409508, 39.899634], [116.409893, 39.899587], [116.410698, 39.899616], [116.412018, 39.899665], [116.412215, 39.899676], [116.412879, 39.899731], [116.413297, 39.899809], [116.413721, 39.89995], [116.414184, 39.900197], [116.4147, 39.900546], [116.417537, 39.902768], [116.417923, 39.903047], [116.418178, 39.903202], [116.418428, 39.903332], [116.418807, 39.90344], [116.419247, 39.903499], [116.419769, 39.903521], [116.420956, 39.903538], [116.42204, 39.903553], [116.425124, 39.903581], [116.42592, 39.903607], [116.426427, 39.903647], [116.426895, 39.9037], [116.427248, 39.903779], [116.427577, 39.903887], [116.428673, 39.904455], [116.428717, 39.904488], [116.428821, 39.904567], [116.428966, 39.904693], [116.42912, 39.904848], [116.429248, 39.904989], [116.429339, 39.905122], [116.429429, 39.905261], [116.429503, 39.905447], [116.429572, 39.905616], [116.429636, 39.905875], [116.429686, 39.906175], [116.429699, 39.906559], [116.429673, 39.907176], [116.429654, 39.907829], [116.42959, 39.908487], [116.428923, 39.912492], [116.428448, 39.922102], [116.428506, 39.922442], [116.428495, 39.923049], [116.42848, 39.923644], [116.428416, 39.923945], [116.428404, 39.924185], [116.42806, 39.931347], [116.428115, 39.931689], [116.428095, 39.932285], [116.428078, 39.932872], [116.428012, 39.933271], [116.427731, 39.938863], [116.42778, 39.939123], [116.427772, 39.939706]]}}, {"type": "Feature", "properties": {"layer": "OSM_RAILWAY", "osm_id": 734342647, "osm_type": "way", "railway": "rail", "name": "京包客专线", "source": "DATA-SRC-OSM", "official_boundary": false, "usable_for_formal": "background_only", "precision_note": "OSM 社区数据铁路线，位置精度数米级；非规划红线"}, "geometry": {"type": "LineString", "coordinates": [[116.315282, 40.029363], [116.315393, 40.029088]]}}, {"type": "Feature", "properties": {"layer": "OSM_RAILWAY", "osm_id": 734342648, "osm_type": "way", "railway": "rail", "name": "京包客专线", "source": "DATA-SRC-OSM", "official_boundary": false, "usable_for_formal": "background_only", "precision_note": "OSM 社区数据铁路线，位置精度数米级；非规划红线"}, "geometry": {"type": "LineString", "coordinates": [[116.312312, 40.035936], [116.312437, 40.035743], [116.312814, 40.035156], [116.313007, 40.034855], [116.31314, 40.034611], [116.313245, 40.034413], [116.313359, 40.034172], [116.313448, 40.033966], [116.313871, 40.032918], [116.313988, 40.032622], [116.315282, 40.029363]]}}, {"type": "Feature", "properties": {"layer": "OSM_RAILWAY", "osm_id": 741483400, "osm_type": "way", "railway": "rail", "name": "京包客专线", "source": "DATA-SRC-OSM", "official_boundary": false, "usable_for_formal": "background_only", "precision_note": "OSM 社区数据铁路线，位置精度数米级；非规划红线"}, "geometry": {"type": "LineString", "coordinates": [[116.324834, 40.013109], [116.321669, 40.015889]]}}, {"type": "Feature", "properties": {"layer": "OSM_RAILWAY", "osm_id": 741483401, "osm_type": "way", "railway": "rail", "name": "京包客专线", "source": "DATA-SRC-OSM", "official_boundary": false, "usable_for_formal": "background_only", "precision_note": "OSM 社区数据铁路线，位置精度数米级；非规划红线"}, "geometry": {"type": "LineString", "coordinates": [[116.321714, 40.015928], [116.324871, 40.013134]]}}, {"type": "Feature", "properties": {"layer": "OSM_RAILWAY", "osm_id": 741483402, "osm_type": "way", "railway": "rail", "name": "京包客专线", "source": "DATA-SRC-OSM", "official_boundary": false, "usable_for_formal": "background_only", "precision_note": "OSM 社区数据铁路线，位置精度数米级；非规划红线"}, "geometry": {"type": "LineString", "coordinates": [[116.33079, 40.007161], [116.330478, 40.007728], [116.330297, 40.008007], [116.33, 40.008396], [116.329721, 40.008722], [116.329427, 40.009021], [116.328957, 40.009467], [116.324834, 40.013109]]}}, {"type": "Feature", "properties": {"layer": "OSM_RAILWAY", "osm_id": 741483403, "osm_type": "way", "railway": "rail", "name": "京包客专线", "source": "DATA-SRC-OSM", "official_boundary": false, "usable_for_formal": "background_only", "precision_note": "OSM 社区数据铁路线，位置精度数米级；非规划红线"}, "geometry": {"type": "LineString", "coordinates": [[116.324871, 40.013134], [116.329007, 40.009491], [116.329477, 40.009048], [116.32977, 40.008754], [116.330046, 40.008432], [116.330357, 40.008035], [116.330539, 40.007752], [116.330847, 40.007178]]}}, {"type": "Feature", "properties": {"layer": "OSM_RAILWAY", "osm_id": 741483404, "osm_type": "way", "railway": "disused", "name": null, "source": "DATA-SRC-OSM", "official_boundary": false, "usable_for_formal": "background_only", "precision_note": "OSM 社区数据铁路线，位置精度数米级；非规划红线"}, "geometry": {"type": "LineString", "coordinates": [[116.341574, 39.957143], [116.341639, 39.956986], [116.341679, 39.956879], [116.3417, 39.956821], [116.341718, 39.956775], [116.341729, 39.956743], [116.341743, 39.956703], [116.341755, 39.956662], [116.341776, 39.95659], [116.341798, 39.956494], [116.341821, 39.956334], [116.341814, 39.956171], [116.341772, 39.955964], [116.341667, 39.955682], [116.341585, 39.955549], [116.341411, 39.955325], [116.341211, 39.955132], [116.341033, 39.955016], [116.340867, 39.954936], [116.340645, 39.954845], [116.340472, 39.954787], [116.340249, 39.954722], [116.339614, 39.954553], [116.338839, 39.954338], [116.338477, 39.95425], [116.338102, 39.954167], [116.338066, 39.954161], [116.334718, 39.953535], [116.334237, 39.953449], [116.334068, 39.953412], [116.333975, 39.953383], [116.333907, 39.953361], [116.333763, 39.953296], [116.333653, 39.953238], [116.333538, 39.95316], [116.333469, 39.953103], [116.333262, 39.95288], [116.333123, 39.952705], [116.33293, 39.952535], [116.332844, 39.95247], [116.332712, 39.952395], [116.332581, 39.952332], [116.332512, 39.952308], [116.332352, 39.952259], [116.332116, 39.952219], [116.331923, 39.95219], [116.331751, 39.952174]]}}, {"type": "Feature", "properties": {"layer": "OSM_RAILWAY", "osm_id": 741483405, "osm_type": "way", "railway": "rail", "name": "京包客专线", "source": "DATA-SRC-OSM", "official_boundary": false, "usable_for_formal": "background_only", "precision_note": "OSM 社区数据铁路线，位置精度数米级；非规划红线"}, "geometry": {"type": "LineString", "coordinates": [[116.330847, 40.007178], [116.330969, 40.006874], [116.331038, 40.00666], [116.331182, 40.006158], [116.331297, 40.005599], [116.331361, 40.005015], [116.331548, 40.000496], [116.331633, 39.998824], [116.331648, 39.997924], [116.331767, 39.995242], [116.331841, 39.993573], [116.331923, 39.990931], [116.331983, 39.989476], [116.332053, 39.987796], [116.332086, 39.987481], [116.332357, 39.985479], [116.332492, 39.984671], [116.332566, 39.984206], [116.332599, 39.983992], [116.332655, 39.98361], [116.332893, 39.982278], [116.333168, 39.980726], [116.333434, 39.979271], [116.333644, 39.978113], [116.333719, 39.977669], [116.333976, 39.976247], [116.334097, 39.975585], [116.33427, 39.974661], [116.334434, 39.974074], [116.334629, 39.973538], [116.334868, 39.97307], [116.335736, 39.971933], [116.337723, 39.969358], [116.338078, 39.968857], [116.338188, 39.968677], [116.338307, 39.968465], [116.33847, 39.968153], [116.338684, 39.967706], [116.338848, 39.967238], [116.339017, 39.966659], [116.339674, 39.962379], [116.339827, 39.961463], [116.339935, 39.960995], [116.340163, 39.960301], [116.340397, 39.959693], [116.341036, 39.958423], [116.341717, 39.957168], [116.342121, 39.956417], [116.343179, 39.95449]]}}, {"type": "Feature", "properties": {"layer": "OSM_RAILWAY", "osm_id": 741483406, "osm_type": "way", "railway": "rail", "name": "京包客专线", "source": "DATA-SRC-OSM", "official_boundary": false, "usable_for_formal": "background_only", "precision_note": "OSM 社区数据铁路线，位置精度数米级；非规划红线"}, "geometry": {"type": "LineString", "coordinates": [[116.344796, 39.951548], [116.344994, 39.951186], [116.345167, 39.95087], [116.345251, 39.950723], [116.345614, 39.950068], [116.345648, 39.950006], [116.34567, 39.949963], [116.345746, 39.949807], [116.345828, 39.949596], [116.345848, 39.949535]]}}, {"type": "Feature", "properties": {"layer": "OSM_RAILWAY", "osm_id": 741483407, "osm_type": "way", "railway": "rail", "name": "京包客专线", "source": "DATA-SRC-OSM", "official_boundary": false, "usable_for_formal": "background_only", "precision_note": "OSM 社区数据铁路线，位置精度数米级；非规划红线"}, "geometry": {"type": "LineString", "coordinates": [[116.344282, 39.952375], [116.344101, 39.952691], [116.34312, 39.954476]]}}, {"type": "Feature", "properties": {"layer": "OSM_RAILWAY", "osm_id": 741483408, "osm_type": "way", "railway": "rail", "name": "京包客专线", "source": "DATA-SRC-OSM", "official_boundary": false, "usable_for_formal": "background_only", "precision_note": "OSM 社区数据铁路线，位置精度数米级；非规划红线"}, "geometry": {"type": "LineString", "coordinates": [[116.343179, 39.95449], [116.344332, 39.952391]]}}, {"type": "Feature", "properties": {"layer": "OSM_RAILWAY", "osm_id": 741483411, "osm_type": "way", "railway": "rail", "name": null, "source": "DATA-SRC-OSM", "official_boundary": false, "usable_for_formal": "background_only", "precision_note": "OSM 社区数据铁路线，位置精度数米级；非规划红线"}, "geometry": {"type": "LineString", "coordinates": [[116.345711, 39.949486], [116.345732, 39.949384], [116.34575, 39.949291]]}}, {"type": "Feature", "properties": {"layer": "OSM_RAILWAY", "osm_id": 741483412, "osm_type": "way", "railway": "rail", "name": null, "source": "DATA-SRC-OSM", "official_boundary": false, "usable_for_formal": "background_only", "precision_note": "OSM 社区数据铁路线，位置精度数米级；非规划红线"}, "geometry": {"type": "LineString", "coordinates": [[116.345792, 39.948725], [116.345787, 39.948385], [116.345781, 39.948168], [116.345747, 39.947888], [116.345707, 39.947562], [116.345676, 39.947266], [116.345646, 39.94702], [116.345611, 39.946696], [116.345602, 39.946519], [116.345599, 39.946342], [116.345603, 39.946153], [116.345616, 39.945976], [116.345637, 39.945783], [116.34566, 39.945619], [116.34569, 39.945459], [116.345728, 39.945285], [116.345787, 39.945061], [116.345841, 39.944866], [116.345907, 39.944643], [116.346478, 39.943029], [116.346647, 39.94255]]}}, {"type": "Feature", "properties": {"layer": "OSM_RAILWAY", "osm_id": 741483413, "osm_type": "way", "railway": "rail", "name": null, "source": "DATA-SRC-OSM", "official_boundary": false, "usable_for_formal": "background_only", "precision_note": "OSM 社区数据铁路线，位置精度数米级；非规划红线"}, "geometry": {"type": "LineString", "coordinates": [[116.345892, 39.948691], [116.345874, 39.948403], [116.345845, 39.948181], [116.34581, 39.947884], [116.345772, 39.947563], [116.345738, 39.947267], [116.34571, 39.94702], [116.345681, 39.946687], [116.345673, 39.946519], [116.345669, 39.946342], [116.345673, 39.946155], [116.345686, 39.945979], [116.345707, 39.945788], [116.34573, 39.945626], [116.34576, 39.945467], [116.345797, 39.945295], [116.345855, 39.945072], [116.34591, 39.944877], [116.345975, 39.944655], [116.346042, 39.944465], [116.346715, 39.942565]]}}, {"type": "Feature", "properties": {"layer": "OSM_RAILWAY", "osm_id": 741483414, "osm_type": "way", "railway": "rail", "name": null, "source": "DATA-SRC-OSM", "official_boundary": false, "usable_for_formal": "background_only", "precision_note": "OSM 社区数据铁路线，位置精度数米级；非规划红线"}, "geometry": {"type": "LineString", "coordinates": [[116.345711, 39.950005], [116.345555, 39.950261], [116.3454, 39.950492], [116.345251, 39.950723]]}}, {"type": "Feature", "properties": {"layer": "OSM_RAILWAY", "osm_id": 741483415, "osm_type": "way", "railway": "rail", "name": null, "source": "DATA-SRC-OSM", "official_boundary": false, "usable_for_formal": "background_only", "precision_note": "OSM 社区数据铁路线，位置精度数米级；非规划红线"}, "geometry": {"type": "LineString", "coordinates": [[116.345572, 39.949889], [116.345387, 39.950315], [116.345328, 39.950439], [116.345197, 39.950705]]}}, {"type": "Feature", "properties": {"layer": "OSM_RAILWAY", "osm_id": 741483416, "osm_type": "way", "railway": "rail", "name": null, "source": "DATA-SRC-OSM", "official_boundary": false, "usable_for_formal": "background_only", "precision_note": "OSM 社区数据铁路线，位置精度数米级；非规划红线"}, "geometry": {"type": "LineString", "coordinates": [[116.345167, 39.95087], [116.344967, 39.951181], [116.344745, 39.951529]]}}, {"type": "Feature", "properties": {"layer": "OSM_RAILWAY", "osm_id": 741483417, "osm_type": "way", "railway": "rail", "name": null, "source": "DATA-SRC-OSM", "official_boundary": false, "usable_for_formal": "background_only", "precision_note": "OSM 社区数据铁路线，位置精度数米级；非规划红线"}, "geometry": {"type": "LineString", "coordinates": [[116.345114, 39.950854], [116.344967, 39.951181], [116.344796, 39.951548]]}}, {"type": "Feature", "properties": {"layer": "OSM_RAILWAY", "osm_id": 741511577, "osm_type": "way", "railway": "rail", "name": null, "source": "DATA-SRC-OSM", "official_boundary": false, "usable_for_formal": "background_only", "precision_note": "OSM 社区数据铁路线，位置精度数米级；非规划红线"}, "geometry": {"type": "LineString", "coordinates": [[116.311078, 40.037939], [116.310851, 40.038378], [116.310782, 40.038516], [116.310719, 40.038638], [116.310656, 40.038756], [116.310559, 40.038919], [116.310436, 40.039112], [116.310181, 40.039467], [116.309569, 40.040257], [116.307974, 40.042317], [116.307752, 40.042593], [116.307609, 40.04275], [116.307225, 40.043121], [116.307026, 40.043299], [116.306835, 40.043467], [116.30665, 40.043634], [116.306521, 40.043749], [116.306274, 40.044001]]}}, {"type": "Feature", "properties": {"layer": "OSM_RAILWAY", "osm_id": 741511578, "osm_type": "way", "railway": "rail", "name": "清河动车走行线", "source": "DATA-SRC-OSM", "official_boundary": false, "usable_for_formal": "background_only", "precision_note": "OSM 社区数据铁路线，位置精度数米级；非规划红线"}, "geometry": {"type": "LineString", "coordinates": [[116.303011, 40.047419], [116.303197, 40.047179], [116.303405, 40.046926], [116.304174, 40.045986], [116.304675, 40.045375]]}}, {"type": "Feature", "properties": {"layer": "OSM_RAILWAY", "osm_id": 741511579, "osm_type": "way", "railway": "rail", "name": null, "source": "DATA-SRC-OSM", "official_boundary": false, "usable_for_formal": "background_only", "precision_note": "OSM 社区数据铁路线，位置精度数米级；非规划红线"}, "geometry": {"type": "LineString", "coordinates": [[116.311791, 40.036439], [116.311885, 40.036289], [116.312081, 40.036005]]}}, {"type": "Feature", "properties": {"layer": "OSM_RAILWAY", "osm_id": 741511580, "osm_type": "way", "railway": "rail", "name": "京包客专线", "source": "DATA-SRC-OSM", "official_boundary": false, "usable_for_formal": "background_only", "precision_note": "OSM 社区数据铁路线，位置精度数米级；非规划红线"}, "geometry": {"type": "LineString", "coordinates": [[116.304122, 40.045957], [116.303533, 40.046673], [116.302963, 40.047396]]}}, {"type": "Feature", "properties": {"layer": "OSM_RAILWAY", "osm_id": 741511581, "osm_type": "way", "railway": "rail", "name": null, "source": "DATA-SRC-OSM", "official_boundary": false, "usable_for_formal": "background_only", "precision_note": "OSM 社区数据铁路线，位置精度数米级；非规划红线"}, "geometry": {"type": "LineString", "coordinates": [[116.303405, 40.046926], [116.303756, 40.046564], [116.304228, 40.046124], [116.304488, 40.045866], [116.304585, 40.045765], [116.304664, 40.045674], [116.304847, 40.045455], [116.305218, 40.044965], [116.305376, 40.04477], [116.305637, 40.044468], [116.305998, 40.044104]]}}, {"type": "Feature", "properties": {"layer": "OSM_RAILWAY", "osm_id": 741511582, "osm_type": "way", "railway": "rail", "name": null, "source": "DATA-SRC-OSM", "official_boundary": false, "usable_for_formal": "background_only", "precision_note": "OSM 社区数据铁路线，位置精度数米级；非规划红线"}, "geometry": {"type": "LineString", "coordinates": [[116.31216, 40.036034], [116.312418, 40.035659]]}}, {"type": "Feature", "properties": {"layer": "OSM_RAILWAY", "osm_id": 741511583, "osm_type": "way", "railway": "rail", "name": null, "source": "DATA-SRC-OSM", "official_boundary": false, "usable_for_formal": "background_only", "precision_note": "OSM 社区数据铁路线，位置精度数米级；非规划红线"}, "geometry": {"type": "LineString", "coordinates": [[116.311864, 40.036487], [116.31216, 40.036034]]}}, {"type": "Feature", "properties": {"layer": "OSM_RAILWAY", "osm_id": 741511584, "osm_type": "way", "railway": "rail", "name": null, "source": "DATA-SRC-OSM", "official_boundary": false, "usable_for_formal": "background_only", "precision_note": "OSM 社区数据铁路线，位置精度数米级；非规划红线"}, "geometry": {"type": "LineString", "coordinates": [[116.306087, 40.043893], [116.306315, 40.043569], [116.306528, 40.043227], [116.306638, 40.043045], [116.306765, 40.042849], [116.307876, 40.041444], [116.309026, 40.039983], [116.309899, 40.038847], [116.31002, 40.038699], [116.310157, 40.038548], [116.310342, 40.038362], [116.310519, 40.038169], [116.310991, 40.037691]]}}, {"type": "Feature", "properties": {"layer": "OSM_RAILWAY", "osm_id": 741511585, "osm_type": "way", "railway": "rail", "name": null, "source": "DATA-SRC-OSM", "official_boundary": false, "usable_for_formal": "background_only", "precision_note": "OSM 社区数据铁路线，位置精度数米级；非规划红线"}, "geometry": {"type": "LineString", "coordinates": [[116.311033, 40.037765], [116.310746, 40.038212], [116.310503, 40.03859], [116.310408, 40.038739], [116.310241, 40.038995], [116.310113, 40.039184], [116.309963, 40.039393], [116.309382, 40.040149], [116.308223, 40.041623], [116.307475, 40.042563], [116.307203, 40.042874], [116.306996, 40.043086], [116.306194, 40.0439]]}}, {"type": "Feature", "properties": {"layer": "OSM_RAILWAY", "osm_id": 741511586, "osm_type": "way", "railway": "rail", "name": null, "source": "DATA-SRC-OSM", "official_boundary": false, "usable_for_formal": "background_only", "precision_note": "OSM 社区数据铁路线，位置精度数米级；非规划红线"}, "geometry": {"type": "LineString", "coordinates": [[116.311078, 40.037939], [116.311155, 40.037788], [116.311232, 40.037637], [116.311391, 40.037349]]}}, {"type": "Feature", "properties": {"layer": "OSM_RAILWAY", "osm_id": 741511587, "osm_type": "way", "railway": "rail", "name": null, "source": "DATA-SRC-OSM", "official_boundary": false, "usable_for_formal": "background_only", "precision_note": "OSM 社区数据铁路线，位置精度数米级；非规划红线"}, "geometry": {"type": "LineString", "coordinates": [[116.311015, 40.037916], [116.311232, 40.037637], [116.311434, 40.03737]]}}, {"type": "Feature", "properties": {"layer": "OSM_RAILWAY", "osm_id": 741511588, "osm_type": "way", "railway": "rail", "name": null, "source": "DATA-SRC-OSM", "official_boundary": false, "usable_for_formal": "background_only", "precision_note": "OSM 社区数据铁路线，位置精度数米级；非规划红线"}, "geometry": {"type": "LineString", "coordinates": [[116.311145, 40.037593], [116.311329, 40.037257], [116.311537, 40.036884]]}}, {"type": "Feature", "properties": {"layer": "OSM_RAILWAY", "osm_id": 741511589, "osm_type": "way", "railway": "rail", "name": null, "source": "DATA-SRC-OSM", "official_boundary": false, "usable_for_formal": "background_only", "precision_note": "OSM 社区数据铁路线，位置精度数米级；非规划红线"}, "geometry": {"type": "LineString", "coordinates": [[116.311592, 40.03691], [116.311329, 40.037257], [116.311094, 40.03756]]}}, {"type": "Feature", "properties": {"layer": "OSM_RAILWAY", "osm_id": 741511590, "osm_type": "way", "railway": "rail", "name": null, "source": "DATA-SRC-OSM", "official_boundary": false, "usable_for_formal": "background_only", "precision_note": "OSM 社区数据铁路线，位置精度数米级；非规划红线"}, "geometry": {"type": "LineString", "coordinates": [[116.311693, 40.036751], [116.311886, 40.036496]]}}, {"type": "Feature", "properties": {"layer": "OSM_RAILWAY", "osm_id": 741511591, "osm_type": "way", "railway": "rail", "name": null, "source": "DATA-SRC-OSM", "official_boundary": false, "usable_for_formal": "background_only", "precision_note": "OSM 社区数据铁路线，位置精度数米级；非规划红线"}, "geometry": {"type": "LineString", "coordinates": [[116.311886, 40.036496], [116.312028, 40.036325], [116.31228, 40.035984]]}}, {"type": "Feature", "properties": {"layer": "OSM_RAILWAY", "osm_id": 741511592, "osm_type": "way", "railway": "rail", "name": null, "source": "DATA-SRC-OSM", "official_boundary": false, "usable_for_formal": "background_only", "precision_note": "OSM 社区数据铁路线，位置精度数米级；非规划红线"}, "geometry": {"type": "LineString", "coordinates": [[116.305921, 40.04409], [116.305644, 40.044421], [116.305376, 40.04477]]}}, {"type": "Feature", "properties": {"layer": "OSM_RAILWAY", "osm_id": 741511593, "osm_type": "way", "railway": "rail", "name": null, "source": "DATA-SRC-OSM", "official_boundary": false, "usable_for_formal": "background_only", "precision_note": "OSM 社区数据铁路线，位置精度数米级；非规划红线"}, "geometry": {"type": "LineString", "coordinates": [[116.30532, 40.044719], [116.305644, 40.044421], [116.305998, 40.044104]]}}, {"type": "Feature", "properties": {"layer": "OSM_RAILWAY", "osm_id": 741511594, "osm_type": "way", "railway": "rail", "name": null, "source": "DATA-SRC-OSM", "official_boundary": false, "usable_for_formal": "background_only", "precision_note": "OSM 社区数据铁路线，位置精度数米级；非规划红线"}, "geometry": {"type": "LineString", "coordinates": [[116.304675, 40.045375], [116.304417, 40.045643], [116.304122, 40.045957]]}}, {"type": "Feature", "properties": {"layer": "OSM_RAILWAY", "osm_id": 741511595, "osm_type": "way", "railway": "rail", "name": null, "source": "DATA-SRC-OSM", "official_boundary": false, "usable_for_formal": "background_only", "precision_note": "OSM 社区数据铁路线，位置精度数米级；非规划红线"}, "geometry": {"type": "LineString", "coordinates": [[116.304174, 40.045986], [116.304417, 40.045643], [116.304619, 40.045349]]}}, {"type": "Feature", "properties": {"layer": "OSM_RAILWAY", "osm_id": 741511596, "osm_type": "way", "railway": "rail", "name": null, "source": "DATA-SRC-OSM", "official_boundary": false, "usable_for_formal": "background_only", "precision_note": "OSM 社区数据铁路线，位置精度数米级；非规划红线"}, "geometry": {"type": "LineString", "coordinates": [[116.304847, 40.045455], [116.304623, 40.045759], [116.304296, 40.046153]]}}, {"type": "Feature", "properties": {"layer": "OSM_RAILWAY", "osm_id": 741511597, "osm_type": "way", "railway": "rail", "name": null, "source": "DATA-SRC-OSM", "official_boundary": false, "usable_for_formal": "background_only", "precision_note": "OSM 社区数据铁路线，位置精度数米级；非规划红线"}, "geometry": {"type": "LineString", "coordinates": [[116.30489, 40.045504], [116.304813, 40.045581], [116.304747, 40.045646], [116.304623, 40.045759], [116.304415, 40.045955], [116.304228, 40.046124]]}}, {"type": "Feature", "properties": {"layer": "OSM_RAILWAY", "osm_id": 741588769, "osm_type": "way", "railway": "rail", "name": "京包客专线", "source": "DATA-SRC-OSM", "official_boundary": false, "usable_for_formal": "background_only", "precision_note": "OSM 社区数据铁路线，位置精度数米级；非规划红线"}, "geometry": {"type": "LineString", "coordinates": [[116.315393, 40.029088], [116.319098, 40.019716]]}}, {"type": "Feature", "properties": {"layer": "OSM_RAILWAY", "osm_id": 741588770, "osm_type": "way", "railway": "rail", "name": "京包客专线", "source": "DATA-SRC-OSM", "official_boundary": false, "usable_for_formal": "background_only", "precision_note": "OSM 社区数据铁路线，位置精度数米级；非规划红线"}, "geometry": {"type": "LineString", "coordinates": [[116.319098, 40.019716], [116.319335, 40.01911]]}}, {"type": "Feature", "properties": {"layer": "OSM_RAILWAY", "osm_id": 741588777, "osm_type": "way", "railway": "rail", "name": "清河动车走行线", "source": "DATA-SRC-OSM", "official_boundary": false, "usable_for_formal": "background_only", "precision_note": "OSM 社区数据铁路线，位置精度数米级；非规划红线"}, "geometry": {"type": "LineString", "coordinates": [[116.29876, 40.055009], [116.299054, 40.054441], [116.299134, 40.054293], [116.299492, 40.053657], [116.301487, 40.049968], [116.301505, 40.049935]]}}, {"type": "Feature", "properties": {"layer": "OSM_RAILWAY", "osm_id": 741588778, "osm_type": "way", "railway": "rail", "name": "清河动车走行线", "source": "DATA-SRC-OSM", "official_boundary": false, "usable_for_formal": "background_only", "precision_note": "OSM 社区数据铁路线，位置精度数米级；非规划红线"}, "geometry": {"type": "LineString", "coordinates": [[116.301505, 40.049935], [116.301684, 40.049599]]}}, {"type": "Feature", "properties": {"layer": "OSM_RAILWAY", "osm_id": 741588779, "osm_type": "way", "railway": "rail", "name": "清河动车走行线", "source": "DATA-SRC-OSM", "official_boundary": false, "usable_for_formal": "background_only", "precision_note": "OSM 社区数据铁路线，位置精度数米级；非规划红线"}, "geometry": {"type": "LineString", "coordinates": [[116.301684, 40.049599], [116.302141, 40.048755], [116.302275, 40.048496], [116.302506, 40.048118], [116.302705, 40.047839], [116.302848, 40.047632], [116.303011, 40.047419]]}}, {"type": "Feature", "properties": {"layer": "OSM_RAILWAY", "osm_id": 741588780, "osm_type": "way", "railway": "rail", "name": "京包客专线", "source": "DATA-SRC-OSM", "official_boundary": false, "usable_for_formal": "background_only", "precision_note": "OSM 社区数据铁路线，位置精度数米级；非规划红线"}, "geometry": {"type": "LineString", "coordinates": [[116.298809, 40.055311], [116.298972, 40.054897], [116.299105, 40.054566], [116.299226, 40.054303], [116.299392, 40.053976], [116.299545, 40.053673], [116.301547, 40.049951]]}}, {"type": "Feature", "properties": {"layer": "OSM_RAILWAY", "osm_id": 741588781, "osm_type": "way", "railway": "rail", "name": "京包客专线", "source": "DATA-SRC-OSM", "official_boundary": false, "usable_for_formal": "background_only", "precision_note": "OSM 社区数据铁路线，位置精度数米级；非规划红线"}, "geometry": {"type": "LineString", "coordinates": [[116.301728, 40.049618], [116.302343, 40.048476], [116.302481, 40.048264], [116.302676, 40.047981], [116.30281, 40.047803], [116.302928, 40.047657], [116.303082, 40.047466]]}}, {"type": "Feature", "properties": {"layer": "OSM_RAILWAY", "osm_id": 741588782, "osm_type": "way", "railway": "rail", "name": "京包客专线", "source": "DATA-SRC-OSM", "official_boundary": false, "usable_for_formal": "background_only", "precision_note": "OSM 社区数据铁路线，位置精度数米级；非规划红线"}, "geometry": {"type": "LineString", "coordinates": [[116.301547, 40.049951], [116.301728, 40.049618]]}}, {"type": "Feature", "properties": {"layer": "OSM_RAILWAY", "osm_id": 760394751, "osm_type": "way", "railway": "rail", "name": "京包客专线", "source": "DATA-SRC-OSM", "official_boundary": false, "usable_for_formal": "background_only", "precision_note": "OSM 社区数据铁路线，位置精度数米级；非规划红线"}, "geometry": {"type": "LineString", "coordinates": [[116.345836, 39.949319], [116.345818, 39.949408], [116.345789, 39.949513]]}}, {"type": "Feature", "properties": {"layer": "OSM_RAILWAY", "osm_id": 760394752, "osm_type": "way", "railway": "rail", "name": null, "source": "DATA-SRC-OSM", "official_boundary": false, "usable_for_formal": "background_only", "precision_note": "OSM 社区数据铁路线，位置精度数米级；非规划红线"}, "geometry": {"type": "LineString", "coordinates": [[116.345928, 39.949565], [116.345969, 39.949448], [116.345992, 39.94937]]}}, {"type": "Feature", "properties": {"layer": "OSM_RAILWAY", "osm_id": 760394753, "osm_type": "way", "railway": "rail", "name": null, "source": "DATA-SRC-OSM", "official_boundary": false, "usable_for_formal": "background_only", "precision_note": "OSM 社区数据铁路线，位置精度数米级；非规划红线"}, "geometry": {"type": "LineString", "coordinates": [[116.344404, 39.952164], [116.344595, 39.951749], [116.344638, 39.951656], [116.344729, 39.951465]]}}, {"type": "Feature", "properties": {"layer": "OSM_RAILWAY", "osm_id": 760394754, "osm_type": "way", "railway": "rail", "name": "京包客专线", "source": "DATA-SRC-OSM", "official_boundary": false, "usable_for_formal": "background_only", "precision_note": "OSM 社区数据铁路线，位置精度数米级；非规划红线"}, "geometry": {"type": "LineString", "coordinates": [[116.345114, 39.950854], [116.344939, 39.951173], [116.344745, 39.951529], [116.344696, 39.951617], [116.344404, 39.952164]]}}, {"type": "Feature", "properties": {"layer": "OSM_RAILWAY", "osm_id": 760394755, "osm_type": "way", "railway": "rail", "name": "京包客专线", "source": "DATA-SRC-OSM", "official_boundary": false, "usable_for_formal": "background_only", "precision_note": "OSM 社区数据铁路线，位置精度数米级；非规划红线"}, "geometry": {"type": "LineString", "coordinates": [[116.345848, 39.949535], [116.3459, 39.94934]]}}, {"type": "Feature", "properties": {"layer": "OSM_RAILWAY", "osm_id": 760394756, "osm_type": "way", "railway": "rail", "name": null, "source": "DATA-SRC-OSM", "official_boundary": false, "usable_for_formal": "background_only", "precision_note": "OSM 社区数据铁路线，位置精度数米级；非规划红线"}, "geometry": {"type": "LineString", "coordinates": [[116.345992, 39.94937], [116.346052, 39.949112], [116.346105, 39.948828], [116.346147, 39.948598], [116.346221, 39.948206]]}}, {"type": "Feature", "properties": {"layer": "OSM_RAILWAY", "osm_id": 760528588, "osm_type": "way", "railway": "rail", "name": null, "source": "DATA-SRC-OSM", "official_boundary": false, "usable_for_formal": "background_only", "precision_note": "OSM 社区数据铁路线，位置精度数米级；非规划红线"}, "geometry": {"type": "LineString", "coordinates": [[116.345792, 39.948725], [116.345761, 39.948385], [116.345731, 39.948162], [116.345665, 39.947761], [116.345623, 39.947511], [116.345592, 39.947279], [116.345548, 39.946972], [116.345484, 39.946487], [116.345464, 39.94629], [116.345461, 39.946098], [116.345474, 39.945803], [116.345509, 39.94551], [116.345536, 39.945386], [116.34558, 39.945187], [116.345653, 39.944928], [116.346318, 39.942988], [116.346498, 39.942481]]}}, {"type": "Feature", "properties": {"layer": "OSM_RAILWAY", "osm_id": 768004915, "osm_type": "way", "railway": "rail", "name": "京包客专线", "source": "DATA-SRC-OSM", "official_boundary": false, "usable_for_formal": "background_only", "precision_note": "OSM 社区数据铁路线，位置精度数米级；非规划红线"}, "geometry": {"type": "LineString", "coordinates": [[116.305875, 40.043819], [116.305566, 40.044176], [116.304955, 40.044925], [116.304619, 40.045349], [116.304122, 40.045957]]}}, {"type": "Feature", "properties": {"layer": "OSM_RAILWAY", "osm_id": 768004916, "osm_type": "way", "railway": "rail", "name": null, "source": "DATA-SRC-OSM", "official_boundary": false, "usable_for_formal": "background_only", "precision_note": "OSM 社区数据铁路线，位置精度数米级；非规划红线"}, "geometry": {"type": "LineString", "coordinates": [[116.304675, 40.045375], [116.305229, 40.044815], [116.30532, 40.044719]]}}, {"type": "Feature", "properties": {"layer": "OSM_RAILWAY", "osm_id": 768004917, "osm_type": "way", "railway": "rail", "name": null, "source": "DATA-SRC-OSM", "official_boundary": false, "usable_for_formal": "background_only", "precision_note": "OSM 社区数据铁路线，位置精度数米级；非规划红线"}, "geometry": {"type": "LineString", "coordinates": [[116.306087, 40.043893], [116.306278, 40.04366], [116.306575, 40.043302], [116.30688, 40.042961], [116.306961, 40.042866], [116.308029, 40.041512], [116.309176, 40.040066], [116.310278, 40.038611], [116.310609, 40.038161], [116.310991, 40.037691]]}}, {"type": "Feature", "properties": {"layer": "OSM_RAILWAY", "osm_id": 768004918, "osm_type": "way", "railway": "rail", "name": null, "source": "DATA-SRC-OSM", "official_boundary": false, "usable_for_formal": "background_only", "precision_note": "OSM 社区数据铁路线，位置精度数米级；非规划红线"}, "geometry": {"type": "LineString", "coordinates": [[116.306194, 40.0439], [116.30646, 40.043591], [116.306619, 40.043388], [116.306935, 40.042982], [116.308078, 40.041541], [116.309228, 40.040081], [116.310449, 40.038524], [116.311033, 40.037765]]}}, {"type": "Feature", "properties": {"layer": "OSM_RAILWAY", "osm_id": 831608091, "osm_type": "way", "railway": "rail", "name": "京包客专线", "source": "DATA-SRC-OSM", "official_boundary": false, "usable_for_formal": "background_only", "precision_note": "OSM 社区数据铁路线，位置精度数米级；非规划红线"}, "geometry": {"type": "LineString", "coordinates": [[116.309443, 40.040179], [116.31003, 40.039422], [116.310179, 40.03921], [116.310297, 40.039029], [116.310598, 40.038562], [116.311015, 40.037916]]}}, {"type": "Feature", "properties": {"layer": "OSM_RAILWAY", "osm_id": 831608092, "osm_type": "way", "railway": "rail", "name": "京包客专线", "source": "DATA-SRC-OSM", "official_boundary": false, "usable_for_formal": "background_only", "precision_note": "OSM 社区数据铁路线，位置精度数米级；非规划红线"}, "geometry": {"type": "LineString", "coordinates": [[116.31106, 40.037295], [116.310722, 40.037712], [116.310561, 40.037917], [116.310377, 40.038153], [116.310132, 40.038457], [116.308963, 40.039953]]}}, {"type": "Feature", "properties": {"layer": "OSM_RAILWAY", "osm_id": 831608094, "osm_type": "way", "railway": "rail", "name": null, "source": "DATA-SRC-OSM", "official_boundary": false, "usable_for_formal": "background_only", "precision_note": "OSM 社区数据铁路线，位置精度数米级；非规划红线"}, "geometry": {"type": "LineString", "coordinates": [[116.347306, 39.941465], [116.346887, 39.942602], [116.346714, 39.943071], [116.346377, 39.944012], [116.346137, 39.944689], [116.346031, 39.945033], [116.345913, 39.945536], [116.34587, 39.945756], [116.345832, 39.94604], [116.34581, 39.946238], [116.345803, 39.946377], [116.345802, 39.946582], [116.34581, 39.946915], [116.34582, 39.947308], [116.345827, 39.94747], [116.34584, 39.947645], [116.345871, 39.947904], [116.345891, 39.948154]]}}, {"type": "Feature", "properties": {"layer": "OSM_RAILWAY", "osm_id": 854231897, "osm_type": "way", "railway": "platform", "name": "清华东路西口（俸伯方向）", "source": "DATA-SRC-OSM", "official_boundary": false, "usable_for_formal": "background_only", "precision_note": "OSM 社区数据铁路线，位置精度数米级；非规划红线"}, "geometry": {"type": "LineString", "coordinates": [[116.334256, 39.999298], [116.333037, 39.999277], [116.333039, 39.999217], [116.334258, 39.999238], [116.334256, 39.999298]]}}, {"type": "Feature", "properties": {"layer": "OSM_RAILWAY", "osm_id": 854231898, "osm_type": "way", "railway": "platform", "name": "清华东路西口（清华东路西口方向）", "source": "DATA-SRC-OSM", "official_boundary": false, "usable_for_formal": "background_only", "precision_note": "OSM 社区数据铁路线，位置精度数米级；非规划红线"}, "geometry": {"type": "LineString", "coordinates": [[116.333035, 39.999309], [116.333033, 39.999364], [116.334253, 39.999389], [116.334255, 39.999335], [116.333035, 39.999309]]}}, {"type": "Feature", "properties": {"layer": "OSM_RAILWAY", "osm_id": 860024330, "osm_type": "way", "railway": "station", "name": "清河小营桥", "source": "DATA-SRC-OSM", "official_boundary": false, "usable_for_formal": "background_only", "precision_note": "OSM 社区数据铁路线，位置精度数米级；非规划红线"}, "geometry": {"type": "LineString", "coordinates": [[116.336202, 40.034951], [116.335863, 40.034774], [116.337436, 40.032795], [116.337768, 40.032928], [116.336202, 40.034951]]}}, {"type": "Feature", "properties": {"layer": "OSM_RAILWAY", "osm_id": 890588028, "osm_type": "way", "railway": "subway", "name": "北京地铁16号线", "source": "DATA-SRC-OSM", "official_boundary": false, "usable_for_formal": "background_only", "precision_note": "OSM 社区数据铁路线，位置精度数米级；非规划红线"}, "geometry": {"type": "LineString", "coordinates": [[116.124415, 40.066819], [116.125774, 40.066885], [116.133044, 40.067285], [116.141246, 40.067409], [116.145826, 40.067391], [116.155569, 40.067442], [116.158903, 40.067446], [116.18227, 40.067441], [116.19966, 40.067441], [116.208084, 40.067292], [116.209325, 40.06726], [116.210663, 40.067213], [116.211502, 40.067219], [116.212061, 40.067254], [116.213122, 40.067345], [116.216878, 40.067618], [116.224668, 40.068437], [116.225663, 40.068625], [116.226111, 40.068754], [116.229187, 40.069636], [116.230968, 40.070146], [116.23248, 40.070609], [116.233959, 40.071033], [116.234476, 40.071129], [116.235103, 40.07116], [116.235808, 40.071126], [116.236558, 40.071029], [116.237323, 40.070869], [116.238069, 40.070645], [116.238765, 40.070359], [116.239379, 40.070011], [116.239879, 40.069601], [116.240232, 40.06913], [116.242686, 40.064541], [116.243471, 40.063002], [116.243567, 40.062813], [116.244064, 40.061408], [116.244476, 40.060325], [116.245197, 40.058353], [116.2459, 40.056416], [116.246247, 40.05547], [116.246415, 40.055075], [116.246781, 40.054588], [116.24828, 40.05301], [116.24992, 40.051396], [116.250557, 40.050682], [116.251011, 40.050135], [116.25126, 40.049798], [116.251482, 40.049148], [116.251882, 40.04826], [116.252011, 40.047889], [116.252264, 40.045932], [116.252575, 40.043872], [116.25261, 40.043658], [116.252665, 40.043436], [116.252856, 40.043023], [116.253119, 40.042569], [116.253305, 40.042288], [116.253451, 40.042083], [116.253665, 40.041893], [116.259012, 40.037873], [116.259439, 40.037492], [116.261266, 40.035974], [116.262089, 40.035277], [116.263142, 40.034259], [116.264156, 40.033248], [116.264698, 40.032547], [116.265625, 40.031462], [116.265867, 40.031178], [116.266419, 40.0306], [116.266854, 40.030048], [116.267459, 40.029269], [116.268059, 40.028612], [116.270966, 40.025167], [116.27433, 40.021336], [116.275116, 40.02044], [116.276908, 40.018363], [116.278522, 40.016445], [116.279114, 40.015583], [116.279603, 40.014822], [116.279837, 40.014475], [116.279962, 40.014217], [116.280093, 40.013842], [116.280349, 40.012577], [116.280685, 40.011234], [116.281007, 40.009471], [116.281628, 40.005485], [116.282293, 40.001925], [116.282432, 40.001209], [116.282607, 40.00061], [116.282812, 40.000229], [116.28352, 39.999569], [116.286232, 39.997486], [116.2873, 39.996687], [116.288126, 39.996158], [116.288394, 39.995968], [116.288541, 39.995843], [116.288618, 39.995711], [116.288723, 39.995404], [116.288914, 39.994461], [116.289093, 39.993257], [116.289137, 39.992956], [116.289326, 39.992066], [116.289388, 39.99145], [116.289268, 39.990135], [116.288949, 39.989126], [116.288709, 39.988368], [116.288447, 39.987246], [116.288311, 39.986533], [116.288222, 39.986193], [116.288243, 39.985956], [116.288337, 39.985632], [116.288578, 39.985151], [116.288719, 39.984898], [116.288957, 39.984716], [116.289299, 39.984458], [116.289566, 39.984333], [116.290121, 39.984157], [116.290471, 39.984093], [116.29102, 39.983949], [116.291867, 39.983905], [116.292641, 39.983829], [116.293368, 39.983812], [116.294268, 39.983869], [116.295167, 39.983925], [116.296333, 39.983929], [116.297139, 39.983817], [116.297594, 39.983644], [116.298132, 39.983352], [116.298551, 39.983135], [116.299021, 39.982827], [116.299194, 39.982635], [116.299283, 39.982218], [116.299393, 39.981268], [116.29945, 39.979473], [116.299597, 39.97775], [116.299764, 39.976459], [116.299889, 39.974676], [116.299915, 39.9744], [116.299963, 39.973886], [116.300051, 39.973225], [116.300151, 39.97266], [116.300187, 39.972177], [116.30024, 39.971466], [116.300255, 39.970957], [116.300386, 39.969626], [116.30048, 39.968408], [116.300538, 39.967542], [116.300606, 39.966817], [116.300773, 39.965486], [116.300872, 39.964624], [116.301087, 39.963093], [116.301286, 39.962111], [116.301327, 39.96194], [116.301589, 39.960403], [116.301777, 39.959614], [116.301928, 39.958866], [116.301976, 39.958628], [116.302053, 39.958194], [116.302279, 39.956932], [116.302556, 39.955689], [116.302677, 39.953966], [116.302933, 39.95156], [116.303048, 39.950542], [116.303231, 39.947479], [116.303249, 39.94713], [116.303335, 39.946283], [116.303359, 39.94597], [116.303576, 39.944928], [116.303714, 39.944668], [116.304107, 39.94317], [116.304447, 39.942287], [116.304659, 39.941823], [116.304895, 39.941491], [116.305254, 39.941068], [116.305569, 39.940826], [116.305928, 39.940543], [116.306258, 39.940407], [116.306987, 39.940166], [116.307897, 39.939834], [116.308586, 39.939641], [116.309103, 39.939539], [116.309497, 39.939453], [116.310034, 39.939385], [116.31056, 39.939351], [116.311249, 39.939366], [116.312445, 39.939668], [116.313474, 39.939875], [116.314946, 39.940143], [116.315768, 39.940309], [116.316624, 39.940388], [116.317356, 39.940439], [116.31869, 39.9405], [116.319582, 39.940513], [116.321144, 39.940581], [116.321622, 39.940582], [116.322628, 39.940356], [116.323323, 39.940102], [116.324704, 39.939201], [116.325855, 39.937865], [116.326442, 39.937148], [116.326744, 39.936413], [116.32679, 39.935853], [116.326882, 39.935286], [116.32698, 39.934392], [116.327453, 39.931591], [116.327489, 39.93118], [116.32762, 39.929689], [116.327891, 39.927096], [116.328122, 39.924986], [116.328414, 39.922447]]}}, {"type": "Feature", "properties": {"layer": "OSM_RAILWAY", "osm_id": 890759497, "osm_type": "way", "railway": "subway", "name": "北京地铁16号线", "source": "DATA-SRC-OSM", "official_boundary": false, "usable_for_formal": "background_only", "precision_note": "OSM 社区数据铁路线，位置精度数米级；非规划红线"}, "geometry": {"type": "LineString", "coordinates": [[116.328582, 39.922443], [116.328445, 39.923387], [116.327941, 39.928233], [116.32765, 39.931078], [116.327643, 39.93118], [116.327587, 39.931933], [116.327267, 39.934651], [116.327061, 39.935389], [116.326831, 39.935914], [116.326804, 39.93646], [116.326518, 39.937117], [116.325989, 39.937842], [116.325258, 39.938672], [116.324716, 39.939263], [116.324018, 39.939725], [116.323344, 39.940172], [116.322544, 39.940453], [116.321634, 39.940657], [116.320052, 39.940677], [116.318825, 39.940663], [116.317335, 39.940587], [116.316609, 39.940482], [116.315708, 39.940405], [116.314484, 39.940162], [116.313498, 39.939977], [116.31277, 39.939812], [116.311084, 39.93949], [116.31018, 39.939476], [116.309132, 39.939608], [116.308061, 39.939892], [116.306054, 39.940604], [116.305445, 39.941033], [116.304961, 39.941587], [116.304693, 39.942006], [116.304424, 39.942592], [116.303891, 39.944396], [116.303708, 39.944938], [116.30345, 39.946124], [116.303338, 39.947213], [116.303247, 39.949778], [116.303012, 39.952592], [116.302681, 39.955758], [116.302043, 39.959083], [116.301493, 39.961946], [116.300786, 39.96663], [116.300475, 39.970141], [116.300207, 39.974266], [116.300198, 39.974411], [116.300069, 39.976448], [116.299744, 39.979477], [116.299509, 39.982379], [116.299324, 39.982814], [116.298782, 39.983223], [116.297972, 39.983612], [116.297127, 39.983954], [116.296401, 39.98409], [116.294256, 39.984037], [116.292917, 39.984036], [116.291462, 39.984147], [116.290652, 39.984262], [116.289967, 39.984417], [116.289369, 39.984619], [116.288796, 39.985045], [116.288523, 39.985521], [116.288364, 39.985938], [116.288398, 39.986388], [116.288796, 39.988042], [116.289101, 39.989076], [116.289439, 39.990095], [116.289561, 39.991457], [116.289185, 39.993763], [116.288894, 39.995332], [116.288748, 39.995768], [116.288457, 39.996067], [116.287728, 39.996617], [116.286499, 39.99747], [116.286354, 39.997571], [116.283973, 39.999428], [116.283372, 39.999971], [116.282556, 40.001122], [116.280947, 40.01123], [116.280175, 40.014336], [116.279059, 40.016061], [116.27716, 40.018502], [116.269832, 40.026759], [116.265884, 40.03154], [116.263223, 40.034464], [116.259532, 40.037717], [116.255413, 40.040757], [116.253631, 40.042087], [116.253433, 40.042312], [116.253181, 40.042681], [116.252992, 40.042946], [116.252855, 40.043176], [116.252773, 40.043401], [116.252494, 40.045061], [116.252129, 40.047902], [116.251335, 40.04989], [116.250069, 40.051401], [116.247731, 40.053733], [116.246682, 40.054937], [116.246486, 40.055213], [116.246372, 40.055513], [116.244469, 40.060648], [116.243598, 40.063029], [116.242946, 40.064277], [116.240357, 40.069167], [116.239967, 40.069705], [116.239434, 40.070162], [116.238789, 40.070541], [116.238065, 40.070844], [116.237296, 40.071073], [116.236512, 40.071231], [116.235747, 40.07132], [116.235033, 40.071342], [116.234403, 40.0713], [116.233888, 40.071197], [116.23241, 40.070756], [116.230758, 40.070251], [116.229174, 40.069797], [116.225735, 40.068811], [116.224772, 40.068658], [116.213732, 40.067513], [116.212025, 40.067371], [116.211666, 40.067341], [116.210634, 40.067321], [116.209337, 40.067366], [116.208087, 40.067406], [116.200258, 40.067564], [116.185105, 40.067553], [116.18228, 40.067543], [116.169519, 40.067512], [116.160692, 40.067543], [116.155567, 40.067578], [116.140294, 40.067481], [116.133049, 40.067388], [116.124424, 40.066941]]}}, {"type": "Feature", "properties": {"layer": "OSM_RAILWAY", "osm_id": 917379042, "osm_type": "way", "railway": "disused", "name": null, "source": "DATA-SRC-OSM", "official_boundary": false, "usable_for_formal": "background_only", "precision_note": "OSM 社区数据铁路线，位置精度数米级；非规划红线"}, "geometry": {"type": "LineString", "coordinates": [[116.336273, 39.95298], [116.336357, 39.952866], [116.336424, 39.952752], [116.336496, 39.952616], [116.336533, 39.952502], [116.336579, 39.952318], [116.336583, 39.952265]]}}, {"type": "Feature", "properties": {"layer": "OSM_RAILWAY", "osm_id": 929144130, "osm_type": "way", "railway": "subway", "name": "北京地铁昌平线南延", "source": "DATA-SRC-OSM", "official_boundary": false, "usable_for_formal": "background_only", "precision_note": "OSM 社区数据铁路线，位置精度数米级；非规划红线"}, "geometry": {"type": "LineString", "coordinates": [[116.346545, 40.001102], [116.346317, 40.006011], [116.345785, 40.01363], [116.345752, 40.014106], [116.345603, 40.01632], [116.345494, 40.017966], [116.345501, 40.020315], [116.345358, 40.022768], [116.345106, 40.023799], [116.34461, 40.024523], [116.344079, 40.025638], [116.34293, 40.027247], [116.34138, 40.029296], [116.341048, 40.029646], [116.340744, 40.029959], [116.340353, 40.030292], [116.339743, 40.030754], [116.339265, 40.03114], [116.338833, 40.031456], [116.338538, 40.031736], [116.338008, 40.032354], [116.336841, 40.033893], [116.33629, 40.034586], [116.335972, 40.03504], [116.33568, 40.035255], [116.335059, 40.035504], [116.334219, 40.035756], [116.333049, 40.035876], [116.332264, 40.035803], [116.331884, 40.03577], [116.330864, 40.03549], [116.3291, 40.034973], [116.327857, 40.03483], [116.326973, 40.034788], [116.324682, 40.034648], [116.320641, 40.034377], [116.318924, 40.034287], [116.318368, 40.03434], [116.317652, 40.034517], [116.31581, 40.035185], [116.313866, 40.035891], [116.313291, 40.036088], [116.312653, 40.036368], [116.312193, 40.036639], [116.311955, 40.036812], [116.310986, 40.037582], [116.310521, 40.03804]]}}, {"type": "Feature", "properties": {"layer": "OSM_RAILWAY", "osm_id": 929145384, "osm_type": "way", "railway": "subway", "name": "北京地铁昌平线", "source": "DATA-SRC-OSM", "official_boundary": false, "usable_for_formal": "background_only", "precision_note": "OSM 社区数据铁路线，位置精度数米级；非规划红线"}, "geometry": {"type": "LineString", "coordinates": [[116.300546, 40.050709], [116.301306, 40.049274], [116.301344, 40.049201], [116.30144, 40.049016]]}}, {"type": "Feature", "properties": {"layer": "OSM_RAILWAY", "osm_id": 929145385, "osm_type": "way", "railway": "subway", "name": "北京地铁昌平线", "source": "DATA-SRC-OSM", "official_boundary": false, "usable_for_formal": "background_only", "precision_note": "OSM 社区数据铁路线，位置精度数米级；非规划红线"}, "geometry": {"type": "LineString", "coordinates": [[116.300609, 40.050736], [116.301133, 40.04975], [116.301391, 40.049249], [116.301505, 40.049031]]}}, {"type": "Feature", "properties": {"layer": "OSM_RAILWAY", "osm_id": 944265810, "osm_type": "way", "railway": "subway", "name": "北京地铁9号线", "source": "DATA-SRC-OSM", "official_boundary": false, "usable_for_formal": "background_only", "precision_note": "OSM 社区数据铁路线，位置精度数米级；非规划红线"}, "geometry": {"type": "LineString", "coordinates": [[116.315237, 39.894678], [116.315186, 39.896236], [116.315153, 39.905828], [116.315156, 39.905851], [116.315161, 39.905874], [116.315169, 39.905896], [116.315185, 39.905924], [116.315375, 39.906237], [116.315579, 39.906575], [116.315598, 39.906605], [116.315615, 39.906636], [116.31563, 39.906662], [116.315634, 39.906679], [116.315637, 39.906698], [116.315631, 39.909062], [116.315633, 39.90916], [116.315655, 39.909287], [116.315703, 39.909465], [116.315792, 39.90967], [116.316152, 39.910337], [116.316245, 39.910481], [116.316399, 39.910647], [116.316755, 39.910984], [116.316887, 39.911098], [116.317045, 39.911231], [116.317454, 39.911525], [116.318274, 39.912034], [116.318417, 39.912135], [116.318469, 39.912174], [116.318529, 39.912228], [116.318585, 39.912281], [116.31864, 39.912343], [116.318686, 39.9124], [116.318742, 39.912466], [116.318846, 39.912618], [116.318994, 39.912825], [116.319342, 39.913328], [116.319437, 39.913477], [116.31955, 39.913685], [116.319656, 39.913926], [116.319709, 39.914069], [116.319753, 39.914208], [116.319806, 39.914427], [116.319827, 39.914626], [116.319826, 39.914811], [116.319768, 39.917893], [116.319714, 39.922573], [116.319731, 39.923461], [116.319426, 39.93239], [116.319362, 39.934234], [116.319407, 39.937177], [116.319146, 39.941158]]}}, {"type": "Feature", "properties": {"layer": "OSM_RAILWAY", "osm_id": 970498976, "osm_type": "way", "railway": "rail", "name": null, "source": "DATA-SRC-OSM", "official_boundary": false, "usable_for_formal": "background_only", "precision_note": "OSM 社区数据铁路线，位置精度数米级；非规划红线"}, "geometry": {"type": "LineString", "coordinates": [[116.304321, 40.045903], [116.304991, 40.045088], [116.305229, 40.044815]]}}, {"type": "Feature", "properties": {"layer": "OSM_RAILWAY", "osm_id": 1016972323, "osm_type": "way", "railway": "subway", "name": "北京地铁昌平线", "source": "DATA-SRC-OSM", "official_boundary": false, "usable_for_formal": "background_only", "precision_note": "OSM 社区数据铁路线，位置精度数米级；非规划红线"}, "geometry": {"type": "LineString", "coordinates": [[116.302109, 40.048031], [116.302439, 40.047545], [116.30329, 40.046477], [116.303692, 40.045968], [116.303922, 40.045691], [116.304241, 40.045365], [116.304693, 40.044929], [116.305292, 40.044433], [116.305773, 40.044048], [116.306142, 40.043664], [116.306428, 40.043292], [116.307398, 40.041879], [116.307895, 40.041208], [116.308877, 40.03997], [116.308923, 40.039912]]}}, {"type": "Feature", "properties": {"layer": "OSM_RAILWAY", "osm_id": 1016972324, "osm_type": "way", "railway": "subway", "name": "北京地铁昌平线", "source": "DATA-SRC-OSM", "official_boundary": false, "usable_for_formal": "background_only", "precision_note": "OSM 社区数据铁路线，位置精度数米级；非规划红线"}, "geometry": {"type": "LineString", "coordinates": [[116.302049, 40.04802], [116.302214, 40.047788], [116.302273, 40.047704], [116.302905, 40.046882], [116.303441, 40.046187], [116.303983, 40.045521], [116.304444, 40.045079], [116.305005, 40.044531], [116.305528, 40.044048], [116.305728, 40.043878], [116.305961, 40.043623], [116.306408, 40.043094], [116.306762, 40.042608], [116.307667, 40.04141], [116.30888, 40.039882]]}}, {"type": "Feature", "properties": {"layer": "OSM_RAILWAY", "osm_id": 1017364639, "osm_type": "way", "railway": "subway", "name": "北京地铁2号线", "source": "DATA-SRC-OSM", "official_boundary": false, "usable_for_formal": "background_only", "precision_note": "OSM 社区数据铁路线，位置精度数米级；非规划红线"}, "geometry": {"type": "LineString", "coordinates": [[116.427772, 39.939706], [116.42777, 39.940282], [116.427711, 39.940602], [116.427687, 39.945723], [116.427684, 39.946001], [116.427632, 39.946283], [116.427522, 39.946558], [116.427378, 39.946875], [116.427221, 39.947126], [116.426957, 39.947421], [116.426664, 39.947657], [116.426315, 39.947891], [116.42596, 39.948076], [116.425521, 39.948222], [116.424991, 39.948334], [116.424426, 39.948378], [116.423891, 39.948366], [116.423708, 39.94836], [116.412737, 39.947988], [116.412318, 39.948012], [116.411539, 39.947986], [116.410742, 39.947961], [116.410314, 39.947909], [116.403207, 39.947697], [116.402863, 39.947733], [116.402067, 39.947729], [116.401281, 39.947724], [116.400972, 39.947678], [116.389045, 39.947563], [116.388723, 39.947611], [116.387915, 39.947604], [116.386833, 39.947578], [116.386469, 39.947542], [116.368508, 39.947405], [116.367961, 39.947428], [116.36705, 39.947388], [116.366178, 39.947351], [116.365884, 39.947292], [116.365439, 39.947248], [116.365006, 39.947197], [116.364526, 39.947103], [116.363913, 39.946938], [116.363537, 39.946827], [116.362617, 39.946511], [116.361604, 39.946103], [116.360147, 39.945482], [116.359062, 39.945049], [116.358032, 39.944728], [116.356812, 39.944393], [116.354194, 39.943689], [116.352161, 39.943123], [116.351498, 39.942921], [116.351082, 39.942794], [116.350767, 39.942661], [116.350476, 39.942496], [116.350246, 39.942322], [116.349971, 39.942087], [116.349744, 39.941851], [116.34955, 39.941577], [116.349441, 39.941198], [116.349247, 39.940461], [116.349236, 39.940372], [116.34923, 39.940274], [116.349226, 39.940175], [116.349225, 39.940062], [116.349232, 39.93973], [116.34926, 39.939132]]}}, {"type": "Feature", "properties": {"layer": "OSM_RAILWAY", "osm_id": 1017364640, "osm_type": "way", "railway": "subway", "name": "北京地铁2号线", "source": "DATA-SRC-OSM", "official_boundary": false, "usable_for_formal": "background_only", "precision_note": "OSM 社区数据铁路线，位置精度数米级；非规划红线"}, "geometry": {"type": "LineString", "coordinates": [[116.349398, 39.939136], [116.34938, 39.93974], [116.349371, 39.940057], [116.349372, 39.940178], [116.349376, 39.940285], [116.349381, 39.940369], [116.349386, 39.940458], [116.349484, 39.941195], [116.349598, 39.94157], [116.34978, 39.941825], [116.350006, 39.94206], [116.350285, 39.942301], [116.350515, 39.94247], [116.350784, 39.942631], [116.351101, 39.942765], [116.351513, 39.942883], [116.352181, 39.943044], [116.354224, 39.943638], [116.356824, 39.944338], [116.358058, 39.944676], [116.35909, 39.944996], [116.360185, 39.945428], [116.36164, 39.946051], [116.362642, 39.946445], [116.363568, 39.946771], [116.363941, 39.946887], [116.364539, 39.947062], [116.365017, 39.947155], [116.365443, 39.947211], [116.36575, 39.947225], [116.365887, 39.947247], [116.366193, 39.947233], [116.367058, 39.947268], [116.36797, 39.947305], [116.368511, 39.947376], [116.386561, 39.947513], [116.386802, 39.947467], [116.38792, 39.947476], [116.388719, 39.947487], [116.389047, 39.947536], [116.400975, 39.947651], [116.401281, 39.947606], [116.402069, 39.947609], [116.402793, 39.947612], [116.402864, 39.947612], [116.403206, 39.947671], [116.410313, 39.947874], [116.410753, 39.947848], [116.411548, 39.947873], [116.412331, 39.9479], [116.41274, 39.94796], [116.423893, 39.948332], [116.424424, 39.948344], [116.424511, 39.948337], [116.424982, 39.948299], [116.425496, 39.948181], [116.425894, 39.948037], [116.42628, 39.947858], [116.426631, 39.947626], [116.426913, 39.947393], [116.427157, 39.947106], [116.427319, 39.946867], [116.427461, 39.946553], [116.427575, 39.946277], [116.427627, 39.945996], [116.427633, 39.94572], [116.427662, 39.940598], [116.427609, 39.940277], [116.427606, 39.939701]]}}, {"type": "Feature", "properties": {"layer": "OSM_RAILWAY", "osm_id": 1017500986, "osm_type": "way", "railway": "subway", "name": "北京地铁昌平线南延", "source": "DATA-SRC-OSM", "official_boundary": false, "usable_for_formal": "background_only", "precision_note": "OSM 社区数据铁路线，位置精度数米级；非规划红线"}, "geometry": {"type": "LineString", "coordinates": [[116.310521, 40.03804], [116.31019, 40.038351], [116.310137, 40.038403]]}}, {"type": "Feature", "properties": {"layer": "OSM_RAILWAY", "osm_id": 1017500987, "osm_type": "way", "railway": "subway", "name": "北京地铁昌平线南延", "source": "DATA-SRC-OSM", "official_boundary": false, "usable_for_formal": "background_only", "precision_note": "OSM 社区数据铁路线，位置精度数米级；非规划红线"}, "geometry": {"type": "LineString", "coordinates": [[116.310101, 40.038395], [116.310486, 40.038018]]}}, {"type": "Feature", "properties": {"layer": "OSM_RAILWAY", "osm_id": 1017500988, "osm_type": "way", "railway": "subway", "name": "北京地铁昌平线", "source": "DATA-SRC-OSM", "official_boundary": false, "usable_for_formal": "background_only", "precision_note": "OSM 社区数据铁路线，位置精度数米级；非规划红线"}, "geometry": {"type": "LineString", "coordinates": [[116.30888, 40.039882], [116.309483, 40.039087], [116.310101, 40.038395]]}}, {"type": "Feature", "properties": {"layer": "OSM_RAILWAY", "osm_id": 1017500989, "osm_type": "way", "railway": "subway", "name": "北京地铁昌平线", "source": "DATA-SRC-OSM", "official_boundary": false, "usable_for_formal": "background_only", "precision_note": "OSM 社区数据铁路线，位置精度数米级；非规划红线"}, "geometry": {"type": "LineString", "coordinates": [[116.308923, 40.039912], [116.309061, 40.039738], [116.309745, 40.038869], [116.310137, 40.038403]]}}, {"type": "Feature", "properties": {"layer": "OSM_RAILWAY", "osm_id": 1027320040, "osm_type": "way", "railway": "platform", "name": null, "source": "DATA-SRC-OSM", "official_boundary": false, "usable_for_formal": "background_only", "precision_note": "OSM 社区数据铁路线，位置精度数米级；非规划红线"}, "geometry": {"type": "LineString", "coordinates": [[116.384547, 40.000947], [116.384552, 40.000782], [116.386181, 40.000813], [116.386176, 40.000978], [116.384547, 40.000947]]}}, {"type": "Feature", "properties": {"layer": "OSM_RAILWAY", "osm_id": 1027325784, "osm_type": "way", "railway": "platform", "name": null, "source": "DATA-SRC-OSM", "official_boundary": false, "usable_for_formal": "background_only", "precision_note": "OSM 社区数据铁路线，位置精度数米级；非规划红线"}, "geometry": {"type": "LineString", "coordinates": [[116.365894, 40.020658], [116.365893, 40.020576], [116.367728, 40.020558], [116.367729, 40.020639], [116.365894, 40.020658]]}}, {"type": "Feature", "properties": {"layer": "OSM_RAILWAY", "osm_id": 1027329775, "osm_type": "way", "railway": "platform", "name": null, "source": "DATA-SRC-OSM", "official_boundary": false, "usable_for_formal": "background_only", "precision_note": "OSM 社区数据铁路线，位置精度数米级；非规划红线"}, "geometry": {"type": "LineString", "coordinates": [[116.361179, 40.000147], [116.361183, 40.000051], [116.36306, 40.000101], [116.363056, 40.000196], [116.361179, 40.000147]]}}, {"type": "Feature", "properties": {"layer": "OSM_RAILWAY", "osm_id": 1027332866, "osm_type": "way", "railway": "platform", "name": null, "source": "DATA-SRC-OSM", "official_boundary": false, "usable_for_formal": "background_only", "precision_note": "OSM 社区数据铁路线，位置精度数米级；非规划红线"}, "geometry": {"type": "LineString", "coordinates": [[116.345764, 39.999698], [116.345768, 39.9996], [116.347522, 39.999644], [116.347518, 39.999742], [116.345764, 39.999698]]}}, {"type": "Feature", "properties": {"layer": "OSM_RAILWAY", "osm_id": 1027334356, "osm_type": "way", "railway": "subway", "name": null, "source": "DATA-SRC-OSM", "official_boundary": false, "usable_for_formal": "background_only", "precision_note": "OSM 社区数据铁路线，位置精度数米级；非规划红线"}, "geometry": {"type": "LineString", "coordinates": [[116.332549, 39.99929], [116.332636, 39.999281], [116.332721, 39.999272]]}}, {"type": "Feature", "properties": {"layer": "OSM_RAILWAY", "osm_id": 1027334357, "osm_type": "way", "railway": "subway", "name": null, "source": "DATA-SRC-OSM", "official_boundary": false, "usable_for_formal": "background_only", "precision_note": "OSM 社区数据铁路线，位置精度数米级；非规划红线"}, "geometry": {"type": "LineString", "coordinates": [[116.332724, 39.999294], [116.332636, 39.999281], [116.332548, 39.999267]]}}, {"type": "Feature", "properties": {"layer": "OSM_RAILWAY", "osm_id": 1027334358, "osm_type": "way", "railway": "subway", "name": null, "source": "DATA-SRC-OSM", "official_boundary": false, "usable_for_formal": "background_only", "precision_note": "OSM 社区数据铁路线，位置精度数米级；非规划红线"}, "geometry": {"type": "LineString", "coordinates": [[116.334347, 39.999311], [116.334482, 39.999334]]}}, {"type": "Feature", "properties": {"layer": "OSM_RAILWAY", "osm_id": 1028336496, "osm_type": "way", "railway": "subway", "name": "北京地铁昌平线", "source": "DATA-SRC-OSM", "official_boundary": false, "usable_for_formal": "background_only", "precision_note": "OSM 社区数据铁路线，位置精度数米级；非规划红线"}, "geometry": {"type": "LineString", "coordinates": [[116.300302, 40.051169], [116.300546, 40.050709]]}}, {"type": "Feature", "properties": {"layer": "OSM_RAILWAY", "osm_id": 1028336497, "osm_type": "way", "railway": "subway", "name": "北京地铁昌平线", "source": "DATA-SRC-OSM", "official_boundary": false, "usable_for_formal": "background_only", "precision_note": "OSM 社区数据铁路线，位置精度数米级；非规划红线"}, "geometry": {"type": "LineString", "coordinates": [[116.300609, 40.050736], [116.300365, 40.051189]]}}, {"type": "Feature", "properties": {"layer": "OSM_RAILWAY", "osm_id": 1028336498, "osm_type": "way", "railway": "subway", "name": "北京地铁昌平线", "source": "DATA-SRC-OSM", "official_boundary": false, "usable_for_formal": "background_only", "precision_note": "OSM 社区数据铁路线，位置精度数米级；非规划红线"}, "geometry": {"type": "LineString", "coordinates": [[116.301505, 40.049031], [116.301801, 40.048471], [116.302109, 40.048031]]}}, {"type": "Feature", "properties": {"layer": "OSM_RAILWAY", "osm_id": 1028336499, "osm_type": "way", "railway": "subway", "name": "北京地铁昌平线", "source": "DATA-SRC-OSM", "official_boundary": false, "usable_for_formal": "background_only", "precision_note": "OSM 社区数据铁路线，位置精度数米级；非规划红线"}, "geometry": {"type": "LineString", "coordinates": [[116.30144, 40.049016], [116.301643, 40.048627], [116.302049, 40.04802]]}}, {"type": "Feature", "properties": {"layer": "OSM_RAILWAY", "osm_id": 1029211061, "osm_type": "way", "railway": "disused", "name": null, "source": "DATA-SRC-OSM", "official_boundary": false, "usable_for_formal": "background_only", "precision_note": "OSM 社区数据铁路线，位置精度数米级；非规划红线"}, "geometry": {"type": "LineString", "coordinates": [[116.337582, 39.940839], [116.339172, 39.940824]]}}, {"type": "Feature", "properties": {"layer": "OSM_RAILWAY", "osm_id": 1029211062, "osm_type": "way", "railway": "disused", "name": null, "source": "DATA-SRC-OSM", "official_boundary": false, "usable_for_formal": "background_only", "precision_note": "OSM 社区数据铁路线，位置精度数米级；非规划红线"}, "geometry": {"type": "LineString", "coordinates": [[116.33758, 39.940788], [116.339177, 39.94077]]}}, {"type": "Feature", "properties": {"layer": "OSM_RAILWAY", "osm_id": 1033978108, "osm_type": "way", "railway": "rail", "name": null, "source": "DATA-SRC-OSM", "official_boundary": false, "usable_for_formal": "background_only", "precision_note": "OSM 社区数据铁路线，位置精度数米级；非规划红线"}, "geometry": {"type": "LineString", "coordinates": [[116.301487, 40.049968], [116.301388, 40.050127], [116.301289, 40.050267], [116.301179, 40.050438]]}}, {"type": "Feature", "properties": {"layer": "OSM_RAILWAY", "osm_id": 1044465023, "osm_type": "way", "railway": "razed", "name": null, "source": "DATA-SRC-OSM", "official_boundary": false, "usable_for_formal": "background_only", "precision_note": "OSM 社区数据铁路线，位置精度数米级；非规划红线"}, "geometry": {"type": "LineString", "coordinates": [[116.34461, 39.952485], [116.344626, 39.952291], [116.344661, 39.952066], [116.344718, 39.951871], [116.344786, 39.951699], [116.344885, 39.951507]]}}, {"type": "Feature", "properties": {"layer": "OSM_RAILWAY", "osm_id": 1049116870, "osm_type": "way", "railway": "rail", "name": "京包线", "source": "DATA-SRC-OSM", "official_boundary": false, "usable_for_formal": "background_only", "precision_note": "OSM 社区数据铁路线，位置精度数米级；非规划红线"}, "geometry": {"type": "LineString", "coordinates": [[116.341716, 39.956999], [116.341391, 39.957603], [116.340744, 39.958761], [116.340586, 39.959057], [116.340471, 39.959274], [116.340326, 39.959544], [116.340192, 39.959845], [116.340073, 39.960158], [116.339975, 39.960472], [116.339874, 39.960833], [116.339772, 39.961228], [116.339701, 39.961557], [116.339656, 39.96183], [116.339427, 39.963379], [116.339343, 39.964006], [116.339061, 39.966006]]}}, {"type": "Feature", "properties": {"layer": "OSM_RAILWAY", "osm_id": 1049116871, "osm_type": "way", "railway": "razed", "name": "京包线", "source": "DATA-SRC-OSM", "official_boundary": false, "usable_for_formal": "background_only", "precision_note": "OSM 社区数据铁路线，位置精度数米级；非规划红线"}, "geometry": {"type": "LineString", "coordinates": [[116.330167, 40.008137], [116.330342, 40.007882], [116.330499, 40.007613], [116.330678, 40.007297], [116.330798, 40.007035], [116.330826, 40.006974], [116.330979, 40.006516], [116.331101, 40.006062], [116.331172, 40.005661], [116.331234, 40.005132], [116.331307, 40.003141], [116.331494, 39.998686], [116.331522, 39.998099], [116.331823, 39.991675], [116.331827, 39.991599], [116.331831, 39.991513], [116.331835, 39.991439], [116.33197, 39.988084], [116.331989, 39.987753], [116.33202, 39.987498], [116.332091, 39.986951], [116.332164, 39.986489], [116.332245, 39.985988], [116.332313, 39.985636], [116.332362, 39.985383], [116.332498, 39.984662], [116.332508, 39.984602]]}}, {"type": "Feature", "properties": {"layer": "OSM_RAILWAY", "osm_id": 1049116872, "osm_type": "way", "railway": "razed", "name": "京包线", "source": "DATA-SRC-OSM", "official_boundary": false, "usable_for_formal": "background_only", "precision_note": "OSM 社区数据铁路线，位置精度数米级；非规划红线"}, "geometry": {"type": "LineString", "coordinates": [[116.334099, 39.975272], [116.334181, 39.974826]]}}, {"type": "Feature", "properties": {"layer": "OSM_RAILWAY", "osm_id": 1049116873, "osm_type": "way", "railway": "rail", "name": "京包线", "source": "DATA-SRC-OSM", "official_boundary": false, "usable_for_formal": "background_only", "precision_note": "OSM 社区数据铁路线，位置精度数米级；非规划红线"}, "geometry": {"type": "LineString", "coordinates": [[116.338956, 39.966619], [116.33892, 39.966784], [116.33888, 39.966947], [116.338818, 39.967147], [116.338747, 39.967381], [116.338649, 39.967652], [116.338606, 39.967758], [116.338534, 39.967934], [116.338458, 39.968087], [116.33838, 39.968246], [116.338273, 39.968437], [116.338122, 39.968679], [116.338043, 39.968799], [116.337874, 39.969039], [116.337656, 39.969323], [116.335155, 39.972517], [116.334997, 39.972731], [116.334829, 39.972951]]}}, {"type": "Feature", "properties": {"layer": "OSM_RAILWAY", "osm_id": 1049116874, "osm_type": "way", "railway": "rail", "name": "京包线", "source": "DATA-SRC-OSM", "official_boundary": false, "usable_for_formal": "background_only", "precision_note": "OSM 社区数据铁路线，位置精度数米级；非规划红线"}, "geometry": {"type": "LineString", "coordinates": [[116.339061, 39.966006], [116.339022, 39.966255], [116.338956, 39.966619]]}}, {"type": "Feature", "properties": {"layer": "OSM_RAILWAY", "osm_id": 1049116875, "osm_type": "way", "railway": "razed", "name": "京包线", "source": "DATA-SRC-OSM", "official_boundary": false, "usable_for_formal": "background_only", "precision_note": "OSM 社区数据铁路线，位置精度数米级；非规划红线"}, "geometry": {"type": "LineString", "coordinates": [[116.342127, 39.956218], [116.342565, 39.955384], [116.344224, 39.952346], [116.344327, 39.952161], [116.34445, 39.951954], [116.344729, 39.951465]]}}, {"type": "Feature", "properties": {"layer": "OSM_RAILWAY", "osm_id": 1049116876, "osm_type": "way", "railway": "disused", "name": "京包线", "source": "DATA-SRC-OSM", "official_boundary": false, "usable_for_formal": "background_only", "precision_note": "OSM 社区数据铁路线，位置精度数米级；非规划红线"}, "geometry": {"type": "LineString", "coordinates": [[116.341716, 39.956999], [116.341761, 39.956916], [116.341814, 39.956816], [116.341854, 39.956742], [116.3419, 39.956655], [116.341925, 39.956607]]}}, {"type": "Feature", "properties": {"layer": "OSM_RAILWAY", "osm_id": 1049116877, "osm_type": "way", "railway": "razed", "name": "京包线", "source": "DATA-SRC-OSM", "official_boundary": false, "usable_for_formal": "background_only", "precision_note": "OSM 社区数据铁路线，位置精度数米级；非规划红线"}, "geometry": {"type": "LineString", "coordinates": [[116.333772, 39.977048], [116.333893, 39.976412], [116.334099, 39.975272]]}}, {"type": "Feature", "properties": {"layer": "OSM_RAILWAY", "osm_id": 1049316804, "osm_type": "way", "railway": "razed", "name": "京包线", "source": "DATA-SRC-OSM", "official_boundary": false, "usable_for_formal": "background_only", "precision_note": "OSM 社区数据铁路线，位置精度数米级；非规划红线"}, "geometry": {"type": "LineString", "coordinates": [[116.332508, 39.984602], [116.332528, 39.984485], [116.332556, 39.984332], [116.332567, 39.984266], [116.332578, 39.984203], [116.332623, 39.983933], [116.332652, 39.983755], [116.333029, 39.981503]]}}, {"type": "Feature", "properties": {"layer": "OSM_RAILWAY", "osm_id": 1049749280, "osm_type": "way", "railway": "razed", "name": null, "source": "DATA-SRC-OSM", "official_boundary": false, "usable_for_formal": "background_only", "precision_note": "OSM 社区数据铁路线，位置精度数米级；非规划红线"}, "geometry": {"type": "LineString", "coordinates": [[116.333772, 39.977048], [116.333714, 39.977305], [116.333635, 39.977578], [116.333544, 39.977829], [116.333473, 39.978074], [116.333424, 39.978332], [116.332675, 39.982866], [116.33264, 39.983083], [116.332624, 39.983277], [116.33261, 39.983644], [116.332599, 39.98392], [116.332578, 39.984203]]}}, {"type": "Feature", "properties": {"layer": "OSM_RAILWAY", "osm_id": 1049749281, "osm_type": "way", "railway": "razed", "name": null, "source": "DATA-SRC-OSM", "official_boundary": false, "usable_for_formal": "background_only", "precision_note": "OSM 社区数据铁路线，位置精度数米级；非规划红线"}, "geometry": {"type": "LineString", "coordinates": [[116.332514, 39.984198], [116.33261, 39.983644], [116.333529, 39.978056], [116.333572, 39.977828], [116.33359, 39.977742], [116.333635, 39.977578]]}}, {"type": "Feature", "properties": {"layer": "OSM_RAILWAY", "osm_id": 1050336550, "osm_type": "way", "railway": "disused", "name": null, "source": "DATA-SRC-OSM", "official_boundary": false, "usable_for_formal": "background_only", "precision_note": "OSM 社区数据铁路线，位置精度数米级；非规划红线"}, "geometry": {"type": "LineString", "coordinates": [[116.341574, 39.957143], [116.341747, 39.956819], [116.341788, 39.956742], [116.341833, 39.956658], [116.342076, 39.956202]]}}, {"type": "Feature", "properties": {"layer": "OSM_RAILWAY", "osm_id": 1052233517, "osm_type": "way", "railway": "abandoned", "name": null, "source": "DATA-SRC-OSM", "official_boundary": false, "usable_for_formal": "background_only", "precision_note": "OSM 社区数据铁路线，位置精度数米级；非规划红线"}, "geometry": {"type": "LineString", "coordinates": [[116.347642, 40.067186], [116.347281, 40.066879], [116.347087, 40.066707], [116.346893, 40.066485], [116.346742, 40.066247], [116.346624, 40.066007], [116.34654, 40.06579], [116.346504, 40.065571], [116.346484, 40.065328], [116.346502, 40.065148], [116.346551, 40.064922], [116.346622, 40.064709], [116.346976, 40.063642], [116.346998, 40.063578], [116.347023, 40.063499], [116.347997, 40.060495], [116.348011, 40.060454], [116.348035, 40.060378], [116.348059, 40.060304], [116.348085, 40.060224], [116.348099, 40.06018], [116.350224, 40.053331]]}}, {"type": "Feature", "properties": {"layer": "OSM_RAILWAY", "osm_id": 1052235892, "osm_type": "way", "railway": "subway", "name": "北京交通运输职业学院实训线路", "source": "DATA-SRC-OSM", "official_boundary": false, "usable_for_formal": "background_only", "precision_note": "OSM 社区数据铁路线，位置精度数米级；非规划红线"}, "geometry": {"type": "LineString", "coordinates": [[116.335014, 40.047738], [116.334912, 40.048535], [116.334837, 40.049072], [116.334819, 40.049255], [116.334789, 40.049549], [116.334785, 40.049943], [116.33477, 40.050137]]}}, {"type": "Feature", "properties": {"layer": "OSM_RAILWAY", "osm_id": 1052235893, "osm_type": "way", "railway": "subway", "name": "北京交通运输职业学院实训线路", "source": "DATA-SRC-OSM", "official_boundary": false, "usable_for_formal": "background_only", "precision_note": "OSM 社区数据铁路线，位置精度数米级；非规划红线"}, "geometry": {"type": "LineString", "coordinates": [[116.335074, 40.047744], [116.334968, 40.048539], [116.334894, 40.049077], [116.334871, 40.049257], [116.334864, 40.04932], [116.33486, 40.049759], [116.334862, 40.049839], [116.334868, 40.049936], [116.334863, 40.050137]]}}, {"type": "Feature", "properties": {"layer": "OSM_RAILWAY", "osm_id": 1052235894, "osm_type": "way", "railway": "subway", "name": null, "source": "DATA-SRC-OSM", "official_boundary": false, "usable_for_formal": "background_only", "precision_note": "OSM 社区数据铁路线，位置精度数米级；非规划红线"}, "geometry": {"type": "LineString", "coordinates": [[116.334864, 40.04932], [116.334785, 40.049943]]}}, {"type": "Feature", "properties": {"layer": "OSM_RAILWAY", "osm_id": 1052235895, "osm_type": "way", "railway": "subway", "name": null, "source": "DATA-SRC-OSM", "official_boundary": false, "usable_for_formal": "background_only", "precision_note": "OSM 社区数据铁路线，位置精度数米级；非规划红线"}, "geometry": {"type": "LineString", "coordinates": [[116.334968, 40.048539], [116.334896, 40.048817], [116.334837, 40.049072]]}}, {"type": "Feature", "properties": {"layer": "OSM_RAILWAY", "osm_id": 1052235896, "osm_type": "way", "railway": "subway", "name": null, "source": "DATA-SRC-OSM", "official_boundary": false, "usable_for_formal": "background_only", "precision_note": "OSM 社区数据铁路线，位置精度数米级；非规划红线"}, "geometry": {"type": "LineString", "coordinates": [[116.334894, 40.049077], [116.334896, 40.048817], [116.334912, 40.048535]]}}, {"type": "Feature", "properties": {"layer": "OSM_RAILWAY", "osm_id": 1054058241, "osm_type": "way", "railway": "razed", "name": null, "source": "DATA-SRC-OSM", "official_boundary": false, "usable_for_formal": "background_only", "precision_note": "OSM 社区数据铁路线，位置精度数米级；非规划红线"}, "geometry": {"type": "LineString", "coordinates": [[116.332528, 39.984485], [116.332482, 39.984674], [116.332413, 39.984878], [116.33237, 39.98502]]}}, {"type": "Feature", "properties": {"layer": "OSM_RAILWAY", "osm_id": 1054058242, "osm_type": "way", "railway": "razed", "name": null, "source": "DATA-SRC-OSM", "official_boundary": false, "usable_for_formal": "background_only", "precision_note": "OSM 社区数据铁路线，位置精度数米级；非规划红线"}, "geometry": {"type": "LineString", "coordinates": [[116.332514, 39.984198], [116.332467, 39.984479], [116.33237, 39.98502], [116.332336, 39.985165], [116.332318, 39.985263], [116.332279, 39.985416], [116.332223, 39.985592], [116.33214, 39.985774], [116.332041, 39.985929], [116.331939, 39.98604], [116.331729, 39.986212]]}}, {"type": "Feature", "properties": {"layer": "OSM_RAILWAY", "osm_id": 1054058243, "osm_type": "way", "railway": "razed", "name": null, "source": "DATA-SRC-OSM", "official_boundary": false, "usable_for_formal": "background_only", "precision_note": "OSM 社区数据铁路线，位置精度数米级；非规划红线"}, "geometry": {"type": "LineString", "coordinates": [[116.332514, 39.984198], [116.332529, 39.98405], [116.332535, 39.983862], [116.332534, 39.983705], [116.332543, 39.983567]]}}, {"type": "Feature", "properties": {"layer": "OSM_RAILWAY", "osm_id": 1055214511, "osm_type": "way", "railway": "razed", "name": null, "source": "DATA-SRC-OSM", "official_boundary": false, "usable_for_formal": "background_only", "precision_note": "OSM 社区数据铁路线，位置精度数米级；非规划红线"}, "geometry": {"type": "LineString", "coordinates": [[116.340679, 39.958538], [116.340849, 39.958219], [116.341357, 39.957258]]}}, {"type": "Feature", "properties": {"layer": "OSM_RAILWAY", "osm_id": 1055214512, "osm_type": "way", "railway": "disused", "name": null, "source": "DATA-SRC-OSM", "official_boundary": false, "usable_for_formal": "background_only", "precision_note": "OSM 社区数据铁路线，位置精度数米级；非规划红线"}, "geometry": {"type": "LineString", "coordinates": [[116.340494, 39.958835], [116.340549, 39.958753], [116.340602, 39.958669], [116.340679, 39.958538]]}}, {"type": "Feature", "properties": {"layer": "OSM_RAILWAY", "osm_id": 1055214513, "osm_type": "way", "railway": "disused", "name": null, "source": "DATA-SRC-OSM", "official_boundary": false, "usable_for_formal": "background_only", "precision_note": "OSM 社区数据铁路线，位置精度数米级；非规划红线"}, "geometry": {"type": "LineString", "coordinates": [[116.334237, 39.953449], [116.333246, 39.953277]]}}, {"type": "Feature", "properties": {"layer": "OSM_RAILWAY", "osm_id": 1055703929, "osm_type": "way", "railway": "platform", "name": null, "source": "DATA-SRC-OSM", "official_boundary": false, "usable_for_formal": "background_only", "precision_note": "OSM 社区数据铁路线，位置精度数米级；非规划红线"}, "geometry": {"type": "LineString", "coordinates": [[116.345726, 39.946952], [116.345718, 39.946627], [116.34572, 39.946351], [116.345737, 39.946135], [116.345763, 39.945878], [116.34582, 39.945595], [116.345911, 39.945196], [116.346002, 39.944877], [116.346182, 39.944386], [116.34706, 39.941986]]}}, {"type": "Feature", "properties": {"layer": "OSM_RAILWAY", "osm_id": 1055703930, "osm_type": "way", "railway": "platform", "name": null, "source": "DATA-SRC-OSM", "official_boundary": false, "usable_for_formal": "background_only", "precision_note": "OSM 社区数据铁路线，位置精度数米级；非规划红线"}, "geometry": {"type": "LineString", "coordinates": [[116.345905, 39.947293], [116.345895, 39.946805], [116.345907, 39.946596], [116.345916, 39.946391], [116.34594, 39.946177], [116.345968, 39.945964], [116.346002, 39.945768], [116.346052, 39.945543], [116.346115, 39.945274], [116.346196, 39.944979], [116.346255, 39.944778], [116.347439, 39.941493]]}}, {"type": "Feature", "properties": {"layer": "OSM_RAILWAY", "osm_id": 1055703931, "osm_type": "way", "railway": "platform", "name": null, "source": "DATA-SRC-OSM", "official_boundary": false, "usable_for_formal": "background_only", "precision_note": "OSM 社区数据铁路线，位置精度数米级；非规划红线"}, "geometry": {"type": "LineString", "coordinates": [[116.346127, 39.947241], [116.346141, 39.946778], [116.34615, 39.946463], [116.346169, 39.946187], [116.346199, 39.94596], [116.346244, 39.945709], [116.346304, 39.945444], [116.346379, 39.945172], [116.346456, 39.944909], [116.346545, 39.944647], [116.347655, 39.94153]]}}, {"type": "Feature", "properties": {"layer": "OSM_RAILWAY", "osm_id": 1055703932, "osm_type": "way", "railway": "platform", "name": null, "source": "DATA-SRC-OSM", "official_boundary": false, "usable_for_formal": "background_only", "precision_note": "OSM 社区数据铁路线，位置精度数米级；非规划红线"}, "geometry": {"type": "LineString", "coordinates": [[116.346319, 39.947235], [116.346352, 39.946775], [116.34637, 39.946485], [116.346405, 39.946186], [116.346443, 39.945921], [116.346492, 39.945612], [116.346543, 39.94539], [116.346634, 39.945096], [116.346765, 39.944713], [116.347896, 39.941575]]}}, {"type": "Feature", "properties": {"layer": "OSM_RAILWAY", "osm_id": 1055703933, "osm_type": "way", "railway": "platform", "name": null, "source": "DATA-SRC-OSM", "official_boundary": false, "usable_for_formal": "background_only", "precision_note": "OSM 社区数据铁路线，位置精度数米级；非规划红线"}, "geometry": {"type": "LineString", "coordinates": [[116.348126, 39.941629], [116.346991, 39.944753], [116.346899, 39.945032], [116.346827, 39.945273], [116.346754, 39.945536], [116.346694, 39.9458], [116.346648, 39.946044], [116.346609, 39.946335], [116.34657, 39.946677], [116.346548, 39.946909], [116.346533, 39.947082], [116.346503, 39.947252]]}}, {"type": "Feature", "properties": {"layer": "OSM_RAILWAY", "osm_id": 1058434465, "osm_type": "way", "railway": "platform", "name": null, "source": "DATA-SRC-OSM", "official_boundary": false, "usable_for_formal": "background_only", "precision_note": "OSM 社区数据铁路线，位置精度数米级；非规划红线"}, "geometry": {"type": "LineString", "coordinates": [[116.307236, 40.043031], [116.307466, 40.042799], [116.307692, 40.04255], [116.308029, 40.042137], [116.308387, 40.041674], [116.31008, 40.039478], [116.310186, 40.039333], [116.310397, 40.039023]]}}, {"type": "Feature", "properties": {"layer": "OSM_RAILWAY", "osm_id": 1058434466, "osm_type": "way", "railway": "platform", "name": null, "source": "DATA-SRC-OSM", "official_boundary": false, "usable_for_formal": "background_only", "precision_note": "OSM 社区数据铁路线，位置精度数米级；非规划红线"}, "geometry": {"type": "LineString", "coordinates": [[116.310202, 40.038913], [116.307517, 40.042402], [116.307085, 40.042924]]}}, {"type": "Feature", "properties": {"layer": "OSM_RAILWAY", "osm_id": 1058434467, "osm_type": "way", "railway": "platform", "name": null, "source": "DATA-SRC-OSM", "official_boundary": false, "usable_for_formal": "background_only", "precision_note": "OSM 社区数据铁路线，位置精度数米级；非规划红线"}, "geometry": {"type": "LineString", "coordinates": [[116.306898, 40.042846], [116.310017, 40.038835]]}}, {"type": "Feature", "properties": {"layer": "OSM_RAILWAY", "osm_id": 1058434468, "osm_type": "way", "railway": "platform", "name": null, "source": "DATA-SRC-OSM", "official_boundary": false, "usable_for_formal": "background_only", "precision_note": "OSM 社区数据铁路线，位置精度数米级；非规划红线"}, "geometry": {"type": "LineString", "coordinates": [[116.309823, 40.038742], [116.307117, 40.042195], [116.30669, 40.042743]]}}, {"type": "Feature", "properties": {"layer": "OSM_RAILWAY", "osm_id": 1058434469, "osm_type": "way", "railway": "rail", "name": null, "source": "DATA-SRC-OSM", "official_boundary": false, "usable_for_formal": "background_only", "precision_note": "OSM 社区数据铁路线，位置精度数米级；非规划红线"}, "geometry": {"type": "LineString", "coordinates": [[116.311693, 40.036751], [116.311864, 40.036487]]}}, {"type": "Feature", "properties": {"layer": "OSM_RAILWAY", "osm_id": 1058434470, "osm_type": "way", "railway": "rail", "name": null, "source": "DATA-SRC-OSM", "official_boundary": false, "usable_for_formal": "background_only", "precision_note": "OSM 社区数据铁路线，位置精度数米级；非规划红线"}, "geometry": {"type": "LineString", "coordinates": [[116.305998, 40.044104], [116.306194, 40.0439]]}}, {"type": "Feature", "properties": {"layer": "OSM_RAILWAY", "osm_id": 1058434471, "osm_type": "way", "railway": "rail", "name": null, "source": "DATA-SRC-OSM", "official_boundary": false, "usable_for_formal": "background_only", "precision_note": "OSM 社区数据铁路线，位置精度数米级；非规划红线"}, "geometry": {"type": "LineString", "coordinates": [[116.311713, 40.036943], [116.311434, 40.03737], [116.311078, 40.037939]]}}, {"type": "Feature", "properties": {"layer": "OSM_RAILWAY", "osm_id": 1059060021, "osm_type": "way", "railway": "rail", "name": "京包客专线", "source": "DATA-SRC-OSM", "official_boundary": false, "usable_for_formal": "background_only", "precision_note": "OSM 社区数据铁路线，位置精度数米级；非规划红线"}, "geometry": {"type": "LineString", "coordinates": [[116.344332, 39.952391], [116.344451, 39.952175], [116.344751, 39.951635], [116.344796, 39.951548]]}}, {"type": "Feature", "properties": {"layer": "OSM_RAILWAY", "osm_id": 1059060022, "osm_type": "way", "railway": "rail", "name": "京包客专线", "source": "DATA-SRC-OSM", "official_boundary": false, "usable_for_formal": "background_only", "precision_note": "OSM 社区数据铁路线，位置精度数米级；非规划红线"}, "geometry": {"type": "LineString", "coordinates": [[116.345789, 39.949513], [116.345766, 39.949584], [116.345691, 39.949786], [116.345616, 39.949943], [116.345591, 39.949988], [116.345557, 39.950049], [116.345197, 39.950705]]}}, {"type": "Feature", "properties": {"layer": "OSM_RAILWAY", "osm_id": 1059060023, "osm_type": "way", "railway": "rail", "name": "京包客专线", "source": "DATA-SRC-OSM", "official_boundary": false, "usable_for_formal": "background_only", "precision_note": "OSM 社区数据铁路线，位置精度数米级；非规划红线"}, "geometry": {"type": "LineString", "coordinates": [[116.345197, 39.950705], [116.345114, 39.950854]]}}, {"type": "Feature", "properties": {"layer": "OSM_RAILWAY", "osm_id": 1059060024, "osm_type": "way", "railway": "rail", "name": null, "source": "DATA-SRC-OSM", "official_boundary": false, "usable_for_formal": "background_only", "precision_note": "OSM 社区数据铁路线，位置精度数米级；非规划红线"}, "geometry": {"type": "LineString", "coordinates": [[116.345572, 39.949889], [116.345602, 39.949816], [116.345621, 39.949763], [116.345689, 39.949565], [116.345711, 39.949486]]}}, {"type": "Feature", "properties": {"layer": "OSM_RAILWAY", "osm_id": 1059060025, "osm_type": "way", "railway": "rail", "name": "京包客专线", "source": "DATA-SRC-OSM", "official_boundary": false, "usable_for_formal": "background_only", "precision_note": "OSM 社区数据铁路线，位置精度数米级；非规划红线"}, "geometry": {"type": "LineString", "coordinates": [[116.344404, 39.952164], [116.344361, 39.95223], [116.344282, 39.952375]]}}, {"type": "Feature", "properties": {"layer": "OSM_RAILWAY", "osm_id": 1059060026, "osm_type": "way", "railway": "rail", "name": null, "source": "DATA-SRC-OSM", "official_boundary": false, "usable_for_formal": "background_only", "precision_note": "OSM 社区数据铁路线，位置精度数米级；非规划红线"}, "geometry": {"type": "LineString", "coordinates": [[116.311592, 40.03691], [116.311693, 40.036751]]}}, {"type": "Feature", "properties": {"layer": "OSM_RAILWAY", "osm_id": 1059060027, "osm_type": "way", "railway": "rail", "name": null, "source": "DATA-SRC-OSM", "official_boundary": false, "usable_for_formal": "background_only", "precision_note": "OSM 社区数据铁路线，位置精度数米级；非规划红线"}, "geometry": {"type": "LineString", "coordinates": [[116.311537, 40.036884], [116.311662, 40.036663], [116.311734, 40.036532], [116.311791, 40.036439]]}}, {"type": "Feature", "properties": {"layer": "OSM_RAILWAY", "osm_id": 1059342951, "osm_type": "way", "railway": "rail", "name": "京包客专线", "source": "DATA-SRC-OSM", "official_boundary": false, "usable_for_formal": "background_only", "precision_note": "OSM 社区数据铁路线，位置精度数米级；非规划红线"}, "geometry": {"type": "LineString", "coordinates": [[116.312081, 40.036005], [116.312105, 40.035974]]}}, {"type": "Feature", "properties": {"layer": "OSM_RAILWAY", "osm_id": 1113466209, "osm_type": "way", "railway": "rail", "name": null, "source": "DATA-SRC-OSM", "official_boundary": false, "usable_for_formal": "background_only", "precision_note": "OSM 社区数据铁路线，位置精度数米级；非规划红线"}, "geometry": {"type": "LineString", "coordinates": [[116.34575, 39.949291], [116.345779, 39.949105], [116.345792, 39.948974], [116.345792, 39.948725]]}}, {"type": "Feature", "properties": {"layer": "OSM_RAILWAY", "osm_id": 1134272416, "osm_type": "way", "railway": "rail", "name": "京包线", "source": "DATA-SRC-OSM", "official_boundary": false, "usable_for_formal": "background_only", "precision_note": "OSM 社区数据铁路线，位置精度数米级；非规划红线"}, "geometry": {"type": "LineString", "coordinates": [[116.333029, 39.981503], [116.333043, 39.981414], [116.333161, 39.980714], [116.333179, 39.980606]]}}, {"type": "Feature", "properties": {"layer": "OSM_RAILWAY", "osm_id": 1134272417, "osm_type": "way", "railway": "razed", "name": "京包线", "source": "DATA-SRC-OSM", "official_boundary": false, "usable_for_formal": "background_only", "precision_note": "OSM 社区数据铁路线，位置精度数米级；非规划红线"}, "geometry": {"type": "LineString", "coordinates": [[116.333179, 39.980606], [116.333697, 39.977503], [116.333772, 39.977048]]}}, {"type": "Feature", "properties": {"layer": "OSM_RAILWAY", "osm_id": 1138263477, "osm_type": "way", "railway": "subway", "name": "北京地铁昌平线南延", "source": "DATA-SRC-OSM", "official_boundary": false, "usable_for_formal": "background_only", "precision_note": "OSM 社区数据铁路线，位置精度数米级；非规划红线"}, "geometry": {"type": "LineString", "coordinates": [[116.348158, 39.973856], [116.348162, 39.973205], [116.348098, 39.972758], [116.34811, 39.972189], [116.348413, 39.966434], [116.348476, 39.965245], [116.348652, 39.9617]]}}, {"type": "Feature", "properties": {"layer": "OSM_RAILWAY", "osm_id": 1138263478, "osm_type": "way", "railway": "subway", "name": "北京地铁昌平线南延", "source": "DATA-SRC-OSM", "official_boundary": false, "usable_for_formal": "background_only", "precision_note": "OSM 社区数据铁路线，位置精度数米级；非规划红线"}, "geometry": {"type": "LineString", "coordinates": [[116.348802, 39.961695], [116.34868, 39.96411], [116.348548, 39.965875], [116.348526, 39.96644], [116.348394, 39.969822], [116.348254, 39.972652], [116.348237, 39.973858]]}}, {"type": "Feature", "properties": {"layer": "OSM_RAILWAY", "osm_id": 1172131941, "osm_type": "way", "railway": "razed", "name": null, "source": "DATA-SRC-OSM", "official_boundary": false, "usable_for_formal": "background_only", "precision_note": "OSM 社区数据铁路线，位置精度数米级；非规划红线"}, "geometry": {"type": "LineString", "coordinates": [[116.332223, 39.985592], [116.332158, 39.985806], [116.332099, 39.985937], [116.332025, 39.98606], [116.331961, 39.986142], [116.331807, 39.986272]]}}, {"type": "Feature", "properties": {"layer": "OSM_RAILWAY", "osm_id": 1181036680, "osm_type": "way", "railway": "signal_box", "name": "北京北站信号楼", "source": "DATA-SRC-OSM", "official_boundary": false, "usable_for_formal": "background_only", "precision_note": "OSM 社区数据铁路线，位置精度数米级；非规划红线"}, "geometry": {"type": "LineString", "coordinates": [[116.346818, 39.946269], [116.346909, 39.946288], [116.347005, 39.946011], [116.346914, 39.945992], [116.346891, 39.946058], [116.346822, 39.946044], [116.3468, 39.946107], [116.34687, 39.946121], [116.346818, 39.946269]]}}, {"type": "Feature", "properties": {"layer": "OSM_RAILWAY", "osm_id": 1181036691, "osm_type": "way", "railway": "rail", "name": "京包客专线", "source": "DATA-SRC-OSM", "official_boundary": false, "usable_for_formal": "background_only", "precision_note": "OSM 社区数据铁路线，位置精度数米级；非规划红线"}, "geometry": {"type": "LineString", "coordinates": [[116.345892, 39.948691], [116.345891, 39.948862], [116.345886, 39.948983], [116.345872, 39.949115], [116.345836, 39.949319]]}}, {"type": "Feature", "properties": {"layer": "OSM_RAILWAY", "osm_id": 1181036692, "osm_type": "way", "railway": "rail", "name": "京包客专线", "source": "DATA-SRC-OSM", "official_boundary": false, "usable_for_formal": "background_only", "precision_note": "OSM 社区数据铁路线，位置精度数米级；非规划红线"}, "geometry": {"type": "LineString", "coordinates": [[116.3459, 39.94934], [116.345938, 39.949121], [116.346039, 39.948588]]}}, {"type": "Feature", "properties": {"layer": "OSM_RAILWAY", "osm_id": 1254390660, "osm_type": "way", "railway": "subway", "name": "北京地铁19号线", "source": "DATA-SRC-OSM", "official_boundary": false, "usable_for_formal": "background_only", "precision_note": "OSM 社区数据铁路线，位置精度数米级；非规划红线"}, "geometry": {"type": "LineString", "coordinates": [[116.340265, 39.821565], [116.340391, 39.822547], [116.340523, 39.823576], [116.340918, 39.832889], [116.340875, 39.834247], [116.342384, 39.843708], [116.342904, 39.846094], [116.343229, 39.847587], [116.343748, 39.848378], [116.344066, 39.848813], [116.3445, 39.849188], [116.356569, 39.852456], [116.357116, 39.852678], [116.357667, 39.853513], [116.358023, 39.854183], [116.3582, 39.855011], [116.358289, 39.855721], [116.358306, 39.856288], [116.358143, 39.862601], [116.358014, 39.867509], [116.357999, 39.868196], [116.357631, 39.881978], [116.357404, 39.889621], [116.357201, 39.896423], [116.357147, 39.898254], [116.357214, 39.908767], [116.357147, 39.910791], [116.357317, 39.911816], [116.358246, 39.915665], [116.358289, 39.9173], [116.358331, 39.921653], [116.361117, 39.927812], [116.361434, 39.929012], [116.361776, 39.931975], [116.362164, 39.935222], [116.36225, 39.938374], [116.362565, 39.939532], [116.362815, 39.940064], [116.363192, 39.94054], [116.364291, 39.941248], [116.365488, 39.942097], [116.365664, 39.94238], [116.365793, 39.942939], [116.365868, 39.944366], [116.365889, 39.946155], [116.365447, 39.951163], [116.365339, 39.952312], [116.365132, 39.954913], [116.364838, 39.957064], [116.364044, 39.96577], [116.363905, 39.966895], [116.363761, 39.975086]]}}, {"type": "Feature", "properties": {"layer": "OSM_RAILWAY", "osm_id": 1254390661, "osm_type": "way", "railway": "subway", "name": "北京地铁19号线", "source": "DATA-SRC-OSM", "official_boundary": false, "usable_for_formal": "background_only", "precision_note": "OSM 社区数据铁路线，位置精度数米级；非规划红线"}, "geometry": {"type": "LineString", "coordinates": [[116.339972, 39.821588], [116.340099, 39.822576], [116.340229, 39.823584], [116.340819, 39.83289], [116.340775, 39.834251], [116.342286, 39.843719], [116.342804, 39.846098], [116.343133, 39.847611], [116.34366, 39.848414], [116.343985, 39.848857], [116.344443, 39.849254], [116.356529, 39.852526], [116.357042, 39.852734], [116.357577, 39.853545], [116.357927, 39.854204], [116.358101, 39.855021], [116.35819, 39.855726], [116.358206, 39.856288], [116.358004, 39.862597], [116.357915, 39.867508], [116.357534, 39.881865], [116.357531, 39.881976], [116.357304, 39.889632], [116.357047, 39.898254], [116.357093, 39.908773], [116.357048, 39.910794], [116.357218, 39.911828], [116.357348, 39.912367], [116.358147, 39.915672], [116.358189, 39.917301], [116.358232, 39.921666], [116.361021, 39.927832], [116.361335, 39.929023], [116.361689, 39.931972], [116.362065, 39.935226], [116.36215, 39.938377], [116.362461, 39.939492], [116.362724, 39.940101], [116.363132, 39.94061], [116.364226, 39.941388], [116.365321, 39.942181], [116.365498, 39.942417], [116.365664, 39.943029], [116.365675, 39.943696], [116.365691, 39.94435], [116.365763, 39.946157], [116.365341, 39.951005], [116.36532, 39.951237], [116.365256, 39.952315], [116.364729, 39.957106], [116.364239, 39.962856], [116.364224, 39.962994], [116.364207, 39.963168], [116.364167, 39.963659], [116.364146, 39.963933], [116.363797, 39.966921], [116.36359, 39.975086]]}}, {"type": "Feature", "properties": {"layer": "OSM_RAILWAY", "osm_id": 1340828349, "osm_type": "way", "railway": "station", "name": null, "source": "DATA-SRC-OSM", "official_boundary": false, "usable_for_formal": "background_only", "precision_note": "OSM 社区数据铁路线，位置精度数米级；非规划红线"}, "geometry": {"type": "LineString", "coordinates": [[116.346313, 40.014648], [116.346325, 40.014493], [116.346447, 40.014495], [116.346435, 40.01465], [116.346313, 40.014648]]}}, {"type": "Feature", "properties": {"layer": "OSM_RAILWAY", "osm_id": 1340828351, "osm_type": "way", "railway": "station", "name": null, "source": "DATA-SRC-OSM", "official_boundary": false, "usable_for_formal": "background_only", "precision_note": "OSM 社区数据铁路线，位置精度数米级；非规划红线"}, "geometry": {"type": "LineString", "coordinates": [[116.345595, 40.012749], [116.345606, 40.012604], [116.3457, 40.012611], [116.345687, 40.012751], [116.345595, 40.012749]]}}, {"type": "Feature", "properties": {"layer": "OSM_RAILWAY", "osm_id": 1342316871, "osm_type": "way", "railway": "subway", "name": "北京地铁12号线", "source": "DATA-SRC-OSM", "official_boundary": false, "usable_for_formal": "background_only", "precision_note": "OSM 社区数据铁路线，位置精度数米级；非规划红线"}, "geometry": {"type": "LineString", "coordinates": [[116.55194, 39.974638], [116.548051, 39.974258], [116.545945, 39.974041], [116.545039, 39.973878], [116.544362, 39.97367], [116.543452, 39.973218], [116.54283, 39.972879], [116.542075, 39.97249], [116.540712, 39.971904], [116.538693, 39.971441], [116.537185, 39.97125], [116.535653, 39.971244], [116.534688, 39.971361], [116.53385, 39.971522], [116.532364, 39.971939], [116.530394, 39.972667], [116.528375, 39.973376], [116.527417, 39.973712], [116.524748, 39.974778], [116.522136, 39.975461], [116.517517, 39.976824], [116.515136, 39.977842], [116.512981, 39.978974], [116.511335, 39.979754], [116.509771, 39.98048], [116.508765, 39.980851], [116.508188, 39.981016], [116.507614, 39.981057], [116.506956, 39.981018], [116.50628, 39.980882], [116.5056, 39.980604], [116.50422, 39.979867], [116.502723, 39.979385], [116.500771, 39.979306], [116.499481, 39.979307], [116.498338, 39.979308], [116.485531, 39.979177], [116.485035, 39.979178], [116.484041, 39.97918], [116.482674, 39.979064], [116.48213, 39.978824], [116.481514, 39.9783], [116.477476, 39.974642], [116.473928, 39.971413], [116.471843, 39.969516], [116.471325, 39.969172], [116.470685, 39.968841], [116.469937, 39.968533], [116.469016, 39.968236], [116.467909, 39.967972], [116.465318, 39.967418], [116.463255, 39.967115], [116.461946, 39.966847], [116.460479, 39.96624], [116.459216, 39.965444], [116.457765, 39.964305], [116.454382, 39.961233], [116.452406, 39.959431], [116.451408, 39.958521], [116.45098, 39.958265], [116.450523, 39.958065], [116.449998, 39.957917], [116.449356, 39.957777], [116.448849, 39.957686], [116.448134, 39.957616], [116.447472, 39.957612], [116.44663, 39.95768], [116.446026, 39.957928], [116.445482, 39.958239], [116.441761, 39.96077], [116.436093, 39.964443], [116.435185, 39.965031], [116.431736, 39.96729], [116.430978, 39.967696], [116.430085, 39.968], [116.428943, 39.968185], [116.42802, 39.96823], [116.424257, 39.968142], [116.422315, 39.968097], [116.415174, 39.967911], [116.411804, 39.967832], [116.40782, 39.967739], [116.402536, 39.967596], [116.400997, 39.967551], [116.393051, 39.967316], [116.388392, 39.967199], [116.385031, 39.967115], [116.375832, 39.966902], [116.374728, 39.966876], [116.367227, 39.966712], [116.363861, 39.966661], [116.361183, 39.96662], [116.352561, 39.966398], [116.34966, 39.966371], [116.342873, 39.966307], [116.338872, 39.966187], [116.337828, 39.96619], [116.33388, 39.966201], [116.324575, 39.966133], [116.318395, 39.965943], [116.316099, 39.96583], [116.315715, 39.965768], [116.314968, 39.965647], [116.313977, 39.965386], [116.311399, 39.964438], [116.30681, 39.962796], [116.302975, 39.961439], [116.301566, 39.960792], [116.30048, 39.960295], [116.298051, 39.959211], [116.296332, 39.958647], [116.293544, 39.958118], [116.289737, 39.957825], [116.288005, 39.95747], [116.287587, 39.957385], [116.285004, 39.956612], [116.283692, 39.956371], [116.281837, 39.956162], [116.277439, 39.955957], [116.2767, 39.955918], [116.273191, 39.955736], [116.271233, 39.955557], [116.270627, 39.955378], [116.270161, 39.955148], [116.269908, 39.954793], [116.269787, 39.954234], [116.269755, 39.953457], [116.269656, 39.952491], [116.269433, 39.951456], [116.268723, 39.946423], [116.268445, 39.944428], [116.268337, 39.943536], [116.268214, 39.942525], [116.268183, 39.94193]]}}, {"type": "Feature", "properties": {"layer": "OSM_RAILWAY", "osm_id": 1431968152, "osm_type": "way", "railway": "station", "name": "朱房北", "source": "DATA-SRC-OSM", "official_boundary": false, "usable_for_formal": "background_only", "precision_note": "OSM 社区数据铁路线，位置精度数米级；非规划红线"}, "geometry": {"type": "LineString", "coordinates": [[116.324948, 40.034788], [116.32705, 40.034924], [116.327106, 40.03445], [116.32498, 40.034375], [116.324971, 40.034464], [116.324948, 40.034788]]}}, {"type": "Feature", "properties": {"layer": "OSM_RAILWAY", "osm_id": 1432379268, "osm_type": "way", "railway": "rail", "name": null, "source": "DATA-SRC-OSM", "official_boundary": false, "usable_for_formal": "background_only", "precision_note": "OSM 社区数据铁路线，位置精度数米级；非规划红线"}, "geometry": {"type": "LineString", "coordinates": [[116.344729, 39.951465], [116.345068, 39.950823], [116.345313, 39.950381], [116.345572, 39.949889]]}}, {"type": "Feature", "properties": {"layer": "OSM_RAILWAY", "osm_id": 1444126611, "osm_type": "way", "railway": "disused", "name": null, "source": "DATA-SRC-OSM", "official_boundary": false, "usable_for_formal": "background_only", "precision_note": "OSM 社区数据铁路线，位置精度数米级；非规划红线"}, "geometry": {"type": "LineString", "coordinates": [[116.340347, 39.95903], [116.340445, 39.958899], [116.340494, 39.958835], [116.340625, 39.958667], [116.340938, 39.958237], [116.341154, 39.957931], [116.341244, 39.95779], [116.341334, 39.957611], [116.341456, 39.957377], [116.341574, 39.957143]]}}, {"type": "Feature", "properties": {"layer": "OSM_RAILWAY", "osm_id": 1545095425, "osm_type": "way", "railway": "subway", "name": "北京地铁昌平线南延", "source": "DATA-SRC-OSM", "official_boundary": false, "usable_for_formal": "background_only", "precision_note": "OSM 社区数据铁路线，位置精度数米级；非规划红线"}, "geometry": {"type": "LineString", "coordinates": [[116.346639, 39.997654], [116.346722, 39.996054], [116.346935, 39.991768], [116.347206, 39.986798], [116.347266, 39.985716], [116.347321, 39.984699], [116.347503, 39.98196], [116.347811, 39.977283], [116.347852, 39.976909], [116.347945, 39.976514], [116.348058, 39.97557], [116.348088, 39.975175], [116.34812, 39.974494], [116.348158, 39.973856]]}}, {"type": "Feature", "properties": {"layer": "OSM_RAILWAY", "osm_id": 1545095426, "osm_type": "way", "railway": "subway", "name": "北京地铁昌平线南延", "source": "DATA-SRC-OSM", "official_boundary": false, "usable_for_formal": "background_only", "precision_note": "OSM 社区数据铁路线，位置精度数米级；非规划红线"}, "geometry": {"type": "LineString", "coordinates": [[116.348237, 39.973858], [116.348211, 39.974498], [116.347982, 39.976742], [116.347876, 39.977101], [116.347811, 39.97807], [116.347734, 39.979408], [116.34766, 39.980659], [116.347579, 39.981789], [116.347442, 39.983816], [116.347405, 39.984361], [116.347372, 39.985727], [116.347313, 39.986802], [116.347304, 39.986969], [116.347044, 39.991693], [116.346717, 39.997652]]}}, {"type": "Feature", "properties": {"layer": "OSM_RAILWAY", "osm_id": 1545095427, "osm_type": "way", "railway": "subway", "name": "北京地铁昌平线南延", "source": "DATA-SRC-OSM", "official_boundary": false, "usable_for_formal": "background_only", "precision_note": "OSM 社区数据铁路线，位置精度数米级；非规划红线"}, "geometry": {"type": "LineString", "coordinates": [[116.346459, 40.001102], [116.346572, 39.998939], [116.346639, 39.997654]]}}, {"type": "Feature", "properties": {"layer": "OSM_RAILWAY", "osm_id": 1545095428, "osm_type": "way", "railway": "subway", "name": "北京地铁昌平线南延", "source": "DATA-SRC-OSM", "official_boundary": false, "usable_for_formal": "background_only", "precision_note": "OSM 社区数据铁路线，位置精度数米级；非规划红线"}, "geometry": {"type": "LineString", "coordinates": [[116.346717, 39.997652], [116.346646, 39.998942], [116.346545, 40.001102]]}}, {"type": "Feature", "properties": {"layer": "OSM_RAILWAY", "osm_id": 1545098953, "osm_type": "way", "railway": "subway", "name": null, "source": "DATA-SRC-OSM", "official_boundary": false, "usable_for_formal": "background_only", "precision_note": "OSM 社区数据铁路线，位置精度数米级；非规划红线"}, "geometry": {"type": "LineString", "coordinates": [[116.30135, 40.049818], [116.300578, 40.051226], [116.300564, 40.05125]]}}, {"type": "Feature", "properties": {"layer": "OSM_RAILWAY", "osm_id": 1545098954, "osm_type": "way", "railway": "subway", "name": null, "source": "DATA-SRC-OSM", "official_boundary": false, "usable_for_formal": "background_only", "precision_note": "OSM 社区数据铁路线，位置精度数米级；非规划红线"}, "geometry": {"type": "LineString", "coordinates": [[116.300521, 40.051237], [116.300535, 40.051214], [116.301309, 40.049799]]}}, {"type": "Feature", "properties": {"layer": "OSM_RAILWAY", "osm_id": 1545098955, "osm_type": "way", "railway": "subway", "name": null, "source": "DATA-SRC-OSM", "official_boundary": false, "usable_for_formal": "background_only", "precision_note": "OSM 社区数据铁路线，位置精度数米级；非规划红线"}, "geometry": {"type": "LineString", "coordinates": [[116.300564, 40.05125], [116.300278, 40.051762], [116.300016, 40.052269]]}}, {"type": "Feature", "properties": {"layer": "OSM_RAILWAY", "osm_id": 1545098956, "osm_type": "way", "railway": "subway", "name": null, "source": "DATA-SRC-OSM", "official_boundary": false, "usable_for_formal": "background_only", "precision_note": "OSM 社区数据铁路线，位置精度数米级；非规划红线"}, "geometry": {"type": "LineString", "coordinates": [[116.299972, 40.052255], [116.300244, 40.051752], [116.300521, 40.051237]]}}, {"type": "Feature", "properties": {"layer": "OSM_RAILWAY", "osm_id": 1548786797, "osm_type": "way", "railway": "razed", "name": null, "source": "DATA-SRC-OSM", "official_boundary": false, "usable_for_formal": "background_only", "precision_note": "OSM 社区数据铁路线，位置精度数米级；非规划红线"}, "geometry": {"type": "LineString", "coordinates": [[116.342076, 39.956202], [116.34252, 39.95537]]}}, {"type": "Feature", "properties": {"layer": "OSM_RAILWAY", "osm_id": 1548786798, "osm_type": "way", "railway": "disused", "name": "京包线", "source": "DATA-SRC-OSM", "official_boundary": false, "usable_for_formal": "background_only", "precision_note": "OSM 社区数据铁路线，位置精度数米级；非规划红线"}, "geometry": {"type": "LineString", "coordinates": [[116.341925, 39.956607], [116.34208, 39.956308], [116.342127, 39.956218]]}}, {"type": "Feature", "properties": {"layer": "OSM_RAILWAY", "osm_id": 1548786799, "osm_type": "way", "railway": "razed", "name": "京包线", "source": "DATA-SRC-OSM", "official_boundary": false, "usable_for_formal": "background_only", "precision_note": "OSM 社区数据铁路线，位置精度数米级；非规划红线"}, "geometry": {"type": "LineString", "coordinates": [[116.334181, 39.974826], [116.334236, 39.97455], [116.334321, 39.974195], [116.3344, 39.973855], [116.334476, 39.973628], [116.334603, 39.973339], [116.334714, 39.973135], [116.334829, 39.972951]]}}, {"type": "Feature", "properties": {"layer": "OSM_RAILWAY", "osm_id": 1548789338, "osm_type": "way", "railway": "rail", "name": null, "source": "DATA-SRC-OSM", "official_boundary": false, "usable_for_formal": "background_only", "precision_note": "OSM 社区数据铁路线，位置精度数米级；非规划红线"}, "geometry": {"type": "LineString", "coordinates": [[116.30532, 40.044719], [116.305921, 40.04409], [116.306087, 40.043893]]}}, {"type": "Feature", "properties": {"layer": "OSM_RAILWAY", "osm_id": 1548789339, "osm_type": "way", "railway": "rail", "name": "京包客专线", "source": "DATA-SRC-OSM", "official_boundary": false, "usable_for_formal": "background_only", "precision_note": "OSM 社区数据铁路线，位置精度数米级；非规划红线"}, "geometry": {"type": "LineString", "coordinates": [[116.308963, 40.039953], [116.307278, 40.042076], [116.306661, 40.042851], [116.305875, 40.043819]]}}, {"type": "Feature", "properties": {"layer": "OSM_RAILWAY", "osm_id": 1548789340, "osm_type": "way", "railway": "rail", "name": "京包客专线", "source": "DATA-SRC-OSM", "official_boundary": false, "usable_for_formal": "background_only", "precision_note": "OSM 社区数据铁路线，位置精度数米级；非规划红线"}, "geometry": {"type": "LineString", "coordinates": [[116.303082, 40.047466], [116.303692, 40.046798], [116.304296, 40.046153], [116.30489, 40.045504], [116.305202, 40.045173], [116.305516, 40.044831], [116.305747, 40.044583], [116.306051, 40.04425], [116.306274, 40.044001]]}}, {"type": "Feature", "properties": {"layer": "OSM_RAILWAY", "osm_id": 1548789341, "osm_type": "way", "railway": "rail", "name": null, "source": "DATA-SRC-OSM", "official_boundary": false, "usable_for_formal": "background_only", "precision_note": "OSM 社区数据铁路线，位置精度数米级；非规划红线"}, "geometry": {"type": "LineString", "coordinates": [[116.311592, 40.03691], [116.311145, 40.037593], [116.311033, 40.037765]]}}, {"type": "Feature", "properties": {"layer": "OSM_RAILWAY", "osm_id": 1548789342, "osm_type": "way", "railway": "rail", "name": "京包客专线", "source": "DATA-SRC-OSM", "official_boundary": false, "usable_for_formal": "background_only", "precision_note": "OSM 社区数据铁路线，位置精度数米级；非规划红线"}, "geometry": {"type": "LineString", "coordinates": [[116.31173, 40.036426], [116.31106, 40.037295]]}}, {"type": "Feature", "properties": {"layer": "OSM_RAILWAY", "osm_id": 1548789343, "osm_type": "way", "railway": "rail", "name": null, "source": "DATA-SRC-OSM", "official_boundary": false, "usable_for_formal": "background_only", "precision_note": "OSM 社区数据铁路线，位置精度数米级；非规划红线"}, "geometry": {"type": "LineString", "coordinates": [[116.310991, 40.037691], [116.31106, 40.037607], [116.311094, 40.03756], [116.311537, 40.036884]]}}, {"type": "Feature", "properties": {"layer": "OSM_RAILWAY", "osm_id": 1548789344, "osm_type": "way", "railway": "rail", "name": "京包客专线", "source": "DATA-SRC-OSM", "official_boundary": false, "usable_for_formal": "background_only", "precision_note": "OSM 社区数据铁路线，位置精度数米级；非规划红线"}, "geometry": {"type": "LineString", "coordinates": [[116.311015, 40.037916], [116.311391, 40.037349], [116.311536, 40.037126], [116.311915, 40.036515]]}}]}