{
  "type": "FeatureCollection",
  "name": "roads_corridor",
  "features": [
    {
      "type": "Feature",
      "id": "ROAD-OSM-1816",
      "properties": {
        "id": "ROAD-OSM-1816",
        "layer": "ROAD_CENTERLINE",
        "source_type": "openstreetmap",
        "confidence": "medium",
        "geometry_role": "design_proposal",
        "road_class": "greenway",
        "name_zh": "走廊道路-1816",
        "source_id": "DATA-SRC-OSM-OSM",
        "official_boundary": false,
        "provisional_note": "OSM/天地图裁剪至 SITE；正式道路红线待官方数据"
      },
      "geometry": {
        "type": "LineString",
        "coordinates": [
          [
            116.3555324,
            40.0256209
          ],
          [
            116.35539580000001,
            40.0256762
          ],
          [
            116.355267,
            40.0257271
          ],
          [
            116.3551275,
            40.02582729999999
          ],
          [
            116.3550245,
            40.026052400000005
          ],
          [
            116.3549688,
            40.02613790000001
          ],
          [
            116.3548786,
            40.0261034
          ],
          [
            116.35481640000002,
            40.026013000000006
          ],
          [
            116.3547306,
            40.0259128
          ],
          [
            116.35458900000002,
            40.0258569
          ],
          [
            116.35437009999998,
            40.025894699999995
          ],
          [
            116.35416410000002,
            40.0259358
          ],
          [
            116.3538208,
            40.02601140000001
          ],
          [
            116.3536276,
            40.02602939999999
          ],
          [
            116.3534732,
            40.02600640000001
          ],
          [
            116.3531899,
            40.0259884
          ],
          [
            116.35309339999999,
            40.0260804
          ],
          [
            116.35254190000002,
            40.0260278
          ],
          [
            116.3524325,
            40.02602619999999
          ],
          [
            116.3521235,
            40.02598510000001
          ],
          [
            116.35186809999999,
            40.0259571
          ],
          [
            116.35162779999999,
            40.0258964
          ],
          [
            116.351218,
            40.0258191
          ],
          [
            116.3509454,
            40.02577149999999
          ],
          [
            116.35077810000001,
            40.02575180000001
          ],
          [
            116.350306,
            40.0256942
          ],
          [
            116.3499369,
            40.0256515
          ],
          [
            116.34962150000001,
            40.02560879999999
          ],
          [
            116.34936830000001,
            40.0255529
          ],
          [
            116.348967,
            40.02550690000001
          ],
          [
            116.34870740000001,
            40.0254543
          ],
          [
            116.34858080000001,
            40.025434600000004
          ],
          [
            116.3485128,
            40.02542149999999
          ],
          [
            116.3484497,
            40.025402799999995
          ],
          [
            116.34840979999998,
            40.02536779999999
          ],
          [
            116.3483931,
            40.0253308
          ],
          [
            116.34840400000002,
            40.02514939999999
          ],
          [
            116.34841240000002,
            40.025025600000006
          ],
          [
            116.34843040000001,
            40.024950200000006
          ],
          [
            116.3484452,
            40.02488369999999
          ],
          [
            116.3484678,
            40.0248349
          ],
          [
            116.3485218,
            40.024785599999994
          ],
          [
            116.348619,
            40.02474759999999
          ],
          [
            116.3487491,
            40.02474809999998
          ],
          [
            116.34889910000001,
            40.02478309999999
          ],
          [
            116.34897500000001,
            40.0248023
          ],
          [
            116.3490549,
            40.02480729999999
          ],
          [
            116.34915079999999,
            40.0247989
          ],
          [
            116.34924290000001,
            40.02478750000001
          ],
          [
            116.34932330000001,
            40.02479350000001
          ],
          [
            116.3494444,
            40.024826
          ],
          [
            116.3495274,
            40.0248639
          ],
          [
            116.3495943,
            40.024910799999994
          ],
          [
            116.34967220000001,
            40.02494920000001
          ],
          [
            116.34979520000002,
            40.0249754
          ],
          [
            116.3499124,
            40.02498179999999
          ],
          [
            116.3500089,
            40.02499850000001
          ],
          [
            116.3501023,
            40.0250335
          ],
          [
            116.3502349,
            40.0250838
          ],
          [
            116.3503456,
            40.02511439999999
          ],
          [
            116.35046340000001,
            40.025155300000016
          ],
          [
            116.3506199,
            40.025177
          ],
          [
            116.3507975,
            40.02517989999999
          ],
          [
            116.3508986,
            40.02518040000002
          ],
          [
            116.3510171,
            40.0251671
          ],
          [
            116.3510995,
            40.025147399999994
          ],
          [
            116.3511722,
            40.0251242
          ],
          [
            116.3512353,
            40.0251237
          ],
          [
            116.3513325,
            40.02516219999999
          ],
          [
            116.35140780000002,
            40.025172999999995
          ],
          [
            116.3514761,
            40.025173
          ],
          [
            116.35153210000001,
            40.02516860000001
          ],
          [
            116.35164349999998,
            40.0251454
          ],
          [
            116.3517561,
            40.0251144
          ],
          [
            116.35186750000001,
            40.0251203
          ],
          [
            116.3519904,
            40.0251366
          ],
          [
            116.3520986,
            40.0251454
          ],
          [
            116.3523213,
            40.02515679999998
          ],
          [
            116.352519,
            40.0251686
          ],
          [
            116.35262390000001,
            40.02516070000001
          ],
          [
            116.352725,
            40.02512419999999
          ],
          [
            116.35279519999999,
            40.025068499999996
          ],
          [
            116.3529426,
            40.02505469999999
          ],
          [
            116.3531125,
            40.025067099999994
          ],
          [
            116.35321229999998,
            40.02507099999999
          ],
          [
            116.3534125,
            40.02508919999999
          ],
          [
            116.3535812,
            40.02509659999999
          ],
          [
            116.3536951,
            40.0250769
          ],
          [
            116.35385609999999,
            40.025068
          ],
          [
            116.35411100000002,
            40.025081799999995
          ],
          [
            116.35427190000001,
            40.0250853
          ],
          [
            116.35441740000002,
            40.025063599999996
          ],
          [
            116.354561,
            40.0250321
          ],
          [
            116.3547593,
            40.02502659999999
          ],
          [
            116.3550007,
            40.02509019999999
          ],
          [
            116.35511530000001,
            40.02513900000001
          ],
          [
            116.3551887,
            40.025190800000004
          ],
          [
            116.35523500000001,
            40.0252578
          ],
          [
            116.355273,
            40.025318000000006
          ],
          [
            116.355329,
            40.0253688
          ],
          [
            116.3554436,
            40.02545009999999
          ],
          [
            116.35551699999999,
            40.0255152
          ],
          [
            116.3555847,
            40.02556219999999
          ]
        ]
      }
    },
    {
      "type": "Feature",
      "id": "ROAD-OSM-268",
      "properties": {
        "id": "ROAD-OSM-268",
        "layer": "ROAD_CENTERLINE",
        "source_type": "openstreetmap",
        "confidence": "medium",
        "geometry_role": "design_proposal",
        "road_class": "greenway",
        "name_zh": "走廊道路-268",
        "source_id": "DATA-SRC-OSM-OSM",
        "official_boundary": false,
        "provisional_note": "OSM/天地图裁剪至 SITE；正式道路红线待官方数据"
      },
      "geometry": {
        "type": "LineString",
        "coordinates": [
          [
            116.33950788993538,
            39.999281213117236
          ],
          [
            116.34255540000001,
            39.9993652
          ],
          [
            116.3425983,
            39.999365800000014
          ],
          [
            116.3426704,
            39.999366800000004
          ],
          [
            116.34438580000001,
            39.999419499999995
          ],
          [
            116.3461431,
            39.9994725
          ],
          [
            116.34618320000001,
            39.9994735
          ],
          [
            116.34628620000001,
            39.99947590000001
          ],
          [
            116.3464228,
            39.9994753
          ],
          [
            116.3466535,
            39.999477999999996
          ],
          [
            116.3468359,
            39.999479
          ],
          [
            116.3468723,
            39.99947920000001
          ],
          [
            116.34693450000002,
            39.9994814
          ],
          [
            116.3497834,
            39.999580400000006
          ],
          [
            116.3498203,
            39.9995817
          ],
          [
            116.35171480000001,
            39.9996501
          ],
          [
            116.35398200000002,
            39.99968639999998
          ],
          [
            116.3549784,
            39.9997111
          ],
          [
            116.3552129,
            39.9997228
          ],
          [
            116.35559184656168,
            39.999741764197836
          ]
        ]
      }
    },
    {
      "type": "Feature",
      "id": "ROAD-OSM-281",
      "properties": {
        "id": "ROAD-OSM-281",
        "layer": "ROAD_CENTERLINE",
        "source_type": "openstreetmap",
        "confidence": "medium",
        "geometry_role": "design_proposal",
        "road_class": "greenway",
        "name_zh": "走廊道路-281",
        "source_id": "DATA-SRC-OSM-OSM",
        "official_boundary": false,
        "provisional_note": "OSM/天地图裁剪至 SITE；正式道路红线待官方数据"
      },
      "geometry": {
        "type": "LineString",
        "coordinates": [
          [
            116.35561054221435,
            40.000082801941815
          ],
          [
            116.3521792,
            39.999969899999996
          ],
          [
            116.35012700000001,
            39.9999024
          ],
          [
            116.3469649,
            39.9997983
          ],
          [
            116.3469175,
            39.9997968
          ],
          [
            116.3468173,
            39.9997927
          ],
          [
            116.34665780000002,
            39.999786099999994
          ],
          [
            116.3464204,
            39.99978639999999
          ],
          [
            116.3462725,
            39.99978619999999
          ],
          [
            116.34615689999998,
            39.9997848
          ],
          [
            116.3453275,
            39.9997713
          ],
          [
            116.3445735,
            39.999759100000006
          ],
          [
            116.3430035,
            39.9997093
          ],
          [
            116.3427856,
            39.99970229999999
          ],
          [
            116.3425879,
            39.999695199999984
          ],
          [
            116.34142570000002,
            39.9996537
          ],
          [
            116.34139750000001,
            39.99965269999999
          ],
          [
            116.3408801,
            39.9996394
          ],
          [
            116.33952871266193,
            39.99960410589698
          ]
        ]
      }
    },
    {
      "type": "Feature",
      "id": "ROAD-OSM-423",
      "properties": {
        "id": "ROAD-OSM-423",
        "layer": "ROAD_CENTERLINE",
        "source_type": "openstreetmap",
        "confidence": "medium",
        "geometry_role": "design_proposal",
        "road_class": "greenway",
        "name_zh": "走廊道路-423",
        "source_id": "DATA-SRC-OSM-OSM",
        "official_boundary": false,
        "provisional_note": "OSM/天地图裁剪至 SITE；正式道路红线待官方数据"
      },
      "geometry": {
        "type": "LineString",
        "coordinates": [
          [
            116.35518571338643,
            39.99233329577565
          ],
          [
            116.3533587,
            39.99227930000001
          ],
          [
            116.3531248,
            39.9923049
          ],
          [
            116.35267570000002,
            39.9922928
          ],
          [
            116.35241,
            39.9922512
          ],
          [
            116.3516297,
            39.99221889999999
          ],
          [
            116.3515463,
            39.9922154
          ],
          [
            116.34915590000001,
            39.99216239999999
          ],
          [
            116.3473571,
            39.9921119
          ],
          [
            116.3472566,
            39.9921091
          ],
          [
            116.3470934,
            39.992104299999994
          ],
          [
            116.3468938,
            39.9920982
          ],
          [
            116.3467292,
            39.9920918
          ],
          [
            116.34212750000002,
            39.9919787
          ]
        ]
      }
    },
    {
      "type": "Feature",
      "id": "ROAD-OSM-269",
      "properties": {
        "id": "ROAD-OSM-269",
        "layer": "ROAD_CENTERLINE",
        "source_type": "openstreetmap",
        "confidence": "medium",
        "geometry_role": "design_proposal",
        "road_class": "greenway",
        "name_zh": "走廊道路-269",
        "source_id": "DATA-SRC-OSM-OSM",
        "official_boundary": false,
        "provisional_note": "OSM/天地图裁剪至 SITE；正式道路红线待官方数据"
      },
      "geometry": {
        "type": "LineString",
        "coordinates": [
          [
            116.34213290000001,
            39.991746500000005
          ],
          [
            116.344602,
            39.99181169999999
          ],
          [
            116.3465308,
            39.99185189999999
          ],
          [
            116.3467408,
            39.991856299999995
          ],
          [
            116.3468989,
            39.991854200000006
          ],
          [
            116.3471021,
            39.991859199999986
          ],
          [
            116.3472667,
            39.9918696
          ],
          [
            116.34819519999999,
            39.99189659999999
          ],
          [
            116.34848920000002,
            39.99191080000001
          ],
          [
            116.34915470000001,
            39.99193090000001
          ],
          [
            116.34975380000002,
            39.9919491
          ],
          [
            116.3514557,
            39.991991
          ],
          [
            116.3515626,
            39.9919936
          ],
          [
            116.3524131,
            39.9920247
          ],
          [
            116.35267570000002,
            39.99200449999999
          ],
          [
            116.35316600000002,
            39.99201899999999
          ],
          [
            116.35353560000001,
            39.992052199999996
          ],
          [
            116.3539856,
            39.99206319999999
          ],
          [
            116.35517249997287,
            39.99209226510206
          ]
        ]
      }
    },
    {
      "type": "Feature",
      "id": "ROAD-OSM-2086",
      "properties": {
        "id": "ROAD-OSM-2086",
        "layer": "ROAD_CENTERLINE",
        "source_type": "openstreetmap",
        "confidence": "medium",
        "geometry_role": "design_proposal",
        "road_class": "greenway",
        "name_zh": "走廊道路-2086",
        "source_id": "DATA-SRC-OSM-OSM",
        "official_boundary": false,
        "provisional_note": "OSM/天地图裁剪至 SITE；正式道路红线待官方数据"
      },
      "geometry": {
        "type": "LineString",
        "coordinates": [
          [
            116.34212930000001,
            39.9752235
          ],
          [
            116.3420407,
            39.9769042
          ],
          [
            116.3419864,
            39.97795880000001
          ],
          [
            116.3419564,
            39.9787073
          ],
          [
            116.3418949,
            39.9796635
          ],
          [
            116.34188140000002,
            39.979856000000005
          ],
          [
            116.34187580000001,
            39.9799358
          ],
          [
            116.34187490000001,
            39.979996699999994
          ],
          [
            116.3418468,
            39.98040839999999
          ],
          [
            116.3418319,
            39.9806264
          ],
          [
            116.34182089999999,
            39.98082370000001
          ],
          [
            116.34181550000001,
            39.980968499999996
          ],
          [
            116.34178310000001,
            39.9818388
          ],
          [
            116.3417803,
            39.98191349999998
          ],
          [
            116.34177950000002,
            39.9819336
          ],
          [
            116.341723,
            39.983295500000004
          ],
          [
            116.3417198,
            39.983359899999996
          ],
          [
            116.3417163,
            39.983406599999995
          ],
          [
            116.3417142,
            39.9834243
          ],
          [
            116.34163520000001,
            39.984969099999994
          ]
        ]
      }
    },
    {
      "type": "Feature",
      "id": "ROAD-OSM-2017",
      "properties": {
        "id": "ROAD-OSM-2017",
        "layer": "ROAD_CENTERLINE",
        "source_type": "openstreetmap",
        "confidence": "medium",
        "geometry_role": "design_proposal",
        "road_class": "greenway",
        "name_zh": "走廊道路-2017",
        "source_id": "DATA-SRC-OSM-OSM",
        "official_boundary": false,
        "provisional_note": "OSM/天地图裁剪至 SITE；正式道路红线待官方数据"
      },
      "geometry": {
        "type": "LineString",
        "coordinates": [
          [
            116.34198889999999,
            39.97522260000001
          ],
          [
            116.34195860000001,
            39.9758303
          ],
          [
            116.3419258,
            39.9764886
          ],
          [
            116.34189550000002,
            39.9770747
          ],
          [
            116.34187439999998,
            39.9776159
          ],
          [
            116.341855,
            39.9780195
          ],
          [
            116.3417791,
            39.9795006
          ],
          [
            116.3417625,
            39.9798523
          ],
          [
            116.34175880000001,
            39.9799324
          ],
          [
            116.3417559,
            39.979992100000004
          ],
          [
            116.3417529,
            39.98005589999999
          ],
          [
            116.34174310000002,
            39.98037120000001
          ],
          [
            116.3417415,
            39.98040619999998
          ],
          [
            116.34172270000002,
            39.98081859999999
          ],
          [
            116.34171550000002,
            39.98096519999999
          ],
          [
            116.34170900000001,
            39.98109759999999
          ],
          [
            116.3416869,
            39.98151730000001
          ],
          [
            116.3416726,
            39.9818369
          ],
          [
            116.34167000000001,
            39.981889
          ],
          [
            116.341668,
            39.981930899999995
          ],
          [
            116.3416571,
            39.9821579
          ],
          [
            116.34160250000001,
            39.983292899999995
          ],
          [
            116.34159949999999,
            39.983379000000006
          ],
          [
            116.3415968,
            39.983421
          ],
          [
            116.3415813,
            39.983727599999995
          ],
          [
            116.34154900000001,
            39.9844028
          ],
          [
            116.341522,
            39.9849648
          ]
        ]
      }
    },
    {
      "type": "Feature",
      "id": "ROAD-OSM-108",
      "properties": {
        "id": "ROAD-OSM-108",
        "layer": "ROAD_CENTERLINE",
        "source_type": "openstreetmap",
        "confidence": "medium",
        "geometry_role": "design_proposal",
        "road_class": "greenway",
        "name_zh": "清河右岸巡河路",
        "source_id": "DATA-SRC-OSM-OSM",
        "official_boundary": false,
        "provisional_note": "OSM/天地图裁剪至 SITE；正式道路红线待官方数据"
      },
      "geometry": {
        "type": "LineString",
        "coordinates": [
          [
            116.3453277,
            40.025003599999984
          ],
          [
            116.34549,
            40.0250442
          ],
          [
            116.3456434,
            40.0250647
          ],
          [
            116.34975290000001,
            40.02572339999999
          ],
          [
            116.35267120000002,
            40.0261341
          ],
          [
            116.3549416,
            40.026262799999984
          ],
          [
            116.3559243,
            40.026366499999995
          ],
          [
            116.3566194,
            40.02642989999999
          ],
          [
            116.35705536649226,
            40.02646686846246
          ]
        ]
      }
    },
    {
      "type": "Feature",
      "id": "ROAD-OSM-1596",
      "properties": {
        "id": "ROAD-OSM-1596",
        "layer": "ROAD_CENTERLINE",
        "source_type": "openstreetmap",
        "confidence": "medium",
        "geometry_role": "design_proposal",
        "road_class": "greenway",
        "name_zh": "走廊道路-1596",
        "source_id": "DATA-SRC-OSM-OSM",
        "official_boundary": false,
        "provisional_note": "OSM/天地图裁剪至 SITE；正式道路红线待官方数据"
      },
      "geometry": {
        "type": "LineString",
        "coordinates": [
          [
            116.3547614,
            39.96098920000001
          ],
          [
            116.354971,
            39.95683669999999
          ],
          [
            116.3549628,
            39.95681849999999
          ],
          [
            116.35491840000002,
            39.95678569999999
          ],
          [
            116.35183410000002,
            39.95679599999999
          ],
          [
            116.3508374,
            39.956792500000006
          ],
          [
            116.3492857,
            39.95678569999999
          ],
          [
            116.3492106,
            39.95680829999999
          ],
          [
            116.34913549999999,
            39.95687000000001
          ],
          [
            116.3491248,
            39.9571578
          ]
        ]
      }
    },
    {
      "type": "Feature",
      "id": "ROAD-OSM-2181",
      "properties": {
        "id": "ROAD-OSM-2181",
        "layer": "ROAD_CENTERLINE",
        "source_type": "openstreetmap",
        "confidence": "medium",
        "geometry_role": "design_proposal",
        "road_class": "greenway",
        "name_zh": "走廊道路-2181",
        "source_id": "DATA-SRC-OSM-OSM",
        "official_boundary": false,
        "provisional_note": "OSM/天地图裁剪至 SITE；正式道路红线待官方数据"
      },
      "geometry": {
        "type": "LineString",
        "coordinates": [
          [
            116.3506687,
            39.93954529999999
          ],
          [
            116.35046220000001,
            39.939686599999995
          ],
          [
            116.35024770000001,
            39.93984290000001
          ],
          [
            116.3499793,
            39.9399707
          ],
          [
            116.3498316,
            39.940139099999996
          ],
          [
            116.34978329999998,
            39.9402932
          ],
          [
            116.3498047,
            39.940659600000004
          ],
          [
            116.3499307,
            39.9411353
          ],
          [
            116.3499924,
            39.9412376
          ],
          [
            116.3502917,
            39.9417337
          ],
          [
            116.350492,
            39.9419001
          ],
          [
            116.35081840000001,
            39.94214769999999
          ],
          [
            116.3509551,
            39.9422514
          ],
          [
            116.35119099999999,
            39.9423672
          ],
          [
            116.3518464,
            39.94258039999999
          ],
          [
            116.3525841,
            39.9428431
          ],
          [
            116.35277060000001,
            39.9428723
          ],
          [
            116.35287650000001,
            39.942888999999994
          ],
          [
            116.35296620000001,
            39.9429948
          ],
          [
            116.3532385,
            39.94309580000001
          ],
          [
            116.35329260000002,
            39.9430891
          ],
          [
            116.3535279,
            39.9431538
          ],
          [
            116.3536261,
            39.943205600000006
          ],
          [
            116.35381610000002,
            39.9432632
          ],
          [
            116.35430430000001,
            39.94341279999999
          ],
          [
            116.3550767,
            39.94363179999999
          ],
          [
            116.3554935,
            39.9437188
          ],
          [
            116.3562081,
            39.9438893
          ],
          [
            116.3567758,
            39.94407900000001
          ],
          [
            116.35687540000002,
            39.944107499999994
          ],
          [
            116.35701440000001,
            39.9441473
          ],
          [
            116.35705507252385,
            39.9441585346461
          ]
        ]
      }
    },
    {
      "type": "Feature",
      "id": "ROAD-OSM-2007",
      "properties": {
        "id": "ROAD-OSM-2007",
        "layer": "ROAD_CENTERLINE",
        "source_type": "openstreetmap",
        "confidence": "medium",
        "geometry_role": "design_proposal",
        "road_class": "greenway",
        "name_zh": "走廊道路-2007",
        "source_id": "DATA-SRC-OSM-OSM",
        "official_boundary": false,
        "provisional_note": "OSM/天地图裁剪至 SITE；正式道路红线待官方数据"
      },
      "geometry": {
        "type": "LineString",
        "coordinates": [
          [
            116.3487313,
            40.01387400000001
          ],
          [
            116.34853210000001,
            40.01386999999999
          ],
          [
            116.3483618,
            40.013866699999994
          ],
          [
            116.34724630000001,
            40.013844399999996
          ],
          [
            116.34713820000002,
            40.013851800000005
          ],
          [
            116.3470624,
            40.0138569
          ],
          [
            116.34636140000002,
            40.0138267
          ],
          [
            116.34625880000002,
            40.0138149
          ],
          [
            116.3461804,
            40.01377769999999
          ],
          [
            116.3461708,
            40.0135776
          ],
          [
            116.3462443,
            40.0124762
          ],
          [
            116.3463716,
            40.012477999999994
          ],
          [
            116.34637260000001,
            40.012430900000005
          ],
          [
            116.3463736,
            40.01238620000001
          ],
          [
            116.34637559999999,
            40.0123162
          ],
          [
            116.34630510000001,
            40.0121442
          ],
          [
            116.34629300000002,
            40.0120744
          ],
          [
            116.34628970000001,
            40.0118795
          ],
          [
            116.346317,
            40.01128609999999
          ],
          [
            116.34630980000001,
            40.01123260000001
          ],
          [
            116.34629910000001,
            40.0111534
          ],
          [
            116.3463114,
            40.0109776
          ],
          [
            116.3463349,
            40.0109373
          ],
          [
            116.3463528,
            40.010598800000004
          ],
          [
            116.34632960000002,
            40.01056350000001
          ],
          [
            116.34634979999998,
            40.010393
          ],
          [
            116.3463871,
            40.0100739
          ],
          [
            116.3463958,
            40.0096944
          ],
          [
            116.3463976,
            40.0096142
          ],
          [
            116.3464439,
            40.009000199999996
          ],
          [
            116.3464946,
            40.008068099999996
          ],
          [
            116.3464993,
            40.007998099999995
          ],
          [
            116.34650600000002,
            40.0078958
          ]
        ]
      }
    },
    {
      "type": "Feature",
      "id": "ROAD-OSM-795",
      "properties": {
        "id": "ROAD-OSM-795",
        "layer": "ROAD_CENTERLINE",
        "source_type": "openstreetmap",
        "confidence": "medium",
        "geometry_role": "design_proposal",
        "road_class": "greenway",
        "name_zh": "走廊道路-795",
        "source_id": "DATA-SRC-OSM-OSM",
        "official_boundary": false,
        "provisional_note": "OSM/天地图裁剪至 SITE；正式道路红线待官方数据"
      },
      "geometry": {
        "type": "LineString",
        "coordinates": [
          [
            116.34797950000001,
            39.958303599999994
          ],
          [
            116.34793770000002,
            39.9591945
          ],
          [
            116.3479184,
            39.95987119999999
          ],
          [
            116.3479158,
            39.9599627
          ],
          [
            116.34791260000002,
            39.9600142
          ],
          [
            116.3478167,
            39.96154969999999
          ],
          [
            116.3477489,
            39.962940499999995
          ],
          [
            116.34774370000001,
            39.96352769999999
          ],
          [
            116.34774210000002,
            39.963711900000014
          ],
          [
            116.3476873,
            39.964349999999996
          ],
          [
            116.3477583,
            39.96491199999999
          ],
          [
            116.3476873,
            39.96528970000001
          ],
          [
            116.3476391,
            39.96571709999999
          ],
          [
            116.34760860000002,
            39.96586679999999
          ],
          [
            116.34755520000002,
            39.9660726
          ]
        ]
      }
    },
    {
      "type": "Feature",
      "id": "ROAD-OSM-2018",
      "properties": {
        "id": "ROAD-OSM-2018",
        "layer": "ROAD_CENTERLINE",
        "source_type": "openstreetmap",
        "confidence": "medium",
        "geometry_role": "design_proposal",
        "road_class": "greenway",
        "name_zh": "走廊道路-2018",
        "source_id": "DATA-SRC-OSM-OSM",
        "official_boundary": false,
        "provisional_note": "OSM/天地图裁剪至 SITE；正式道路红线待官方数据"
      },
      "geometry": {
        "type": "LineString",
        "coordinates": [
          [
            116.34744000000002,
            39.9801687
          ],
          [
            116.3472232,
            39.980162
          ],
          [
            116.34669920000002,
            39.980145699999994
          ],
          [
            116.34634610000002,
            39.9801347
          ],
          [
            116.3456889,
            39.980114300000004
          ],
          [
            116.3455279,
            39.980109299999995
          ],
          [
            116.34539090000001,
            39.980105
          ],
          [
            116.3446824,
            39.9800831
          ],
          [
            116.3445261,
            39.98007819999999
          ],
          [
            116.3440947,
            39.98006490000001
          ],
          [
            116.344046,
            39.980063400000006
          ],
          [
            116.34375060000002,
            39.98005419999999
          ],
          [
            116.34351930000001,
            39.9800469
          ],
          [
            116.3427466,
            39.9800229
          ],
          [
            116.3426693,
            39.9800205
          ],
          [
            116.3425645,
            39.98001739999999
          ],
          [
            116.34187490000001,
            39.979996699999994
          ],
          [
            116.3418156,
            39.9799941
          ],
          [
            116.3417559,
            39.979992100000004
          ],
          [
            116.34079419999999,
            39.979962300000004
          ],
          [
            116.34003540000002,
            39.9799387
          ],
          [
            116.3391881,
            39.9799124
          ],
          [
            116.3391022,
            39.97990970000001
          ],
          [
            116.33825691633858,
            39.97988346038821
          ]
        ]
      }
    },
    {
      "type": "Feature",
      "id": "ROAD-OSM-2165",
      "properties": {
        "id": "ROAD-OSM-2165",
        "layer": "ROAD_CENTERLINE",
        "source_type": "openstreetmap",
        "confidence": "medium",
        "geometry_role": "design_proposal",
        "road_class": "greenway",
        "name_zh": "走廊道路-2165",
        "source_id": "DATA-SRC-OSM-OSM",
        "official_boundary": false,
        "provisional_note": "OSM/天地图裁剪至 SITE；正式道路红线待官方数据"
      },
      "geometry": {
        "type": "LineString",
        "coordinates": [
          [
            116.35301800000002,
            40.013642
          ],
          [
            116.35300019999998,
            40.0137085
          ],
          [
            116.3528632,
            40.0138887
          ],
          [
            116.352796,
            40.01397710000001
          ],
          [
            116.3522561,
            40.0146873
          ],
          [
            116.35194280000002,
            40.015099199999995
          ],
          [
            116.35178739999999,
            40.0153042
          ],
          [
            116.35156290000002,
            40.01560020000001
          ],
          [
            116.3515223,
            40.01565369999999
          ],
          [
            116.35141270000001,
            40.01577559999999
          ],
          [
            116.351279,
            40.0158446
          ],
          [
            116.35116630000002,
            40.015892900000004
          ],
          [
            116.3510567,
            40.015989499999996
          ],
          [
            116.3509436,
            40.0161114
          ],
          [
            116.35092000000002,
            40.0161368
          ],
          [
            116.3508494,
            40.01621960000001
          ],
          [
            116.3507443,
            40.01629440000001
          ],
          [
            116.35061810000002,
            40.01637139999998
          ],
          [
            116.35048899999998,
            40.01646120000001
          ],
          [
            116.35040939999999,
            40.0165164
          ],
          [
            116.3503418,
            40.0165888
          ],
          [
            116.3503334,
            40.016602899999995
          ],
          [
            116.3502817,
            40.01669009999999
          ],
          [
            116.350145,
            40.0169316
          ],
          [
            116.3499538,
            40.0171937
          ],
          [
            116.3496586,
            40.0176067
          ],
          [
            116.34924359999998,
            40.0181943
          ],
          [
            116.348958,
            40.01859280000001
          ],
          [
            116.3487723,
            40.01883430000001
          ],
          [
            116.3487478,
            40.018892000000015
          ],
          [
            116.3487338,
            40.01899
          ],
          [
            116.34870919999999,
            40.0191644
          ],
          [
            116.34869560000001,
            40.0192242
          ],
          [
            116.3486461,
            40.0192956
          ],
          [
            116.34864079999998,
            40.019317699999995
          ]
        ]
      }
    },
    {
      "type": "Feature",
      "id": "ROAD-OSM-2087",
      "properties": {
        "id": "ROAD-OSM-2087",
        "layer": "ROAD_CENTERLINE",
        "source_type": "openstreetmap",
        "confidence": "medium",
        "geometry_role": "design_proposal",
        "road_class": "greenway",
        "name_zh": "走廊道路-2087",
        "source_id": "DATA-SRC-OSM-OSM",
        "official_boundary": false,
        "provisional_note": "OSM/天地图裁剪至 SITE；正式道路红线待官方数据"
      },
      "geometry": {
        "type": "LineString",
        "coordinates": [
          [
            116.33885780000001,
            39.9797625
          ],
          [
            116.34029829999999,
            39.979806999999994
          ],
          [
            116.3417625,
            39.9798523
          ],
          [
            116.34182059999999,
            39.97985409999999
          ],
          [
            116.34188140000002,
            39.979856000000005
          ],
          [
            116.3425705,
            39.97987739999999
          ],
          [
            116.34267500000001,
            39.9798806
          ],
          [
            116.3427526,
            39.97988299999999
          ],
          [
            116.34375789999999,
            39.979914099999995
          ],
          [
            116.34395199999999,
            39.9799201
          ],
          [
            116.344097,
            39.97992459999999
          ],
          [
            116.3446845,
            39.97994280000001
          ],
          [
            116.3453959,
            39.97996469999999
          ],
          [
            116.34559879999999,
            39.979971
          ],
          [
            116.34569300000001,
            39.97997389999999
          ],
          [
            116.3463526,
            39.9799943
          ],
          [
            116.34722909999999,
            39.98002150000001
          ],
          [
            116.34744880000001,
            39.980028299999994
          ]
        ]
      }
    },
    {
      "type": "Feature",
      "id": "ROAD-OSM-797",
      "properties": {
        "id": "ROAD-OSM-797",
        "layer": "ROAD_CENTERLINE",
        "source_type": "openstreetmap",
        "confidence": "medium",
        "geometry_role": "design_proposal",
        "road_class": "greenway",
        "name_zh": "走廊道路-797",
        "source_id": "DATA-SRC-OSM-OSM",
        "official_boundary": false,
        "provisional_note": "OSM/天地图裁剪至 SITE；正式道路红线待官方数据"
      },
      "geometry": {
        "type": "LineString",
        "coordinates": [
          [
            116.3477048,
            39.9584079
          ],
          [
            116.34762339999999,
            39.959954299999985
          ],
          [
            116.34755619999999,
            39.9613735
          ],
          [
            116.34745810000001,
            39.96322150000001
          ],
          [
            116.34739629999999,
            39.963705899999994
          ],
          [
            116.3473925,
            39.964159
          ],
          [
            116.3473912,
            39.96431
          ],
          [
            116.3474265,
            39.96466040000001
          ]
        ]
      }
    },
    {
      "type": "Feature",
      "id": "ROAD-OSM-1987",
      "properties": {
        "id": "ROAD-OSM-1987",
        "layer": "ROAD_CENTERLINE",
        "source_type": "openstreetmap",
        "confidence": "medium",
        "geometry_role": "design_proposal",
        "road_class": "greenway",
        "name_zh": "走廊道路-1987",
        "source_id": "DATA-SRC-OSM-OSM",
        "official_boundary": false,
        "provisional_note": "OSM/天地图裁剪至 SITE；正式道路红线待官方数据"
      },
      "geometry": {
        "type": "LineString",
        "coordinates": [
          [
            116.3467415,
            39.9858481
          ],
          [
            116.34437850000002,
            39.9857596
          ],
          [
            116.3443242,
            39.98574649999999
          ],
          [
            116.3441482,
            39.98570370000001
          ],
          [
            116.3423637,
            39.98565959999999
          ],
          [
            116.3418415,
            39.98564679999999
          ],
          [
            116.34067380000002,
            39.9856179
          ],
          [
            116.3398585,
            39.985597799999994
          ],
          [
            116.3393254,
            39.9855847
          ],
          [
            116.33902199999999,
            39.985577199999994
          ],
          [
            116.3386681,
            39.9855927
          ],
          [
            116.33862508914008,
            39.98559237354772
          ]
        ]
      }
    },
    {
      "type": "Feature",
      "id": "ROAD-OSM-545",
      "properties": {
        "id": "ROAD-OSM-545",
        "layer": "ROAD_CENTERLINE",
        "source_type": "openstreetmap",
        "confidence": "medium",
        "geometry_role": "design_proposal",
        "road_class": "greenway",
        "name_zh": "走廊道路-545",
        "source_id": "DATA-SRC-OSM-OSM",
        "official_boundary": false,
        "provisional_note": "OSM/天地图裁剪至 SITE；正式道路红线待官方数据"
      },
      "geometry": {
        "type": "LineString",
        "coordinates": [
          [
            116.34743220000001,
            39.956818600000005
          ],
          [
            116.34722229999998,
            39.95686560000001
          ],
          [
            116.3466062,
            39.956846799999994
          ],
          [
            116.34588000000001,
            39.9568058
          ],
          [
            116.3453391,
            39.956804399999996
          ],
          [
            116.3435924,
            39.95684810000001
          ],
          [
            116.3434901,
            39.9568481
          ],
          [
            116.3434586,
            39.9568485
          ],
          [
            116.34219890000001,
            39.95686599999999
          ],
          [
            116.34209270000001,
            39.956867499999994
          ],
          [
            116.34176069999998,
            39.956915699999996
          ],
          [
            116.340789,
            39.95692219999999
          ],
          [
            116.3406444,
            39.95694559999999
          ],
          [
            116.34020580000002,
            39.956961
          ],
          [
            116.34012540000002,
            39.956959999999995
          ],
          [
            116.33996590000001,
            39.956957800000005
          ],
          [
            116.3397953,
            39.9569556
          ],
          [
            116.33974449999998,
            39.9569549
          ],
          [
            116.33959829999999,
            39.9569415
          ]
        ]
      }
    },
    {
      "type": "Feature",
      "id": "ROAD-OSM-367",
      "properties": {
        "id": "ROAD-OSM-367",
        "layer": "ROAD_CENTERLINE",
        "source_type": "openstreetmap",
        "confidence": "medium",
        "geometry_role": "design_proposal",
        "road_class": "greenway",
        "name_zh": "走廊道路-367",
        "source_id": "DATA-SRC-OSM-OSM",
        "official_boundary": false,
        "provisional_note": "OSM/天地图裁剪至 SITE；正式道路红线待官方数据"
      },
      "geometry": {
        "type": "LineString",
        "coordinates": [
          [
            116.34522760000002,
            39.9409517
          ],
          [
            116.3454709,
            39.9395449
          ],
          [
            116.34552350000001,
            39.939224599999996
          ],
          [
            116.34553070000001,
            39.9391565
          ],
          [
            116.34549730000002,
            39.93911309999999
          ],
          [
            116.34542780000001,
            39.939086199999984
          ],
          [
            116.34535279999999,
            39.93907589999999
          ],
          [
            116.34431560000002,
            39.93893620000001
          ],
          [
            116.3441681,
            39.9389305
          ],
          [
            116.3430379,
            39.938782999999994
          ],
          [
            116.3428044,
            39.938699899999996
          ],
          [
            116.34275039999999,
            39.93868109999999
          ],
          [
            116.34249620000001,
            39.9385925
          ],
          [
            116.3413875,
            39.9383009
          ],
          [
            116.34115120000001,
            39.9382387
          ],
          [
            116.3411009,
            39.9382006
          ],
          [
            116.3406179,
            39.9380321
          ]
        ]
      }
    },
    {
      "type": "Feature",
      "id": "ROAD-OSM-1511",
      "properties": {
        "id": "ROAD-OSM-1511",
        "layer": "ROAD_CENTERLINE",
        "source_type": "openstreetmap",
        "confidence": "medium",
        "geometry_role": "design_proposal",
        "road_class": "greenway",
        "name_zh": "上清桥滨河东路",
        "source_id": "DATA-SRC-OSM-OSM",
        "official_boundary": false,
        "provisional_note": "OSM/天地图裁剪至 SITE；正式道路红线待官方数据"
      },
      "geometry": {
        "type": "LineString",
        "coordinates": [
          [
            116.3450337,
            40.01963719999999
          ],
          [
            116.34504610000002,
            40.0196295
          ],
          [
            116.3450931,
            40.01962819999999
          ],
          [
            116.3452126,
            40.019660300000005
          ],
          [
            116.3452413,
            40.0196852
          ],
          [
            116.3452388,
            40.019703299999996
          ],
          [
            116.345187,
            40.019793099999994
          ],
          [
            116.3446977,
            40.020632799999994
          ],
          [
            116.3444208,
            40.0211313
          ],
          [
            116.3443532,
            40.021245
          ],
          [
            116.3441651,
            40.0214903
          ],
          [
            116.3441421,
            40.0215313
          ],
          [
            116.3440094,
            40.0217736
          ],
          [
            116.34390990000001,
            40.0219827
          ],
          [
            116.34387420000002,
            40.02206670000001
          ],
          [
            116.3438818,
            40.0221742
          ],
          [
            116.3439278,
            40.0223345
          ],
          [
            116.34398649999999,
            40.02246339999999
          ],
          [
            116.3441319,
            40.0227136
          ],
          [
            116.34422380000001,
            40.02287969999999
          ],
          [
            116.34428500000001,
            40.0229813
          ],
          [
            116.3443131,
            40.02310239999999
          ],
          [
            116.34434110000001,
            40.0232373
          ],
          [
            116.34435139999998,
            40.02336429999998
          ],
          [
            116.34436240000001,
            40.02345759999999
          ],
          [
            116.34438850000001,
            40.023529599999996
          ],
          [
            116.34443,
            40.023604199999994
          ],
          [
            116.34449140000001,
            40.023669100000006
          ],
          [
            116.3445744,
            40.0237355
          ],
          [
            116.3445884,
            40.02380889999999
          ],
          [
            116.34459510000002,
            40.02387279999999
          ],
          [
            116.34455260000001,
            40.0239309
          ],
          [
            116.3444919,
            40.024037799999995
          ],
          [
            116.3444797,
            40.02416329999999
          ],
          [
            116.3444858,
            40.0242655
          ],
          [
            116.3444919,
            40.0243143
          ],
          [
            116.3444858,
            40.02446539999999
          ],
          [
            116.3444312,
            40.024795399999995
          ],
          [
            116.34440689999998,
            40.0248581
          ],
          [
            116.3443803,
            40.0249098
          ]
        ]
      }
    },
    {
      "type": "Feature",
      "id": "ROAD-OSM-235",
      "properties": {
        "id": "ROAD-OSM-235",
        "layer": "ROAD_CENTERLINE",
        "source_type": "openstreetmap",
        "confidence": "medium",
        "geometry_role": "design_proposal",
        "road_class": "greenway",
        "name_zh": "走廊道路-235",
        "source_id": "DATA-SRC-OSM-OSM",
        "official_boundary": false,
        "provisional_note": "OSM/天地图裁剪至 SITE；正式道路红线待官方数据"
      },
      "geometry": {
        "type": "LineString",
        "coordinates": [
          [
            116.3486201,
            39.96046859999999
          ],
          [
            116.3486184,
            39.96050889999999
          ],
          [
            116.34848120000001,
            39.9637284
          ],
          [
            116.34845230000002,
            39.9648516
          ],
          [
            116.34841330000002,
            39.9648849
          ],
          [
            116.3483862,
            39.96490810000001
          ],
          [
            116.34837199999998,
            39.9651749
          ],
          [
            116.34839500000001,
            39.9651842
          ],
          [
            116.3484258,
            39.965196599999985
          ],
          [
            116.34842440000001,
            39.96522189999999
          ],
          [
            116.3483596,
            39.9660833
          ]
        ]
      }
    },
    {
      "type": "Feature",
      "id": "ROAD-OSM-1512",
      "properties": {
        "id": "ROAD-OSM-1512",
        "layer": "ROAD_CENTERLINE",
        "source_type": "openstreetmap",
        "confidence": "medium",
        "geometry_role": "design_proposal",
        "road_class": "greenway",
        "name_zh": "上清桥滨河西路",
        "source_id": "DATA-SRC-OSM-OSM",
        "official_boundary": false,
        "provisional_note": "OSM/天地图裁剪至 SITE；正式道路红线待官方数据"
      },
      "geometry": {
        "type": "LineString",
        "coordinates": [
          [
            116.3441349,
            40.024898099999994
          ],
          [
            116.34415720000001,
            40.02483410000001
          ],
          [
            116.3441744,
            40.0247691
          ],
          [
            116.34420090000002,
            40.0245317
          ],
          [
            116.34421270000001,
            40.0243887
          ],
          [
            116.34421270000001,
            40.024256199999996
          ],
          [
            116.34418240000001,
            40.024116799999994
          ],
          [
            116.3441156,
            40.02397270000001
          ],
          [
            116.34405790000001,
            40.02384730000001
          ],
          [
            116.34403759999998,
            40.023764899999996
          ],
          [
            116.3440725,
            40.023698599999996
          ],
          [
            116.3440952,
            40.02363819999999
          ],
          [
            116.3440907,
            40.023494100000015
          ],
          [
            116.3440785,
            40.0231246
          ],
          [
            116.3440694,
            40.02305489999999
          ],
          [
            116.34403300000001,
            40.022948
          ],
          [
            116.34399960000002,
            40.022900400000005
          ],
          [
            116.34395260000001,
            40.0228098
          ],
          [
            116.34389040000002,
            40.0227203
          ],
          [
            116.34381600000002,
            40.022590199999996
          ],
          [
            116.34374019999998,
            40.022461199999995
          ],
          [
            116.3437022,
            40.0223682
          ],
          [
            116.3436764,
            40.022279899999994
          ],
          [
            116.34365370000002,
            40.022124799999986
          ],
          [
            116.3436506,
            40.022043499999995
          ],
          [
            116.3436567,
            40.0219622
          ],
          [
            116.34372729999998,
            40.021768800000004
          ],
          [
            116.34412959999999,
            40.02109569999998
          ],
          [
            116.34458830000001,
            40.02034679999999
          ],
          [
            116.3450337,
            40.01963719999999
          ]
        ]
      }
    },
    {
      "type": "Feature",
      "id": "ROAD-OSM-1791",
      "properties": {
        "id": "ROAD-OSM-1791",
        "layer": "ROAD_CENTERLINE",
        "source_type": "openstreetmap",
        "confidence": "medium",
        "geometry_role": "design_proposal",
        "road_class": "greenway",
        "name_zh": "走廊道路-1791",
        "source_id": "DATA-SRC-OSM-OSM",
        "official_boundary": false,
        "provisional_note": "OSM/天地图裁剪至 SITE；正式道路红线待官方数据"
      },
      "geometry": {
        "type": "LineString",
        "coordinates": [
          [
            116.34917840000001,
            39.97447170000001
          ],
          [
            116.3492226,
            39.9744539
          ],
          [
            116.3492821,
            39.974437
          ],
          [
            116.35038569999999,
            39.974435299999996
          ],
          [
            116.3513859,
            39.974452
          ],
          [
            116.35281350000001,
            39.9744759
          ],
          [
            116.3530863,
            39.9744805
          ],
          [
            116.35394520000001,
            39.97448529999999
          ],
          [
            116.3541208,
            39.97436249999999
          ],
          [
            116.35441440000001,
            39.97429230000001
          ],
          [
            116.35484530000001,
            39.974355300000006
          ],
          [
            116.3556305,
            39.974494800000016
          ],
          [
            116.3556411,
            39.97449480000001
          ],
          [
            116.35629968698473,
            39.97449356185429
          ]
        ]
      }
    },
    {
      "type": "Feature",
      "id": "ROAD-OSM-1632",
      "properties": {
        "id": "ROAD-OSM-1632",
        "layer": "ROAD_CENTERLINE",
        "source_type": "openstreetmap",
        "confidence": "medium",
        "geometry_role": "design_proposal",
        "road_class": "greenway",
        "name_zh": "走廊道路-1632",
        "source_id": "DATA-SRC-OSM-OSM",
        "official_boundary": false,
        "provisional_note": "OSM/天地图裁剪至 SITE；正式道路红线待官方数据"
      },
      "geometry": {
        "type": "LineString",
        "coordinates": [
          [
            116.33879621490108,
            39.94433922625704
          ],
          [
            116.3412391,
            39.9435223
          ],
          [
            116.3437089,
            39.94273110000001
          ],
          [
            116.344251,
            39.9425326
          ],
          [
            116.34457740000002,
            39.942389899999995
          ],
          [
            116.3447177,
            39.94227709999999
          ],
          [
            116.3448012,
            39.942209999999996
          ],
          [
            116.3449134,
            39.942095900000005
          ]
        ]
      }
    },
    {
      "type": "Feature",
      "id": "ROAD-OSM-1794",
      "properties": {
        "id": "ROAD-OSM-1794",
        "layer": "ROAD_CENTERLINE",
        "source_type": "openstreetmap",
        "confidence": "medium",
        "geometry_role": "design_proposal",
        "road_class": "greenway",
        "name_zh": "走廊道路-1794",
        "source_id": "DATA-SRC-OSM-OSM",
        "official_boundary": false,
        "provisional_note": "OSM/天地图裁剪至 SITE；正式道路红线待官方数据"
      },
      "geometry": {
        "type": "LineString",
        "coordinates": [
          [
            116.3493457,
            39.974921200000004
          ],
          [
            116.34958559999998,
            39.97485269999999
          ],
          [
            116.34979760000002,
            39.97476869999999
          ],
          [
            116.3503298,
            39.97478019999999
          ],
          [
            116.3504585,
            39.97483280000001
          ],
          [
            116.3509091,
            39.97485579999999
          ],
          [
            116.35115110000001,
            39.97485340000001
          ],
          [
            116.35124169999999,
            39.97485249999999
          ],
          [
            116.3515185,
            39.9747884
          ],
          [
            116.3519048,
            39.97478679999998
          ],
          [
            116.35206139999998,
            39.97477690000001
          ],
          [
            116.35225669999998,
            39.9747029
          ],
          [
            116.35263430000002,
            39.974721
          ],
          [
            116.3528596,
            39.9747637
          ],
          [
            116.3530549,
            39.974793299999995
          ],
          [
            116.3533467,
            39.97483940000001
          ],
          [
            116.3535312,
            39.974846
          ],
          [
            116.35363640000001,
            39.9747555
          ],
          [
            116.3537287,
            39.974781799999995
          ],
          [
            116.3538832,
            39.97470289999999
          ],
          [
            116.3543402,
            39.9747111
          ],
          [
            116.35452900000001,
            39.9747325
          ],
          [
            116.35464489999998,
            39.97474729999998
          ],
          [
            116.35470969999999,
            39.97480839999999
          ],
          [
            116.3549276,
            39.97485240000001
          ],
          [
            116.35502410000001,
            39.974850399999994
          ],
          [
            116.35516419999999,
            39.97475550000001
          ],
          [
            116.3553509,
            39.97474569999999
          ],
          [
            116.35546669999998,
            39.974707800000004
          ],
          [
            116.3556255,
            39.9747341
          ]
        ]
      }
    },
    {
      "type": "Feature",
      "id": "ROAD-OSM-279",
      "properties": {
        "id": "ROAD-OSM-279",
        "layer": "ROAD_CENTERLINE",
        "source_type": "openstreetmap",
        "confidence": "medium",
        "geometry_role": "design_proposal",
        "road_class": "greenway",
        "name_zh": "走廊道路-279",
        "source_id": "DATA-SRC-OSM-OSM",
        "official_boundary": false,
        "provisional_note": "OSM/天地图裁剪至 SITE；正式道路红线待官方数据"
      },
      "geometry": {
        "type": "LineString",
        "coordinates": [
          [
            116.3524999,
            40.0068892
          ],
          [
            116.3524701,
            40.00698649999998
          ],
          [
            116.35210039999998,
            40.00692699999999
          ],
          [
            116.3511951,
            40.0068563
          ],
          [
            116.34897470000001,
            40.00671599999999
          ],
          [
            116.34889100000001,
            40.0067111
          ],
          [
            116.34782740000001,
            40.0066493
          ],
          [
            116.34774109999998,
            40.0066442
          ],
          [
            116.34659280000001,
            40.006592999999995
          ],
          [
            116.34656969999999,
            40.0065785
          ],
          [
            116.34639449999999,
            40.0064685
          ]
        ]
      }
    },
    {
      "type": "Feature",
      "id": "ROAD-OSM-1918",
      "properties": {
        "id": "ROAD-OSM-1918",
        "layer": "ROAD_CENTERLINE",
        "source_type": "openstreetmap",
        "confidence": "medium",
        "geometry_role": "design_proposal",
        "road_class": "greenway",
        "name_zh": "走廊道路-1918",
        "source_id": "DATA-SRC-OSM-OSM",
        "official_boundary": false,
        "provisional_note": "OSM/天地图裁剪至 SITE；正式道路红线待官方数据"
      },
      "geometry": {
        "type": "LineString",
        "coordinates": [
          [
            116.3507788,
            39.9636037
          ],
          [
            116.34988739999999,
            39.96357830000001
          ],
          [
            116.3492407,
            39.9635599
          ],
          [
            116.34890110000002,
            39.9635503
          ],
          [
            116.3488841,
            39.9635462
          ],
          [
            116.3488614,
            39.9635408
          ],
          [
            116.3488519,
            39.963500299999986
          ],
          [
            116.34899590000002,
            39.96047649999999
          ]
        ]
      }
    },
    {
      "type": "Feature",
      "id": "ROAD-OSM-278",
      "properties": {
        "id": "ROAD-OSM-278",
        "layer": "ROAD_CENTERLINE",
        "source_type": "openstreetmap",
        "confidence": "medium",
        "geometry_role": "design_proposal",
        "road_class": "greenway",
        "name_zh": "走廊道路-278",
        "source_id": "DATA-SRC-OSM-OSM",
        "official_boundary": false,
        "provisional_note": "OSM/天地图裁剪至 SITE；正式道路红线待官方数据"
      },
      "geometry": {
        "type": "LineString",
        "coordinates": [
          [
            116.35256960000001,
            40.006741299999995
          ],
          [
            116.3528908,
            40.00614780000001
          ],
          [
            116.35293920000001,
            40.0060583
          ],
          [
            116.35492330000001,
            40.0039413
          ],
          [
            116.35578097125392,
            40.00319166708944
          ]
        ]
      }
    },
    {
      "type": "Feature",
      "id": "ROAD-OSM-1593",
      "properties": {
        "id": "ROAD-OSM-1593",
        "layer": "ROAD_CENTERLINE",
        "source_type": "openstreetmap",
        "confidence": "medium",
        "geometry_role": "design_proposal",
        "road_class": "greenway",
        "name_zh": "走廊道路-1593",
        "source_id": "DATA-SRC-OSM-OSM",
        "official_boundary": false,
        "provisional_note": "OSM/天地图裁剪至 SITE；正式道路红线待官方数据"
      },
      "geometry": {
        "type": "LineString",
        "coordinates": [
          [
            116.3473876,
            39.9605576
          ],
          [
            116.34723029999999,
            39.9636994
          ],
          [
            116.3472572,
            39.96398870000001
          ],
          [
            116.3472979,
            39.964150299999986
          ],
          [
            116.3474265,
            39.96466040000001
          ],
          [
            116.34747570000002,
            39.9648789
          ]
        ]
      }
    },
    {
      "type": "Feature",
      "id": "ROAD-OSM-1991",
      "properties": {
        "id": "ROAD-OSM-1991",
        "layer": "ROAD_CENTERLINE",
        "source_type": "openstreetmap",
        "confidence": "medium",
        "geometry_role": "design_proposal",
        "road_class": "greenway",
        "name_zh": "走廊道路-1991",
        "source_id": "DATA-SRC-OSM-OSM",
        "official_boundary": false,
        "provisional_note": "OSM/天地图裁剪至 SITE；正式道路红线待官方数据"
      },
      "geometry": {
        "type": "LineString",
        "coordinates": [
          [
            116.3483076,
            39.96662129999999
          ],
          [
            116.34827959999998,
            39.96746900000001
          ],
          [
            116.3482377,
            39.967490600000005
          ],
          [
            116.34823690000002,
            39.96750709999999
          ],
          [
            116.348225,
            39.967738000000004
          ],
          [
            116.34826029999999,
            39.9677547
          ],
          [
            116.3482194,
            39.968714
          ],
          [
            116.34821860000001,
            39.96872769999999
          ],
          [
            116.34810490000001,
            39.97063670000001
          ],
          [
            116.34809029999998,
            39.9708726
          ]
        ]
      }
    },
    {
      "type": "Feature",
      "id": "ROAD-OSM-2248",
      "properties": {
        "id": "ROAD-OSM-2248",
        "layer": "ROAD_CENTERLINE",
        "source_type": "openstreetmap",
        "confidence": "medium",
        "geometry_role": "design_proposal",
        "road_class": "greenway",
        "name_zh": "走廊道路-2248",
        "source_id": "DATA-SRC-OSM-OSM",
        "official_boundary": false,
        "provisional_note": "OSM/天地图裁剪至 SITE；正式道路红线待官方数据"
      },
      "geometry": {
        "type": "LineString",
        "coordinates": [
          [
            116.35682628037048,
            40.02225960486253
          ],
          [
            116.3567931,
            40.0222629
          ],
          [
            116.3566204,
            40.0222468
          ],
          [
            116.35644689999998,
            40.0222192
          ],
          [
            116.35626070000002,
            40.022175399999995
          ],
          [
            116.35613000000001,
            40.02215129999999
          ],
          [
            116.3559348,
            40.0221398
          ],
          [
            116.3557275,
            40.0221444
          ],
          [
            116.35550289999999,
            40.0221754
          ],
          [
            116.3553302,
            40.0221651
          ],
          [
            116.3551568,
            40.0221317
          ],
          [
            116.3549885,
            40.02210469999999
          ],
          [
            116.3548872,
            40.02210589999999
          ],
          [
            116.3547415,
            40.022119700000005
          ],
          [
            116.35454400000002,
            40.0221335
          ],
          [
            116.3544794,
            40.02216450000002
          ],
          [
            116.3544253,
            40.02222319999999
          ],
          [
            116.35436520000002,
            40.0223146
          ],
          [
            116.35434719999999,
            40.0223951
          ],
          [
            116.35434719999999,
            40.02252399999999
          ],
          [
            116.3543735,
            40.0226234
          ],
          [
            116.35434930000001,
            40.02268029999999
          ],
          [
            116.3543056,
            40.022760200000015
          ],
          [
            116.35432680000001,
            40.0228514
          ],
          [
            116.3543918,
            40.02296969999999
          ],
          [
            116.3544453,
            40.023068300000006
          ],
          [
            116.35450320000001,
            40.02316830000001
          ],
          [
            116.35457339999999,
            40.02326599999999
          ],
          [
            116.35464609999998,
            40.02333300000001
          ],
          [
            116.35476010000001,
            40.0233715
          ],
          [
            116.3548386,
            40.0233892
          ],
          [
            116.3549674,
            40.0234193
          ],
          [
            116.3551148,
            40.0234523
          ],
          [
            116.3552043,
            40.02347989999999
          ],
          [
            116.3552223,
            40.0235258
          ],
          [
            116.35522420000001,
            40.02361199999999
          ],
          [
            116.3552088,
            40.0237412
          ],
          [
            116.3552055,
            40.0238723
          ],
          [
            116.3552184,
            40.02395219999999
          ],
          [
            116.35525450000002,
            40.0240439
          ],
          [
            116.35528410000002,
            40.02409660000001
          ],
          [
            116.35530639999999,
            40.024177599999994
          ]
        ]
      }
    },
    {
      "type": "Feature",
      "id": "ROAD-OSM-1625",
      "properties": {
        "id": "ROAD-OSM-1625",
        "layer": "ROAD_CENTERLINE",
        "source_type": "openstreetmap",
        "confidence": "medium",
        "geometry_role": "design_proposal",
        "road_class": "greenway",
        "name_zh": "走廊道路-1625",
        "source_id": "DATA-SRC-OSM-OSM",
        "official_boundary": false,
        "provisional_note": "OSM/天地图裁剪至 SITE；正式道路红线待官方数据"
      },
      "geometry": {
        "type": "LineString",
        "coordinates": [
          [
            116.3546845,
            39.97538019999999
          ],
          [
            116.3546844,
            39.97542339999999
          ],
          [
            116.353818,
            39.97541619999999
          ],
          [
            116.3538227,
            39.9753759
          ],
          [
            116.3496123,
            39.9753247
          ],
          [
            116.34931519999999,
            39.9753839
          ]
        ]
      }
    },
    {
      "type": "Feature",
      "id": "ROAD-OSM-1973",
      "properties": {
        "id": "ROAD-OSM-1973",
        "layer": "ROAD_CENTERLINE",
        "source_type": "openstreetmap",
        "confidence": "medium",
        "geometry_role": "design_proposal",
        "road_class": "greenway",
        "name_zh": "走廊道路-1973",
        "source_id": "DATA-SRC-OSM-OSM",
        "official_boundary": false,
        "provisional_note": "OSM/天地图裁剪至 SITE；正式道路红线待官方数据"
      },
      "geometry": {
        "type": "LineString",
        "coordinates": [
          [
            116.3421121,
            40.0137289
          ],
          [
            116.3437934,
            40.0137584
          ],
          [
            116.3438615,
            40.01378089999999
          ],
          [
            116.343932,
            40.0137806
          ],
          [
            116.34406020000002,
            40.0137802
          ],
          [
            116.3454354,
            40.013792
          ],
          [
            116.3455798,
            40.0137467
          ],
          [
            116.34565859999998,
            40.01367869999999
          ],
          [
            116.34567389999998,
            40.013654
          ],
          [
            116.3457556,
            40.0124703
          ],
          [
            116.3457634,
            40.0123571
          ]
        ]
      }
    },
    {
      "type": "Feature",
      "id": "ROAD-OSM-1993",
      "properties": {
        "id": "ROAD-OSM-1993",
        "layer": "ROAD_CENTERLINE",
        "source_type": "openstreetmap",
        "confidence": "medium",
        "geometry_role": "design_proposal",
        "road_class": "greenway",
        "name_zh": "走廊道路-1993",
        "source_id": "DATA-SRC-OSM-OSM",
        "official_boundary": false,
        "provisional_note": "OSM/天地图裁剪至 SITE；正式道路红线待官方数据"
      },
      "geometry": {
        "type": "LineString",
        "coordinates": [
          [
            116.34753030000002,
            39.966614899999996
          ],
          [
            116.3475816,
            39.9670986
          ],
          [
            116.34763000000001,
            39.9675536
          ],
          [
            116.3476044,
            39.9679554
          ],
          [
            116.3474747,
            39.968695
          ],
          [
            116.3474516,
            39.96882819999999
          ],
          [
            116.3473578,
            39.97066469999999
          ]
        ]
      }
    },
    {
      "type": "Feature",
      "id": "ROAD-OSM-1899",
      "properties": {
        "id": "ROAD-OSM-1899",
        "layer": "ROAD_CENTERLINE",
        "source_type": "openstreetmap",
        "confidence": "medium",
        "geometry_role": "design_proposal",
        "road_class": "greenway",
        "name_zh": "走廊道路-1899",
        "source_id": "DATA-SRC-OSM-OSM",
        "official_boundary": false,
        "provisional_note": "OSM/天地图裁剪至 SITE；正式道路红线待官方数据"
      },
      "geometry": {
        "type": "LineString",
        "coordinates": [
          [
            116.34949310000002,
            39.9599039
          ],
          [
            116.34949670000002,
            39.959831600000015
          ],
          [
            116.349499,
            39.9597859
          ],
          [
            116.34999810000001,
            39.959793
          ],
          [
            116.35005950000001,
            39.9597939
          ],
          [
            116.3500883,
            39.9597861
          ],
          [
            116.3501122,
            39.959763299999985
          ],
          [
            116.3501182,
            39.9597487
          ],
          [
            116.35012209999998,
            39.9595852
          ],
          [
            116.3501257,
            39.95943699999999
          ],
          [
            116.35017170000002,
            39.959436999999994
          ],
          [
            116.35021830000001,
            39.9594371
          ],
          [
            116.35021230000001,
            39.95958809999998
          ],
          [
            116.35020600000001,
            39.95974729999999
          ],
          [
            116.35022190000001,
            39.95977599999999
          ],
          [
            116.35024680000001,
            39.9597985
          ],
          [
            116.35027700000002,
            39.9598109
          ],
          [
            116.35030950000001,
            39.959811200000004
          ],
          [
            116.3508166,
            39.95981599999999
          ],
          [
            116.35087980000002,
            39.959816599999996
          ],
          [
            116.350878,
            39.9598757
          ],
          [
            116.3508764,
            39.959950000000006
          ],
          [
            116.3508113,
            39.95994919999999
          ],
          [
            116.35029350000002,
            39.95994329999999
          ],
          [
            116.3502788,
            39.9599431
          ],
          [
            116.3502463,
            39.95994840000001
          ],
          [
            116.350225,
            39.9599609
          ],
          [
            116.35020329999999,
            39.95998010000001
          ],
          [
            116.3501985,
            39.96015040000001
          ],
          [
            116.3501933,
            39.960335099999995
          ],
          [
            116.35014200000002,
            39.9603333
          ],
          [
            116.3500702,
            39.9603307
          ],
          [
            116.3500768,
            39.96015169999999
          ],
          [
            116.3500831,
            39.9599801
          ],
          [
            116.35007690000002,
            39.9599655
          ],
          [
            116.3500567,
            39.959945299999994
          ],
          [
            116.35001900000002,
            39.9599352
          ],
          [
            116.3499876,
            39.959934499999996
          ],
          [
            116.3495224,
            39.9599237
          ],
          [
            116.34949010000001,
            39.959922899999995
          ],
          [
            116.34949310000002,
            39.9599039
          ]
        ]
      }
    },
    {
      "type": "Feature",
      "id": "ROAD-OSM-1412",
      "properties": {
        "id": "ROAD-OSM-1412",
        "layer": "ROAD_CENTERLINE",
        "source_type": "openstreetmap",
        "confidence": "medium",
        "geometry_role": "design_proposal",
        "road_class": "greenway",
        "name_zh": "小月河东路",
        "source_id": "DATA-SRC-OSM-OSM",
        "official_boundary": false,
        "provisional_note": "OSM/天地图裁剪至 SITE；正式道路红线待官方数据"
      },
      "geometry": {
        "type": "LineString",
        "coordinates": [
          [
            116.353092,
            40.0068793
          ],
          [
            116.3533567,
            40.00626950000001
          ],
          [
            116.3535154,
            40.006019599999995
          ],
          [
            116.35406220000002,
            40.005448799999996
          ],
          [
            116.3550278,
            40.004570699999995
          ],
          [
            116.35581184682268,
            40.00375489255748
          ]
        ]
      }
    },
    {
      "type": "Feature",
      "id": "ROAD-OSM-1612",
      "properties": {
        "id": "ROAD-OSM-1612",
        "layer": "ROAD_CENTERLINE",
        "source_type": "openstreetmap",
        "confidence": "medium",
        "geometry_role": "design_proposal",
        "road_class": "greenway",
        "name_zh": "走廊道路-1612",
        "source_id": "DATA-SRC-OSM-OSM",
        "official_boundary": false,
        "provisional_note": "OSM/天地图裁剪至 SITE；正式道路红线待官方数据"
      },
      "geometry": {
        "type": "LineString",
        "coordinates": [
          [
            116.3461792,
            39.99993579999999
          ],
          [
            116.34617010000001,
            39.9998798
          ],
          [
            116.34614990000001,
            39.9998677
          ],
          [
            116.3456901,
            39.99986159999999
          ],
          [
            116.3456921,
            39.999794099999995
          ],
          [
            116.34532700000001,
            39.99978759999999
          ],
          [
            116.34511040000001,
            39.99978369999999
          ],
          [
            116.34457300000001,
            39.99978810000001
          ],
          [
            116.3427841,
            39.99976699999999
          ],
          [
            116.3425858,
            39.9997607
          ],
          [
            116.342161,
            39.999747199999995
          ],
          [
            116.3414158,
            39.999719999999996
          ]
        ]
      }
    },
    {
      "type": "Feature",
      "id": "ROAD-OSM-1812",
      "properties": {
        "id": "ROAD-OSM-1812",
        "layer": "ROAD_CENTERLINE",
        "source_type": "openstreetmap",
        "confidence": "medium",
        "geometry_role": "design_proposal",
        "road_class": "greenway",
        "name_zh": "走廊道路-1812",
        "source_id": "DATA-SRC-OSM-OSM",
        "official_boundary": false,
        "provisional_note": "OSM/天地图裁剪至 SITE；正式道路红线待官方数据"
      },
      "geometry": {
        "type": "LineString",
        "coordinates": [
          [
            116.34473980000001,
            40.0117404
          ],
          [
            116.3452576,
            40.01174940000001
          ],
          [
            116.34539680000002,
            40.0117885
          ],
          [
            116.3454616,
            40.0118501
          ],
          [
            116.34551260000002,
            40.0119597
          ],
          [
            116.3454753,
            40.01232029999999
          ],
          [
            116.34546049999999,
            40.0124578
          ],
          [
            116.3454531,
            40.012894499999994
          ],
          [
            116.34544660000002,
            40.0130331
          ],
          [
            116.34542870000001,
            40.01358369999999
          ],
          [
            116.34535220000001,
            40.013673100000005
          ],
          [
            116.34414889999998,
            40.0136337
          ],
          [
            116.34392410000001,
            40.0136297
          ],
          [
            116.343932,
            40.0137806
          ],
          [
            116.34393540000002,
            40.013844399999996
          ]
        ]
      }
    },
    {
      "type": "Feature",
      "id": "ROAD-OSM-280",
      "properties": {
        "id": "ROAD-OSM-280",
        "layer": "ROAD_CENTERLINE",
        "source_type": "openstreetmap",
        "confidence": "medium",
        "geometry_role": "design_proposal",
        "road_class": "greenway",
        "name_zh": "走廊道路-280",
        "source_id": "DATA-SRC-OSM-OSM",
        "official_boundary": false,
        "provisional_note": "OSM/天地图裁剪至 SITE；正式道路红线待官方数据"
      },
      "geometry": {
        "type": "LineString",
        "coordinates": [
          [
            116.3465167,
            40.0062826
          ],
          [
            116.346584,
            40.0062866
          ],
          [
            116.35138170000002,
            40.00657449999999
          ]
        ]
      }
    },
    {
      "type": "Feature",
      "id": "ROAD-OSM-425",
      "properties": {
        "id": "ROAD-OSM-425",
        "layer": "ROAD_CENTERLINE",
        "source_type": "openstreetmap",
        "confidence": "medium",
        "geometry_role": "design_proposal",
        "road_class": "greenway",
        "name_zh": "走廊道路-425",
        "source_id": "DATA-SRC-OSM-OSM",
        "official_boundary": false,
        "provisional_note": "OSM/天地图裁剪至 SITE；正式道路红线待官方数据"
      },
      "geometry": {
        "type": "LineString",
        "coordinates": [
          [
            116.3458996,
            40.0209082
          ],
          [
            116.34626219999998,
            40.0210934
          ],
          [
            116.34648449999999,
            40.02115469999999
          ],
          [
            116.3467604,
            40.021197900000004
          ],
          [
            116.3483106,
            40.02138819999999
          ],
          [
            116.350219,
            40.021338099999994
          ],
          [
            116.3505521,
            40.021405699999995
          ]
        ]
      }
    },
    {
      "type": "Feature",
      "id": "ROAD-OSM-1869",
      "properties": {
        "id": "ROAD-OSM-1869",
        "layer": "ROAD_CENTERLINE",
        "source_type": "openstreetmap",
        "confidence": "medium",
        "geometry_role": "design_proposal",
        "road_class": "greenway",
        "name_zh": "走廊道路-1869",
        "source_id": "DATA-SRC-OSM-OSM",
        "official_boundary": false,
        "provisional_note": "OSM/天地图裁剪至 SITE；正式道路红线待官方数据"
      },
      "geometry": {
        "type": "LineString",
        "coordinates": [
          [
            116.34515780000001,
            39.97938429999999
          ],
          [
            116.34479020000002,
            39.9793725
          ],
          [
            116.34479900000001,
            39.979107199999994
          ],
          [
            116.3448112,
            39.9787393
          ],
          [
            116.34481790000001,
            39.97853820000001
          ],
          [
            116.34482239999998,
            39.9784023
          ],
          [
            116.34565379999998,
            39.978421999999995
          ],
          [
            116.34638879999999,
            39.978439300000005
          ],
          [
            116.3463616,
            39.97915050000001
          ],
          [
            116.34635130000001,
            39.97941970000001
          ],
          [
            116.3460964,
            39.9794141
          ]
        ]
      }
    },
    {
      "type": "Feature",
      "id": "ROAD-OSM-009",
      "properties": {
        "id": "ROAD-OSM-009",
        "layer": "ROAD_CENTERLINE",
        "source_type": "openstreetmap",
        "confidence": "medium",
        "geometry_role": "design_proposal",
        "road_class": "greenway",
        "name_zh": "走廊道路-9",
        "source_id": "DATA-SRC-OSM-OSM",
        "official_boundary": false,
        "provisional_note": "OSM/天地图裁剪至 SITE；正式道路红线待官方数据"
      },
      "geometry": {
        "type": "LineString",
        "coordinates": [
          [
            116.35705508535662,
            39.94466491036413
          ],
          [
            116.3561822,
            39.94441789999999
          ],
          [
            116.35391810000002,
            39.94380579999999
          ],
          [
            116.35369280000002,
            39.94377119999999
          ],
          [
            116.3528935,
            39.94359630000001
          ],
          [
            116.35284709999999,
            39.943586100000005
          ],
          [
            116.35276450000002,
            39.943568000000006
          ],
          [
            116.3526249,
            39.94349239999999
          ]
        ]
      }
    },
    {
      "type": "Feature",
      "id": "ROAD-OSM-799",
      "properties": {
        "id": "ROAD-OSM-799",
        "layer": "ROAD_CENTERLINE",
        "source_type": "openstreetmap",
        "confidence": "medium",
        "geometry_role": "design_proposal",
        "road_class": "greenway",
        "name_zh": "走廊道路-799",
        "source_id": "DATA-SRC-OSM-OSM",
        "official_boundary": false,
        "provisional_note": "OSM/天地图裁剪至 SITE；正式道路红线待官方数据"
      },
      "geometry": {
        "type": "LineString",
        "coordinates": [
          [
            116.34791260000002,
            39.9600142
          ],
          [
            116.34806670000002,
            39.9600732
          ],
          [
            116.3479907,
            39.96114020000001
          ],
          [
            116.3479526,
            39.962131400000004
          ],
          [
            116.34792220000001,
            39.962396699999985
          ],
          [
            116.3478347,
            39.96332959999999
          ],
          [
            116.34774370000001,
            39.96352769999999
          ]
        ]
      }
    },
    {
      "type": "Feature",
      "id": "ROAD-OSM-1589",
      "properties": {
        "id": "ROAD-OSM-1589",
        "layer": "ROAD_CENTERLINE",
        "source_type": "openstreetmap",
        "confidence": "medium",
        "geometry_role": "design_proposal",
        "road_class": "greenway",
        "name_zh": "走廊道路-1589",
        "source_id": "DATA-SRC-OSM-OSM",
        "official_boundary": false,
        "provisional_note": "OSM/天地图裁剪至 SITE；正式道路红线待官方数据"
      },
      "geometry": {
        "type": "LineString",
        "coordinates": [
          [
            116.3486569,
            39.95998309999999
          ],
          [
            116.34878810000001,
            39.9577213
          ],
          [
            116.3488305,
            39.9568622
          ],
          [
            116.3483772,
            39.95689209999999
          ],
          [
            116.3483609,
            39.956907799999996
          ],
          [
            116.3483288,
            39.956938699999995
          ],
          [
            116.3482931,
            39.956993
          ]
        ]
      }
    },
    {
      "type": "Feature",
      "id": "ROAD-OSM-2003",
      "properties": {
        "id": "ROAD-OSM-2003",
        "layer": "ROAD_CENTERLINE",
        "source_type": "openstreetmap",
        "confidence": "medium",
        "geometry_role": "design_proposal",
        "road_class": "greenway",
        "name_zh": "走廊道路-2003",
        "source_id": "DATA-SRC-OSM-OSM",
        "official_boundary": false,
        "provisional_note": "OSM/天地图裁剪至 SITE；正式道路红线待官方数据"
      },
      "geometry": {
        "type": "LineString",
        "coordinates": [
          [
            116.35350240000001,
            40.007242
          ],
          [
            116.35347900000001,
            40.00754500000001
          ],
          [
            116.35352600000002,
            40.0078362
          ],
          [
            116.3536854,
            40.008011499999995
          ],
          [
            116.3539277,
            40.0081411
          ],
          [
            116.3539429,
            40.00814929999999
          ],
          [
            116.35427609999999,
            40.00824630000002
          ],
          [
            116.35465210000001,
            40.0083058
          ],
          [
            116.35489329999999,
            40.00831519999999
          ],
          [
            116.3552244,
            40.0083982
          ],
          [
            116.35524409999998,
            40.008410100000006
          ],
          [
            116.35548190000002,
            40.008553199999994
          ],
          [
            116.35563109999998,
            40.00870969999999
          ],
          [
            116.3557027,
            40.00888039999999
          ],
          [
            116.35563109999998,
            40.0091324
          ],
          [
            116.3555432,
            40.0093469
          ],
          [
            116.35555759999998,
            40.0095018
          ],
          [
            116.35572919999998,
            40.00965060000001
          ]
        ]
      }
    },
    {
      "type": "Feature",
      "id": "ROAD-OSM-1996",
      "properties": {
        "id": "ROAD-OSM-1996",
        "layer": "ROAD_CENTERLINE",
        "source_type": "openstreetmap",
        "confidence": "medium",
        "geometry_role": "design_proposal",
        "road_class": "greenway",
        "name_zh": "走廊道路-1996",
        "source_id": "DATA-SRC-OSM-OSM",
        "official_boundary": false,
        "provisional_note": "OSM/天地图裁剪至 SITE；正式道路红线待官方数据"
      },
      "geometry": {
        "type": "LineString",
        "coordinates": [
          [
            116.34825640000001,
            39.95997229999999
          ],
          [
            116.3482496,
            39.9600953
          ],
          [
            116.34834469999998,
            39.96025830000001
          ],
          [
            116.34839710000001,
            39.9602847
          ],
          [
            116.3484047,
            39.9603366
          ],
          [
            116.3483421,
            39.96075509999999
          ],
          [
            116.34831520000002,
            39.9608443
          ],
          [
            116.34830889999999,
            39.96113629999999
          ],
          [
            116.34831520000002,
            39.9617821
          ],
          [
            116.34830119999998,
            39.9619408
          ],
          [
            116.3482756,
            39.962016299999995
          ],
          [
            116.34828970000001,
            39.9623475
          ],
          [
            116.3482283,
            39.9625131
          ],
          [
            116.34823849999998,
            39.962681599999996
          ],
          [
            116.3481938,
            39.9627541
          ],
          [
            116.3481759,
            39.962807100000006
          ],
          [
            116.348181,
            39.9631804
          ],
          [
            116.3482079,
            39.96344199999999
          ]
        ]
      }
    },
    {
      "type": "Feature",
      "id": "ROAD-OSM-2189",
      "properties": {
        "id": "ROAD-OSM-2189",
        "layer": "ROAD_CENTERLINE",
        "source_type": "openstreetmap",
        "confidence": "medium",
        "geometry_role": "design_proposal",
        "road_class": "greenway",
        "name_zh": "走廊道路-2189",
        "source_id": "DATA-SRC-OSM-OSM",
        "official_boundary": false,
        "provisional_note": "OSM/天地图裁剪至 SITE；正式道路红线待官方数据"
      },
      "geometry": {
        "type": "LineString",
        "coordinates": [
          [
            116.35705509061914,
            39.944871050722504
          ],
          [
            116.3568466,
            39.94480839999999
          ],
          [
            116.3563148,
            39.944633499999995
          ],
          [
            116.3561625,
            39.9445439
          ],
          [
            116.35608439999999,
            39.94451569999999
          ],
          [
            116.35589900000001,
            39.9444486
          ],
          [
            116.3555673,
            39.944441
          ],
          [
            116.3547045,
            39.9442353
          ],
          [
            116.35341200000002,
            39.9439121
          ],
          [
            116.35279940000001,
            39.94372669999999
          ]
        ]
      }
    },
    {
      "type": "Feature",
      "id": "ROAD-OSM-1420",
      "properties": {
        "id": "ROAD-OSM-1420",
        "layer": "ROAD_CENTERLINE",
        "source_type": "openstreetmap",
        "confidence": "medium",
        "geometry_role": "design_proposal",
        "road_class": "greenway",
        "name_zh": "走廊道路-1420",
        "source_id": "DATA-SRC-OSM-OSM",
        "official_boundary": false,
        "provisional_note": "OSM/天地图裁剪至 SITE；正式道路红线待官方数据"
      },
      "geometry": {
        "type": "LineString",
        "coordinates": [
          [
            116.3466454,
            39.971488400000005
          ],
          [
            116.34666960000001,
            39.971151299999995
          ],
          [
            116.34667049999999,
            39.9710969
          ],
          [
            116.3466722,
            39.9709951
          ],
          [
            116.34680700000001,
            39.968890099999996
          ],
          [
            116.3468117,
            39.968816099999984
          ],
          [
            116.3468546,
            39.9680227
          ]
        ]
      }
    },
    {
      "type": "Feature",
      "id": "ROAD-OSM-2169",
      "properties": {
        "id": "ROAD-OSM-2169",
        "layer": "ROAD_CENTERLINE",
        "source_type": "openstreetmap",
        "confidence": "medium",
        "geometry_role": "design_proposal",
        "road_class": "greenway",
        "name_zh": "走廊道路-2169",
        "source_id": "DATA-SRC-OSM-OSM",
        "official_boundary": false,
        "provisional_note": "OSM/天地图裁剪至 SITE；正式道路红线待官方数据"
      },
      "geometry": {
        "type": "LineString",
        "coordinates": [
          [
            116.3503334,
            40.016602899999995
          ],
          [
            116.35020870000001,
            40.0165552
          ],
          [
            116.34992429999998,
            40.0164464
          ],
          [
            116.3496484,
            40.016342399999985
          ],
          [
            116.3495203,
            40.0162875
          ],
          [
            116.34938789999998,
            40.01624520000001
          ],
          [
            116.34930730000002,
            40.0162705
          ],
          [
            116.3492157,
            40.0163061
          ],
          [
            116.34918920000001,
            40.0163258
          ],
          [
            116.34917710000002,
            40.0163348
          ],
          [
            116.34911629999999,
            40.01642119999999
          ],
          [
            116.3488548,
            40.0167929
          ],
          [
            116.34883489999999,
            40.0168344
          ],
          [
            116.34883819999999,
            40.0169485
          ],
          [
            116.34883489999999,
            40.017044799999994
          ],
          [
            116.3487345,
            40.0171961
          ],
          [
            116.34856009999999,
            40.017439599999996
          ],
          [
            116.3484862,
            40.017551199999986
          ],
          [
            116.3484497,
            40.0176518
          ],
          [
            116.3484508,
            40.0177253
          ],
          [
            116.3484762,
            40.017802199999984
          ],
          [
            116.34846519999999,
            40.017880799999986
          ],
          [
            116.34846079999998,
            40.01795009999999
          ],
          [
            116.34849499999999,
            40.0179899
          ],
          [
            116.3486385,
            40.0180558
          ],
          [
            116.3487941,
            40.01810059999999
          ],
          [
            116.34924359999998,
            40.0181943
          ]
        ]
      }
    },
    {
      "type": "Feature",
      "id": "ROAD-OSM-1656",
      "properties": {
        "id": "ROAD-OSM-1656",
        "layer": "ROAD_CENTERLINE",
        "source_type": "openstreetmap",
        "confidence": "medium",
        "geometry_role": "design_proposal",
        "road_class": "greenway",
        "name_zh": "走廊道路-1656",
        "source_id": "DATA-SRC-OSM-OSM",
        "official_boundary": false,
        "provisional_note": "OSM/天地图裁剪至 SITE；正式道路红线待官方数据"
      },
      "geometry": {
        "type": "LineString",
        "coordinates": [
          [
            116.34613190000002,
            40.02088760000001
          ],
          [
            116.3462419,
            40.02097599999999
          ],
          [
            116.34630030000001,
            40.0210176
          ],
          [
            116.34639950000002,
            40.02105509999999
          ],
          [
            116.3464796,
            40.021074799999994
          ],
          [
            116.346572,
            40.0210946
          ],
          [
            116.34675000000001,
            40.0211279
          ],
          [
            116.34687900000002,
            40.0211476
          ],
          [
            116.3479982,
            40.0212933
          ],
          [
            116.34821080000002,
            40.0213291
          ],
          [
            116.34831009999999,
            40.02133919999999
          ],
          [
            116.34915500000001,
            40.0213166
          ],
          [
            116.34925460000001,
            40.0213025
          ],
          [
            116.34934129999999,
            40.0212841
          ],
          [
            116.3494336,
            40.021252999999994
          ],
          [
            116.3495185,
            40.0212205
          ],
          [
            116.349583,
            40.021183799999996
          ],
          [
            116.34966599999998,
            40.0211301
          ],
          [
            116.34972320000001,
            40.0210793
          ],
          [
            116.3498007,
            40.0210016
          ],
          [
            116.34984870000001,
            40.02094790000001
          ],
          [
            116.34990029999999,
            40.0208631
          ],
          [
            116.3499262,
            40.0207826
          ],
          [
            116.3499566,
            40.0206406
          ]
        ]
      }
    },
    {
      "type": "Feature",
      "id": "ROAD-OSM-1990",
      "properties": {
        "id": "ROAD-OSM-1990",
        "layer": "ROAD_CENTERLINE",
        "source_type": "openstreetmap",
        "confidence": "medium",
        "geometry_role": "design_proposal",
        "road_class": "greenway",
        "name_zh": "走廊道路-1990",
        "source_id": "DATA-SRC-OSM-OSM",
        "official_boundary": false,
        "provisional_note": "OSM/天地图裁剪至 SITE；正式道路红线待官方数据"
      },
      "geometry": {
        "type": "LineString",
        "coordinates": [
          [
            116.3469296,
            39.9860019
          ],
          [
            116.3467415,
            39.9858481
          ],
          [
            116.34674220000001,
            39.9857987
          ],
          [
            116.3467514,
            39.98513640000001
          ],
          [
            116.3467516,
            39.98511959999999
          ],
          [
            116.3469989,
            39.9850003
          ],
          [
            116.34705060000002,
            39.9850014
          ],
          [
            116.34759420000002,
            39.9850128
          ],
          [
            116.34762990000002,
            39.9850136
          ],
          [
            116.34783610000001,
            39.9852049
          ],
          [
            116.3478518,
            39.9852194
          ],
          [
            116.3478231,
            39.9858808
          ],
          [
            116.3478203,
            39.9859462
          ],
          [
            116.34761470000001,
            39.9860429
          ],
          [
            116.34750090000001,
            39.9860361
          ],
          [
            116.34695120000002,
            39.98600319999999
          ],
          [
            116.3469296,
            39.9860019
          ]
        ]
      }
    },
    {
      "type": "Feature",
      "id": "ROAD-OSM-230",
      "properties": {
        "id": "ROAD-OSM-230",
        "layer": "ROAD_CENTERLINE",
        "source_type": "openstreetmap",
        "confidence": "medium",
        "geometry_role": "design_proposal",
        "road_class": "greenway",
        "name_zh": "走廊道路-230",
        "source_id": "DATA-SRC-OSM-OSM",
        "official_boundary": false,
        "provisional_note": "OSM/天地图裁剪至 SITE；正式道路红线待官方数据"
      },
      "geometry": {
        "type": "LineString",
        "coordinates": [
          [
            116.3470658,
            39.97115130000001
          ],
          [
            116.34708620000002,
            39.9706654
          ],
          [
            116.3471485,
            39.96904289999999
          ],
          [
            116.34718110000001,
            39.969026899999996
          ],
          [
            116.34718809999998,
            39.96878949999999
          ],
          [
            116.34716350000001,
            39.968782999999995
          ],
          [
            116.3471702,
            39.96868429999999
          ],
          [
            116.34733170000001,
            39.9678932
          ]
        ]
      }
    },
    {
      "type": "Feature",
      "id": "ROAD-OSM-554",
      "properties": {
        "id": "ROAD-OSM-554",
        "layer": "ROAD_CENTERLINE",
        "source_type": "openstreetmap",
        "confidence": "medium",
        "geometry_role": "design_proposal",
        "road_class": "greenway",
        "name_zh": "走廊道路-554",
        "source_id": "DATA-SRC-OSM-OSM",
        "official_boundary": false,
        "provisional_note": "OSM/天地图裁剪至 SITE；正式道路红线待官方数据"
      },
      "geometry": {
        "type": "LineString",
        "coordinates": [
          [
            116.3511741,
            39.9853889
          ],
          [
            116.35132230000002,
            39.985319
          ],
          [
            116.35187689999998,
            39.985337399999985
          ],
          [
            116.35464330000002,
            39.9854184
          ],
          [
            116.35525659999999,
            39.9854363
          ],
          [
            116.35530439999998,
            39.9854377
          ],
          [
            116.35542415000396,
            39.98544126619011
          ]
        ]
      }
    },
    {
      "type": "Feature",
      "id": "ROAD-OSM-1384",
      "properties": {
        "id": "ROAD-OSM-1384",
        "layer": "ROAD_CENTERLINE",
        "source_type": "openstreetmap",
        "confidence": "medium",
        "geometry_role": "design_proposal",
        "road_class": "greenway",
        "name_zh": "走廊道路-1384",
        "source_id": "DATA-SRC-OSM-OSM",
        "official_boundary": false,
        "provisional_note": "OSM/天地图裁剪至 SITE；正式道路红线待官方数据"
      },
      "geometry": {
        "type": "LineString",
        "coordinates": [
          [
            116.34822849999999,
            39.9404529
          ],
          [
            116.34823510000001,
            39.940427699999994
          ],
          [
            116.34824379999999,
            39.9404026
          ],
          [
            116.3482531,
            39.94037699999999
          ],
          [
            116.3482635,
            39.9403522
          ],
          [
            116.3482779,
            39.9403222
          ],
          [
            116.34829119999999,
            39.9402945
          ],
          [
            116.3483029,
            39.9402691
          ],
          [
            116.34831249999999,
            39.94024370000001
          ],
          [
            116.3483184,
            39.940226300000006
          ],
          [
            116.3483231,
            39.9402075
          ],
          [
            116.3483265,
            39.94018919999999
          ],
          [
            116.34832779999999,
            39.94017079999999
          ],
          [
            116.3483288,
            39.940152499999996
          ],
          [
            116.3483283,
            39.940132999999996
          ],
          [
            116.34832610000001,
            39.94011419999999
          ],
          [
            116.34832230000002,
            39.94009530000001
          ],
          [
            116.3483163,
            39.94007479999999
          ],
          [
            116.34830889999999,
            39.940055400000006
          ],
          [
            116.3483001,
            39.940037700000005
          ],
          [
            116.34828879999999,
            39.9400161
          ],
          [
            116.3482733,
            39.93999179999999
          ],
          [
            116.34825480000002,
            39.939968099999994
          ],
          [
            116.3482318,
            39.93994459999999
          ],
          [
            116.3482067,
            39.9399223
          ],
          [
            116.3481008,
            39.93984269999999
          ],
          [
            116.3480747,
            39.93982569999999
          ],
          [
            116.3480471,
            39.9398088
          ],
          [
            116.3480313,
            39.9398
          ],
          [
            116.348013,
            39.9397924
          ],
          [
            116.34799240000001,
            39.93978559999999
          ],
          [
            116.3479692,
            39.93977929999999
          ],
          [
            116.34782850000002,
            39.9397483
          ],
          [
            116.34781779999999,
            39.9397455
          ],
          [
            116.3478077,
            39.93974229999999
          ],
          [
            116.3478033,
            39.93974049999999
          ],
          [
            116.347799,
            39.939738500000004
          ],
          [
            116.34779550000002,
            39.9397365
          ],
          [
            116.3477927,
            39.93973429999999
          ],
          [
            116.3477897,
            39.939731099999996
          ],
          [
            116.34778740000002,
            39.93972759999999
          ],
          [
            116.34778609999998,
            39.9397236
          ],
          [
            116.34778569999999,
            39.93971990000001
          ],
          [
            116.3477858,
            39.93971509999999
          ],
          [
            116.3477865,
            39.9397102
          ],
          [
            116.3477897,
            39.9397006
          ],
          [
            116.34788760000002,
            39.93945870000001
          ],
          [
            116.34789070000001,
            39.9394502
          ],
          [
            116.34789459999999,
            39.9394417
          ],
          [
            116.3478993,
            39.939434
          ],
          [
            116.34790539999999,
            39.9394276
          ],
          [
            116.34791229999999,
            39.93942220000001
          ],
          [
            116.3479214,
            39.93941749999999
          ],
          [
            116.3479308,
            39.939415
          ],
          [
            116.34794119999998,
            39.9394133
          ],
          [
            116.3479527,
            39.93941209999999
          ],
          [
            116.3479642,
            39.9394125
          ],
          [
            116.3479742,
            39.93941409999999
          ],
          [
            116.34798619999998,
            39.93941759999999
          ],
          [
            116.3480313,
            39.93943409999999
          ],
          [
            116.3480732,
            39.9394505
          ],
          [
            116.34811980000002,
            39.9394698
          ],
          [
            116.3481631,
            39.939489099999996
          ],
          [
            116.34818989999998,
            39.939503599999995
          ],
          [
            116.34821470000001,
            39.939518199999995
          ],
          [
            116.3482356,
            39.93953170000001
          ],
          [
            116.3482543,
            39.9395452
          ],
          [
            116.34828130000001,
            39.93956539999999
          ],
          [
            116.3483073,
            39.93958559999999
          ],
          [
            116.348361,
            39.93963279999999
          ],
          [
            116.34841090000002,
            39.9396799
          ],
          [
            116.34845959999998,
            39.9397258
          ],
          [
            116.3484992,
            39.9397673
          ],
          [
            116.348542,
            39.9398137
          ],
          [
            116.34857569999998,
            39.93985579999999
          ],
          [
            116.3486076,
            39.9398984
          ],
          [
            116.3486369,
            39.9399419
          ],
          [
            116.3486593,
            39.93997639999999
          ],
          [
            116.3486769,
            39.9400048
          ],
          [
            116.34869420000001,
            39.940038
          ],
          [
            116.3487096,
            39.94007319999999
          ],
          [
            116.34871930000001,
            39.940110799999985
          ],
          [
            116.34872380000002,
            39.94014260000001
          ],
          [
            116.3486995,
            39.940586599999996
          ],
          [
            116.34869690000001,
            39.940611000000004
          ],
          [
            116.34869500000002,
            39.94062589999999
          ],
          [
            116.34869389999999,
            39.940631
          ],
          [
            116.34869200000001,
            39.94063619999999
          ],
          [
            116.3486902,
            39.94063959999999
          ],
          [
            116.34868730000001,
            39.940643099999996
          ],
          [
            116.34868240000002,
            39.9406459
          ],
          [
            116.3486769,
            39.94064829999999
          ],
          [
            116.34866659999999,
            39.940651599999995
          ],
          [
            116.3486545,
            39.94065439999999
          ],
          [
            116.348643,
            39.94065619999999
          ],
          [
            116.34863150000001,
            39.94065710000001
          ],
          [
            116.34861589999998,
            39.940657899999984
          ],
          [
            116.34860029999999,
            39.9406575
          ],
          [
            116.34858370000002,
            39.9406554
          ],
          [
            116.348382,
            39.94060669999998
          ],
          [
            116.34832930000002,
            39.940594100000006
          ],
          [
            116.3483019,
            39.9405873
          ],
          [
            116.34827770000001,
            39.9405806
          ],
          [
            116.34825960000002,
            39.9405724
          ],
          [
            116.3482437,
            39.940561599999995
          ],
          [
            116.34823360000001,
            39.940550900000005
          ],
          [
            116.34822670000001,
            39.9405386
          ],
          [
            116.3482236,
            39.9405278
          ],
          [
            116.3482226,
            39.940517
          ],
          [
            116.34822220000001,
            39.9405062
          ],
          [
            116.3482223,
            39.940491300000005
          ],
          [
            116.34822460000001,
            39.9404741
          ],
          [
            116.34822849999999,
            39.9404529
          ]
        ]
      }
    },
    {
      "type": "Feature",
      "id": "ROAD-OSM-1908",
      "properties": {
        "id": "ROAD-OSM-1908",
        "layer": "ROAD_CENTERLINE",
        "source_type": "openstreetmap",
        "confidence": "medium",
        "geometry_role": "design_proposal",
        "road_class": "greenway",
        "name_zh": "走廊道路-1908",
        "source_id": "DATA-SRC-OSM-OSM",
        "official_boundary": false,
        "provisional_note": "OSM/天地图裁剪至 SITE；正式道路红线待官方数据"
      },
      "geometry": {
        "type": "LineString",
        "coordinates": [
          [
            116.35465200000002,
            39.96328639999999
          ],
          [
            116.35462359999998,
            39.9637023
          ],
          [
            116.35459770000001,
            39.9637153
          ],
          [
            116.35097919999998,
            39.963605400000006
          ]
        ]
      }
    },
    {
      "type": "Feature",
      "id": "ROAD-OSM-2002",
      "properties": {
        "id": "ROAD-OSM-2002",
        "layer": "ROAD_CENTERLINE",
        "source_type": "openstreetmap",
        "confidence": "medium",
        "geometry_role": "design_proposal",
        "road_class": "greenway",
        "name_zh": "走廊道路-2002",
        "source_id": "DATA-SRC-OSM-OSM",
        "official_boundary": false,
        "provisional_note": "OSM/天地图裁剪至 SITE；正式道路红线待官方数据"
      },
      "geometry": {
        "type": "LineString",
        "coordinates": [
          [
            116.35297340000001,
            40.00712120000001
          ],
          [
            116.35298960000002,
            40.007125599999995
          ],
          [
            116.3531919,
            40.007171499999984
          ],
          [
            116.35350240000001,
            40.007242
          ],
          [
            116.3552751,
            40.0076443
          ],
          [
            116.35549060000001,
            40.007735499999995
          ],
          [
            116.35562900000001,
            40.00784420000001
          ],
          [
            116.3557779,
            40.008112600000004
          ],
          [
            116.3557995,
            40.008188399999995
          ],
          [
            116.3558445,
            40.0083461
          ],
          [
            116.3559776,
            40.0086414
          ],
          [
            116.35608939771625,
            40.008817825922605
          ]
        ]
      }
    },
    {
      "type": "Feature",
      "id": "ROAD-OSM-455",
      "properties": {
        "id": "ROAD-OSM-455",
        "layer": "ROAD_CENTERLINE",
        "source_type": "openstreetmap",
        "confidence": "medium",
        "geometry_role": "design_proposal",
        "road_class": "greenway",
        "name_zh": "走廊道路-455",
        "source_id": "DATA-SRC-OSM-OSM",
        "official_boundary": false,
        "provisional_note": "OSM/天地图裁剪至 SITE；正式道路红线待官方数据"
      },
      "geometry": {
        "type": "LineString",
        "coordinates": [
          [
            116.35040130000002,
            39.943279999999994
          ],
          [
            116.35049370000002,
            39.943570199999996
          ],
          [
            116.35047710000002,
            39.9447369
          ],
          [
            116.3504803,
            39.9453069
          ],
          [
            116.35054710000001,
            39.945505
          ],
          [
            116.3505382,
            39.94615730000001
          ],
          [
            116.3504999,
            39.9462323
          ],
          [
            116.35029569999999,
            39.94641790000001
          ]
        ]
      }
    },
    {
      "type": "Feature",
      "id": "ROAD-OSM-939",
      "properties": {
        "id": "ROAD-OSM-939",
        "layer": "ROAD_CENTERLINE",
        "source_type": "openstreetmap",
        "confidence": "medium",
        "geometry_role": "design_proposal",
        "road_class": "greenway",
        "name_zh": "走廊道路-939",
        "source_id": "DATA-SRC-OSM-OSM",
        "official_boundary": false,
        "provisional_note": "OSM/天地图裁剪至 SITE；正式道路红线待官方数据"
      },
      "geometry": {
        "type": "LineString",
        "coordinates": [
          [
            116.3480783,
            39.9712749
          ],
          [
            116.34805849999998,
            39.97155779999999
          ],
          [
            116.3480478,
            39.9717839
          ],
          [
            116.3480184,
            39.972475
          ],
          [
            116.34800140000002,
            39.972932699999994
          ],
          [
            116.34791490000002,
            39.9744507
          ]
        ]
      }
    },
    {
      "type": "Feature",
      "id": "ROAD-OSM-1815",
      "properties": {
        "id": "ROAD-OSM-1815",
        "layer": "ROAD_CENTERLINE",
        "source_type": "openstreetmap",
        "confidence": "medium",
        "geometry_role": "design_proposal",
        "road_class": "greenway",
        "name_zh": "走廊道路-1815",
        "source_id": "DATA-SRC-OSM-OSM",
        "official_boundary": false,
        "provisional_note": "OSM/天地图裁剪至 SITE；正式道路红线待官方数据"
      },
      "geometry": {
        "type": "LineString",
        "coordinates": [
          [
            116.35703561575953,
            40.026078199528236
          ],
          [
            116.35701749999998,
            40.026074300000005
          ],
          [
            116.3568512,
            40.02606
          ],
          [
            116.3566084,
            40.025916999999986
          ],
          [
            116.3564608,
            40.02585409999999
          ],
          [
            116.3562348,
            40.02577539999999
          ],
          [
            116.3560854,
            40.025751099999994
          ],
          [
            116.3558164,
            40.02569239999999
          ],
          [
            116.35564450000001,
            40.025650899999995
          ],
          [
            116.3555324,
            40.0256209
          ],
          [
            116.3555847,
            40.02556219999999
          ],
          [
            116.35568,
            40.02556799999999
          ],
          [
            116.3559172,
            40.02561370000001
          ],
          [
            116.35595090000001,
            40.025588
          ],
          [
            116.35596019999998,
            40.02552649999999
          ],
          [
            116.35589860000002,
            40.0254464
          ],
          [
            116.35584070000002,
            40.0253663
          ],
          [
            116.35575289999998,
            40.025301899999995
          ],
          [
            116.35570240000001,
            40.02520890000001
          ],
          [
            116.3556987,
            40.0251303
          ],
          [
            116.35564450000001,
            40.02504439999999
          ],
          [
            116.35557540000002,
            40.0249844
          ],
          [
            116.35548199999998,
            40.0248971
          ],
          [
            116.355426,
            40.0248041
          ],
          [
            116.3554091,
            40.02468819999999
          ],
          [
            116.35538490000002,
            40.024571000000016
          ],
          [
            116.35536429999999,
            40.0244379
          ],
          [
            116.35533630000002,
            40.02432919999999
          ],
          [
            116.35530639999999,
            40.024177599999994
          ]
        ]
      }
    },
    {
      "type": "Feature",
      "id": "ROAD-OSM-1873",
      "properties": {
        "id": "ROAD-OSM-1873",
        "layer": "ROAD_CENTERLINE",
        "source_type": "openstreetmap",
        "confidence": "medium",
        "geometry_role": "design_proposal",
        "road_class": "greenway",
        "name_zh": "走廊道路-1873",
        "source_id": "DATA-SRC-OSM-OSM",
        "official_boundary": false,
        "provisional_note": "OSM/天地图裁剪至 SITE；正式道路红线待官方数据"
      },
      "geometry": {
        "type": "LineString",
        "coordinates": [
          [
            116.34479900000001,
            39.979107199999994
          ],
          [
            116.34517639999999,
            39.97911549999999
          ],
          [
            116.34515780000001,
            39.97938429999999
          ],
          [
            116.3452408,
            39.9793837
          ],
          [
            116.345625,
            39.9793957
          ],
          [
            116.34594950000002,
            39.97940869999999
          ],
          [
            116.3460964,
            39.9794141
          ],
          [
            116.3461045,
            39.97914639999998
          ],
          [
            116.3461125,
            39.9787744
          ],
          [
            116.34611519999999,
            39.9786819
          ],
          [
            116.3456458,
            39.97867569999999
          ],
          [
            116.3452033,
            39.978665400000004
          ],
          [
            116.3452113,
            39.978544199999995
          ],
          [
            116.34481790000001,
            39.97853820000001
          ]
        ]
      }
    },
    {
      "type": "Feature",
      "id": "ROAD-OSM-938",
      "properties": {
        "id": "ROAD-OSM-938",
        "layer": "ROAD_CENTERLINE",
        "source_type": "openstreetmap",
        "confidence": "medium",
        "geometry_role": "design_proposal",
        "road_class": "greenway",
        "name_zh": "走廊道路-938",
        "source_id": "DATA-SRC-OSM-OSM",
        "official_boundary": false,
        "provisional_note": "OSM/天地图裁剪至 SITE；正式道路红线待官方数据"
      },
      "geometry": {
        "type": "LineString",
        "coordinates": [
          [
            116.34784540000001,
            39.97074390000002
          ],
          [
            116.347836,
            39.9708548
          ],
          [
            116.34777060000002,
            39.97094070000001
          ],
          [
            116.3477987,
            39.9710302
          ],
          [
            116.3478127,
            39.971155499999995
          ],
          [
            116.34777060000002,
            39.97130930000001
          ],
          [
            116.3477846,
            39.9715563
          ],
          [
            116.34778929999999,
            39.971814
          ],
          [
            116.3477846,
            39.9720717
          ],
          [
            116.34778929999999,
            39.972229399999996
          ],
          [
            116.34777060000002,
            39.97250139999999
          ],
          [
            116.34774730000001,
            39.97294509999999
          ],
          [
            116.34769590000002,
            39.97346989999999
          ],
          [
            116.34769119999999,
            39.973658500000006
          ],
          [
            116.34761190000002,
            39.9737766
          ],
          [
            116.3476379,
            39.973809
          ]
        ]
      }
    },
    {
      "type": "Feature",
      "id": "ROAD-OSM-292",
      "properties": {
        "id": "ROAD-OSM-292",
        "layer": "ROAD_CENTERLINE",
        "source_type": "openstreetmap",
        "confidence": "medium",
        "geometry_role": "design_proposal",
        "road_class": "greenway",
        "name_zh": "走廊道路-292",
        "source_id": "DATA-SRC-OSM-OSM",
        "official_boundary": false,
        "provisional_note": "OSM/天地图裁剪至 SITE；正式道路红线待官方数据"
      },
      "geometry": {
        "type": "LineString",
        "coordinates": [
          [
            116.3431277,
            39.98501569999999
          ],
          [
            116.34218130000001,
            39.984984
          ],
          [
            116.3421835,
            39.9849623
          ],
          [
            116.34209240000001,
            39.9849599
          ],
          [
            116.3417019,
            39.9849494
          ],
          [
            116.3417008,
            39.984972800000016
          ],
          [
            116.34163520000001,
            39.984969099999994
          ],
          [
            116.34158560000002,
            39.9849663
          ],
          [
            116.341522,
            39.9849648
          ],
          [
            116.33915840000002,
            39.9849097
          ]
        ]
      }
    },
    {
      "type": "Feature",
      "id": "ROAD-OSM-2036",
      "properties": {
        "id": "ROAD-OSM-2036",
        "layer": "ROAD_CENTERLINE",
        "source_type": "openstreetmap",
        "confidence": "medium",
        "geometry_role": "design_proposal",
        "road_class": "greenway",
        "name_zh": "走廊道路-2036",
        "source_id": "DATA-SRC-OSM-OSM",
        "official_boundary": false,
        "provisional_note": "OSM/天地图裁剪至 SITE；正式道路红线待官方数据"
      },
      "geometry": {
        "type": "LineString",
        "coordinates": [
          [
            116.34791490000002,
            39.9744507
          ],
          [
            116.34773610000002,
            39.9744561
          ],
          [
            116.3476873,
            39.9744552
          ],
          [
            116.3475062,
            39.9744097
          ],
          [
            116.34734769999999,
            39.97431859999999
          ],
          [
            116.3472401,
            39.97420359999999
          ],
          [
            116.347203,
            39.9741527
          ],
          [
            116.3471669,
            39.974005999999996
          ],
          [
            116.3472914,
            39.9717469
          ]
        ]
      }
    },
    {
      "type": "Feature",
      "id": "ROAD-OSM-793",
      "properties": {
        "id": "ROAD-OSM-793",
        "layer": "ROAD_CENTERLINE",
        "source_type": "openstreetmap",
        "confidence": "medium",
        "geometry_role": "design_proposal",
        "road_class": "greenway",
        "name_zh": "走廊道路-793",
        "source_id": "DATA-SRC-OSM-OSM",
        "official_boundary": false,
        "provisional_note": "OSM/天地图裁剪至 SITE；正式道路红线待官方数据"
      },
      "geometry": {
        "type": "LineString",
        "coordinates": [
          [
            116.3486035,
            39.95694790000001
          ],
          [
            116.34854510000001,
            39.9574943
          ],
          [
            116.3485231,
            39.957561000000005
          ],
          [
            116.348542,
            39.9576734
          ],
          [
            116.34845050000001,
            39.95920449999999
          ],
          [
            116.3484141,
            39.95974979999999
          ],
          [
            116.3483765,
            39.959821800000014
          ],
          [
            116.34830080000002,
            39.959842999999985
          ],
          [
            116.3482869,
            39.9599732
          ]
        ]
      }
    },
    {
      "type": "Feature",
      "id": "ROAD-OSM-2162",
      "properties": {
        "id": "ROAD-OSM-2162",
        "layer": "ROAD_CENTERLINE",
        "source_type": "openstreetmap",
        "confidence": "medium",
        "geometry_role": "design_proposal",
        "road_class": "greenway",
        "name_zh": "走廊道路-2162",
        "source_id": "DATA-SRC-OSM-OSM",
        "official_boundary": false,
        "provisional_note": "OSM/天地图裁剪至 SITE；正式道路红线待官方数据"
      },
      "geometry": {
        "type": "LineString",
        "coordinates": [
          [
            116.35327739999998,
            40.013620499999995
          ],
          [
            116.35310960000001,
            40.013628100000005
          ],
          [
            116.35301800000002,
            40.013642
          ],
          [
            116.35280830000002,
            40.01367369999999
          ],
          [
            116.3526027,
            40.0137023
          ],
          [
            116.35246729999999,
            40.013721100000005
          ],
          [
            116.3520677,
            40.0137819
          ],
          [
            116.3517245,
            40.0138335
          ],
          [
            116.3515136,
            40.01386989999999
          ],
          [
            116.3512554,
            40.0139079
          ],
          [
            116.3511089,
            40.0139303
          ],
          [
            116.35080839999999,
            40.0139764
          ],
          [
            116.3502455,
            40.01406169999999
          ],
          [
            116.35003350000001,
            40.0140956
          ],
          [
            116.3498128,
            40.0141268
          ],
          [
            116.34966710000002,
            40.01412429999999
          ],
          [
            116.34938240000001,
            40.0141075
          ]
        ]
      }
    },
    {
      "type": "Feature",
      "id": "ROAD-OSM-1311",
      "properties": {
        "id": "ROAD-OSM-1311",
        "layer": "ROAD_CENTERLINE",
        "source_type": "openstreetmap",
        "confidence": "medium",
        "geometry_role": "design_proposal",
        "road_class": "greenway",
        "name_zh": "走廊道路-1311",
        "source_id": "DATA-SRC-OSM-OSM",
        "official_boundary": false,
        "provisional_note": "OSM/天地图裁剪至 SITE；正式道路红线待官方数据"
      },
      "geometry": {
        "type": "LineString",
        "coordinates": [
          [
            116.3464452,
            39.9834652
          ],
          [
            116.3464435,
            39.9835136
          ],
          [
            116.3464267,
            39.9839826
          ],
          [
            116.3450337,
            39.9839485
          ],
          [
            116.34483110000001,
            39.9839434
          ],
          [
            116.34334679999999,
            39.9839058
          ],
          [
            116.3432275,
            39.983901800000005
          ]
        ]
      }
    },
    {
      "type": "Feature",
      "id": "ROAD-OSM-2190",
      "properties": {
        "id": "ROAD-OSM-2190",
        "layer": "ROAD_CENTERLINE",
        "source_type": "openstreetmap",
        "confidence": "medium",
        "geometry_role": "design_proposal",
        "road_class": "greenway",
        "name_zh": "走廊道路-2190",
        "source_id": "DATA-SRC-OSM-OSM",
        "official_boundary": false,
        "provisional_note": "OSM/天地图裁剪至 SITE；正式道路红线待官方数据"
      },
      "geometry": {
        "type": "LineString",
        "coordinates": [
          [
            116.35279940000001,
            39.94372669999999
          ],
          [
            116.35277530000002,
            39.9437195
          ],
          [
            116.35269530000001,
            39.9436952
          ],
          [
            116.35229809999998,
            39.94357509999999
          ],
          [
            116.3519729,
            39.943367999999985
          ],
          [
            116.35116780000001,
            39.94326
          ],
          [
            116.3507191,
            39.943485900000006
          ],
          [
            116.3506154,
            39.9440849
          ],
          [
            116.3505964,
            39.9446536
          ]
        ]
      }
    },
    {
      "type": "Feature",
      "id": "ROAD-OSM-1669",
      "properties": {
        "id": "ROAD-OSM-1669",
        "layer": "ROAD_CENTERLINE",
        "source_type": "openstreetmap",
        "confidence": "medium",
        "geometry_role": "design_proposal",
        "road_class": "greenway",
        "name_zh": "走廊道路-1669",
        "source_id": "DATA-SRC-OSM-OSM",
        "official_boundary": false,
        "provisional_note": "OSM/天地图裁剪至 SITE；正式道路红线待官方数据"
      },
      "geometry": {
        "type": "LineString",
        "coordinates": [
          [
            116.3518868,
            39.9851474
          ],
          [
            116.3519403,
            39.98514599999999
          ],
          [
            116.35194550000001,
            39.984969299999996
          ],
          [
            116.3519535,
            39.9846963
          ],
          [
            116.3519723,
            39.9840544
          ],
          [
            116.3519829,
            39.9836951
          ],
          [
            116.351985,
            39.98362329999999
          ],
          [
            116.3519904,
            39.98343800000001
          ],
          [
            116.3520266,
            39.9822486
          ]
        ]
      }
    },
    {
      "type": "Feature",
      "id": "ROAD-OSM-1630",
      "properties": {
        "id": "ROAD-OSM-1630",
        "layer": "ROAD_CENTERLINE",
        "source_type": "openstreetmap",
        "confidence": "medium",
        "geometry_role": "design_proposal",
        "road_class": "greenway",
        "name_zh": "走廊道路-1630",
        "source_id": "DATA-SRC-OSM-OSM",
        "official_boundary": false,
        "provisional_note": "OSM/天地图裁剪至 SITE；正式道路红线待官方数据"
      },
      "geometry": {
        "type": "LineString",
        "coordinates": [
          [
            116.3496067,
            39.9427663
          ],
          [
            116.3496259,
            39.9428173
          ],
          [
            116.34965930000001,
            39.9429368
          ],
          [
            116.3496834,
            39.943097200000004
          ],
          [
            116.3496898,
            39.943207999999984
          ],
          [
            116.34978260000001,
            39.9438601
          ],
          [
            116.3498256,
            39.9441295
          ],
          [
            116.34983090000001,
            39.94429600000001
          ],
          [
            116.3498135,
            39.94561209999999
          ],
          [
            116.3497759,
            39.9456596
          ]
        ]
      }
    },
    {
      "type": "Feature",
      "id": "ROAD-OSM-2180",
      "properties": {
        "id": "ROAD-OSM-2180",
        "layer": "ROAD_CENTERLINE",
        "source_type": "openstreetmap",
        "confidence": "medium",
        "geometry_role": "design_proposal",
        "road_class": "greenway",
        "name_zh": "走廊道路-2180",
        "source_id": "DATA-SRC-OSM-OSM",
        "official_boundary": false,
        "provisional_note": "OSM/天地图裁剪至 SITE；正式道路红线待官方数据"
      },
      "geometry": {
        "type": "LineString",
        "coordinates": [
          [
            116.3502917,
            39.9417337
          ],
          [
            116.35024499999999,
            39.94177329999999
          ],
          [
            116.35020380000002,
            39.9418083
          ],
          [
            116.35049139999998,
            39.9420732
          ],
          [
            116.35077219999998,
            39.94229260000001
          ],
          [
            116.35126779999999,
            39.9425522
          ],
          [
            116.35164109999998,
            39.94271690000001
          ],
          [
            116.35246990000002,
            39.942987499999994
          ],
          [
            116.35326539999998,
            39.9432346
          ]
        ]
      }
    },
    {
      "type": "Feature",
      "id": "ROAD-OSM-1169",
      "properties": {
        "id": "ROAD-OSM-1169",
        "layer": "ROAD_CENTERLINE",
        "source_type": "openstreetmap",
        "confidence": "medium",
        "geometry_role": "design_proposal",
        "road_class": "greenway",
        "name_zh": "走廊道路-1169",
        "source_id": "DATA-SRC-OSM-OSM",
        "official_boundary": false,
        "provisional_note": "OSM/天地图裁剪至 SITE；正式道路红线待官方数据"
      },
      "geometry": {
        "type": "LineString",
        "coordinates": [
          [
            116.3549852,
            40.0008799
          ],
          [
            116.3550135,
            40.000494299999986
          ],
          [
            116.3550332,
            40.00022649999999
          ],
          [
            116.3541964,
            40.00020249999999
          ],
          [
            116.3521728,
            40.0001446
          ]
        ]
      }
    },
    {
      "type": "Feature",
      "id": "ROAD-OSM-1672",
      "properties": {
        "id": "ROAD-OSM-1672",
        "layer": "ROAD_CENTERLINE",
        "source_type": "openstreetmap",
        "confidence": "medium",
        "geometry_role": "design_proposal",
        "road_class": "greenway",
        "name_zh": "走廊道路-1672",
        "source_id": "DATA-SRC-OSM-OSM",
        "official_boundary": false,
        "provisional_note": "OSM/天地图裁剪至 SITE；正式道路红线待官方数据"
      },
      "geometry": {
        "type": "LineString",
        "coordinates": [
          [
            116.3480291,
            39.9826949
          ],
          [
            116.34795540000002,
            39.98269400000001
          ],
          [
            116.34791080000001,
            39.9826935
          ],
          [
            116.34793090000001,
            39.9820358
          ],
          [
            116.34794319999999,
            39.98163159999999
          ],
          [
            116.34795280000002,
            39.9813173
          ],
          [
            116.347965,
            39.9809159
          ],
          [
            116.34916729999999,
            39.9809491
          ]
        ]
      }
    },
    {
      "type": "Feature",
      "id": "ROAD-OSM-1275",
      "properties": {
        "id": "ROAD-OSM-1275",
        "layer": "ROAD_CENTERLINE",
        "source_type": "openstreetmap",
        "confidence": "medium",
        "geometry_role": "design_proposal",
        "road_class": "greenway",
        "name_zh": "走廊道路-1275",
        "source_id": "DATA-SRC-OSM-OSM",
        "official_boundary": false,
        "provisional_note": "OSM/天地图裁剪至 SITE；正式道路红线待官方数据"
      },
      "geometry": {
        "type": "LineString",
        "coordinates": [
          [
            116.340042,
            40.0034995
          ],
          [
            116.3415731,
            40.00351440000001
          ],
          [
            116.34163390000002,
            40.003525299999986
          ],
          [
            116.34169879999999,
            40.00354269999999
          ],
          [
            116.3417676,
            40.0035533
          ],
          [
            116.34251040000001,
            40.00357139999999
          ],
          [
            116.342628,
            40.0036362
          ],
          [
            116.34259979999999,
            40.00436369999999
          ],
          [
            116.342596,
            40.0044112
          ]
        ]
      }
    },
    {
      "type": "Feature",
      "id": "ROAD-OSM-297",
      "properties": {
        "id": "ROAD-OSM-297",
        "layer": "ROAD_CENTERLINE",
        "source_type": "openstreetmap",
        "confidence": "medium",
        "geometry_role": "design_proposal",
        "road_class": "greenway",
        "name_zh": "走廊道路-297",
        "source_id": "DATA-SRC-OSM-OSM",
        "official_boundary": false,
        "provisional_note": "OSM/天地图裁剪至 SITE；正式道路红线待官方数据"
      },
      "geometry": {
        "type": "LineString",
        "coordinates": [
          [
            116.3487354,
            39.940854
          ],
          [
            116.3480992,
            39.94071370000001
          ],
          [
            116.34775999999998,
            39.9406343
          ],
          [
            116.34769500000002,
            39.940635399999984
          ],
          [
            116.34768310000001,
            39.94063520000002
          ],
          [
            116.3476691,
            39.94063699999999
          ],
          [
            116.3476551,
            39.94063979999999
          ],
          [
            116.34762609999999,
            39.9406475
          ],
          [
            116.34759790000001,
            39.94065629999999
          ],
          [
            116.34756789999999,
            39.940666699999994
          ],
          [
            116.3475407,
            39.94067620000001
          ],
          [
            116.3475153,
            39.94068609999999
          ],
          [
            116.3474952,
            39.94069429999998
          ],
          [
            116.34747450000002,
            39.9407039
          ],
          [
            116.3474606,
            39.94071189999999
          ],
          [
            116.34744720000002,
            39.9407207
          ],
          [
            116.34743520000002,
            39.9407296
          ],
          [
            116.3474232,
            39.94073920000001
          ],
          [
            116.34741340000001,
            39.94074940000001
          ],
          [
            116.3474053,
            39.940759299999996
          ],
          [
            116.34739800000001,
            39.94076909999999
          ],
          [
            116.34738970000001,
            39.94078189999999
          ],
          [
            116.347382,
            39.94079469999999
          ],
          [
            116.3473751,
            39.94080780000001
          ],
          [
            116.3473676,
            39.9408327
          ],
          [
            116.3471825,
            39.9412773
          ],
          [
            116.34689100000001,
            39.941950199999994
          ],
          [
            116.3465929,
            39.94223379999999
          ],
          [
            116.34652250000002,
            39.94227519999999
          ]
        ]
      }
    },
    {
      "type": "Feature",
      "id": "ROAD-OSM-2192",
      "properties": {
        "id": "ROAD-OSM-2192",
        "layer": "ROAD_CENTERLINE",
        "source_type": "openstreetmap",
        "confidence": "medium",
        "geometry_role": "design_proposal",
        "road_class": "greenway",
        "name_zh": "走廊道路-2192",
        "source_id": "DATA-SRC-OSM-OSM",
        "official_boundary": false,
        "provisional_note": "OSM/天地图裁剪至 SITE；正式道路红线待官方数据"
      },
      "geometry": {
        "type": "LineString",
        "coordinates": [
          [
            116.34872380000002,
            39.94014260000001
          ],
          [
            116.3487446,
            39.94022529999999
          ],
          [
            116.348754,
            39.9403549
          ],
          [
            116.34873889999999,
            39.94075969999999
          ],
          [
            116.3487354,
            39.940854
          ],
          [
            116.3487393,
            39.9410346
          ],
          [
            116.34875539999999,
            39.94110649999999
          ],
          [
            116.34877840000001,
            39.94115920000001
          ],
          [
            116.348817,
            39.94129680000001
          ],
          [
            116.34884120000001,
            39.94147869999998
          ],
          [
            116.34889750000002,
            39.941715200000004
          ],
          [
            116.3489673,
            39.94187980000002
          ],
          [
            116.34906110000001,
            39.942071
          ],
          [
            116.3491416,
            39.9421985
          ],
          [
            116.3494581,
            39.9425645
          ],
          [
            116.34952009999999,
            39.942638699999996
          ],
          [
            116.3496067,
            39.9427663
          ]
        ]
      }
    },
    {
      "type": "Feature",
      "id": "ROAD-OSM-2024",
      "properties": {
        "id": "ROAD-OSM-2024",
        "layer": "ROAD_CENTERLINE",
        "source_type": "openstreetmap",
        "confidence": "medium",
        "geometry_role": "design_proposal",
        "road_class": "greenway",
        "name_zh": "走廊道路-2024",
        "source_id": "DATA-SRC-OSM-OSM",
        "official_boundary": false,
        "provisional_note": "OSM/天地图裁剪至 SITE；正式道路红线待官方数据"
      },
      "geometry": {
        "type": "LineString",
        "coordinates": [
          [
            116.34210650000001,
            40.01391519999999
          ],
          [
            116.34349770000001,
            40.0139417
          ],
          [
            116.3435246,
            40.01398059999999
          ],
          [
            116.3445996,
            40.014011399999994
          ],
          [
            116.3448325,
            40.0140435
          ],
          [
            116.34568090000002,
            40.01406329999999
          ]
        ]
      }
    },
    {
      "type": "Feature",
      "id": "ROAD-OSM-2143",
      "properties": {
        "id": "ROAD-OSM-2143",
        "layer": "ROAD_CENTERLINE",
        "source_type": "openstreetmap",
        "confidence": "medium",
        "geometry_role": "design_proposal",
        "road_class": "greenway",
        "name_zh": "走廊道路-2143",
        "source_id": "DATA-SRC-OSM-OSM",
        "official_boundary": false,
        "provisional_note": "OSM/天地图裁剪至 SITE；正式道路红线待官方数据"
      },
      "geometry": {
        "type": "LineString",
        "coordinates": [
          [
            116.3423025,
            39.9856666
          ],
          [
            116.3422809,
            39.9863125
          ],
          [
            116.3413255,
            39.98629869999999
          ],
          [
            116.3413219,
            39.986841899999995
          ],
          [
            116.34229100000002,
            39.9868546
          ]
        ]
      }
    },
    {
      "type": "Feature",
      "id": "ROAD-OSM-495",
      "properties": {
        "id": "ROAD-OSM-495",
        "layer": "ROAD_CENTERLINE",
        "source_type": "openstreetmap",
        "confidence": "medium",
        "geometry_role": "design_proposal",
        "road_class": "greenway",
        "name_zh": "走廊道路-495",
        "source_id": "DATA-SRC-OSM-OSM",
        "official_boundary": false,
        "provisional_note": "OSM/天地图裁剪至 SITE；正式道路红线待官方数据"
      },
      "geometry": {
        "type": "LineString",
        "coordinates": [
          [
            116.34864529999999,
            40.0015084
          ],
          [
            116.3496645,
            40.0015454
          ],
          [
            116.35008980000002,
            40.0015495
          ],
          [
            116.3504987,
            40.001569399999994
          ],
          [
            116.35079940000001,
            40.0015841
          ],
          [
            116.35110250000001,
            40.001599000000006
          ],
          [
            116.3514294,
            40.001615
          ],
          [
            116.3515691,
            40.001621899999996
          ],
          [
            116.3521056,
            40.0016725
          ]
        ]
      }
    },
    {
      "type": "Feature",
      "id": "ROAD-OSM-1034",
      "properties": {
        "id": "ROAD-OSM-1034",
        "layer": "ROAD_CENTERLINE",
        "source_type": "openstreetmap",
        "confidence": "medium",
        "geometry_role": "design_proposal",
        "road_class": "greenway",
        "name_zh": "走廊道路-1034",
        "source_id": "DATA-SRC-OSM-OSM",
        "official_boundary": false,
        "provisional_note": "OSM/天地图裁剪至 SITE；正式道路红线待官方数据"
      },
      "geometry": {
        "type": "LineString",
        "coordinates": [
          [
            116.3518881,
            39.98371319999999
          ],
          [
            116.3508908,
            39.98368809999999
          ],
          [
            116.3508378,
            39.9836881
          ],
          [
            116.3506888,
            39.9836848
          ],
          [
            116.35051650000001,
            39.98368509999999
          ],
          [
            116.3491887,
            39.983677899999996
          ],
          [
            116.3491164,
            39.983664000000005
          ],
          [
            116.34908329999999,
            39.983622499999996
          ],
          [
            116.3490924,
            39.98336410000002
          ],
          [
            116.3490924,
            39.98328800000001
          ],
          [
            116.3490472,
            39.9832396
          ]
        ]
      }
    },
    {
      "type": "Feature",
      "id": "ROAD-OSM-1479",
      "properties": {
        "id": "ROAD-OSM-1479",
        "layer": "ROAD_CENTERLINE",
        "source_type": "openstreetmap",
        "confidence": "medium",
        "geometry_role": "design_proposal",
        "road_class": "greenway",
        "name_zh": "走廊道路-1479",
        "source_id": "DATA-SRC-OSM-OSM",
        "official_boundary": false,
        "provisional_note": "OSM/天地图裁剪至 SITE；正式道路红线待官方数据"
      },
      "geometry": {
        "type": "LineString",
        "coordinates": [
          [
            116.34983657567325,
            39.93764910970144
          ],
          [
            116.3498316,
            39.937941200000004
          ],
          [
            116.34983069999998,
            39.93797080000001
          ],
          [
            116.34982980000001,
            39.938000499999994
          ],
          [
            116.3498281,
            39.938029199999995
          ],
          [
            116.34982589999998,
            39.9380596
          ],
          [
            116.3498209,
            39.9380779
          ],
          [
            116.3498143,
            39.93809659999999
          ],
          [
            116.349808,
            39.9381139
          ],
          [
            116.3498011,
            39.938131500000004
          ],
          [
            116.34979280000002,
            39.938151500000004
          ],
          [
            116.349785,
            39.93817070000001
          ],
          [
            116.3497767,
            39.938190000000006
          ],
          [
            116.34976790000002,
            39.938209799999996
          ],
          [
            116.34975890000001,
            39.9382286
          ],
          [
            116.3497492,
            39.93824779999999
          ],
          [
            116.3497356,
            39.93827459999999
          ],
          [
            116.3497216,
            39.9383005
          ],
          [
            116.3497147,
            39.938313699999995
          ],
          [
            116.3497084,
            39.93832619999999
          ],
          [
            116.3497024,
            39.93833829999999
          ],
          [
            116.3496965,
            39.93835039999999
          ],
          [
            116.34968900000001,
            39.9383776
          ],
          [
            116.3496834,
            39.938404
          ],
          [
            116.34967950000001,
            39.93842680000001
          ],
          [
            116.3496763,
            39.9384496
          ],
          [
            116.3496736,
            39.9384725
          ],
          [
            116.34967220000001,
            39.9384944
          ],
          [
            116.3496712,
            39.93851190000001
          ],
          [
            116.3496712,
            39.938527099999995
          ],
          [
            116.3496717,
            39.938542299999995
          ],
          [
            116.34967319999998,
            39.9385575
          ],
          [
            116.3496834,
            39.93863779999999
          ],
          [
            116.3496859,
            39.93866039999999
          ],
          [
            116.3496883,
            39.93868299999999
          ],
          [
            116.3496889,
            39.93870559999999
          ],
          [
            116.34968849999998,
            39.938729
          ],
          [
            116.34968240000002,
            39.93884980000001
          ],
          [
            116.3496574,
            39.9392766
          ],
          [
            116.3496561,
            39.939316899999994
          ],
          [
            116.34965780000002,
            39.9393475
          ],
          [
            116.349661,
            39.93939060000001
          ],
          [
            116.34967220000001,
            39.93946379999999
          ],
          [
            116.34968240000002,
            39.9395324
          ],
          [
            116.3496966,
            39.9396026
          ],
          [
            116.3497159,
            39.939677399999994
          ],
          [
            116.34974330000001,
            39.9397685
          ],
          [
            116.34975959999998,
            39.9398262
          ],
          [
            116.34977009999999,
            39.939888599999996
          ],
          [
            116.3497708,
            39.9399649
          ],
          [
            116.3497637,
            39.9400452
          ],
          [
            116.34975350000002,
            39.940127800000006
          ],
          [
            116.34974630000002,
            39.9401851
          ]
        ]
      }
    },
    {
      "type": "Feature",
      "id": "ROAD-OSM-414",
      "properties": {
        "id": "ROAD-OSM-414",
        "layer": "ROAD_CENTERLINE",
        "source_type": "openstreetmap",
        "confidence": "medium",
        "geometry_role": "design_proposal",
        "road_class": "greenway",
        "name_zh": "高梁桥路",
        "source_id": "DATA-SRC-OSM-OSM",
        "official_boundary": false,
        "provisional_note": "OSM/天地图裁剪至 SITE；正式道路红线待官方数据"
      },
      "geometry": {
        "type": "LineString",
        "coordinates": [
          [
            116.3454375,
            39.940984399999984
          ],
          [
            116.345274,
            39.9409147
          ],
          [
            116.3455006,
            39.939598399999994
          ],
          [
            116.34558109999999,
            39.9391322
          ],
          [
            116.3456025,
            39.93900789999999
          ],
          [
            116.34585610000002,
            39.93857179999999
          ]
        ]
      }
    },
    {
      "type": "Feature",
      "id": "ROAD-OSM-2085",
      "properties": {
        "id": "ROAD-OSM-2085",
        "layer": "ROAD_CENTERLINE",
        "source_type": "openstreetmap",
        "confidence": "medium",
        "geometry_role": "design_proposal",
        "road_class": "greenway",
        "name_zh": "走廊道路-2085",
        "source_id": "DATA-SRC-OSM-OSM",
        "official_boundary": false,
        "provisional_note": "OSM/天地图裁剪至 SITE；正式道路红线待官方数据"
      },
      "geometry": {
        "type": "LineString",
        "coordinates": [
          [
            116.3416726,
            39.9818369
          ],
          [
            116.3407941,
            39.9818088
          ],
          [
            116.340021,
            39.9817845
          ],
          [
            116.3399415,
            39.98178200000001
          ],
          [
            116.3398718,
            39.9817798
          ],
          [
            116.33837618065432,
            39.98173276265685
          ]
        ]
      }
    },
    {
      "type": "Feature",
      "id": "ROAD-OSM-538",
      "properties": {
        "id": "ROAD-OSM-538",
        "layer": "ROAD_CENTERLINE",
        "source_type": "openstreetmap",
        "confidence": "medium",
        "geometry_role": "design_proposal",
        "road_class": "greenway",
        "name_zh": "走廊道路-538",
        "source_id": "DATA-SRC-OSM-OSM",
        "official_boundary": false,
        "provisional_note": "OSM/天地图裁剪至 SITE；正式道路红线待官方数据"
      },
      "geometry": {
        "type": "LineString",
        "coordinates": [
          [
            116.3515266,
            39.966029600000006
          ],
          [
            116.3509814,
            39.96602540000001
          ],
          [
            116.3508841,
            39.9660181
          ],
          [
            116.35072959999998,
            39.9660081
          ],
          [
            116.35036860000001,
            39.9660192
          ],
          [
            116.34879500000001,
            39.9654551
          ],
          [
            116.3487147,
            39.9654093
          ],
          [
            116.3487324,
            39.9652102
          ],
          [
            116.3487352,
            39.96517839999999
          ]
        ]
      }
    },
    {
      "type": "Feature",
      "id": "ROAD-OSM-2084",
      "properties": {
        "id": "ROAD-OSM-2084",
        "layer": "ROAD_CENTERLINE",
        "source_type": "openstreetmap",
        "confidence": "medium",
        "geometry_role": "design_proposal",
        "road_class": "greenway",
        "name_zh": "走廊道路-2084",
        "source_id": "DATA-SRC-OSM-OSM",
        "official_boundary": false,
        "provisional_note": "OSM/天地图裁剪至 SITE；正式道路红线待官方数据"
      },
      "geometry": {
        "type": "LineString",
        "coordinates": [
          [
            116.341668,
            39.981930899999995
          ],
          [
            116.3407901,
            39.9819063
          ],
          [
            116.3400163,
            39.9818846
          ],
          [
            116.33993370000002,
            39.98188220000001
          ],
          [
            116.33986980000002,
            39.9818802
          ],
          [
            116.33838280802318,
            39.98183552343868
          ]
        ]
      }
    },
    {
      "type": "Feature",
      "id": "ROAD-OSM-1716",
      "properties": {
        "id": "ROAD-OSM-1716",
        "layer": "ROAD_CENTERLINE",
        "source_type": "openstreetmap",
        "confidence": "medium",
        "geometry_role": "design_proposal",
        "road_class": "greenway",
        "name_zh": "走廊道路-1716",
        "source_id": "DATA-SRC-OSM-OSM",
        "official_boundary": false,
        "provisional_note": "OSM/天地图裁剪至 SITE；正式道路红线待官方数据"
      },
      "geometry": {
        "type": "LineString",
        "coordinates": [
          [
            116.34143158646435,
            39.9376491112081
          ],
          [
            116.34144830000001,
            39.93765580000001
          ],
          [
            116.3418592,
            39.93779880000001
          ],
          [
            116.34203669999998,
            39.93786059999999
          ],
          [
            116.3424159,
            39.9380253
          ],
          [
            116.34286979999999,
            39.93810549999999
          ],
          [
            116.34318980000002,
            39.9381575
          ],
          [
            116.3438255,
            39.93822740000001
          ],
          [
            116.34392469999999,
            39.938233600000004
          ],
          [
            116.34453829999998,
            39.9383463
          ]
        ]
      }
    },
    {
      "type": "Feature",
      "id": "ROAD-OSM-1653",
      "properties": {
        "id": "ROAD-OSM-1653",
        "layer": "ROAD_CENTERLINE",
        "source_type": "openstreetmap",
        "confidence": "medium",
        "geometry_role": "design_proposal",
        "road_class": "greenway",
        "name_zh": "走廊道路-1653",
        "source_id": "DATA-SRC-OSM-OSM",
        "official_boundary": false,
        "provisional_note": "OSM/天地图裁剪至 SITE；正式道路红线待官方数据"
      },
      "geometry": {
        "type": "LineString",
        "coordinates": [
          [
            116.3458153,
            40.018328499999996
          ],
          [
            116.3457456,
            40.0196488
          ],
          [
            116.345716,
            40.0202097
          ],
          [
            116.345707,
            40.02040980000001
          ],
          [
            116.3457285,
            40.020480899999995
          ],
          [
            116.34573259999999,
            40.020522500000006
          ],
          [
            116.3457475,
            40.02056820000001
          ],
          [
            116.3457584,
            40.02060669999999
          ],
          [
            116.34579100000002,
            40.0206587
          ],
          [
            116.3458236,
            40.02068269999999
          ],
          [
            116.3458602,
            40.02071279999999
          ],
          [
            116.34590510000001,
            40.0207326
          ],
          [
            116.3459377,
            40.02073879999999
          ],
          [
            116.3459703,
            40.020737800000006
          ]
        ]
      }
    },
    {
      "type": "Feature",
      "id": "ROAD-OSM-544",
      "properties": {
        "id": "ROAD-OSM-544",
        "layer": "ROAD_CENTERLINE",
        "source_type": "openstreetmap",
        "confidence": "medium",
        "geometry_role": "design_proposal",
        "road_class": "greenway",
        "name_zh": "走廊道路-544",
        "source_id": "DATA-SRC-OSM-OSM",
        "official_boundary": false,
        "provisional_note": "OSM/天地图裁剪至 SITE；正式道路红线待官方数据"
      },
      "geometry": {
        "type": "LineString",
        "coordinates": [
          [
            116.3414163,
            39.96600860000001
          ],
          [
            116.34122410000002,
            39.96602799999999
          ],
          [
            116.3407475,
            39.96602390000001
          ],
          [
            116.3392643,
            39.9660154
          ],
          [
            116.338728,
            39.9660036
          ],
          [
            116.33824760000002,
            39.9659931
          ],
          [
            116.33819417382388,
            39.965992772177366
          ]
        ]
      }
    },
    {
      "type": "Feature",
      "id": "ROAD-OSM-415",
      "properties": {
        "id": "ROAD-OSM-415",
        "layer": "ROAD_CENTERLINE",
        "source_type": "openstreetmap",
        "confidence": "medium",
        "geometry_role": "design_proposal",
        "road_class": "greenway",
        "name_zh": "高梁桥路",
        "source_id": "DATA-SRC-OSM-OSM",
        "official_boundary": false,
        "provisional_note": "OSM/天地图裁剪至 SITE；正式道路红线待官方数据"
      },
      "geometry": {
        "type": "LineString",
        "coordinates": [
          [
            116.34607139999999,
            39.9386001
          ],
          [
            116.34609090000001,
            39.939084799999996
          ],
          [
            116.3460931,
            39.93923290000001
          ],
          [
            116.34600989999998,
            39.9396574
          ],
          [
            116.34589190000001,
            39.940273399999995
          ],
          [
            116.34575509999999,
            39.9410339
          ]
        ]
      }
    },
    {
      "type": "Feature",
      "id": "ROAD-OSM-1917",
      "properties": {
        "id": "ROAD-OSM-1917",
        "layer": "ROAD_CENTERLINE",
        "source_type": "openstreetmap",
        "confidence": "medium",
        "geometry_role": "design_proposal",
        "road_class": "greenway",
        "name_zh": "走廊道路-1917",
        "source_id": "DATA-SRC-OSM-OSM",
        "official_boundary": false,
        "provisional_note": "OSM/天地图裁剪至 SITE；正式道路红线待官方数据"
      },
      "geometry": {
        "type": "LineString",
        "coordinates": [
          [
            116.34901360000002,
            39.95958579999999
          ],
          [
            116.3491248,
            39.9571578
          ]
        ]
      }
    },
    {
      "type": "Feature",
      "id": "ROAD-OSM-1073",
      "properties": {
        "id": "ROAD-OSM-1073",
        "layer": "ROAD_CENTERLINE",
        "source_type": "openstreetmap",
        "confidence": "medium",
        "geometry_role": "design_proposal",
        "road_class": "greenway",
        "name_zh": "走廊道路-1073",
        "source_id": "DATA-SRC-OSM-OSM",
        "official_boundary": false,
        "provisional_note": "OSM/天地图裁剪至 SITE；正式道路红线待官方数据"
      },
      "geometry": {
        "type": "LineString",
        "coordinates": [
          [
            116.34790659999999,
            39.9889523
          ],
          [
            116.3487522,
            39.98897720000001
          ],
          [
            116.3487075,
            39.9894977
          ],
          [
            116.34917969999998,
            39.9895061
          ],
          [
            116.34967079999998,
            39.9895148
          ],
          [
            116.3496387,
            39.9900188
          ]
        ]
      }
    },
    {
      "type": "Feature",
      "id": "ROAD-OSM-2222",
      "properties": {
        "id": "ROAD-OSM-2222",
        "layer": "ROAD_CENTERLINE",
        "source_type": "openstreetmap",
        "confidence": "medium",
        "geometry_role": "design_proposal",
        "road_class": "greenway",
        "name_zh": "走廊道路-2222",
        "source_id": "DATA-SRC-OSM-OSM",
        "official_boundary": false,
        "provisional_note": "OSM/天地图裁剪至 SITE；正式道路红线待官方数据"
      },
      "geometry": {
        "type": "LineString",
        "coordinates": [
          [
            116.33901380005638,
            39.9916197998077
          ],
          [
            116.33935719999998,
            39.991630300000004
          ],
          [
            116.33966670000001,
            39.99167679999999
          ],
          [
            116.3419956,
            39.9917426
          ],
          [
            116.34213290000001,
            39.991746500000005
          ]
        ]
      }
    },
    {
      "type": "Feature",
      "id": "ROAD-OSM-2090",
      "properties": {
        "id": "ROAD-OSM-2090",
        "layer": "ROAD_CENTERLINE",
        "source_type": "openstreetmap",
        "confidence": "medium",
        "geometry_role": "design_proposal",
        "road_class": "greenway",
        "name_zh": "走廊道路-2090",
        "source_id": "DATA-SRC-OSM-OSM",
        "official_boundary": false,
        "provisional_note": "OSM/天地图裁剪至 SITE；正式道路红线待官方数据"
      },
      "geometry": {
        "type": "LineString",
        "coordinates": [
          [
            116.3417163,
            39.983406599999995
          ],
          [
            116.34177709999999,
            39.98340820000001
          ],
          [
            116.3417995,
            39.9834085
          ],
          [
            116.3418522,
            39.9834097
          ],
          [
            116.34322280000002,
            39.9834407
          ],
          [
            116.3448136,
            39.983476700000004
          ]
        ]
      }
    },
    {
      "type": "Feature",
      "id": "ROAD-OSM-2221",
      "properties": {
        "id": "ROAD-OSM-2221",
        "layer": "ROAD_CENTERLINE",
        "source_type": "openstreetmap",
        "confidence": "medium",
        "geometry_role": "design_proposal",
        "road_class": "greenway",
        "name_zh": "走廊道路-2221",
        "source_id": "DATA-SRC-OSM-OSM",
        "official_boundary": false,
        "provisional_note": "OSM/天地图裁剪至 SITE；正式道路红线待官方数据"
      },
      "geometry": {
        "type": "LineString",
        "coordinates": [
          [
            116.34212750000002,
            39.9919787
          ],
          [
            116.33903147101834,
            39.99189379985782
          ]
        ]
      }
    },
    {
      "type": "Feature",
      "id": "ROAD-OSM-1914",
      "properties": {
        "id": "ROAD-OSM-1914",
        "layer": "ROAD_CENTERLINE",
        "source_type": "openstreetmap",
        "confidence": "medium",
        "geometry_role": "design_proposal",
        "road_class": "greenway",
        "name_zh": "走廊道路-1914",
        "source_id": "DATA-SRC-OSM-OSM",
        "official_boundary": false,
        "provisional_note": "OSM/天地图裁剪至 SITE；正式道路红线待官方数据"
      },
      "geometry": {
        "type": "LineString",
        "coordinates": [
          [
            116.35505190000002,
            39.9614124
          ],
          [
            116.35504750000001,
            39.961503199999996
          ],
          [
            116.355029,
            39.9618853
          ],
          [
            116.3549411,
            39.96369589999999
          ],
          [
            116.3549804,
            39.9637198
          ]
        ]
      }
    },
    {
      "type": "Feature",
      "id": "ROAD-OSM-1682",
      "properties": {
        "id": "ROAD-OSM-1682",
        "layer": "ROAD_CENTERLINE",
        "source_type": "openstreetmap",
        "confidence": "medium",
        "geometry_role": "design_proposal",
        "road_class": "greenway",
        "name_zh": "走廊道路-1682",
        "source_id": "DATA-SRC-OSM-OSM",
        "official_boundary": false,
        "provisional_note": "OSM/天地图裁剪至 SITE；正式道路红线待官方数据"
      },
      "geometry": {
        "type": "LineString",
        "coordinates": [
          [
            116.34905500000002,
            39.9820664
          ],
          [
            116.34912040000002,
            39.98197809999999
          ],
          [
            116.34916729999999,
            39.9819639
          ],
          [
            116.3502589,
            39.9819828
          ],
          [
            116.351132,
            39.9819939
          ],
          [
            116.3519522,
            39.982006
          ],
          [
            116.35199349999999,
            39.9820066
          ]
        ]
      }
    },
    {
      "type": "Feature",
      "id": "ROAD-OSM-1676",
      "properties": {
        "id": "ROAD-OSM-1676",
        "layer": "ROAD_CENTERLINE",
        "source_type": "openstreetmap",
        "confidence": "medium",
        "geometry_role": "design_proposal",
        "road_class": "greenway",
        "name_zh": "走廊道路-1676",
        "source_id": "DATA-SRC-OSM-OSM",
        "official_boundary": false,
        "provisional_note": "OSM/天地图裁剪至 SITE；正式道路红线待官方数据"
      },
      "geometry": {
        "type": "LineString",
        "coordinates": [
          [
            116.35185849999999,
            39.984537599999996
          ],
          [
            116.35152960000002,
            39.98447279999999
          ],
          [
            116.35139860000001,
            39.98450110000001
          ],
          [
            116.35118040000002,
            39.98439820000001
          ],
          [
            116.35101960000001,
            39.9843335
          ],
          [
            116.3509991,
            39.984323599999996
          ],
          [
            116.35051560000001,
            39.98429779999999
          ],
          [
            116.3504218,
            39.98427559999999
          ],
          [
            116.3503511,
            39.984254099999994
          ],
          [
            116.35021680000001,
            39.9842541
          ],
          [
            116.3500892,
            39.984251199999996
          ],
          [
            116.349424,
            39.9842317
          ],
          [
            116.348961,
            39.984218099999985
          ]
        ]
      }
    },
    {
      "type": "Feature",
      "id": "ROAD-OSM-623",
      "properties": {
        "id": "ROAD-OSM-623",
        "layer": "ROAD_CENTERLINE",
        "source_type": "openstreetmap",
        "confidence": "medium",
        "geometry_role": "design_proposal",
        "road_class": "greenway",
        "name_zh": "走廊道路-623",
        "source_id": "DATA-SRC-OSM-OSM",
        "official_boundary": false,
        "provisional_note": "OSM/天地图裁剪至 SITE；正式道路红线待官方数据"
      },
      "geometry": {
        "type": "LineString",
        "coordinates": [
          [
            116.347061,
            39.9605479
          ],
          [
            116.3470538,
            39.960694
          ],
          [
            116.3470174,
            39.9614298
          ],
          [
            116.34701529999998,
            39.9614844
          ],
          [
            116.3469769,
            39.9624976
          ],
          [
            116.3469683,
            39.96274199999999
          ]
        ]
      }
    },
    {
      "type": "Feature",
      "id": "ROAD-OSM-370",
      "properties": {
        "id": "ROAD-OSM-370",
        "layer": "ROAD_CENTERLINE",
        "source_type": "openstreetmap",
        "confidence": "medium",
        "geometry_role": "design_proposal",
        "road_class": "greenway",
        "name_zh": "走廊道路-370",
        "source_id": "DATA-SRC-OSM-OSM",
        "official_boundary": false,
        "provisional_note": "OSM/天地图裁剪至 SITE；正式道路红线待官方数据"
      },
      "geometry": {
        "type": "LineString",
        "coordinates": [
          [
            116.34971330000002,
            39.9388379
          ],
          [
            116.3496954,
            39.93928249999998
          ],
          [
            116.34969500000001,
            39.93932089999999
          ],
          [
            116.3496958,
            39.939352799999995
          ],
          [
            116.34969740000001,
            39.939389299999995
          ],
          [
            116.3496991,
            39.939423100000006
          ],
          [
            116.34970859999999,
            39.939512999999984
          ],
          [
            116.349712,
            39.9395363
          ],
          [
            116.349715,
            39.9395551
          ],
          [
            116.3497188,
            39.9395739
          ],
          [
            116.34972299999998,
            39.93959399999999
          ],
          [
            116.34972770000002,
            39.93961369999999
          ],
          [
            116.3497353,
            39.939642199999994
          ],
          [
            116.34974630000002,
            39.939682100000006
          ],
          [
            116.34975390000001,
            39.939711900000006
          ],
          [
            116.34976220000001,
            39.93974459999998
          ],
          [
            116.34976670000002,
            39.939760299999996
          ],
          [
            116.3497693,
            39.939767800000006
          ],
          [
            116.34977180000001,
            39.9397754
          ],
          [
            116.3497746,
            39.9397829
          ],
          [
            116.349778,
            39.9397905
          ],
          [
            116.3497816,
            39.9397982
          ],
          [
            116.3497867,
            39.9398055
          ],
          [
            116.34979200000001,
            39.93981159999999
          ],
          [
            116.34979880000002,
            39.93981699999999
          ],
          [
            116.3498066,
            39.9398219
          ],
          [
            116.34981530000002,
            39.939826
          ],
          [
            116.3498241,
            39.93982960000001
          ],
          [
            116.3498338,
            39.93983269999999
          ],
          [
            116.3498445,
            39.9398349
          ],
          [
            116.34985670000002,
            39.9398359
          ],
          [
            116.34986880000001,
            39.93983510000001
          ],
          [
            116.34988040000002,
            39.9398337
          ],
          [
            116.3498917,
            39.9398316
          ],
          [
            116.3499026,
            39.9398288
          ],
          [
            116.3499152,
            39.939824599999994
          ],
          [
            116.3499272,
            39.93982039999999
          ],
          [
            116.349939,
            39.93981559999999
          ],
          [
            116.34994940000001,
            39.939811199999994
          ],
          [
            116.349961,
            39.939805699999994
          ],
          [
            116.34997280000002,
            39.93979989999999
          ],
          [
            116.3499947,
            39.939789
          ],
          [
            116.350016,
            39.9397772
          ],
          [
            116.3500345,
            39.9397662
          ],
          [
            116.3500514,
            39.9397553
          ],
          [
            116.3500671,
            39.939744700000006
          ],
          [
            116.35040360000002,
            39.9395147
          ],
          [
            116.35040610000001,
            39.939512799999996
          ],
          [
            116.35040840000002,
            39.93951080000001
          ],
          [
            116.35041000000001,
            39.93950910000001
          ],
          [
            116.3504115,
            39.939507400000004
          ],
          [
            116.3504127,
            39.93950529999999
          ],
          [
            116.3504135,
            39.93950299999999
          ],
          [
            116.3504137,
            39.9395008
          ],
          [
            116.35041339999998,
            39.93949859999999
          ],
          [
            116.35041179999999,
            39.939492099999995
          ],
          [
            116.3504102,
            39.939486800000005
          ],
          [
            116.35040850000001,
            39.9394825
          ],
          [
            116.3504068,
            39.93947879999999
          ],
          [
            116.35040370000002,
            39.93947339999999
          ],
          [
            116.35040070000001,
            39.9394688
          ],
          [
            116.35039790000002,
            39.939464799999996
          ],
          [
            116.350384,
            39.93944739999999
          ],
          [
            116.35037910000001,
            39.9394417
          ],
          [
            116.3503738,
            39.93943649999999
          ],
          [
            116.3503685,
            39.93943159999999
          ],
          [
            116.35031720000002,
            39.9393825
          ],
          [
            116.34989970000001,
            39.9393733
          ],
          [
            116.3497652,
            39.93936969999999
          ]
        ]
      }
    },
    {
      "type": "Feature",
      "id": "ROAD-OSM-617",
      "properties": {
        "id": "ROAD-OSM-617",
        "layer": "ROAD_CENTERLINE",
        "source_type": "openstreetmap",
        "confidence": "medium",
        "geometry_role": "design_proposal",
        "road_class": "greenway",
        "name_zh": "走廊道路-617",
        "source_id": "DATA-SRC-OSM-OSM",
        "official_boundary": false,
        "provisional_note": "OSM/天地图裁剪至 SITE；正式道路红线待官方数据"
      },
      "geometry": {
        "type": "LineString",
        "coordinates": [
          [
            116.34836170000001,
            40.021448800000016
          ],
          [
            116.34810330000002,
            40.02149419999999
          ],
          [
            116.3470499,
            40.02134159999999
          ],
          [
            116.3466425,
            40.0213081
          ],
          [
            116.3464191,
            40.0212829
          ],
          [
            116.34611690000001,
            40.02119739999999
          ],
          [
            116.3458769,
            40.0210538
          ],
          [
            116.3458996,
            40.0209082
          ]
        ]
      }
    },
    {
      "type": "Feature",
      "id": "ROAD-OSM-1575",
      "properties": {
        "id": "ROAD-OSM-1575",
        "layer": "ROAD_CENTERLINE",
        "source_type": "openstreetmap",
        "confidence": "medium",
        "geometry_role": "design_proposal",
        "road_class": "greenway",
        "name_zh": "走廊道路-1575",
        "source_id": "DATA-SRC-OSM-OSM",
        "official_boundary": false,
        "provisional_note": "OSM/天地图裁剪至 SITE；正式道路红线待官方数据"
      },
      "geometry": {
        "type": "LineString",
        "coordinates": [
          [
            116.33994420000002,
            40.0057705
          ],
          [
            116.3427055,
            40.00580099999999
          ]
        ]
      }
    },
    {
      "type": "Feature",
      "id": "ROAD-OSM-1080",
      "properties": {
        "id": "ROAD-OSM-1080",
        "layer": "ROAD_CENTERLINE",
        "source_type": "openstreetmap",
        "confidence": "medium",
        "geometry_role": "design_proposal",
        "road_class": "greenway",
        "name_zh": "走廊道路-1080",
        "source_id": "DATA-SRC-OSM-OSM",
        "official_boundary": false,
        "provisional_note": "OSM/天地图裁剪至 SITE；正式道路红线待官方数据"
      },
      "geometry": {
        "type": "LineString",
        "coordinates": [
          [
            116.3499874,
            39.9900263
          ],
          [
            116.3500168,
            39.98938400000001
          ],
          [
            116.35003950000001,
            39.98888709999999
          ],
          [
            116.3500693,
            39.9882337
          ],
          [
            116.3500716,
            39.988184700000005
          ],
          [
            116.3497474,
            39.9881731
          ]
        ]
      }
    },
    {
      "type": "Feature",
      "id": "ROAD-OSM-2167",
      "properties": {
        "id": "ROAD-OSM-2167",
        "layer": "ROAD_CENTERLINE",
        "source_type": "openstreetmap",
        "confidence": "medium",
        "geometry_role": "design_proposal",
        "road_class": "greenway",
        "name_zh": "走廊道路-2167",
        "source_id": "DATA-SRC-OSM-OSM",
        "official_boundary": false,
        "provisional_note": "OSM/天地图裁剪至 SITE；正式道路红线待官方数据"
      },
      "geometry": {
        "type": "LineString",
        "coordinates": [
          [
            116.352796,
            40.01397710000001
          ],
          [
            116.35263230000001,
            40.0140154
          ],
          [
            116.35249000000002,
            40.01404749999999
          ],
          [
            116.3524491,
            40.01406949999999
          ],
          [
            116.3523564,
            40.014209799999996
          ],
          [
            116.35230560000001,
            40.01427739999999
          ],
          [
            116.35229569999998,
            40.01439069999999
          ],
          [
            116.35228910000001,
            40.014461700000005
          ],
          [
            116.35223170000002,
            40.01453440000001
          ],
          [
            116.35213240000002,
            40.014665400000005
          ],
          [
            116.35211200000002,
            40.0146924
          ],
          [
            116.35209919999998,
            40.0147094
          ],
          [
            116.35202200000002,
            40.01473140000002
          ],
          [
            116.3519238,
            40.0147517
          ],
          [
            116.35188840000002,
            40.01478379999999
          ],
          [
            116.3518631,
            40.01481929999999
          ],
          [
            116.3518244,
            40.0148911
          ],
          [
            116.35177249999998,
            40.014946099999996
          ],
          [
            116.35170850000002,
            40.01504409999999
          ],
          [
            116.3516942,
            40.01508890000001
          ],
          [
            116.3516876,
            40.01516589999999
          ],
          [
            116.3516666,
            40.01522839999999
          ],
          [
            116.3516523,
            40.0152467
          ],
          [
            116.35162240000001,
            40.0152851
          ],
          [
            116.35152859999998,
            40.015409299999995
          ],
          [
            116.35149220000001,
            40.01545409999999
          ],
          [
            116.35148010000002,
            40.0154888
          ],
          [
            116.35149220000001,
            40.0155285
          ],
          [
            116.35152970000001,
            40.01557330000001
          ],
          [
            116.35156290000002,
            40.01560020000001
          ]
        ]
      }
    },
    {
      "type": "Feature",
      "id": "ROAD-OSM-1822",
      "properties": {
        "id": "ROAD-OSM-1822",
        "layer": "ROAD_CENTERLINE",
        "source_type": "openstreetmap",
        "confidence": "medium",
        "geometry_role": "design_proposal",
        "road_class": "greenway",
        "name_zh": "走廊道路-1822",
        "source_id": "DATA-SRC-OSM-OSM",
        "official_boundary": false,
        "provisional_note": "OSM/天地图裁剪至 SITE；正式道路红线待官方数据"
      },
      "geometry": {
        "type": "LineString",
        "coordinates": [
          [
            116.34041460000002,
            39.982877599999995
          ],
          [
            116.34049359999999,
            39.98296319999999
          ],
          [
            116.3406735,
            39.9830349
          ],
          [
            116.3409249,
            39.983093499999995
          ],
          [
            116.3411985,
            39.9830821
          ],
          [
            116.34137350000002,
            39.9829745
          ],
          [
            116.34144010000001,
            39.982789399999994
          ],
          [
            116.34143620000002,
            39.9826852
          ],
          [
            116.34143269999998,
            39.9825911
          ],
          [
            116.34145489999999,
            39.982451299999994
          ],
          [
            116.3414574,
            39.9823267
          ],
          [
            116.341482,
            39.9821605
          ],
          [
            116.3414204,
            39.982060399999995
          ],
          [
            116.34121579999999,
            39.98202830000001
          ],
          [
            116.3410274,
            39.982038299999985
          ]
        ]
      }
    },
    {
      "type": "Feature",
      "id": "ROAD-OSM-2100",
      "properties": {
        "id": "ROAD-OSM-2100",
        "layer": "ROAD_CENTERLINE",
        "source_type": "openstreetmap",
        "confidence": "medium",
        "geometry_role": "design_proposal",
        "road_class": "greenway",
        "name_zh": "走廊道路-2100",
        "source_id": "DATA-SRC-OSM-OSM",
        "official_boundary": false,
        "provisional_note": "OSM/天地图裁剪至 SITE；正式道路红线待官方数据"
      },
      "geometry": {
        "type": "LineString",
        "coordinates": [
          [
            116.35428360000002,
            40.0103253
          ],
          [
            116.3540716,
            40.010267299999995
          ],
          [
            116.35404179999999,
            40.0102424
          ],
          [
            116.3540407,
            40.010211099999985
          ],
          [
            116.3540584,
            40.010162099999995
          ],
          [
            116.3540678,
            40.0101291
          ],
          [
            116.3540639,
            40.0100885
          ],
          [
            116.3540116,
            40.010027199999996
          ],
          [
            116.353947,
            40.009990299999984
          ],
          [
            116.35382069999999,
            40.009986500000004
          ],
          [
            116.35369379999999,
            40.009964100000005
          ],
          [
            116.353639,
            40.0099859
          ],
          [
            116.35355789999998,
            40.010002
          ],
          [
            116.3534888,
            40.00999680000001
          ],
          [
            116.35342190000001,
            40.00996349999999
          ],
          [
            116.3534002,
            40.0099111
          ],
          [
            116.3533716,
            40.00985709999999
          ],
          [
            116.35331150000002,
            40.0098191
          ],
          [
            116.35324100000001,
            40.009795499999996
          ],
          [
            116.35316809999999,
            40.00980070000001
          ],
          [
            116.3530968,
            40.009806499999996
          ],
          [
            116.35303970000001,
            40.009794400000004
          ],
          [
            116.3530059,
            40.0097702
          ],
          [
            116.35300819999999,
            40.0097317
          ],
          [
            116.35303520000001,
            40.0097018
          ],
          [
            116.3530863,
            40.0096903
          ],
          [
            116.35312229999998,
            40.00966379999999
          ],
          [
            116.3531469,
            40.0096539
          ],
          [
            116.353216,
            40.0096768
          ],
          [
            116.3533987,
            40.00970829999999
          ],
          [
            116.35352339999999,
            40.0093641
          ]
        ]
      }
    },
    {
      "type": "Feature",
      "id": "ROAD-OSM-1322",
      "properties": {
        "id": "ROAD-OSM-1322",
        "layer": "ROAD_CENTERLINE",
        "source_type": "openstreetmap",
        "confidence": "medium",
        "geometry_role": "design_proposal",
        "road_class": "greenway",
        "name_zh": "走廊道路-1322",
        "source_id": "DATA-SRC-OSM-OSM",
        "official_boundary": false,
        "provisional_note": "OSM/天地图裁剪至 SITE；正式道路红线待官方数据"
      },
      "geometry": {
        "type": "LineString",
        "coordinates": [
          [
            116.34334679999999,
            39.9839058
          ],
          [
            116.34330059999999,
            39.9846704
          ],
          [
            116.3450078,
            39.9847213
          ]
        ]
      }
    },
    {
      "type": "Feature",
      "id": "ROAD-OSM-800",
      "properties": {
        "id": "ROAD-OSM-800",
        "layer": "ROAD_CENTERLINE",
        "source_type": "openstreetmap",
        "confidence": "medium",
        "geometry_role": "design_proposal",
        "road_class": "greenway",
        "name_zh": "走廊道路-800",
        "source_id": "DATA-SRC-OSM-OSM",
        "official_boundary": false,
        "provisional_note": "OSM/天地图裁剪至 SITE；正式道路红线待官方数据"
      },
      "geometry": {
        "type": "LineString",
        "coordinates": [
          [
            116.34794100000002,
            39.9637099
          ],
          [
            116.34792789999999,
            39.9642592
          ],
          [
            116.3479184,
            39.964658899999996
          ],
          [
            116.3478728,
            39.9648805
          ],
          [
            116.3478195,
            39.9652303
          ],
          [
            116.3478081,
            39.965708400000004
          ],
          [
            116.34771009999999,
            39.96571339999999
          ]
        ]
      }
    },
    {
      "type": "Feature",
      "id": "ROAD-OSM-1975",
      "properties": {
        "id": "ROAD-OSM-1975",
        "layer": "ROAD_CENTERLINE",
        "source_type": "openstreetmap",
        "confidence": "medium",
        "geometry_role": "design_proposal",
        "road_class": "greenway",
        "name_zh": "走廊道路-1975",
        "source_id": "DATA-SRC-OSM-OSM",
        "official_boundary": false,
        "provisional_note": "OSM/天地图裁剪至 SITE；正式道路红线待官方数据"
      },
      "geometry": {
        "type": "LineString",
        "coordinates": [
          [
            116.34048223519193,
            40.017078330680945
          ],
          [
            116.3407659,
            40.01790189999999
          ],
          [
            116.3407764,
            40.0179925
          ],
          [
            116.3407821,
            40.018042099999995
          ],
          [
            116.34100420000001,
            40.0186325
          ],
          [
            116.3410261,
            40.01869029999999
          ],
          [
            116.34117130000001,
            40.01907349999998
          ]
        ]
      }
    },
    {
      "type": "Feature",
      "id": "ROAD-OSM-2114",
      "properties": {
        "id": "ROAD-OSM-2114",
        "layer": "ROAD_CENTERLINE",
        "source_type": "openstreetmap",
        "confidence": "medium",
        "geometry_role": "design_proposal",
        "road_class": "greenway",
        "name_zh": "走廊道路-2114",
        "source_id": "DATA-SRC-OSM-OSM",
        "official_boundary": false,
        "provisional_note": "OSM/天地图裁剪至 SITE；正式道路红线待官方数据"
      },
      "geometry": {
        "type": "LineString",
        "coordinates": [
          [
            116.35177809999999,
            40.0078148
          ],
          [
            116.3517495,
            40.007873499999995
          ],
          [
            116.3516432,
            40.0079181
          ],
          [
            116.3515849,
            40.0079807
          ],
          [
            116.3515257,
            40.008058199999994
          ],
          [
            116.3514981,
            40.008121599999996
          ],
          [
            116.35149090000002,
            40.0082116
          ],
          [
            116.35145410000001,
            40.00828520000001
          ],
          [
            116.35138980000002,
            40.0083658
          ],
          [
            116.3513417,
            40.0084324
          ],
          [
            116.35126299999999,
            40.008569300000005
          ],
          [
            116.3511609,
            40.0087087
          ],
          [
            116.35112100000002,
            40.00881669999999
          ],
          [
            116.3511098,
            40.00889339999999
          ],
          [
            116.3510699,
            40.00894269999999
          ],
          [
            116.35098300000001,
            40.0090061
          ],
          [
            116.3508563,
            40.00921899999999
          ],
          [
            116.35108320000002,
            40.0092941
          ],
          [
            116.35112,
            40.009344199999994
          ],
          [
            116.35113429999998,
            40.0094076
          ],
          [
            116.351277,
            40.009471999999995
          ]
        ]
      }
    },
    {
      "type": "Feature",
      "id": "ROAD-OSM-284",
      "properties": {
        "id": "ROAD-OSM-284",
        "layer": "ROAD_CENTERLINE",
        "source_type": "openstreetmap",
        "confidence": "medium",
        "geometry_role": "design_proposal",
        "road_class": "greenway",
        "name_zh": "走廊道路-284",
        "source_id": "DATA-SRC-OSM-OSM",
        "official_boundary": false,
        "provisional_note": "OSM/天地图裁剪至 SITE；正式道路红线待官方数据"
      },
      "geometry": {
        "type": "LineString",
        "coordinates": [
          [
            116.34057310000001,
            39.97527370000001
          ],
          [
            116.3395387,
            39.9752625
          ],
          [
            116.3394622,
            39.975303800000006
          ],
          [
            116.3393813,
            39.97530459999999
          ],
          [
            116.339261,
            39.97530570000001
          ],
          [
            116.33866190000002,
            39.9752956
          ],
          [
            116.33807809999999,
            39.9752961
          ],
          [
            116.33801150000001,
            39.9752672
          ],
          [
            116.3379832,
            39.975266899999994
          ],
          [
            116.33795919344573,
            39.97526689652374
          ]
        ]
      }
    },
    {
      "type": "Feature",
      "id": "ROAD-OSM-1453",
      "properties": {
        "id": "ROAD-OSM-1453",
        "layer": "ROAD_CENTERLINE",
        "source_type": "openstreetmap",
        "confidence": "medium",
        "geometry_role": "design_proposal",
        "road_class": "greenway",
        "name_zh": "走廊道路-1453",
        "source_id": "DATA-SRC-OSM-OSM",
        "official_boundary": false,
        "provisional_note": "OSM/天地图裁剪至 SITE；正式道路红线待官方数据"
      },
      "geometry": {
        "type": "LineString",
        "coordinates": [
          [
            116.34614990000001,
            39.9998677
          ],
          [
            116.34615689999998,
            39.9997848
          ],
          [
            116.3461651,
            39.9996874
          ],
          [
            116.3461752,
            39.999568499999995
          ],
          [
            116.34618320000001,
            39.9994735
          ],
          [
            116.3461858,
            39.99944279999999
          ],
          [
            116.3462521,
            39.9993916
          ],
          [
            116.34628980000001,
            39.9993945
          ],
          [
            116.3464234,
            39.9994031
          ],
          [
            116.3466526,
            39.9994136
          ],
          [
            116.3468384,
            39.9994207
          ],
          [
            116.34693590000002,
            39.9994538
          ],
          [
            116.34693450000002,
            39.9994814
          ],
          [
            116.3469281,
            39.99959989999999
          ],
          [
            116.3469223,
            39.99970760000001
          ],
          [
            116.3469175,
            39.9997968
          ],
          [
            116.3469143,
            39.9998561
          ],
          [
            116.34689279999999,
            39.99989319999999
          ],
          [
            116.34680799999998,
            39.99989320000001
          ],
          [
            116.3466592,
            39.999889200000005
          ],
          [
            116.34641970000001,
            39.9998852
          ],
          [
            116.3462683,
            39.9998813
          ],
          [
            116.34617010000001,
            39.9998798
          ]
        ]
      }
    },
    {
      "type": "Feature",
      "id": "ROAD-OSM-914",
      "properties": {
        "id": "ROAD-OSM-914",
        "layer": "ROAD_CENTERLINE",
        "source_type": "openstreetmap",
        "confidence": "medium",
        "geometry_role": "design_proposal",
        "road_class": "greenway",
        "name_zh": "走廊道路-914",
        "source_id": "DATA-SRC-OSM-OSM",
        "official_boundary": false,
        "provisional_note": "OSM/天地图裁剪至 SITE；正式道路红线待官方数据"
      },
      "geometry": {
        "type": "LineString",
        "coordinates": [
          [
            116.3552483,
            39.9574703
          ],
          [
            116.35526979999999,
            39.956849399999996
          ],
          [
            116.3552993,
            39.95680419999999
          ],
          [
            116.3553582,
            39.95678980000001
          ],
          [
            116.3570553951472,
            39.95678138941277
          ]
        ]
      }
    },
    {
      "type": "Feature",
      "id": "ROAD-OSM-927",
      "properties": {
        "id": "ROAD-OSM-927",
        "layer": "ROAD_CENTERLINE",
        "source_type": "openstreetmap",
        "confidence": "medium",
        "geometry_role": "design_proposal",
        "road_class": "greenway",
        "name_zh": "走廊道路-927",
        "source_id": "DATA-SRC-OSM-OSM",
        "official_boundary": false,
        "provisional_note": "OSM/天地图裁剪至 SITE；正式道路红线待官方数据"
      },
      "geometry": {
        "type": "LineString",
        "coordinates": [
          [
            116.34769950000002,
            39.9687135
          ],
          [
            116.3477511,
            39.968747
          ],
          [
            116.3477511,
            39.968915200000005
          ],
          [
            116.34777910000001,
            39.969033299999985
          ],
          [
            116.34773709999999,
            39.969115599999995
          ],
          [
            116.3476343,
            39.96922299999999
          ],
          [
            116.34756429999999,
            39.9700388
          ],
          [
            116.3475736,
            39.9701856
          ],
          [
            116.34759700000001,
            39.9703397
          ],
          [
            116.34759700000001,
            39.970472099999995
          ],
          [
            116.34755859999999,
            39.970668800000006
          ]
        ]
      }
    },
    {
      "type": "Feature",
      "id": "ROAD-OSM-332",
      "properties": {
        "id": "ROAD-OSM-332",
        "layer": "ROAD_CENTERLINE",
        "source_type": "openstreetmap",
        "confidence": "medium",
        "geometry_role": "design_proposal",
        "road_class": "greenway",
        "name_zh": "走廊道路-332",
        "source_id": "DATA-SRC-OSM-OSM",
        "official_boundary": false,
        "provisional_note": "OSM/天地图裁剪至 SITE；正式道路红线待官方数据"
      },
      "geometry": {
        "type": "LineString",
        "coordinates": [
          [
            116.34686010000001,
            39.96474489999999
          ],
          [
            116.3469194,
            39.964062000000006
          ],
          [
            116.34692070000001,
            39.96402979999999
          ],
          [
            116.34693000000001,
            39.96380669999999
          ],
          [
            116.3469353,
            39.963678
          ],
          [
            116.3469556,
            39.963101200000004
          ],
          [
            116.3469683,
            39.96274199999999
          ]
        ]
      }
    },
    {
      "type": "Feature",
      "id": "ROAD-OSM-1803",
      "properties": {
        "id": "ROAD-OSM-1803",
        "layer": "ROAD_CENTERLINE",
        "source_type": "openstreetmap",
        "confidence": "medium",
        "geometry_role": "design_proposal",
        "road_class": "greenway",
        "name_zh": "走廊道路-1803",
        "source_id": "DATA-SRC-OSM-OSM",
        "official_boundary": false,
        "provisional_note": "OSM/天地图裁剪至 SITE；正式道路红线待官方数据"
      },
      "geometry": {
        "type": "LineString",
        "coordinates": [
          [
            116.3508008,
            39.97396239999999
          ],
          [
            116.34998459999998,
            39.9739755
          ],
          [
            116.3492938,
            39.97398659999999
          ],
          [
            116.348199,
            39.973972200000006
          ]
        ]
      }
    },
    {
      "type": "Feature",
      "id": "ROAD-OSM-2013",
      "properties": {
        "id": "ROAD-OSM-2013",
        "layer": "ROAD_CENTERLINE",
        "source_type": "openstreetmap",
        "confidence": "medium",
        "geometry_role": "design_proposal",
        "road_class": "greenway",
        "name_zh": "走廊道路-2013",
        "source_id": "DATA-SRC-OSM-OSM",
        "official_boundary": false,
        "provisional_note": "OSM/天地图裁剪至 SITE；正式道路红线待官方数据"
      },
      "geometry": {
        "type": "LineString",
        "coordinates": [
          [
            116.35001820000001,
            40.0135413
          ],
          [
            116.35003710000001,
            40.0135138
          ],
          [
            116.35006170000001,
            40.01345289999999
          ],
          [
            116.35014120000001,
            40.01338549999999
          ],
          [
            116.3502112,
            40.01335219999999
          ],
          [
            116.35025570000002,
            40.013303599999986
          ],
          [
            116.350285,
            40.013258
          ],
          [
            116.35029729999998,
            40.013199300000004
          ],
          [
            116.3503001,
            40.0131377
          ],
          [
            116.35030680000001,
            40.01309280000001
          ],
          [
            116.35034549999999,
            40.013038400000006
          ],
          [
            116.350391,
            40.0129942
          ],
          [
            116.35037580000001,
            40.01295880000001
          ],
          [
            116.3503675,
            40.0129394
          ],
          [
            116.350298,
            40.0129039
          ],
          [
            116.3501743,
            40.0129117
          ],
          [
            116.3500606,
            40.0129963
          ],
          [
            116.350043,
            40.0130094
          ],
          [
            116.3500018,
            40.01308530000001
          ],
          [
            116.34997859999999,
            40.013197700000006
          ],
          [
            116.34991040000001,
            40.0132105
          ],
          [
            116.3497817,
            40.01325589999999
          ],
          [
            116.349707,
            40.01335250000001
          ],
          [
            116.3496825,
            40.01345810000001
          ],
          [
            116.3496799,
            40.0135478
          ],
          [
            116.3496954,
            40.013594100000006
          ],
          [
            116.3497533,
            40.0136168
          ],
          [
            116.3498473,
            40.013594100000006
          ],
          [
            116.3499349,
            40.0135527
          ],
          [
            116.35001820000001,
            40.0135413
          ]
        ]
      }
    },
    {
      "type": "Feature",
      "id": "ROAD-OSM-1866",
      "properties": {
        "id": "ROAD-OSM-1866",
        "layer": "ROAD_CENTERLINE",
        "source_type": "openstreetmap",
        "confidence": "medium",
        "geometry_role": "design_proposal",
        "road_class": "greenway",
        "name_zh": "走廊道路-1866",
        "source_id": "DATA-SRC-OSM-OSM",
        "official_boundary": false,
        "provisional_note": "OSM/天地图裁剪至 SITE；正式道路红线待官方数据"
      },
      "geometry": {
        "type": "LineString",
        "coordinates": [
          [
            116.3441447,
            39.9801682
          ],
          [
            116.3445245,
            39.980178300000006
          ],
          [
            116.34552769999999,
            39.98020499999999
          ],
          [
            116.3463432,
            39.980226599999995
          ],
          [
            116.34669330000001,
            39.98023589999999
          ]
        ]
      }
    },
    {
      "type": "Feature",
      "id": "ROAD-OSM-1959",
      "properties": {
        "id": "ROAD-OSM-1959",
        "layer": "ROAD_CENTERLINE",
        "source_type": "openstreetmap",
        "confidence": "medium",
        "geometry_role": "design_proposal",
        "road_class": "greenway",
        "name_zh": "走廊道路-1959",
        "source_id": "DATA-SRC-OSM-OSM",
        "official_boundary": false,
        "provisional_note": "OSM/天地图裁剪至 SITE；正式道路红线待官方数据"
      },
      "geometry": {
        "type": "LineString",
        "coordinates": [
          [
            116.3547518,
            39.9611813
          ],
          [
            116.3547448,
            39.96140089999999
          ],
          [
            116.3547414,
            39.96150689999999
          ],
          [
            116.3547294,
            39.9618831
          ],
          [
            116.3546567,
            39.963139000000005
          ]
        ]
      }
    },
    {
      "type": "Feature",
      "id": "ROAD-OSM-798",
      "properties": {
        "id": "ROAD-OSM-798",
        "layer": "ROAD_CENTERLINE",
        "source_type": "openstreetmap",
        "confidence": "medium",
        "geometry_role": "design_proposal",
        "road_class": "greenway",
        "name_zh": "走廊道路-798",
        "source_id": "DATA-SRC-OSM-OSM",
        "official_boundary": false,
        "provisional_note": "OSM/天地图裁剪至 SITE；正式道路红线待官方数据"
      },
      "geometry": {
        "type": "LineString",
        "coordinates": [
          [
            116.3479184,
            39.95987119999999
          ],
          [
            116.34811860000002,
            39.9597402
          ],
          [
            116.34812100000002,
            39.9595271
          ],
          [
            116.34807490000001,
            39.95931599999999
          ],
          [
            116.34804409999998,
            39.9592053
          ],
          [
            116.34806650000002,
            39.95884219999999
          ],
          [
            116.34810570000002,
            39.9585607
          ],
          [
            116.34813940000001,
            39.95830819999999
          ],
          [
            116.34809029999998,
            39.9581319
          ],
          [
            116.34798310000001,
            39.95810319999999
          ]
        ]
      }
    },
    {
      "type": "Feature",
      "id": "ROAD-OSM-2029",
      "properties": {
        "id": "ROAD-OSM-2029",
        "layer": "ROAD_CENTERLINE",
        "source_type": "openstreetmap",
        "confidence": "medium",
        "geometry_role": "design_proposal",
        "road_class": "greenway",
        "name_zh": "走廊道路-2029",
        "source_id": "DATA-SRC-OSM-OSM",
        "official_boundary": false,
        "provisional_note": "OSM/天地图裁剪至 SITE；正式道路红线待官方数据"
      },
      "geometry": {
        "type": "LineString",
        "coordinates": [
          [
            116.3402943,
            39.979889599999986
          ],
          [
            116.34029829999999,
            39.979806999999994
          ],
          [
            116.34030399999999,
            39.9796879
          ],
          [
            116.3403896,
            39.97803949999999
          ],
          [
            116.34039090000002,
            39.977986300000005
          ]
        ]
      }
    },
    {
      "type": "Feature",
      "id": "ROAD-OSM-089",
      "properties": {
        "id": "ROAD-OSM-089",
        "layer": "ROAD_CENTERLINE",
        "source_type": "openstreetmap",
        "confidence": "medium",
        "geometry_role": "design_proposal",
        "road_class": "arterial",
        "name_zh": "G6辅路",
        "source_id": "DATA-SRC-OSM-OSM",
        "official_boundary": false,
        "provisional_note": "OSM/天地图裁剪至 SITE；正式道路红线待官方数据"
      },
      "geometry": {
        "type": "LineString",
        "coordinates": [
          [
            116.3458996,
            40.0209082
          ],
          [
            116.3460802,
            40.020839699999996
          ],
          [
            116.3464143,
            40.02071299999999
          ],
          [
            116.3473064,
            40.02027170000001
          ],
          [
            116.3480768,
            40.019849400000005
          ],
          [
            116.3487417,
            40.019485
          ],
          [
            116.34883840000002,
            40.01940790000001
          ],
          [
            116.3491162,
            40.01918619999999
          ],
          [
            116.34945979999999,
            40.0188319
          ],
          [
            116.35042869999998,
            40.0176092
          ],
          [
            116.3512148,
            40.016604199999996
          ],
          [
            116.3512827,
            40.016517399999984
          ],
          [
            116.35149879999999,
            40.0162411
          ],
          [
            116.35361579999999,
            40.01353449999999
          ],
          [
            116.35394030000002,
            40.013090699999985
          ],
          [
            116.3541088,
            40.0128022
          ],
          [
            116.3543609,
            40.0120389
          ],
          [
            116.3546301,
            40.01145489999999
          ],
          [
            116.35483650000002,
            40.0111545
          ],
          [
            116.3549384,
            40.011006200000004
          ],
          [
            116.35505920000001,
            40.0108304
          ],
          [
            116.35542400000001,
            40.0104688
          ],
          [
            116.3554929,
            40.0104185
          ],
          [
            116.35615081286032,
            40.009938094162
          ]
        ]
      }
    }
  ]
}
