区,幼儿园名称,办园性质,举办者,幼儿园地址
东城区,北京市东城区大方家回民幼儿园,教育部门,地级教育部门,东城区朝内南小街后芳嘉园3号
东城区,北京市东城区大方家回民幼儿园 - 小牌坊分址,教育部门,地级教育部门,北京市东城区朝内小牌坊胡同37号
东城区,北京市东城区大方家回民幼儿园 - 春松分址,教育部门,地级教育部门,北京市东城区春松胡同1号
东城区,北京市第三幼儿园,教育部门,地级教育部门,北京市东城区中华路4号（中山公园内）
东城区,北京市东城区新中街幼儿园,教育部门,地级教育部门,北京市东城区东直门外胡家园小区24号楼
东城区,北京市东城区新中街幼儿园 - 鼓楼分址,教育部门,地级教育部门,北京市东城区鼓楼东大街草场胡同24号
东城区,北京市东城区新中街幼儿园-春秀路分址,教育部门,地级教育部门,北京市东城区东直门外大街春秀路小区12号
东城区,北京市第一幼儿园附属实验园,教育部门,地级教育部门,北京市东城区安外小黄庄一区7号楼
东城区,北京市东城区东华门幼儿园,教育部门,地级教育部门,北京市东城区北河沿大街149号
东城区,北京市东城区东华门幼儿园 - 小班部,教育部门,地级教育部门,北京市东城区大鹁鸽胡同14号
东城区,北京市东城区东棉花胡同幼儿园,教育部门,地级教育部门,北京市东城区东棉花胡同20号
东城区,北京市第二幼儿园,教育部门,地级教育部门,北京市东城区北新桥三条38号
东城区,北京市第二幼儿园 - 分址,教育部门,地级教育部门,北京市东城区东直门内南小街5号
东城区,北京市第二幼儿园 - 东四十二条分址,教育部门,地级教育部门,北京市东城区东四十二条26号
东城区,北京市东城区华丰幼儿园,教育部门,地级教育部门,北京市东城区和平里六区21号楼
东城区,财政部幼儿园,其他部门,省级其他部门,北京市东城区西扬威胡同甲12号
东城区,国家林业和草原局幼儿园,其他部门,省级其他部门,和平里七区21号楼
东城区,北京市第一幼儿园,教育部门,地级教育部门,东四北大街汪芝麻胡同19号
东城区,北京市第一幼儿园 - 吉祥分址,教育部门,地级教育部门,东四北大街南吉祥胡同28号
东城区,北京市东城区分司厅幼儿园,教育部门,地级教育部门,北京市东城区分司厅胡同57号
东城区,商务部幼儿园,其他部门,省级其他部门,北京市东城区台基厂三条二号
东城区,北京市东城区杰思幼儿园,民办,民办,东直门外大街35号C101
东城区,北京公交鸿运承幼儿教育中心第一幼儿园,地方企业,地方企业,东城区旧鼓楼外大街64号
东城区,北京市东城区东四五条幼儿园,教育部门,地级教育部门,北京市东城区东四五条41号
东城区,北京市东城区东四五条幼儿园 - 雍和宫分址,教育部门,地级教育部门,东城区藏经馆胡同27号
东城区,北京市东城区崇文回民幼儿园,教育部门,地级教育部门,北京市东城区东花市北里东区12号楼
东城区,北京市东城区崇文回民幼儿园 - 分址,教育部门,地级教育部门,北京市东城区东八角胡同27号
东城区,北京市东城区红湖幼儿园,集体,集体,北京市东城区龙潭北里三条三号
东城区,中国人民解放军北京军区空军育翔幼儿园,部队,部队,北京市东城区板厂南里11号
东城区,北京市东城区永东幼儿园,教育部门,地级教育部门,北京市东城区永定门内东街中里23号
东城区,北京市第五幼儿园,教育部门,地级教育部门,北京市东城区夕照寺街3号
东城区,北京市东城区第二幼儿园,教育部门,地级教育部门,北京市东城区广渠门内大街31号
东城区,北京市东城区第二幼儿园 - 红桥分址,教育部门,地级教育部门,北京市东城区东马尾帽胡同22号
东城区,北京市东城区第二幼儿园 - 崇外分址,教育部门,地级教育部门,北京市东城区西花市南里东区12号楼
东城区,北京市东城区第二幼儿园 - 安化楼分址,教育部门,地级教育部门,东城区安化北里64号
东城区,北京市第五幼儿园分园,教育部门,地级教育部门,北京市东城区法华南里33号楼
东城区,北京市东城区安乐幼儿园,教育部门,地级教育部门,北京市东城区永定门外大街86号
东城区,北京市东城区安乐幼儿园 - 大班部,教育部门,地级教育部门,北京市东城区安乐林路17号
东城区,北京市东城区永定门幼儿园,教育部门,地级教育部门,北京市东城区西园子街32号
东城区,北京市东城区崇文幼儿园,教育部门,地级教育部门,北京市东城区法华南里甲14楼
东城区,北京市东城区崇文第三幼儿园,教育部门,地级教育部门,北京市东城区幸福北里甲12号
东城区,北京市东城区卫生健康委员会第一幼儿园,事业单位,事业单位,北京市东城区锡拉胡同19号
东城区,北京市东城区景山魏家幼儿园,集体,集体,北京市东城区魏家胡同19号
东城区,北京市第七幼儿园,教育部门,地级教育部门,北京市东城区宝钞胡同23号
东城区,北京市第七幼儿园 - 分址,教育部门,地级教育部门,北京市东城区琉璃寺胡同11号
东城区,中国人民解放军空军后勤部蓝天幼儿园,部队,部队,北京市东城区鼓楼东大街99号空后蓝天幼儿园
东城区,北京市东城区卫生健康委员会第三幼儿园,事业单位,事业单位,和平里民旺园丙7号
东城区,中央军委机关事务管理总局红星幼儿园（黄寺园）,部队,部队,北京市东城区安德里北街21号
东城区,应急管理部机关服务中心幼儿园,其他部门,省级其他部门,北京市东城区和平里九区甲3号
东城区,北京市东城区前门幼儿园,教育部门,地级教育部门,东城区草厂九条35号
东城区,北京市东城区光明幼儿园,教育部门,地级教育部门,东城区光明楼甲25号
东城区,北京市东城区光明幼儿园 - 弘善分址,教育部门,地级教育部门,朝阳区弘善家园410楼
东城区,北京市机关事务管理局第一幼儿园,其他部门,省级其他部门,北京市光明路1号
东城区,北京市东城区金鼎实验幼儿园,民办,民办,北京市东城区和平里中街29号
东城区,北京市东城区青青藤幼儿园,民办,民办,北京东城区广渠门内大街安化北里18号院6号楼
东城区,北京市第一幼儿园海晟实验园,教育部门,地级教育部门,北京市东城区东直门外十字坡东小街1号
东城区,北京市东城区九月幼儿园,民办,民办,东城区北锣鼓巷净土胡同9号
东城区,北京市东城区明城幼儿园,教育部门,地级教育部门,北京市东城区盔甲厂胡同9号
东城区,北京市东城区育萌幼儿园,民办,民办,北京市东城区天坛东路13-1
东城区,北京市东城区环球教育实验幼儿园,民办,民办,北京市东城区天坛东路9号院
东城区,北京市东城区和乐蔷薇幼儿园,民办,民办,北京市东城区培新街10号
东城区,北京市东城区春江幼儿园,教育部门,地级教育部门,北京市东城区南水关胡同60号
东城区,北京市东城区东华门幼儿园分园,教育部门,地级教育部门,北京市东城区南河沿大街19号
东城区,北京市东城区实验幼儿园,教育部门,地级教育部门,北京市东城区松林街2号院1号楼
东城区,北京市东城区天坛南里幼儿园,教育部门,地级教育部门,北京市东城区天坛南里16号
东城区,北京市东城区革新里幼儿园,教育部门,地级教育部门,北京市东城区西革新里116号院7号楼
东城区,北京市东城区优肯幼儿园,民办,民办,北京市东城区忠实里南街甲6-1号
东城区,北京市东城区阳光天使幼儿园,民办,民办,北京市东城区定安里1号楼
东城区,北京市东城区爱朗幼儿园,民办,民办,北京市东城区广渠门内大街36号楼幸福家园三期13号楼1层
东城区,北京市东城区华之澜实验幼儿园,民办,民办,北京市东城区永定门外大街86号
东城区,北京市东城区为依幼儿园,民办,民办,北京市和平里七区甲12号北平房院
东城区,北京市东城区华汇和睿幼儿园,民办,民办,北京市东城区西总布胡同57号
东城区,北京市东城区永外实验幼儿园,民办,民办,北京市东城区安乐林二条二十号
东城区,北京市东城区中教语文实验幼儿园,民办,民办,东城区东四南大街3号
东城区,北京市东城区爱加倍幼儿园,民办,民办,北京市东城区东花市北里西区23号楼2层23-11
东城区,北京市东城区龙潭幼儿园,民办,民办,龙潭路8号迤北之三
东城区,北京市东城区东方祥泰第一幼儿园,民办,民办,北京市东城区和平里中街三号院9号楼
东城区,北京市东城区向日葵玉河幼儿园,民办,民办,北京市东城区地安门柺棒胡同2号
东城区,北京市东城区精诚实验幼儿园,民办,民办,东城区地安门东大街47号
东城区,北京市东城区红星幼儿园,民办,民办,北京市东城区东四十条113号
东城区,北京市东城区合一幼儿园,民办,民办,北京市东城区中芦草园5-7号
东城区,北京市东城区史家胡同精诚实验幼儿园,民办,民办,北京市东城区史家胡同42号
东城区,北京市东城区腾威幼儿园,民办,民办,北京市东城区标杆胡同11号
东城区,北京市东城区远望明德幼儿园,民办,民办,北京市东城区安德路47号院甲11号楼
东城区,北京市东城区欣苑幼儿园,教育部门,地级教育部门,东花市北里西区9号
东城区,北京市东城区国家体育总局训练局体育幼儿园,民办,民办,北京市东城区体育馆路甲2号国家体育总局训练局高尔夫练习场配楼
东城区,北京市东城区东直门街道当代摩码社区办园点,社区办园点,民办,北京市东城区香河园1号当代MOMA社区 T11座
东城区,北京市东城区北新桥街道睿博园社区办园点,社区办园点,民办,北京市东城区旗杆胡同12号
东城区,北京市东城区东华门街道育才宝贝社区办园点,社区办园点,民办,北京市东城区东华门街道前厂胡同21号
东城区,北京市东城区东花市街道伊顿社区办园点,社区办园点,民办,东城区广渠门外广渠家园21号楼
东城区,北京市东城区永外街道枫丹白露社区办园点,社区办园点,民办,北京市东城区三元街大磨坊文创园12号楼
东城区,北京市东城区地坛幼儿园,教育部门,地级教育部门,东城区安外西河沿2号楼2号院
西城区,北京市西城区长安幼儿园,教育部门,县级教育部门,西城区前门西大街139号
西城区,北京市西城区长安幼儿园 - 和平门分园,教育部门,县级教育部门,北京市西城区前门西大街77号
西城区,北京市北海幼儿园,事业单位,事业单位,地安门西大街22号
西城区,北京市北海幼儿园 - 后海分园,教育部门,县级教育部门,后海北沿23号
西城区,北京市西城区大栅栏西柳树井幼儿园,集体,集体,北京市西城区珠市口西大街111号
西城区,北京市西城区大栅栏大安澜营幼儿园,集体,集体,大安澜营胡同13号
西城区,北京市西城区虎坊路幼儿园,事业单位,事业单位,北京市西城区虎坊路甲14号
西城区,北京市西城区虎坊路幼儿园 - 大川分园,事业单位,事业单位,北京市西城区大川路7号
西城区,北京市西城区虎坊路幼儿园 - 腊竹分园,事业单位,事业单位,北京市西城区腊竹胡同23号
西城区,北京市第六幼儿园,教育部门,县级教育部门,北京市西城区大石桥胡同43号
西城区,北京市西城区曙光幼儿园,教育部门,县级教育部门,北京市西城区后广平胡同1号院1号楼
西城区,北京市西城区曙光幼儿园 - 分园,教育部门,县级教育部门,北京市西城区庆丰胡同3号
西城区,北京市西城区曙光幼儿园-展览路分园,教育部门,县级教育部门,北京市西城区北礼士路西六条1号
西城区,北京市西城区实验幼儿园,教育部门,县级教育部门,北京市西城区南新华街21号
西城区,北京市西城区实验幼儿园 - 施家分园,教育部门,县级教育部门,北京市西城区施家胡同7号
西城区,北京市西城区实验幼儿园-琉璃厂分园,教育部门,县级教育部门,北京市西城区琉璃巷3号、5号
西城区,北京市西城区西四北幼儿园,教育部门,县级教育部门,北京市西城区西四北三条11号
西城区,北京市西城区名苑幼儿园,教育部门,县级教育部门,北京市西城区广外红居街16号
西城区,北京市西城区名苑幼儿园 - 分园,教育部门,县级教育部门,北京市西城区广安门外红居街10号
西城区,北京市西城区幸福时光陶然幼儿园,民办,民办,北京市西城区黑窑厂西里甲11号
西城区,北京市西城区长椿街幼儿园,教育部门,县级教育部门,北京市西城区西便门东里11号
西城区,北京市西城区槐柏幼儿园,教育部门,县级教育部门,槐柏树街南里10号楼
西城区,北京市西城区槐柏幼儿园 - 月坛分园,教育部门,县级教育部门,北京市西城区南礼士路三条甲二号
西城区,北京市西城区和平门幼儿园,教育部门,县级教育部门,西城区上斜街66号
西城区,北京市西城区小百合幼儿园,教育部门,地级教育部门,北京市西城区长椿街甲1号
西城区,北京市机关事务管理局第二幼儿园,其他部门,省级其他部门,北京市西城区长椿里2号
西城区,北京市西城区三教寺幼儿园,教育部门,县级教育部门,西城区里仁街12号
西城区,北京市西城区三教寺幼儿园 - 天桥分园（中大班部）,教育部门,县级教育部门,西城区留学路114号
西城区,北京市西城区三教寺幼儿园 - 培英分园（小班部）,教育部门,县级教育部门,北京市西城区培英胡同12号
西城区,北京市第四幼儿园,教育部门,县级教育部门,广外莲花河胡同3号
西城区,北京市第四幼儿园白纸坊分部,教育部门,县级教育部门,北京市西城区樱桃三条7号
西城区,北京市西城区里仁街幼儿园,民办,民办,宏建北里13号
西城区,北京市西城区南菜园幼儿园,集体,集体,北京市西城区菜园街五层公寓楼2号
西城区,北京市西城区樱桃园幼儿园,集体,集体,西城区右内大街53号
西城区,北京市西城区三义里第一幼儿园,教育部门,地级教育部门,西城区三义东里9号
西城区,北京市西城区三义里第二幼儿园,教育部门,县级教育部门,西城区广外三义西里7-2号
西城区,北京市西城区马连道幼儿园,教育部门,县级教育部门,北京市西城区广安门外红莲中里10号
西城区,北京市西城区马连道幼儿园 - 分园,教育部门,县级教育部门,北京市西城区广安门外红莲中里10号
西城区,北京中铁信达经贸有限公司幼儿园,民办,民办,北京市西城区广外车站东街甲5号
西城区,北京市西城区汇佳北欧幼儿园,民办,民办,北京市西城区马连道路80号院
西城区,北京市宣武回民幼儿园,教育部门,地级教育部门,北京市西城区南横西街119号
西城区,北京洁如幼儿园,教育部门,县级教育部门,西城区什坊小街宏英园17号楼
西城区,北京洁如幼儿园-粉子分园,教育部门,县级教育部门,西城区粉子胡同甲7号
西城区,北京市西城区棉花胡同幼儿园,教育部门,县级教育部门,棉花胡同78号
西城区,北京市西城区棉花胡同幼儿园 - 育德分园,教育部门,县级教育部门,西城区育德胡同5号
西城区,北京市西城区棉花胡同幼儿园 - 松树街分园,教育部门,县级教育部门,西城区弘善胡同3号
西城区,北京市西城区棉花胡同幼儿园 - 七条分园,教育部门,县级教育部门,北京市西城区西四北七条20号
西城区,北京市西城区洁民幼儿园,教育部门,县级教育部门,裕中西里36号楼
西城区,北京市西城区洁民幼儿园-双秀分园,教育部门,县级教育部门,北京市西城区马甸南村甲3号
西城区,北京市西城区洁民幼儿园-裕西分园,教育部门,县级教育部门,北京市西城区德胜街道
西城区,北京市西城区民族团结幼儿园,事业单位,事业单位,北京市西城区黄寺大街23-115号
西城区,北京市西城区民族团结幼儿园 - 分园,事业单位,事业单位,北京市西城区新外大街新明胡同乙1号
西城区,北京市西城区金融街街道新京畿道实验幼儿园,集体,集体,北京市西城区二龙路京畿道小区12号
西城区,北京市西城区金融街街道新京畿道实验幼儿园 - 新文化街分园,集体,集体,北京市西城区新文化街甲62号
西城区,中共中央组织部机关服务中心幼儿园,其他部门,中央组织部,北京市西城区西单北大街小酱坊胡同31号
西城区,中共中央办公厅警卫局北长街幼儿园,其他部门,中央办公厅,西城区北长街89号
西城区,北京市西城区什刹海街道大拐棒幼儿园,集体,集体,西城区大拐棒胡同15号
西城区,北京市公安局幼儿园,其他部门,省级其他部门,西城区松树街7号
西城区,北京军区空军蓝天宇锋幼儿园,部队,部队,北京市西城区平安里群力胡同17号
西城区,中国人民解放军北京卫戍区直属机关幼儿园,部队,部队,北京市西城区什刹海街道办事处兴华社区居委会
西城区,北京市西城区新街口街道果子市幼儿园,集体,集体,北京市西城区鼓楼西大街169号
西城区,北京市西城区新街口街道高井幼儿园,集体,集体,北京市西城区西直门内大街高井胡同16号
西城区,中国儿童中心实验幼儿园,其他部门,中华全国妇女联合会,北京市西城区平安里西大街43号
西城区,北京市西城区幸福泉幼儿园,民办,民办,冠英园西区8号
西城区,北京市西城区广电银河幼儿园,民办,民办,育德胡同15号
西城区,中共中央直属机关事务管理局实验幼儿园,其他部门,中央直属机关事务管理局,北京市西城区新风街1号院甲2号楼
西城区,北京市西城区月坛街道办事处第一幼儿园,集体,集体,西城区三里河北街23号
西城区,公安部幼儿园,其他部门,公安部,北京市西城区木樨地北里2号
西城区,国家发展和改革委员会三里河幼儿园,其他部门,省级其他部门,北京市西城区三里河一区丙68号
西城区,北京市西城区展览路街道北营幼儿园,集体,集体,北京市西城区北营房西里
西城区,中国人民解放军新闻传播中心幼儿园,部队,部队,阜外大街34号
西城区,物资机关幼儿园,其他部门,省级其他部门,北京市西城区月坛北街25号院
西城区,国家机关事务管理局花园村幼儿园广源分园,其他部门,国务院办公厅,北京市西城区广外大街305号三区八号楼广源小区西区幼儿园
西城区,北京华油服务有限公司幼儿园,地方企业,省级其他部门,北京市西城区六铺炕三区甲15号
西城区,北京市农业农村局幼儿园,其他部门,省级其他部门,北京市西城区裕中西里甲1号
西城区,北京市西城区蓝色未来幼儿园,民办,民办,北京市西城区小马厂路一号院3号楼底商307-309
西城区,北京市西城区普林斯顿幼儿园,民办,民办,北京市西城区广安门内大街广安胡同康乐里12号
西城区,北京市西城区信和幼儿园,教育部门,县级教育部门,北京市西城区马连道路15号院5号楼
西城区,北京市西城区红山幼儿园,教育部门,县级教育部门,北京市西城区广安门外大街305号二区10楼
西城区,北京市西城区亲育代幼儿园,民办,民办,北京市西城区北礼士路135号35号楼
西城区,北京市西城区悠米幼儿园,民办,民办,北京市西城区菜市口莲花胡同11号
西城区,北京市西城区悠米幼儿园 - 广外分园,民办,民办,北京市西城区广外街道鸭子桥路41号
西城区,北京市西城区悠米幼儿园 - 陶然亭分园,民办,民办,西城区南华东街12号
西城区,北京市西城区盛鸿天使幼儿园,民办,民办,北京市西城区陶然亭路2号9号楼一层
西城区,北京市西城区广安幼儿园,教育部门,县级教育部门,北京市西城区广安门车站西街2号院15号楼
西城区,北京市西城区诺博幼儿园,民办,民办,北京市西城区展览路街道北露园2号
西城区,北京市西城区红黄蓝幼儿园,民办,民办,北京市西城区南菜园乙一号院2号楼，3号楼
西城区,北京市西城区乐百灵幼儿园,民办,民办,北京市西城区红居街远见名苑10号楼C座10-8底商
西城区,北京市西城区松树阳光幼儿园,民办,民办,北京市西城区百万庄中里46号
西城区,北京博雅汇英幼儿园,民办,民办,西城区双柳树二条1号院
西城区,北京市西城区金色启蒙幼儿园,民办,民办,北京市西城区虎坊桥魏染胡同36号
西城区,北京市第十五中学附属陶然亭幼儿园,教育部门,县级教育部门,北京市西城区育新街2号
西城区,北京市西城区大栅栏幼儿园,事业单位,事业单位,北京市西城区小沙土园12号
西城区,北京市西城区教育研修学院附属幼儿园,教育部门,县级教育部门,北京市西城区西四北大街83号
西城区,北京市西城区教育研修学院附属幼儿园-分园,教育部门,县级教育部门,北京市西城区平安里西大街16号
西城区,北京市西城区美仁幼儿园,民办,民办,北京市西城区西便门西里5号楼
西城区,北京市西城区育民五一幼儿园,事业单位,事业单位,北京市西城区真武庙二里5号楼
西城区,北京智慧摇篮幼儿园,民办,民办,北京市西城区老墙根101-105号
西城区,北京智慧摇篮幼儿园-大齐家分园,民办,民办,北京市西城区大齐家胡同31号
西城区,北京比泡乐儿幼儿园西城园,民办,民办,北京市西城区南纬路31号
西城区,北京永远的孩子幼儿园,民办,民办,北京市西城区广安门外马连道南街16号院1号楼
西城区,北京市金融街惠泽幼儿园-鼓楼园,民办,民办,西城区鼓楼大街西绦胡同甲26号
西城区,北京市金融街惠泽幼儿园-金融街园,民办,民办,北京市西城区金融大街甲23号
西城区,北京市金融街惠泽幼儿园-月坛园,民办,民办,北京市西城区南礼士路三条1号院
西城区,北京市金融街惠泽幼儿园-前门园,民办,民办,北京市西城区樱桃斜街57号
西城区,北京德胜盛德幼儿园,民办,民办,北京市西城区德胜门外大街10号1号楼1-1三层、二层、一层108
西城区,北京市西城区爱知湶幼儿园,民办,民办,北京市西城区广外鸭子桥路1号院5号楼101-3/101-4
西城区,北京市西城区嘉泊幼儿园,民办,民办,北京市西城区马连道路13号院内45、46、59、69幢及58幢房屋
西城区,北京金融街惠爱幼儿园,民办,民办,北京市西城区天宁寺东里4号
西城区,北京金融街惠爱幼儿园-白云桥园,民办,民办,北京市西城区小马厂东里10号楼
西城区,北京师范大学亚太实验学校附设幼儿班,民办,民办,北京市昌平区曹碾村西北
西城区,北京市铁路第二中学附属幼儿园,教育部门,县级教育部门,
西城区,北京市西城区培智中心学校,教育部门,县级教育部门,西直门外德宝新园23号
西城区,北京启喑实验学校附属幼儿园,教育部门,县级教育部门,北京市西城区西直门内大街东教场胡同5号
西城区,财政部幼儿园（西直门址）,其他部门,财政部,北京市西城区德宝新园18号
西城区,北京市西城区博智幼儿园,民办,民办,北京市西城区枣林前街37号
西城区,北京市西城区梧桐花语幼儿园,民办,民办,北京市西城区半步桥街甲48号102
西城区,北京市西城区蓝天逸景幼儿园,民办,民办,北京市西城区小马厂路1号院4号楼
西城区,北京市西城区黄城根小学（学前部）,教育部门,地级教育部门,北京市西城区西黄城根北街1号
西城区,北京市育才学校（学前部）,教育部门,地级教育部门,北京市西城区珠市口西大街115号
朝阳区,北京市朝阳区卓悦童幼儿园,民办,民办,北京市朝阳区望京西园216栋
朝阳区,北京市朝阳区妙百睿幼儿园,民办,民办,北京市朝阳区营盘沟路12号楼
朝阳区,北京市朝阳区华溢幼儿园,民办,民办,建国路15号院华龙美树小区9号楼
朝阳区,北京市朝阳区朝花幼儿园（润泽园）,事业单位,事业单位,北京市朝阳区水岸庄园1008号楼
朝阳区,北京市朝阳区嘉德幼儿园,民办,民办,北京市朝阳区八里庄北里221号楼
朝阳区,北京市朝阳区泛海幼儿园,教育部门,地级教育部门,北京市朝阳区华章东路5号院1号楼2号
朝阳区,北京市朝阳区二十一世纪安德鲁斯幼儿园,民办,民办,北京市朝阳区高碑店路179号
朝阳区,中国人民大学朝阳幼儿园,教育部门,地级教育部门,芍药居北里217号
朝阳区,中国人民大学朝阳幼儿园 - 分园,教育部门,地级教育部门,太阳宫一街二号院一号楼
朝阳区,北京市朝阳区丽景幼儿园,教育部门,地级教育部门,北京市朝阳区常营乡五里桥一街4号
朝阳区,北京市朝阳区朝花幼儿园,事业单位,事业单位,北京市朝阳区来广营乡清河营东路4号院1号楼
朝阳区,北京市朝阳区朝花幼儿园（世华泊郡园）,事业单位,事业单位,北京市朝阳区水岸中街21号院1号
朝阳区,北京市朝阳区朝花幼儿园 （华贸园）,事业单位,事业单位,北京市朝阳区水岸中街10号院14号楼
朝阳区,北京市朝阳区朝花幼儿园（京旺园）,事业单位,事业单位,北京市朝阳区京旺家园7区9号楼
朝阳区,北京市朝阳区朝花幼儿园 （金泽园）,事业单位,事业单位,北京市朝阳区东坝康各庄路金泽家园A区335号
朝阳区,北京市朝阳区朝花幼儿园（孙河东园）,事业单位,事业单位,孙河乡康营家园 C区12号楼
朝阳区,北京市朝阳区朝花幼儿园（孙河西园）,事业单位,事业单位,北京市朝阳区孙河乡康营家园15区
朝阳区,北京市朝阳区朝花幼儿园（朝新嘉园园）,事业单位,事业单位,北京市朝阳区东坝朝新嘉园西里1区12号楼
朝阳区,北京市朝阳区朝花幼儿园（朝阳新城园）,事业单位,事业单位,北京市朝阳区东坝朝新嘉园东里七区2号
朝阳区,北京市朝阳区朝花幼儿园（福润四季园）,事业单位,事业单位,北京市朝阳区管庄路30号院1号楼
朝阳区,北京市朝阳区朝花幼儿园（单店园）,事业单位,事业单位,北京市朝阳区朝新嘉园东里四区13号楼朝花幼儿园单店园
朝阳区,北京市朝阳区朝花幼儿园（丽湾园）,事业单位,事业单位,北京市朝阳区东坝中街17号院
朝阳区,北京市朝阳区朝花幼儿园（泰福园）,事业单位,事业单位,北京市朝阳区泰福苑二区东门旁
朝阳区,北京市朝阳区朝花幼儿园（常营园）,事业单位,事业单位,北京市朝阳区燕保常营家园
朝阳区,北京市朝阳区朝花幼儿园（中弘园）,事业单位,事业单位,北京市朝阳区五里桥一街非中心26号楼
朝阳区,北京市朝阳区朝花幼儿园（翠成园）,事业单位,事业单位,北京市朝阳区翠成馨园413号楼
朝阳区,北京市朝阳区朝花幼儿园（双合西园）,事业单位,事业单位,北京市朝阳区双合中路7号院1号楼
朝阳区,北京市朝阳区朝花幼儿园（御景园）,事业单位,事业单位,北京市朝阳区豆各庄乡黄厂路恒大御景湾东区
朝阳区,北京市朝阳区朝花幼儿园（汇星园）,事业单位,事业单位,北京市朝阳区高碑店乡汇星路6号
朝阳区,北京市朝阳区朝花幼儿园（小红门园）,事业单位,事业单位,北京市朝阳区小红门少角中街3号
朝阳区,北京市朝阳区朝花幼儿园（朝丰园）,事业单位,事业单位,北京市朝阳区豆各庄乡朝丰家园六号院5号楼东侧
朝阳区,北京市朝阳区朝花幼儿园（双桥园）,事业单位,事业单位,北京市朝阳区三间房乡东柳西里乙1号
朝阳区,北京市朝阳区朝花幼儿园 （来广营乡中心园）,事业单位,事业单位,北京市朝阳区来广营乡蕴实园22号
朝阳区,北京市朝阳区朝花幼儿园（东大桥园）,事业单位,事业单位,北京市朝阳区东大桥三角地5号楼院7幢
朝阳区,北京市朝阳区朝花幼儿园（双合东园）,事业单位,事业单位,北京市朝阳区垡头街道双合家园D区6号院1号楼
朝阳区,北京市朝阳区朝花幼儿园（北焦园）,事业单位,事业单位,北京市朝阳区化工路甲1号燕保北焦家园
朝阳区,北京市朝阳区朝花幼儿园（锦安园）,事业单位,事业单位,北京市朝阳区康居南街3号院1号楼、2号楼
朝阳区,北京市朝阳区朝花幼儿园（金泰丽富园）,事业单位,事业单位,北京市朝阳区康居中街15号院1号楼
朝阳区,北京市朝阳区朝花幼儿园（铁科园）,事业单位,事业单位,北京市朝阳区环博路2号院
朝阳区,北京市朝阳区德育苑幼儿园,民办,民办,北京市朝阳区怡慧街3号楼
朝阳区,北京市朝阳区十八里店乡周庄嘉园幼儿园,集体,集体,北京市朝阳区十八里店乡周庄嘉园东里B区
朝阳区,北京市朝阳区春宇凤凰苑幼儿园,民办,民办,北京市朝阳区曙光西里甲五号23号院
朝阳区,北京市朝阳区三里屯幼儿园,教育部门,地级教育部门,北京市朝阳区朝外大街吉庆里3号楼
朝阳区,北京市朝阳区团结湖第一幼儿园,教育部门,地级教育部门,北京市朝阳区团结湖北头条11号
朝阳区,北京市朝阳区福怡苑幼儿园,教育部门,地级教育部门,北京市朝阳区定福庄北街福怡苑小区6号楼
朝阳区,北京市朝阳区水碓北里幼儿园,教育部门,地级教育部门,朝阳区水碓北里10号楼
朝阳区,北京市朝阳区水碓北里幼儿园-分园,教育部门,地级教育部门,北京市朝阳区水碓子东路5号楼
朝阳区,北京市朝阳区枣营幼儿园,教育部门,地级教育部门,北京市朝阳区枣营北里26号楼
朝阳区,北京市朝阳区新源里幼儿园,教育部门,地级教育部门,朝阳区新源里12号
朝阳区,北京市朝阳区新源里幼儿园 - 分园,教育部门,地级教育部门,朝阳区新源西里中街17号
朝阳区,北京市朝阳区新源里第二幼儿园,教育部门,地级教育部门,三源里北小街7号
朝阳区,北京市朝阳区望京新城幼儿园,教育部门,地级教育部门,北京市朝阳区望京西园409楼
朝阳区,北京市朝阳区劲松第一幼儿园,教育部门,地级教育部门,北京市朝阳区劲松一区126号
朝阳区,北京市朝阳区劲松第一幼儿园 - 分园,教育部门,地级教育部门,北京市朝阳区青年路29号院18号
朝阳区,北京市朝阳区劲松第二幼儿园,教育部门,地级教育部门,北京市朝阳区劲松七区711楼
朝阳区,北京市朝阳区劲松第二幼儿园 - 分园,教育部门,地级教育部门,朝阳区华威西里43号楼
朝阳区,北京市朝阳区松榆里幼儿园,教育部门,地级教育部门,北京市朝阳区松榆里21号楼
朝阳区,北京市朝阳区垡头幼儿园,教育部门,地级教育部门,北京市朝阳区垡头二区十二号
朝阳区,北京市朝阳区垡头幼儿园 - 分园,教育部门,地级教育部门,北京市王四营乡甲一号
朝阳区,北京市朝阳区光华路幼儿园,教育部门,地级教育部门,北京市朝阳区通惠家园惠生园16号
朝阳区,北京市朝阳区京通幼儿园,教育部门,地级教育部门,京通苑38号楼
朝阳区,北京市朝阳区西坝河第一幼儿园,教育部门,地级教育部门,北京市朝阳区西坝河东里71号楼
朝阳区,北京市朝阳区西坝河第一幼儿园分园,教育部门,地级教育部门,北京市朝阳区南湖中园273号楼
朝阳区,北京市朝阳区西坝河第三幼儿园,教育部门,地级教育部门,朝阳区西坝河中里20号楼
朝阳区,北京市朝阳区西坝河第三幼儿园 - 分园,教育部门,地级教育部门,北京市朝阳区望京利泽西园一区115号楼
朝阳区,北京市朝阳区和平街幼儿园,教育部门,地级教育部门,北京市朝阳区和平街八区六号楼
朝阳区,北京市朝阳区和平街幼儿园 - 分园,教育部门,地级教育部门,北京市朝阳区胜古北路南里3号院 皇姑坟小区
朝阳区,北京市朝阳区和平街幼儿园化大分园,教育部门,地级教育部门,北京市朝阳区和平街十一区14号楼首层
朝阳区,北京市朝阳区惠新里幼儿园,教育部门,地级教育部门,北京市朝阳区惠新里230楼
朝阳区,北京市朝阳区惠新里幼儿园 - 分园,教育部门,地级教育部门,北京市朝阳区北苑家园紫绶园小区11号楼
朝阳区,北京市朝阳区安华里幼儿园,教育部门,地级教育部门,北京市朝阳区安华里二区12号楼
朝阳区,北京市朝阳区安华里幼儿园 - 分园,教育部门,地级教育部门,北京市朝阳区安贞西里一区18号楼
朝阳区,北京市朝阳区安华里第二幼儿园,教育部门,地级教育部门,朝阳区安华西里一区23号楼
朝阳区,北京市朝阳区安华里第二幼儿园 - 分园,教育部门,地级教育部门,安贞西里四区19号楼
朝阳区,北京市朝阳区清友实验幼儿园,教育部门,地级教育部门,北京市朝阳区北苑家园清友园小区13号
朝阳区,北京市朝阳区秀园幼儿园,教育部门,地级教育部门,北京市朝阳区安慧北里秀园19号
朝阳区,北京市朝阳区花家地幼儿园,教育部门,地级教育部门,北京市朝阳区花家地小区11号楼
朝阳区,北京市朝阳区康泉新城幼儿园,教育部门,地级教育部门,北京市朝阳区双桥东路12号院5号楼
朝阳区,北京市朝阳区华洋紫竹幼儿园,教育部门,地级教育部门,北京市朝阳区管庄双柳北街1号院9号楼
朝阳区,北京市朝阳区翠成幼儿园,教育部门,地级教育部门,北京市朝阳区翠城馨园B211楼
朝阳区,中华女子学院附属实验幼儿园,事业单位,事业单位,北京市朝阳区小营路育慧西里25号
朝阳区,中国科学院第四幼儿园,事业单位,事业单位,朝阳区祁家豁子社区华严里大院内
朝阳区,中央军委机关事务管理总局红星幼儿园（奥运村园）,部队,部队,北京市朝阳区安翔北里十号院
朝阳区,中国农业机械化科学研究院幼儿园,地方企业,省级其他部门,北京市朝阳区德胜门外北沙滩1号院
朝阳区,北京市朝阳区安贞街道中心幼儿园,集体,集体,朝阳区安贞西里二区18号楼
朝阳区,中国听力语言康复研究中心启聪幼儿园,事业单位,事业单位,北京市朝阳区惠新里甲8号
朝阳区,中国人民解放军战略支援部队机关幼儿园,部队,部队,北京市朝阳区黄寺大街9号院
朝阳区,中建一局集团建设发展有限公司幼儿园,地方企业,省级其他部门,朝阳区望花路西里13号楼
朝阳区,北京市朝阳区亚运村第二幼儿园,集体,集体,朝阳区亚运村安慧里一区七号楼
朝阳区,北京市朝阳区亚运村第一幼儿园,集体,集体,北京市朝阳区安慧里3区13号楼
朝阳区,北京市朝阳区亚运村中心幼儿园,集体,集体,朝阳区安苑北里12号楼
朝阳区,北京电子城幼儿园,地方企业,地方企业,朝阳区酒仙桥一街坊甲2号
朝阳区,首都机场幼教中心第三幼儿园,地方企业,地方企业,机场宿舍区南平里第三幼儿园
朝阳区,首都机场幼教中心第二幼儿园,地方企业,地方企业,首都机场街道南路西里23号楼
朝阳区,北京飞机维修工程有限公司幼儿园,地方企业,省级其他部门,首都机场南路东里20号楼
朝阳区,北京市朝阳区左家庄幼儿园,集体,集体,北京市朝阳区左家庄北里31号楼
朝阳区,北京市朝阳区左家庄街道中心幼儿园,集体,集体,北京市朝阳区三源里小区10号楼1层
朝阳区,北京市朝阳区香河园街道中心幼儿园,集体,集体,北京市朝阳区香河园街道柳芳北里7号楼
朝阳区,北京市朝阳区香河园街道西坝河东里幼儿园,集体,集体,北京市朝阳区香河园街道西坝河东里71号楼后
朝阳区,农业农村部机关幼儿园,其他部门,省级其他部门,北京市朝阳区农展南里11号
朝阳区,中央军委机关事务管理总局红星幼儿园（三里屯园）,部队,部队,东三里屯5号
朝阳区,外交部幼儿园,其他部门,省级其他部门,北京市朝阳区光华里2号
朝阳区,中国人民解放军63918部队幼儿园,部队,部队,朝阳区左家庄12号院
朝阳区,北京市朝阳区人民政府机关幼儿园,其他部门,地级其他部门,朝阳区雅宝里11号
朝阳区,北京朝莘辰阳幼儿园,地方企业,地方企业,北京市朝阳区东大桥路13号院
朝阳区,北京朝莘辰阳幼儿园（来广营园）,地方企业,地方企业,来广营创达路68号院7号楼动感嘉园小区
朝阳区,北京朝莘辰阳幼儿园（芍药居园）,地方企业,地方企业,北京市朝阳区芍药居北里108号楼
朝阳区,北京朝莘辰阳幼儿园（南新园）,地方企业,地方企业,朝阳区南新园小区6号楼
朝阳区,北京市朝阳区团结湖街道中心幼儿园,集体,集体,北京市朝阳区水碓子东里26号楼
朝阳区,北京市朝阳区呼家楼街道中心幼儿园,集体,集体,北京市朝阳区号呼家楼北街甲4号
朝阳区,中国传媒大学幼儿园,事业单位,事业单位,北京市朝阳区定福庄东街1号20号楼
朝阳区,北京市朝阳区蓝莓果幼儿园,民办,民办,北京市朝阳区三间房南里四号院
朝阳区,中国航空制造技术研究院银梦幼儿园,事业单位,事业单位,北京市朝阳区东军庄1号院
朝阳区,中国建筑材料科学研究院幼儿园,地方企业,省级其他部门,北京市朝阳区管庄东里30号
朝阳区,北京市朝阳区双桥幼儿园,地方企业,地方企业,北京市朝阳区双桥东路
朝阳区,北京九龙幼儿园,地方企业,地方企业,百子湾南二路76号院4号楼
朝阳区,北京佳华安琪幼儿园,地方企业,地方企业,垡头北里20号
朝阳区,北京佳华安琪幼儿园 - 分园,地方企业,地方企业,朝阳区垡头金蝉北里4号楼
朝阳区,北京市朝阳区环宇幼儿园,地方企业,地方企业,北京市朝阳区东三环南路48号
朝阳区,北京工业大学幼儿园,事业单位,事业单位,北京市朝阳区平乐园100号
朝阳区,北京市朝阳区雨禾幼儿园,集体,集体,北京市朝阳区农光东里10号楼
朝阳区,北京市朝阳区雨禾幼儿园 - 分园,集体,集体,北京市朝阳区劲松三区321楼1层
朝阳区,北京市朝阳区双井中心幼儿园,集体,集体,北京市朝阳区百子湾16号百子园19号双井中心幼儿园
朝阳区,北京市朝阳区南磨房乡幼儿园,集体,集体,朝阳区平乐园小区210楼
朝阳区,北京市朝阳区小红门乡中心幼儿园,集体,集体,北京市朝阳区博大路鸿博家园B区
朝阳区,北京市朝阳区小红门乡中心幼儿园西园分园,集体,集体,朝阳区小红门乡新村一期鸿博家园C区
朝阳区,北京市朝阳区王四营乡幼儿园,集体,集体,北京市朝阳区王四营乡政府北侧
朝阳区,北京市朝阳区十八里店乡西直河东明幼儿园,集体,集体,北京市朝阳区十八里店乡西直河村王家村211号
朝阳区,北京市朝阳区十八里店乡吕家营村幼儿园,集体,集体,北京市朝阳区十八里店乡吕家营村77号
朝阳区,北京市朝阳区十八里店乡横街子村向阳幼儿园,集体,集体,北京市朝阳区十八里店乡横街子村
朝阳区,北京市朝阳区童欣幼儿园,地方企业,地方企业,花家地北里9号楼
朝阳区,北京星海幼儿园,地方企业,地方企业,北京市朝阳区松榆西里64号楼
朝阳区,北京市朝阳区松榆东里幼儿园,地方企业,地方企业,北京市朝阳区松榆东里30号楼
朝阳区,中国人民解放军63961部队幼儿园,部队,部队,北京市朝阳区安定门外北苑一号院
朝阳区,北京市朝阳区海嘉实验幼儿园,民办,民办,北京市朝阳区大屯路枫林绿洲十八号楼
朝阳区,北京市朝阳区十里宜荷幼儿园,民办,民办,北京市朝阳区朝阳路十里堡（北京印染厂南院）160、164-168幢
朝阳区,北京市朝阳区群星幼儿园,教育部门,地级教育部门,朝阳区西坝河西里12号楼
朝阳区,北京市朝阳区刘诗昆幼儿园,民办,民办,北京市朝阳区南湖东园111号
朝阳区,北京市朝阳区刘诗昆幼儿园（望京）,民办,民办,北京市朝阳区望京花园东区201楼
朝阳区,北京市朝阳区刘诗昆幼儿园（珠江绿洲）,民办,民办,北京市朝阳区建国路18号院珠江绿洲家园小区东区4号楼
朝阳区,北京市朝阳区培基幼儿园,民办,民办,北京市朝阳区望京花家地西里小区219号楼
朝阳区,北京市朝阳区培基幼儿园（太阳园）,民办,民办,北京市朝阳区太阳宫金星园小区7号楼
朝阳区,北京市朝阳区培基幼儿园（北苑园）,民办,民办,北京市朝阳区北苑路170号院10号楼
朝阳区,北京市朝阳区培基幼儿园（无限园）,民办,民办,北京市朝阳区培基无限园芳菁苑小区1号院
朝阳区,北京市朝阳区幸福泉北苑幼儿园,民办,民办,朝阳区北苑家园绣菊园2号楼
朝阳区,北京市朝阳区亚奥幼儿园,民办,民办,北京市朝阳区北辰绿色家园拂林园内
朝阳区,北京市朝阳区格顿幼儿园,民办,民办,北京市朝阳区望京北路39号院9号楼
朝阳区,北京市工商业联合会安贞东里幼儿园,其他部门,省级其他部门,北京市朝阳区安贞里二区9号楼
朝阳区,北京市朝阳区阳光幼儿园,民办,民办,北京市朝阳区来广营乡朝来农艺园内
朝阳区,北京市朝阳区小金星幼儿园,民办,民办,北京市朝阳区立水桥立清路5号院2号楼
朝阳区,北京市朝阳区爱乐恩幼儿园,民办,民办,北京朝阳区北四环东路干杨树甲16号
朝阳区,北京朝莘蓝岛幼儿园,地方企业,地方企业,北京市朝阳区呼家楼北街6号楼西侧
朝阳区,北京朝莘蓝岛幼儿园（慧忠园）,地方企业,地方企业,北京市朝阳区慧忠里308号楼
朝阳区,北京朝莘蓝岛幼儿园（雅园园）,地方企业,地方企业,朝阳区安慧北里雅园3号楼
朝阳区,北京市朝阳区西坝河第三幼儿园（中里园）,教育部门,地级教育部门,北京市朝阳区西坝河中里22号
朝阳区,北京市朝阳区汇佳幼儿园,民办,民办,北京市朝阳区安华西里2区2号楼
朝阳区,北京市朝阳区汇佳幼儿园（远洋园）,民办,民办,八里庄西里77号楼
朝阳区,北京市朝阳区二十一世纪实验幼儿园,民办,民办,北京市朝阳区北苑路86号院3区8号楼
朝阳区,北京市朝阳区二十一世纪实验幼儿园 （UHN园）,民办,民办,北京市朝阳区西坝河东里2号院8号楼
朝阳区,北京市朝阳区二十一世纪实验幼儿园（东恒园）,民办,民办,北京市朝阳区十里堡甲3号院14号楼
朝阳区,北京市朝阳区二十一世纪实验幼儿园（国美园）,民办,民办,北京市朝阳区青年路西里3号院3号楼
朝阳区,北京市朝阳区二十一世纪实验幼儿园（融科园）,民办,民办,望京东园五区512号
朝阳区,北京市朝阳区根姆赞蒂幼儿园,民办,民办,北京市朝阳区芳园里12楼东北侧
朝阳区,北京市朝阳区启航幼儿园,民办,民办,北京市朝阳区酒仙桥北路9号荧屏里小区6号楼
朝阳区,北京师范大学实验幼儿园（大西洋新城）,事业单位,事业单位,北京市朝阳区南湖南路10号院530楼
朝阳区,北京市朝阳区启明东润幼儿园（珠江园）,民办,民办,北京市朝阳区广渠路28号珠江帝景小区222楼
朝阳区,北京市朝阳区陶乐园幼儿园,民办,民办,北京市朝阳区酒仙桥东北郊粮库家属院内
朝阳区,北京市朝阳区奥园幼儿园,教育部门,地级教育部门,北京市朝阳区东坝中路京奥家园611号楼
朝阳区,北京市朝阳区三为园幼儿园,民办,民办,北京市朝阳区香江北路马泉营四区36号
朝阳区,北京市朝阳区小橡树三元桥幼儿园,民办,民办,朝阳区西坝河东里30号楼
朝阳区,北京市朝阳区艾毅幼儿园,民办,民办,北京市朝阳区霞光里66号远洋新干线E座02-05
朝阳区,北京市朝阳区艾毅幼儿园（卓锦园）,民办,民办,北京市朝阳区崔各庄新锦路18号
朝阳区,北京市朝阳区幸福天使幼儿园,民办,民办,北京市朝阳区工体北路幸福二村29号楼
朝阳区,北京市朝阳区青苗幼儿园,民办,民办,北京市朝阳区安立路30号仰山公园东1门7号楼
朝阳区,北京市朝阳区伊顿幼儿园,民办,民办,北京市朝阳区棕榈泉国际名苑居住区
朝阳区,北京市朝阳区伊顿幼儿园（新城国际园）,民办,民办,北京市朝阳区朝外大街6号新城国际19号楼
朝阳区,北京市朝阳区新世纪幼儿园,民办,民办,朝阳区呼家楼新街大院16号
朝阳区,北京市朝阳区新世纪幼儿园（分园）,民办,民办,北京市朝阳区呼家楼金台里甲5号
朝阳区,北京市朝阳区忠德幼儿园,民办,民办,北京市朝阳区东苇路9号
朝阳区,北京市朝阳区爱丽尔幼儿园,民办,民办,朝阳区八里庄东里1号幼儿园
朝阳区,北京市朝阳区甘露实验幼儿园,民办,民办,甘露园南里一区4号楼
朝阳区,北京市蓓蕾幼儿园,地方企业,地方企业,北京市朝阳区十里堡北区1号院
朝阳区,北京市朝阳区北方之星民族幼儿园,民办,民办,朝阳区常营民族家园B区70号楼
朝阳区,北京市朝阳区朝花幼儿园（双惠园）,事业单位,事业单位,北京市朝阳区双桥双惠苑小区内甲2号
朝阳区,北京市朝阳区教育国资中心幼儿园（嘉悦园）,事业单位,事业单位,北京市朝阳区朝阳北路107号院珠江罗马家园28号楼
朝阳区,北京市朝阳区满天星幼儿园,民办,民办,北京市朝阳区八里庄北里119号
朝阳区,北京市朝阳区世纪阳光幼儿园,民办,民办,北京市朝阳区豆各庄乡大鲁店北路北侧富力又一城18号
朝阳区,北京市朝阳区培华实验幼儿园,民办,民办,北京市朝阳区红庙北里9号楼
朝阳区,北京市朝阳区培华实验幼儿园(亚运村小营园),民办,民办,北京市朝阳区小营北路23号院8号楼 
朝阳区,北京市朝阳区凯尔宝宝幼儿园,民办,民办,北京市朝阳区驼房营南路2号院23楼
朝阳区,北京市朝阳区凯尔宝宝幼儿园（爱这城园）,民办,民办,北京市朝阳区十里堡甲2号院10号楼
朝阳区,北京市朝阳区新园幼儿园,民办,民办,北京市朝阳区广渠门外大街三号院4号楼
朝阳区,北京市朝阳区管庄建东苑幼儿园,民办,民办,北京市朝阳区建东苑小区28号楼
朝阳区,北京市朝阳区可儿幼儿园（阳光上东园）,民办,民办,北京市朝阳区东四环北路六号
朝阳区,北京市朝阳区可儿幼儿园,民办,民办,北京市朝阳区双桥东路9号
朝阳区,北京市朝阳区中育万科青青幼儿园,民办,民办,北京市朝阳区东五环豆各庄乡5号院万科青青家园
朝阳区,北京市朝阳区可儿金港幼儿园,民办,民办,北京市朝阳区西大望路19号金港国际
朝阳区,北京市朝阳区家育苑幼儿园,民办,民办,北京市朝阳区东三环中路建外SOHO西区14号楼旁
朝阳区,北京市朝阳区京华合木幼儿园,民办,民办,北京市朝阳区八里庄南里28号
朝阳区,北京市朝阳区美真幼儿园,民办,民办,北京市朝阳区管庄西里20号
朝阳区,北京市朝阳区启明德福幼儿园,民办,民办,北京市朝阳区东三环南路大路园2号
朝阳区,北京市朝阳区星河湾幼儿园,民办,民办,北京市朝阳区朝阳北路四季星河中街3号
朝阳区,北京市朝阳区淘乐思幼儿园,民办,民办,西大望路59号院风度柏林小区8号楼
朝阳区,北京市朝阳区永和智慧幼儿园,民办,民办,北京市朝阳区亚运村安慧里4区10号楼
朝阳区,北京朝莘蓝岛幼儿园（世纪村园）,地方企业,地方企业,北京市朝阳区育慧北路世纪村西区6号楼
朝阳区,北京市朝阳区金色摇篮幼儿园（华腾园）,民办,民办,北京市朝阳区望京西路50号院鹿港嘉苑14号楼
朝阳区,北京市朝阳区朝莘辰阳幼儿园（小关园）,地方企业,地方企业,北京市朝阳区小关北里210号
朝阳区,北京市朝阳区金色摇篮幼儿园（慧忠园）,民办,民办,北京市朝阳区慧忠北里第二社区206号楼
朝阳区,北京市朝阳区金色摇篮幼儿园（东区国际园）,民办,民办,北京市朝阳区慈云寺1号院东区国际9号
朝阳区,北京市朝阳区金色摇篮幼儿园,民办,民办,北京市朝阳区望京街道望京西路50号院14号楼
朝阳区,北京市朝阳区石佛营幼儿园,民办,民办,北京市朝阳区石佛营西里4号
朝阳区,北京市朝阳区百年嘉华幼儿园,民办,民办,北京市朝阳区百子湾家园403号楼
朝阳区,北京市朝阳区精诚实验幼儿园,民办,民办,北京市朝阳区松榆西里甲34号
朝阳区,北京市朝阳区精诚实验幼儿园（育慧里园）,民办,民办,北京市朝阳区育慧西里12号楼
朝阳区,北京市朝阳区精诚实验幼儿园（南磨房园）,民办,民办,北京市朝阳区楼梓庄村窑洼湖桥化工路北侧1号院
朝阳区,北京市朝阳区双龙幼儿园,民办,民办,北京市朝阳区双龙南里225楼
朝阳区,北京市朝阳区立城苑小金星幼儿园,民办,民办,立水桥甲3号院8号楼
朝阳区,北京市朝阳区为明实验幼儿园,民办,民办,北京市朝阳区林萃西里19号为明实验幼儿园
朝阳区,北京市朝阳区东方子楹幼儿园,民办,民办,通惠南街甲1号水郡长安小区1号院17号楼
朝阳区,北京市朝阳区卧龙幼儿园,民办,民办,北京市朝阳区望京南湖东园222楼
朝阳区,北京市朝阳区黑庄户乡中心幼儿园,集体,集体,北京市朝阳区黑庄户乡黑庄户路与七星与交叉口东北150米
朝阳区,北京市朝阳区向日葵幼儿园,民办,民办,北京市朝阳区通惠家园E-11楼
朝阳区,北京市朝阳区向日葵幼儿园（兴隆北区园）,民办,民办,朝阳区建国路29号兴隆家园北区22号
朝阳区,北京市朝阳区六里屯街道中心幼儿园,集体,集体,北京市朝阳区道家园小区甲4号
朝阳区,北京市朝阳区十八里店乡幼儿园,集体,集体,朝阳区周家庄中路18号院9号楼
朝阳区,北京市朝阳区伊顿宝星幼儿园,民办,民办,北京市朝阳区望京东园一区111号
朝阳区,北京市朝阳区金蓓蕾幼儿园,民办,民办,北京市朝阳区东坝朝阳新城东里五区17号院
朝阳区,北京市朝阳区春宇幼儿园,民办,民办,北京市朝阳区磨坊北里127楼
朝阳区,北京市朝阳区威斯顿幼儿园,民办,民办,北京市朝阳区百子湾西里113号
朝阳区,北京市朝阳区凡恩格林幼儿园,民办,民办,朝阳区大屯街道安立路58号中灿苑小区内
朝阳区,北京市朝阳区京师实验幼儿园,民办,民办,北京市朝阳区甜水园东里43号楼京师实验幼儿园
朝阳区,北京市朝阳区优笛幼儿园,民办,民办,北京市朝阳区四惠通惠家园惠泽园7号楼
朝阳区,北京市朝阳区爱迪幼儿园,民办,民办,北京市朝阳区金盏乡楼梓庄11号
朝阳区,北京市朝阳区北辰福第幼儿园,教育部门,地级教育部门,北京市朝阳区常营中路7号院东侧北辰福第幼儿园
朝阳区,北京市朝阳区聪明娃娃幼儿园,民办,民办,北京市朝阳区利泽西园307号楼
朝阳区,北京市朝阳区定福家园幼儿园,教育部门,地级教育部门,北京市朝阳区定福家园南里1号院7号楼
朝阳区,北京市朝阳区伽悦然幼儿园,民办,民办,北京市朝阳区光熙家园8号楼
朝阳区,北京市朝阳区红黄蓝新天地幼儿园,民办,民办,北京市朝阳区朝阳路9号
朝阳区,北京市朝阳区可儿苹果幼儿园,民办,民办,北京市朝阳区百子湾南路32号
朝阳区,北京市朝阳区刘诗昆万象新天幼儿园,民办,民办,北京市朝阳区常营地区办事处万象新天社区居委会
朝阳区,北京市朝阳区启明国风幼儿园,民办,民办,北京市朝阳区望京东园六区629号楼
朝阳区,北京市朝阳区启明东润幼儿园（玫瑰园） ,民办,民办,朝阳区延静里中街18号院甲3号
朝阳区,北京市朝阳区启明东润幼儿园,民办,民办,北京市朝阳区南十里居39号
朝阳区,北京市朝阳区巧智博仁幼儿园,民办,民办,北京市朝阳区辛店路1号
朝阳区,北京市朝阳区伊顿华侨城幼儿园,民办,民办,北京市朝阳区金蝉欢乐园1号院甲2号
朝阳区,北京市朝阳区宜宝幼儿园,民办,民办,南十里居41号院4号楼
朝阳区,北京市朝阳区翕乐东坝幼儿园,集体,集体,北京市朝阳区东坝家园B区117-118间
朝阳区,北京市朝阳区拔萃幼儿园,民办,民办,北京市朝阳区平房桥东拔萃路1号
朝阳区,北京市朝阳区融域为明幼儿园,民办,民办,北京市朝阳区林萃西里49号楼
朝阳区,北京市朝阳区三间房乡中心幼儿园,集体,集体,北京市朝阳区康惠园2号院7号楼
朝阳区,北京市朝阳区格顿东湖湾幼儿园,民办,民办,北京市朝阳区利泽西街4号院2号楼
朝阳区,北京市朝阳区远洋星空幼儿园,民办,民办,北京市朝阳区管庄塔营北街甲3号院
朝阳区,北京市朝阳区王子岛幼儿园,民办,民办,北京市朝阳区管庄乡塔营街4号楼
朝阳区,北京市朝阳区春风化雨幼儿园,民办,民办,北京市朝阳区南磨房路1号院1号楼
朝阳区,北京市朝阳区泛美幼儿园,民办,民办,北京市朝阳区望京西园三区324号楼
朝阳区,北京市朝阳区京学幼儿园,民办,民办,北京市朝阳区新北路9号
朝阳区,北京市朝阳区凯尔宝宝望京幼儿园,民办,民办,北京市朝阳区北四环东路甲9号方舟苑小区11号楼
朝阳区,北京市朝阳区子乐幼儿园,民办,民办,望京南湖西园501号楼
朝阳区,北京市朝阳区伊禾木幼儿园,民办,民办,北京市朝阳区双桥东路甲9号
朝阳区,北京市朝阳区吉而慧幼儿园,民办,民办,北京市朝阳区双营路2号院
朝阳区,北京市朝阳区青苗大望路幼儿园,民办,民办,北京市朝阳区建国路93号万达广场7号楼
朝阳区,北京市朝阳区青苗大望路幼儿园（现代城园）,民办,民办,北京市朝阳区建国路88号现代城
朝阳区,北京市朝阳区禾光幼儿园,民办,民办,北京市朝阳区朝阳公园南路6号4幢二层
朝阳区,北京市朝阳区伊顿首府幼儿园,民办,民办,北京市朝阳区西大望路甲20号
朝阳区,北京市朝阳区德爱幼儿园,民办,民办,北京市朝阳区朝阳北路15号北辰福第商业楼东侧
朝阳区,北京市朝阳区青苗望湖幼儿园,民办,民办,北京市朝阳区广顺北大街32号院8号楼1至3层
朝阳区,北京市朝阳区教育国资中心幼儿园（奥林分园）,事业单位,事业单位,北京市朝阳区东坝中路奥林匹克花园小区150号
朝阳区,北京市朝阳区青苗常青藤幼儿园,民办,民办,东坝南一街4号
朝阳区,北京市朝阳区幸福天使翠成幼儿园,民办,民办,北京市朝阳区垡头翠成馨园111号
朝阳区,北京市朝阳区阳光起点幼儿园,民办,民办,北京市朝阳区东坝家园综合楼1层至三层
朝阳区,北京市朝阳区王四营乡第一幼儿园,集体,集体,北京市朝阳区官庄村东侧
朝阳区,北京市朝阳区睿泽幼儿园,民办,民办,劲松三区328号
朝阳区,北京市朝阳区鼎耀新城小规模幼儿园,民办,民办,北京市朝阳区朝外大街6号新城国际24号楼101
朝阳区,北京市朝阳区可儿观唐幼儿园,民办,民办,北京市朝阳区观唐东路1号院6号楼
朝阳区,北京市朝阳区好思之家幼儿园,民办,民办,北京市朝阳区朝阳公园西里南区15号
朝阳区,北京市朝阳区二十一世纪金茂府幼儿园,民办,民办,北京市朝阳区茂兴东路9号院
朝阳区,北京市朝阳区青苗蓝港幼儿园,民办,民办,朝阳区朝阳公园路6号院19号楼
朝阳区,北京市朝阳区博雅学园幼儿园,民办,民办,北京市朝阳区大屯路科学园南里西街3号院4号楼 
朝阳区,北京市朝阳区向日葵逸翠幼儿园,民办,民办,北京市朝阳区姚家园东里中路12号院1号楼
朝阳区,北京市朝阳区向日葵幼儿园（兴隆园）,民办,民办,北京市朝阳区建国路29号兴隆家园30号楼
朝阳区,北京市朝阳区向日葵幼儿园（赛洛城）,民办,民办,朝阳区百子湾东里323号楼
朝阳区,北京市朝阳区森润幼儿园,民办,民办,百子湾东里107号楼
朝阳区,北京市朝阳区孩子的故事幼儿园,民办,民办,北京市朝阳区大屯里118号华悦国际公寓H座
朝阳区,北京市朝阳区伊顿国奥村幼儿园,民办,民办,北京市朝阳区林萃东路甲10号
朝阳区,北京市朝阳区馨德家幼儿园,民办,民办,北京市朝阳区东四环北路88号甲6号楼2层
朝阳区,北京市朝阳区艾德沃幼儿园,民办,民办,北京市朝阳区红军营南路168号
朝阳区,北京市朝阳区沃德兰幼儿园,民办,民办,北京市朝阳区广和南里二条16号院3号楼劲松嘉园底商
朝阳区,北京市朝阳区博雅来北幼儿园,民办,民办,北京市朝阳区来广营乡来北家园西门
朝阳区,北京市朝阳区未来荣华北花园幼儿园,民办,民办,北京市朝阳区高碑店北花园小区4号院1号楼
朝阳区,北京市朝阳区吉米小天使幼儿园,民办,民办,朝阳区姚家园东里9号院
朝阳区,北京市朝阳区豆各庄乡中心幼儿园,集体,集体,朝阳区豆各庄乡朝丰家园15号院20号楼
朝阳区,北京市朝阳区启明星小规模幼儿园,民办,民办,北京市朝阳区马泉营路18号
朝阳区,北京市朝阳区蓝星幼儿园,民办,民办,北京市朝阳区金盏乡黎各庄村434号
朝阳区,北京市朝阳区崔各庄乡马泉营村中心幼儿园,集体,集体,朝阳区崔各庄乡马泉营村68号
朝阳区,北京市朝阳区三奕幼儿园,民办,民办,北京市朝阳区将台西路9-1号
朝阳区,北京市朝阳区满天星太阳宫幼儿园,民办,民办,北京市朝阳区太阳宫乡西坝河西路街道168号
朝阳区,北京市朝阳区艾德维尔幼儿园,民办,民办,北京市朝阳区石佛营东里150号
朝阳区,北京市朝阳区崔各庄乡东辛店村中心幼儿园,集体,集体,东辛店村249号
朝阳区,北京市朝阳区金博士幼儿园,民办,民办,北京市朝阳区青年路27号院5号楼
朝阳区,北京市朝阳区将台乡驼房营村中心幼儿园,集体,集体,北京市朝阳区将台路驼房营村中心幼儿园
朝阳区,北京市朝阳区金禾小规模幼儿园,民办,民办,北京市朝阳区祁家豁子甲8号
朝阳区,北京市朝阳区太阳宝贝幼儿园,民办,民办,夏家园甲13号
朝阳区,北京市朝阳区崔各庄乡费家村中心幼儿园,集体,集体,北京市朝阳区崔各庄乡费家村220号
朝阳区,北京市朝阳区可儿丽水幼儿园,民办,民办,北京市朝阳区丽水嘉园12号楼
朝阳区,北京市朝阳区金盏乡金盏东村中心幼儿园,集体,集体,北京市朝阳区金盏乡杨树岗村
朝阳区,北京市朝阳区黑庄户乡郎各庄村幼儿园,集体,集体,北京市朝阳区黑庄户乡郎各庄村
朝阳区,北京市朝阳区乔瑞小规模幼儿园,民办,民办,北京市朝阳区青年路西里5号院润枫水尚西区11号楼底商07-08-09
朝阳区,北京市朝阳区三间房乡新房村中心幼儿园,集体,集体,朝阳区三间房乡新房村369号滨河路
朝阳区,北京市朝阳区孙河乡辛堡中心幼儿园,集体,集体,朝阳区孙河乡下辛堡
朝阳区,北京市朝阳区力迈米克幼儿园,民办,民办,北京市朝阳区北苑路北辰绿色家园天朗园甲1号
朝阳区,北京市朝阳区京旺小金星幼儿园,民办,民办,北京市朝阳区京旺家园小区四区12号楼
朝阳区,北京市朝阳区启乐思幼儿园,民办,民办,北京市朝阳区南湖西里23号楼
朝阳区,北京市朝阳区蓝杉树幼儿园,民办,民办,北京市朝阳区北苑东路88号蓝地时尚庄园内
朝阳区,北京市朝阳区金盏乡皮村中心幼儿园,集体,集体,北京市朝阳区金盏乡皮村徐尹路尹各庄桥西100米
朝阳区,北京市朝阳区美派幼儿园,民办,民办,北京市朝阳区双井街道百子湾南二路78号院5号楼
朝阳区,北京市朝阳区蓝天官庄中心幼儿园,集体,集体,北京市朝阳官庄路甲101-1号
朝阳区,北京市朝阳区梧桐树双语幼儿园,民办,民办,北京市朝阳区来广营乡清河营村6号
朝阳区,北京市朝阳区为依幼儿园,民办,民办,北京市朝阳区柳芳南里12号
朝阳区,北京市朝阳区教育国资中心幼儿园,事业单位,事业单位,北京市朝阳区东坝乡康源路14号院1号楼2号
朝阳区,北京市朝阳区教育国资中心幼儿园（东洲园）,事业单位,事业单位,北京市朝阳区来广营北路88号院9号楼
朝阳区,北京市朝阳区教育国资中心幼儿园（丽都园）,事业单位,事业单位,北京市朝阳区将府家园北里134号
朝阳区,北京市朝阳区教育国资中心幼儿园（汇景园）,事业单位,事业单位,北京市朝阳区东坝乡单店南路11号楼1号院
朝阳区,北京市朝阳区教育国资中心幼儿园（华翰C区园）,事业单位,事业单位,北京市朝阳区东坝南二街驹子房乡华瀚福园C区412号楼
朝阳区,北京市朝阳区教育国资中心幼儿园（华翰D区园）,事业单位,事业单位,北京市朝阳区东坝乡驹子房村438号
朝阳区,北京市朝阳区教育国资中心幼儿园（东风苑园）,事业单位,事业单位,北京市朝阳区星火西路辛庄二街东风苑小区10号院3号楼
朝阳区,北京市朝阳区教育国资中心幼儿园（青荷里园）,事业单位,事业单位,北京市朝阳区豆各庄乡天达路三号院一号楼
朝阳区,北京市朝阳区教育国资中心幼儿园（祈东园）,事业单位,事业单位,北京市朝阳区化工路60号
朝阳区,北京市朝阳区教育国资中心幼儿园（瑞福园）,事业单位,事业单位,孙河乡中粮瑞府居住区
朝阳区,北京市朝阳区教育国资中心幼儿园（瑞祥园）,事业单位,事业单位,北京市朝阳区管庄乡瑞祥里东区
朝阳区,北京市朝阳区教育国资中心幼儿园（望京园）,事业单位,事业单位,北京市朝阳区远安南一路7号院
朝阳区,北京市朝阳区教育国资中心幼儿园（惠新贸大园）,事业单位,事业单位,北京市朝阳区安外小关惠新西街9号院综合楼
朝阳区,北京市朝阳区教育国资中心幼儿园（瑞平东园）,事业单位,事业单位,北京市朝阳区崔各庄乡荣平路4号院1号楼
朝阳区,北京市朝阳区教育国资中心幼儿园（惠福园）,事业单位,事业单位,北京市朝阳区常营万象新天117号楼
朝阳区,北京市朝阳区教育国资中心幼儿园（林萃园）,事业单位,事业单位,北京市朝阳区畅清园二期花虎沟8号院
朝阳区,北京市朝阳区教育国资中心幼儿园（和安园）,事业单位,事业单位,北京市朝阳区天盈北路30号院
朝阳区,北京市朝阳区教育国资中心幼儿园（裕民园）,事业单位,事业单位,北京市朝阳区裕民东里甲一号
朝阳区,北京市朝阳区教育国资中心幼儿园（瑞平西园）,事业单位,事业单位,北京市朝阳区崔各庄乡创达路三号院
朝阳区,北京市朝阳区教育国资中心幼儿园（晨风园）,事业单位,事业单位,北京市朝阳区豆各庄乡通惠灌渠9号
朝阳区,北京市朝阳区教育国资中心幼儿园（百子园）,事业单位,事业单位,北京市朝阳区王四营乡悦安街9号
朝阳区,北京市朝阳区向日葵北纬蓝天幼儿园,民办,民办,朝阳区广达路4号
朝阳区,北京市朝阳区大地绿岛幼儿园,民办,民办,北京市朝阳区博大路25号
朝阳区,北京柠檬幼儿园有限公司（北京市朝阳区柠檬幼儿园）,民办,民办,北京市朝阳区石佛营西里39号楼
朝阳区,北京市朝阳区爱朗来广营幼儿园,民办,民办,朝阳区水岸南街1-东门
朝阳区,北京市朝阳区福禄贝尔幼儿园,民办,民办,北京市朝阳区青年路6号1幢
朝阳区,北京市朝阳区向日葵东方蓝天幼儿园,民办,民办,北京市朝阳区世纪东方嘉园南磨房新村建设二期
朝阳区,北京市朝阳区特蕾新幼儿园,民办,民办,北京市朝阳区黄厂南里三号院28号楼
朝阳区,北京第二外国语学院幼儿园,事业单位,事业单位,北京市朝阳区定福庄南里1号
朝阳区,北京市朝阳区理德斯幼儿园,民办,民办,北京市朝阳区高碑店乡兴隆庄甲8号体育园区2号楼
朝阳区,北京市朝阳区菁未来小规模幼儿园,民办,民办,北京市朝阳区观唐东路5号3号院
朝阳区,北京市朝阳区金盏小金星幼儿园,民办,民办,北京市朝阳区金盏嘉园C区
朝阳区,北京青年政治学院附属幼儿园,事业单位,事业单位,将府锦苑小区
朝阳区,北京青年政治学院附属幼儿园（孙河园）,事业单位,事业单位,北京市朝阳区孙河乡顺白路6号
朝阳区,北京青年政治学院附属幼儿园（清榆园）,事业单位,事业单位,北京市朝阳区孙河乡清榆南街1号院3区1号楼
朝阳区,北京市朝阳区哈瑞幼儿园,民办,民办,北京市朝阳区安贞西里四区五号
朝阳区,北京市朝阳区欢乐谷小金星幼儿园,民办,民办,北京市朝阳区世纪华侨城旅游主题社区B区
朝阳区,北京爱朗慧才幼儿园有限公司（北京市朝阳区爱朗慧才幼儿园）,民办,民办,北京市朝阳区来广营西路2号院3号楼
朝阳区,北京市朝阳区中少手拉手幼儿园有限责任公司（北京市朝阳区中少手拉手幼儿园）,民办,民办,北京市朝阳区兴隆庄甲8号院6号
朝阳区,北京市朝阳区美格国典幼儿园,民办,民办,朝阳区安定路12号院国典华园小区8号楼
朝阳区,北京市朝阳区美格千鹤幼儿园,民办,民办,北京市朝阳区北四环东路108号院千鹤家园8号楼
朝阳区,北京海实幼儿园有限公司（北京市朝阳区海实幼儿园）,民办,民办,北京市朝阳区兴隆西街8号
朝阳区,北京嘉杉嘉华幼儿园有限公司（北京市朝阳区嘉杉嘉华幼儿园）,民办,民办,北京市朝阳区望京东园三区11号楼101、102
朝阳区,北京市朝阳区巴学园幼儿园,民办,民办,北京市朝阳区建国路10号
朝阳区,北京市朝阳区三间房乡定福庄西村幼儿园,集体,集体,朝阳区三间房乡天泰定福苑10号
朝阳区,北京保罗幼儿园有限公司（北京市朝阳区保罗幼儿园）,民办,民办,北京市朝阳区小红门乡成寿寺路136号院13号楼
朝阳区,北京棒宝贝幼儿园有限公司（北京市朝阳区棒宝贝幼儿园）,民办,民办,北京市朝阳区朝阳路87号院3号楼
朝阳区,北京市朝阳区乐成幼儿园,民办,民办,北京市朝阳区双桥街西巷六号
朝阳区,北京市朝阳区圣克弗斯幼儿园,民办,民办,北京市朝阳区广渠路36号院甲7号楼
朝阳区,北京凯斯幼儿园有限公司（北京市朝阳区凯斯幼儿园）,民办,民办,北京市朝阳区红庙北里64号楼
朝阳区,北京芬爱幼儿园有限公司（北京市朝阳区芬爱幼儿园）,民办,民办,北京市朝阳区黄渠东路2号院14号楼
朝阳区,北京光之谷幼儿园有限公司（北京市朝阳区光之谷幼儿园）,民办,民办,北京市朝阳区林萃西里55号国际气候大厦东南门
朝阳区,北京市朝阳区金宝社区办园点,社区办园点,民办,北京市朝阳区来广营乡新生村66号1层102室
朝阳区,北京澳蒙幼儿园有限责任公司（北京市朝阳区澳蒙幼儿园）,民办,民办,北京市朝阳区首图东路5号院5号楼-1至2层
朝阳区,北京市朝阳区英格乐聆幼儿园有限公司,民办,民办,北京市朝阳区域清街2号院9号楼
朝阳区,北京市朝阳区井德幼儿园,民办,民办,北京市朝阳区朝阳路辅路兴隆庄甲8号A座
朝阳区,北京市朝阳区博识梦飞丽都幼儿园有限公司,民办,民办,彩虹路6号银枫家园9号
朝阳区,北京京师莱顿幼儿园有限公司（北京市朝阳区京师莱顿幼儿园）,民办,民办,北京市朝阳区来广营西路18号
朝阳区,北京京朝青青藤幼儿园有限公司（北京市朝阳区京朝青青藤幼儿园）,民办,民办,朝阳区石佛营东里128号院5号楼
朝阳区,北京市朝阳区巴学园泛海幼儿园有限公司（北京市朝阳区巴学园泛海幼儿园）,民办,民办,北京市朝阳区石佛营东里133号院4号楼一层4-3二层4-5三层407
朝阳区,北京市朝阳区丽都宜荷幼儿园有限公司（北京市朝阳区丽都宜荷幼儿园）,民办,民办,北京市朝阳区将台西路芳园里小区25号楼旁1号
朝阳区,北京市朝阳区燕京雍阳幼儿园有限公司（北京市朝阳区燕京雍阳幼儿园）,民办,民办,北京市朝阳区常营常意路4号院3号楼
朝阳区,北京市朝阳区蒙睿童幼儿园,民办,民办,北京市朝阳区常惠路4号楼1至2层101、102、103、105
朝阳区,北京市朝阳区求实幼儿园,事业单位,事业单位,北京市朝阳区西坝河东里103号
朝阳区,北京市朝阳区求实幼儿园（和平街园）,事业单位,事业单位,北京市朝阳区和平街十四区临9号楼1号院
朝阳区,北京市朝阳区求实幼儿园（观唐东路园）,事业单位,事业单位,北京市朝阳区观唐东路4号院1号楼
朝阳区,北京市朝阳区求实幼儿园（将府园）,事业单位,事业单位,北京市朝阳区将府南街2号院14、15号
朝阳区,中国科学院第六幼儿园 ,事业单位,事业单位,北京市朝阳区亚运村街道办事处华严北里小区16号楼
朝阳区,北京市朝阳区东窑中心幼儿园,民办,民办,北京市朝阳区金盏乡东窑村
朝阳区,北京市朝阳区十八里店乡横街子村中心幼儿园 ,集体,集体,北京市朝阳区十八里店乡横街子村滨河西路7号
朝阳区,北京市朝阳区向日葵首都机场第一幼儿园,民办,民办,北京市朝阳区燕翔西里小区
朝阳区,北京市朝阳区贝丝童家幼儿园,民办,民办,北京市朝阳区朝阳公园路6号院20号楼L-LW-30b
朝阳区,中国科学院第五幼儿园 ,事业单位,事业单位,北京市朝阳区科学园南里三区317楼/四区411楼
朝阳区,北京开普森幼儿园有限公司,民办,民办,北京市朝阳区将台路6号丽都饭店内5号楼一层二层
朝阳区,北京市朝阳区燕京雍阳东坝幼儿园,民办,民办,北京市朝阳区管庄路181号院内8号楼
朝阳区,北京市朝阳区九力童真幼儿园,民办,民办,北京市朝阳区来广营乡清河营1号平房606室
朝阳区,北京市朝阳区金盏中心幼儿园,民办,民办,朝阳区金盏西村458号
朝阳区,北京市朝阳区深蓝幼儿园,民办,民办,北京市朝阳区高碑店乡高碑店村二区40号
朝阳区,北京市朝阳区童萌幼儿园,民办,民办,朝阳区奥运村街道拂林北路天乐园七号院
朝阳区,北京市朝阳区太阳蓝天启航幼儿园,民办,民办,北京市朝阳区太阳宫新纪家园内
朝阳区,北京常营比泡乐儿幼儿园有限公司（北京市朝阳区比泡乐儿幼儿园）,民办,民办,北京市朝阳区朝阳北路17号楼
朝阳区,北京市朝阳区黄寺溢彩童心社区办园点,社区办园点,社区办园点,北京市朝阳区黄寺大街人定湖北巷11号院
朝阳区,北京市朝阳区外馆智慧星社区办园点,社区办园点,民办,北京市朝阳区外馆斜街3号交通宾馆内2层203室
朝阳区,北京市朝阳区孩子的故事北苑社区办学点,社区办园点,民办,北京市朝阳区万科星园甲7号
朝阳区,北京市朝阳区诺爱社区办园点,社区办园点,民办,常营常惠路2号1层102室
朝阳区,北京市朝阳区金色童年社区办园点,社区办园点,民办,北京市朝阳区常营乡常新路6号院10号楼
朝阳区,北京市朝阳区京师常营社区办园点,社区办园点,民办,北京市朝阳区常营乡荟万鸿社区常营荟康苑小区17号
朝阳区,北京市朝阳区优而嘉社区办园点,社区办园点,民办,北京市朝阳区南十里居41号院6号楼D29
朝阳区,北京市朝阳区永远的孩子社区办园点,社区办园点,社区办园点,北京市朝阳区崔各庄乡大望京8号楼商业办公楼一层111
朝阳区,北京市朝阳区启心教育社区办园点,社区办园点,民办,北京市朝阳区豆各庄乡天达路朝丰家园6号院9-1-3
朝阳区,北京市朝阳区培文社区办园点,社区办园点,社区办园点,北京市朝阳区豆各庄1号幸福七和文创园
朝阳区,北京市朝阳区垡头起航社区办园点,社区办园点,民办,垡头翠城馨园115号楼
朝阳区,北京市朝阳区阳光社区办园点,社区办园点,民办,北京市朝阳区高碑店乡高碑店村陶家湾1824号
朝阳区,北京市朝阳区思达社区办园点,社区办园点,民办,北京市朝阳区甘露园南里二区15号楼一层3号房
朝阳区,北京市朝阳区京师实验和平街社区办园点,社区办园点,民办,北京市朝阳区和平西街1号院首钢国旅大厦一层
朝阳区,北京市朝阳区和平街爱迪尔社区办园点,社区办园点,民办,北京市朝阳区胜古中路2号院19幢一层101室
朝阳区,北京市朝阳区辅智社区办园点,社区办园点,民办,朝阳区呼家楼南里2号院
朝阳区,北京市朝阳区梵迪爱宝园社区办园点,社区办园点,民办,北京市朝阳区将台乡驼房营南路2号院梵谷水郡8号楼
朝阳区,北京市朝阳区金盏乡黎各庄贝贝之星社区办园点,社区办园点,民办,北京市朝阳区金盏乡黎各庄村315号
朝阳区,北京市朝阳区力迈社区办园点,社区办园点,民办,北京市朝阳区立水桥公园东区1号
朝阳区,北京市朝阳区格林嘉顿蒙台梭利儿童之家社区办园点,社区办园点,社区办园点,朝阳区水岸庄园1009号楼一层101内111号
朝阳区,北京市朝阳区慈力森林儿童之家社区办园点,社区办园点,民办,北京市朝阳区来广营新北路10号
朝阳区,北京市朝阳区二十一世纪社区办园点,社区办园点,民办,北京市朝阳区北苑家园望春园11号楼一层
朝阳区,北京市朝阳区半岛社区办园点,社区办园点,民办,北京市朝阳区朝来绿色家园来春园34号
朝阳区,北京市朝阳区孩子的故事百子湾社区办园点,社区办园点,民办,北京市朝阳区百子湾东里沿海赛洛城411
朝阳区,北京市朝阳区山水文园学乐社区办园点,社区办园点,民办,北京市朝阳区弘燕路山水文园东园22号楼
朝阳区,北京市朝阳区华杉小悦中心社区办园点,社区办园点,民办,北京市朝阳区青年路西里2号院9号楼
朝阳区,北京市朝阳区爱多社区办园点,社区办园点,民办,北京市朝阳区雅成三里2-101
朝阳区,北京市朝阳区圣克弗斯姚家园社区办园点,社区办园点,社区办园点,北京市朝阳区平房体育中心西路808号
朝阳区,北京市朝阳区京师实验定福庄社区办园点,社区办园点,民办,北京市朝阳区三间房乡定福庄西街17号
朝阳区,北京市朝阳区三里屯街道艾毅社区办园点,社区办园点,民办,北京市朝阳区三里屯东四街13号
朝阳区,北京市朝阳区三里屯街道圣顿公学社区办园点,社区办园点,民办,北京市朝阳区北三里社区南30号楼南侧平房2幢202
朝阳区,北京市朝阳区嘉为社区办园点,社区办园点,民办,北京市朝阳区厂坡村甲3号院7号楼
朝阳区,北京市朝阳区乐沃思社区办园点,社区办园点,民办,北京市朝阳区望京阜通西大街18号院都市心海岸雅园1号楼底商
朝阳区,北京市朝阳区孩子的奇乐园社区办园点,社区办园点,民办,北京市朝阳区望京湖光中街8号六幢一层6101-6106
朝阳区,北京市朝阳区阳光爱子社区办园点,社区办园点,民办,朝阳区望京新城413号楼二层
朝阳区,北京市朝阳区世纪金娃社区办园点,社区办园点,民办,北京市朝阳区小红门乡鸿博家园二期A区12号楼二层
朝阳区,北京市朝阳区小红帽中海城社区办园点,社区办园点,民办,北京市朝阳区成寿寺路中海城136号院10号楼
朝阳区,北京市朝阳区大屯街道伊顿社区办园点,社区办园点,民办,北京市朝阳区科荟路大屯里社区104号楼
朝阳区,北京市朝阳区北青儿童教育成长中心社区办园点,社区办园点,民办,北京市朝阳区管庄镇双桥东路3号院10号楼102
朝阳区,北京市朝阳区聚福苑社区办园点,社区办园点,民办,北京市朝阳区定福庄路102号院9号楼
朝阳区,北京市朝阳区鸿博快乐宝贝社区办园点,社区办园点,民办,北京市朝阳区小红门鸿博家园二期B区2号楼2单元底商01号
朝阳区,北京市朝阳区大自然儿童之家社区办园点,社区办园点,民办,北京市朝阳区麦子店街道霞光里66号院甲7号楼1-2层商业F05
朝阳区,北京市朝阳区世茂幼儿园,民办,民办,北京市朝阳区清林路1号院8号楼
朝阳区,北京万博雅乐幼儿园有限公司,民办,民办,
朝阳区,清华大学附属中学广华幼儿园,事业单位,事业单位,朝阳区广泰东路4号院
朝阳区,朝阳区丰和幼儿园,地方企业,省级其他部门,朝阳区太阳宫中路丰和园15号院1号楼
丰台区,北京市丰台区多智幼儿园,民办,民办,北京市丰台区长辛店德善里19号
丰台区,北京市丰台区义和之星幼儿园,民办,民办,北京市丰台区和义东里三区9号楼
丰台区,北京市丰台区槐房幼儿园,集体,集体,丰台区南苑乡槐房北路
丰台区,北京市丰台区威尔夏幼儿园,民办,民办,华源四里甲8号楼
丰台区,北京市丰台区如果幼儿园,民办,民办,北京市丰台区方庄芳星园二区11-1号院
丰台区,北京市丰台区南宫方芳幼儿园,民办,民办,北京市丰台区王佐镇长青路113号-1
丰台区,北京市丰台区惠智幼儿园,民办,民办,北京市丰台区京铁家园三区二号
丰台区,北京市丰台区北方星娃幼儿园,民办,民办,北京市丰台区右安门外玉林东里1区5号楼·
丰台区,北京市丰台区北方之星幼儿园 - 翠林园,民办,民办,北京市丰台区右安门外翠林小区二里十五号楼
丰台区,北京市丰台区翕乐幼儿园,民办,民办,北京市丰台区右安门外开阳里一区6号楼
丰台区,北京市丰台区太平桥东里幼儿园,集体,集体,北京市丰台区太平桥东里20号
丰台区,北京市丰台区京师蓝天幼儿园,民办,民办,北京市丰台区华源三里D区8号楼
丰台区,北京市丰台区育英幼儿园,教育部门,地级教育部门,丰台区洋桥西里33号
丰台区,北京市丰台区西罗园幼儿园,教育部门,地级教育部门,北京市丰台区洋桥北里32号
丰台区,北京市丰台区群英幼儿园,教育部门,县级教育部门,北京市丰台区西罗园三区10号楼
丰台区,北京市丰台区群英幼儿园-南华园,教育部门,县级教育部门,北京市丰台区南华小区14号院
丰台区,北京市丰台区群英幼儿园-怡和园,教育部门,县级教育部门,北京市丰台区金桥东街9号院11号楼
丰台区,中国人民解放军空军工程设计研究局幼儿园,部队,部队,北京市丰台区洋桥12号院
丰台区,北京市丰台区西罗园第一幼儿园,集体,集体,北京市丰台区西罗园一区11号楼
丰台区,北京市丰台区西罗园第二幼儿园,集体,集体,北京市丰台区海户西里七号托幼楼
丰台区,北京市丰台区芳茹幼儿园,民办,民办,北京市丰台区角门东里小区7号楼西侧
丰台区,北京市丰台区东罗园幼儿园,教育部门,地级教育部门,北京市丰台区永外赵公口小区1号楼
丰台区,北京市丰台区东罗园幼儿园 - 分园,教育部门,地级教育部门,北京市丰台区沙子口路宣祥家园
丰台区,北京欣宇幼儿园,民办,民办,北京市丰台区西马场北里15号
丰台区,北京市邮政管理局海慧寺幼儿园,民办,民办,北京市丰台区南顶村44号楼邮局宿舍院内幼儿园
丰台区,北京市丰台区翩翩英才幼儿园,民办,民办,北京市丰台区大红门建欣苑小区三里
丰台区,北京市丰台区南苑教工幼儿园,教育部门,地级教育部门,北京市丰台区南苑西路11号院11号楼
丰台区,中国人民解放军95810部队幼儿园,部队,部队,北京市丰台区南苑街道办事处机场社区居委会
丰台区,空军装备研究院蓝天幼儿园分园,部队,部队,丰台区警备东路6号二区
丰台区,北京市丰台区南苑镇新开路幼儿园,集体,集体,北京市丰台区南苑镇新开路头道街16号
丰台区,北京市丰台区幼师附属幼儿园,事业单位,事业单位,丰台区南苑北里一区7号楼
丰台区,中国航天科技集团有限公司第一研究院航天幼儿园,地方企业,省级其他部门,北京市丰台区东高地万源东里90栋
丰台区,中国航天科技集团有限公司第一研究院航天幼儿园 -二分园,地方企业,省级其他部门,北京市丰台区东高地街道斜街乙16号
丰台区,中国航天科技集团有限公司第一研究院航天幼儿园 -三分园,地方企业,省级其他部门,北京市丰台区东高地桃源里22栋
丰台区,中国航天科技集团公司第一研究院航天幼儿园 -四分园,地方企业,省级其他部门,北京市丰台区西罗园四区26号
丰台区,中国航天科技集团有限公司第一研究院航天幼儿园 -五分园,地方企业,省级其他部门,北京市丰台区万源路甲一号
丰台区,北京市丰台区蒲黄榆第一幼儿园,教育部门,地级教育部门,北京市丰台区蒲黄榆三里甲三号楼
丰台区,北京市丰台区蒲黄榆第一幼儿园 - 分园,教育部门,地级教育部门,北京市丰台区城南嘉园益城园13号
丰台区,北京市丰台区蒲黄榆第一幼儿园-洋桥分园,教育部门,地级教育部门,丰台区临泓路37号院15号楼
丰台区,北京市丰台区蒲黄榆第二幼儿园,教育部门,地级教育部门,北京市丰台区蒲安里8号楼
丰台区,北京市丰台区蒲黄榆第二幼儿园 - 分园,教育部门,地级教育部门,北京市丰台区建邦华府贾家花园3号院2号楼
丰台区,北京市丰台区东铁匠营办事处怡心幼儿园,集体,集体,北京市丰台区蒲黄榆四里13号楼一层
丰台区,北京市丰台区阳光起点幼儿园,民办,民办,北京市丰台区石榴园北里24号
丰台区,北京市丰台区意馨幼儿园,民办,民办,北京市丰台区东铁营政馨园二区8号楼
丰台区,北京市丰台区意馨幼儿园 - 三路居教学点,民办,民办,北京市丰台区三路居金都苑小区18号院
丰台区,北京市丰台区旭翔芳馨幼儿园,民办,民办,北京市丰台区成寿寺路北口四方景园二区7号楼
丰台区,北京市丰台区第二幼儿园,教育部门,地级教育部门,北京市丰台区望园东里8号
丰台区,北京市丰台区第二幼儿园 - 分园,教育部门,地级教育部门,丰台区望园西里17号楼
丰台区,北京市丰台区第三幼儿园,教育部门,地级教育部门,北京市丰台区五里店南里29号
丰台区,北京市丰台区第三幼儿园 - 大成园,教育部门,地级教育部门,大成南里一区17号楼
丰台区,北京市丰台区第三幼儿园 - 大井园,教育部门,地级教育部门,北京市丰台区大井北里9号楼
丰台区,北京市丰台区青塔第二幼儿园,教育部门,地级教育部门,北京市丰台区青塔小区秀园7号
丰台区,北京市丰台区青塔第二幼儿园 - 分园,教育部门,地级教育部门,北京市丰台区青塔小区蔚园15号楼
丰台区,八一电影制片厂幼儿园,部队,部队,北京市丰台区六里桥北里甲一号
丰台区,中国人民解放军总医院第五医学中心幼儿园,部队,部队,北京市西四环中路100号
丰台区,北京市丰台区卢沟桥街道第二幼儿园,集体,集体,北京市丰台区卢沟桥街道办事处蔚园社区居委会
丰台区,北京市丰台区卢沟桥街道办事处五里店幼儿园,集体,集体,北京市丰台区五里店南里小区17号楼
丰台区,北京市丰台区篙娃幼儿园,民办,民办,小屯路6号
丰台区,北京蓝天幼儿园华凯园,地方企业,省级其他部门,北京市丰台区六里桥街道办事处风荷曲苑10号楼102
丰台区,北京市丰台区第一幼儿园,教育部门,地级教育部门,丰台区东大街27号
丰台区,北京市丰台区第一幼儿园 - 丰益园,教育部门,地级教育部门,丰台区丰管路3号院6号楼
丰台区,北京市丰台区第一幼儿园 - 民族园,教育部门,地级教育部门,北京市丰台区东大街东里九号楼
丰台区,北京市丰台区第一幼儿园 - 顺八园,教育部门,地级教育部门,宋家庄顺八条一区5号楼
丰台区,北京市丰台区第六幼儿园,教育部门,地级教育部门,北京市丰台区正阳小区7号楼
丰台区,北京市丰台区第六幼儿园 - 分园,教育部门,地级教育部门,北京市丰台区丰桥路8号院
丰台区,中国人民解放军海军航空兵部幼儿园,部队,部队,北京市丰台区东大街五号院
丰台区,中国人民解放军32701部队第一幼儿园,部队,部队,北京市丰台区东安街头条19号
丰台区,中央军委机关事务管理总局红星幼儿园（丰台园）,部队,部队,北京市丰台区西四环南路63号院内
丰台区,中国人民解放军32701部队第二幼儿园,部队,部队,北京丰台东大街49号院
丰台区,中国人民解放军军事科学院幼儿园（复兴分园）,部队,部队,北京市丰台区东大街20号院
丰台区,北京市丰台区人民政府机关幼儿园,教育部门,地级教育部门,北京市丰台区北大街1号
丰台区,北京市丰台区北大地新西区幼儿园,其他部门,省级其他部门,北京市丰台区北大地一里14栋
丰台区,北京市丰台区星星天地幼儿园,民办,民办,北京市丰台区丰管路1号院3号楼
丰台区,北京市丰台区第四幼儿园,教育部门,地级教育部门,北京市丰台区桥南造甲南里17号
丰台区,北京市丰台区第四幼儿园 - 分园,教育部门,地级教育部门,北京市丰台区新发地银地家园A区14号楼
丰台区,北京市丰台区第五幼儿园,教育部门,地级教育部门,北京市丰台区韩庄子东里甲一号
丰台区,北京市丰台区第五幼儿园 - 分园,教育部门,地级教育部门,北京市丰台区丰桥路7号院4号楼
丰台区,北京市丰台区第五幼儿园-华润城园,教育部门,地级教育部门,北京市丰台区樊羊路66号院1号
丰台区,北京市丰台区花城幼儿园,教育部门,地级教育部门,丰台区芳菲路88号院12号楼
丰台区,北京市丰台区花城幼儿园 - 分园,教育部门,县级教育部门,丰台区郭公庄中街16号院4号楼
丰台区,北京市丰台怡海幼儿园,民办,民办,北京市丰台区南四环西路129号怡海花园内
丰台区,北京市丰台区雅瀚幼儿园,民办,民办,北京市丰台区新村街道办事处草桥欣园第一居委会
丰台区,北京市丰台区长辛店第一幼儿园,教育部门,地级教育部门,北京市丰台区长辛店镇连杨街4号院1
丰台区,北京市丰台区长辛店第一幼儿园 - 分园,教育部门,地级教育部门,北京市丰台区长辛店陈庄大街9号
丰台区,陆军装甲兵学院幼儿园,部队,部队,北京市丰台区长辛店街道办事处装甲兵工程学院居委会
丰台区,中国人民解放军63963部队幼儿园,部队,部队,北京市丰台区长辛店街道办事处槐树岭社区居委会
丰台区,军委办公厅第五十一研究所幼儿园,部队,部队,北京市丰台区长辛店朱家坟五里3号院
丰台区,北京二七车辆厂幼儿园,地方企业,地方企业,北京市丰台区张郭庄南路1号
丰台区,北京北方车辆集团有限公司幼儿园,地方企业,省级其他部门,朱家坟二里十二号
丰台区,北京二七机车厂幼儿园,地方企业,省级其他部门,北京市丰台区长辛店崔村一里11号
丰台区,中国航天科技集团有限公司第十一研究院幼儿园,事业单位,事业单位,北京市丰台区云岗南区8楼
丰台区,北京航天华盛幼儿园,地方企业,省级其他部门,北京市丰台区云岗南区西里22号
丰台区,北京航天华盛幼儿园 - 分园,地方企业,省级其他部门,北京市丰台区云岗北里2号
丰台区,北京市丰台区朵萌迪泰幼儿园,民办,民办,北京市丰台区云岗南区西里41楼南侧
丰台区,北京市丰台区方庄第一幼儿园,教育部门,地级教育部门,北京市丰台区方庄芳古园一区16号楼
丰台区,北京市丰台区芳庄第二幼儿园,教育部门,地级教育部门,北京市丰台区芳星园三区22号楼
丰台区,北京市丰台区芳庄第二幼儿园 - 分园,教育部门,地级教育部门,北京市丰台区西罗园南里34号楼
丰台区,北京市丰台区芳庄第二幼儿园-珠江骏景园区,教育部门,地级教育部门,北京市丰台区永外果园43号珠江骏景北区内
丰台区,北京市丰台区方庄第三幼儿园,教育部门,地级教育部门,北京市丰台区方庄芳城园一区8号楼
丰台区,北京市丰台区方庄第三幼儿园 - 分园,教育部门,地级教育部门,北京市丰台区方庄芳城园一区7号楼
丰台区,北京市丰台区实验幼儿园,教育部门,地级教育部门,北京市丰台区方庄芳群园二区10号楼
丰台区,北京市丰台区实验幼儿园 - 分园,教育部门,地级教育部门,北京市丰台区方庄芳星园一区7号楼
丰台区,北京市丰台区方庄第六幼儿园,教育部门,地级教育部门,北京市丰台区方庄芳星园三区28号楼
丰台区,芳星第一幼儿园,其他部门,省级其他部门,丰台区芳星园二区16号楼
丰台区,北京市丰台区芳群第二幼儿园,集体,集体,北京市丰台区芳群园四区10号楼
丰台区,北京市丰台区芳群第二幼儿园 - 分园,集体,集体,北京市丰台区方庄地区芳群园二区18号楼
丰台区,北京市丰台区汇佳实验幼儿园,民办,民办,北京市丰台区方庄芳古园二区6号楼
丰台区,北京市丰台区吉而慧幼儿园,民办,民办,北京市丰台区方庄紫芳园二区7号楼
丰台区,北京市丰台区吉而慧幼儿园 - 世华水岸教学点,民办,民办,丰台区赵公口桥南金桥西街世华水岸小区
丰台区,北京市丰台区宛平幼儿园,教育部门,地级教育部门,北京市丰台区晓月苑垂虹街3号
丰台区,北京市丰台区嘉园第一幼儿园,教育部门,地级教育部门,嘉园二里25号楼
丰台区,北京市丰台区嘉园第一幼儿园 - 分园,教育部门,地级教育部门,北京市丰台区槐房西路316号院23号楼
丰台区,北京市丰台区嘉园第一幼儿园-亚林西园,教育部门,地级教育部门,丰台区西铁营中路9号院10号楼
丰台区,北京市丰台区同心稚乐幼儿园,民办,民办,北京市丰台区嘉园二里34号楼
丰台区,北京市丰台区同心稚乐幼儿园 - 南极星教学点,民办,民办,北京市丰台区丰葆东路3号
丰台区,北京市丰台区同心稚乐幼儿园 -和光里教学点,民办,民办,北京市丰台区和光里小区12号楼
丰台区,北京市丰台区宝贝星河幼儿园,民办,民办,北京市丰台区北甲地路6号院玺萌丽苑内
丰台区,北京市丰台区布朗幼儿园,民办,民办,北京市丰台区西马场南里二区18号楼
丰台区,北京市丰台区环雅阳光幼儿园,民办,民办,北京市丰台区马家堡西路28号院7号楼
丰台区,北京市丰台区嘉德润语幼儿园,民办,民办,北京市丰台区嘉园三里15号楼
丰台区,北京市丰台区金贝德实验幼儿园,民办,民办,北京市丰台区和义东里一区一号院
丰台区,北京市丰台区大井幼儿园,集体,集体,北京市丰台区大井田各庄133号
丰台区,北京市丰台区东管头幼儿园,集体,集体,北京市丰台区丽泽路1号院5号楼
丰台区,北京市丰台区小井幼儿园,集体,集体,北京市丰台区小井村558号
丰台区,北京市丰台区岳各庄幼儿园,集体,集体,北京市丰台区岳各庄543号
丰台区,北京市丰台区黄土岗中心幼儿园,集体,集体,北京市丰台区花乡黄土岗村前岗子
丰台区,北京市丰台区新发地农工商联合公司中心幼儿园,集体,集体,北京市丰台区新发地京开路东海子公园内
丰台区,北京市丰台区看丹村中心幼儿园,集体,集体,北京市丰台区看丹杨树庄临27号
丰台区,北京市丰台区榆树庄幼儿园,集体,集体,北京市丰台区人民村152号
丰台区,北京市丰台区草桥幼儿园,集体,集体,北京市丰台区草桥欣园一区3号楼
丰台区,北京市丰台区草桥幼儿园 - 分园,集体,集体,北京市丰台区镇国寺北街西段路南
丰台区,北京市丰台区草桥幼儿园-北园,集体,集体,北京市丰台区草桥欣园二区5号楼
丰台区,北京市丰台区明悦峰景幼儿园,民办,民办,北京市丰台区青塔西路珠江峰景58号院31号楼
丰台区,北京市丰台区立杰小红帽幼儿园,民办,民办,北京市丰台区丰葆路富锦嘉园小区三区11号楼
丰台区,北京市丰台区立杰小红帽幼儿园 - 鑫福里教学点,民办,民办,北京市丰台区洋桥鑫福里小区7号楼
丰台区,北京市丰台区美格花城幼儿园,民办,民办,北京市丰台区万年花城万芳园一区6号楼
丰台区,北京市丰台区卢沟桥幼儿园,集体,集体,北京市丰台区卢沟桥晓月中路8号
丰台区,北京市丰台区海嘉实验幼儿园,民办,民办,北京市丰台区万泉寺256号万润风景小区10号楼
丰台区,北京市丰台区嘉恒小哈佛友爱谷幼儿园,民办,民办,北京市丰台区方庄南路29号
丰台区,北京市丰台区美域大地幼儿园,民办,民办,北京市丰台区小屯路美域家园南区6号楼
丰台区,北京市丰台区汇英佳音幼儿园,民办,民办,北京市丰台区大成里春园10号楼
丰台区,北京市丰台区德美幼儿园,民办,民办,北京市丰台区大成南里一区十号楼
丰台区,北京市丰台区北方之星幼儿园,民办,民办,北京市丰台区三环新城7号院14号楼
丰台区,北京市丰台区阳光起点锦城幼儿园,民办,民办,北京市丰台区新发地天伦锦城小区14号楼
丰台区,北京市丰台区世纪阳光幼儿园,民办,民办,北京市丰台区长辛店2号院珠江御景嘉园17号楼
丰台区,北京市丰台区第二幼儿园葆台园,教育部门,地级教育部门,北京市丰台区葆台中街欣葆家园
丰台区,北京市丰台区繁星幼儿园,民办,民办,丰台区右外大街右安门街道办事处社区服务中心
丰台区,北京市丰台区糖果繁星幼儿园 - 嘉园教学点,民办,民办,丰台区嘉园路大台子9号
丰台区,北京市丰台区万恒恩卓幼儿园,民办,民办,北京市丰台区小屯西路66号院5号楼
丰台区,北京市丰台区邦尼幼儿园,民办,民办,北京市丰台区宋庄路26号院
丰台区,北京市丰台区南苑第一幼儿园,教育部门,地级教育部门,北京市丰台区南苑嘉则路1号
丰台区,中央民族大学附属中学丰台实验学校幼儿园,教育部门,县级教育部门,北京市丰台区云岗西路28号院二区8号楼
丰台区,北京市丰台区二十一世纪实验幼儿园,民办,民办,北京市丰台区六圈路2号院c-5号
丰台区,北京市丰台区顶秀欣园幼儿园,民办,民办,北京市丰台区石榴庄南里1号院4号楼
丰台区,北京市丰台区乐嘟嘟实验幼儿园,民办,民办,北京市丰台区丰台南路鸿业兴园二区3号楼
丰台区,北京市丰台区建华一诺幼儿园,民办,民办,丰台区槐房北路临1号
丰台区,北京市丰台区星空俊才幼儿园,民办,民办,镇国寺北街6号院9号楼
丰台区,北京市丰台区大成幼儿园,民办,民办,北京市丰台区大成路大成南里三区27号楼
丰台区,北京市丰台区幸福泉阳光花园幼儿园,民办,民办,北京市丰台区马家堡东路101号院5号楼
丰台区,北京市丰台区艾德森幼儿园,民办,民办,北京市丰台区马家堡东路189号院13号楼艾德森幼儿园
丰台区,北京市丰台区高娃幼儿园,民办,民办,北京市丰台区小屯路149号
丰台区,赵辛店幼儿园,集体,集体,北京市丰台区赵辛店村919号
丰台区,张郭庄幼儿园,集体,集体,北京市丰台区得秀南街2号院12号
丰台区,北京市丰台区太阳花幼儿园,民办,民办,北京市丰台区太阳花幼儿园马家堡东路168号院1号楼
丰台区,北京市丰台区先策恒爱幼儿园,民办,民办,北京市丰台区王佐镇南宫路临6号
丰台区,北京市丰台区学苑幼儿园,民办,民办,丰台区双庙村顶秀欣园东苑125号院9号楼
丰台区,北京市丰台区润泽桃李芳园幼儿园,民办,民办,北京市丰台区久敬庄路久敬佳园二区11号楼
丰台区,北京丰台区北京市第十二中学实验幼儿园,民办,民办,北京市丰台区张仪村西路2号院
丰台区,中国北方车辆研究所幼儿园,事业单位,事业单位,北京市丰台区槐树岭四号院
丰台区,北京市丰台区乐点幼儿园,民办,民办,北京市丰台区西局南街49号院1栋
丰台区,北京华杉幼儿园有限公司,民办,民办,北京市丰台区青塔西路58号院珠江峰景20号楼
丰台区,北京蓝天蓓尔幼儿园有限责任公司,民办,民办,北京市丰台区新村二里（4-2）
丰台区,北京洛克启蒙幼儿园有限公司,民办,民办,北京市丰台区角门小区东里37号楼
丰台区,北京市丰台区布朗金泰幼儿园,民办,民办,北京市丰台区丽泽路3号院
丰台区,北京市丰台区王佐镇魏各庄幼儿园,集体,集体,北京市丰台区王佐镇千灵山路199号
丰台区,中信正业继创者丰台幼儿园,地方企业,省级其他部门,北京市丰台区张仪村路98号
丰台区,北京市丰台区卢沟桥街道郭庄子幼儿园,集体,集体,北京市丰台区五里店北里一区8号
丰台区,北京市丰台区丰台街道周庄子幼儿园,集体,集体,北京市丰台区庄怡北街6号院
丰台区,首都经济贸易大学附属幼儿园,事业单位,事业单位,北京市丰台区芳菲路78号院2号楼
丰台区,北京市丰台区丰知花幼儿园,事业单位,事业单位,马家堡路200号院1号楼
丰台区,北京教育学院丰台分院附属学校,教育部门,地级教育部门,北京市丰台区三环新城6号院10号
丰台区,北京市丰台区长辛店学校,教育部门,地级教育部门,北京市丰台区朱家坟一里44号
丰台区,北京市丰台区红黄蓝知儿乐幼儿园,民办,民办,北京市丰台区新发地期颐百年小区10号楼
丰台区,丰台区东铁匠营街道太阳花幼儿园附设宋庄路第三社区第一办园点,社区办园点,民办,北京市丰台区横三条2号2号楼4单元商业1-2
丰台区,丰台区卢沟桥街道博雅青青幼儿园附设大井村第一社区办园点,社区办园点,民办,北京市丰台区程庄路程庄北里20号
丰台区,丰台区卢沟桥街道万恒恩卓幼儿园附设小瓦窑村第一社区办园点,社区办园点,民办,北京市丰台区兆丰馨园西区
丰台区,丰台区东铁匠营街道糖果繁星幼儿园附设蒲安里第二社区第一办园点,社区办园点,民办,北京市丰台区蒲安东里8号楼甲1号
丰台区,丰台区方庄街道芳古园社区第一办园点,社区办园点,民办,北京市丰台区芳古园一区11号楼
丰台区,丰台区新村街道美格花城幼儿园附设芳菲路社区第一办园点,社区办园点,民办,北京市丰台区芳菲路88号院11号楼
丰台区,丰台区看丹街道美格花城幼儿园附设科学城第二社区第一办园点,社区办园点,民办,北京市丰台区恒富街5号院2楼
丰台区,丰台区新村街道美格花城幼儿园附设三环新城第二社区第一办园点,社区办园点,民办,丰台区丰桥路六号院甲8号18号
丰台区,丰台区看丹街道美格花城幼儿园附设韩庄子第二社区第一办园点,社区办园点,民办,北京市丰台区韩庄子二里14号育博双语幼儿园
丰台区,丰台区新村街道美格花城幼儿园附设桥梁厂第二社区第一办园点,社区办园点,民办,北京市丰台区新村二里4-2
丰台区,丰台区玉泉营街道太阳花幼儿园附设风格与林社区第二办园点,社区办园点,民办,北京市丰台区新发地桥北风格与林社区甲28号
丰台区,丰台区玉泉营街道惠智幼儿园附设风格与林社区第一办园点,社区办园点,民办,北京市丰台区新发地风格与林西区甲15号
丰台区,丰台区新村街道美格花城幼儿园附设造甲村社区第一办园点,社区办园点,民办,北京市丰台区造甲街110号永乐文化产业园6号楼一层
丰台区,丰台区玉泉营街道二十一世纪实验幼儿园附设青秀城社区第一办园点,社区办园点,民办,北京市丰台区马家楼路一号院青秀城西区26号楼
丰台区,丰台区新村街道北京翰苑营宸文化旅游发展有限公司附属三环新城第一社区第一办园点,社区办园点,民办,丰台区丰桥路三环新城8号院13号楼29号底商
丰台区,丰台区和义街道糖果繁星幼儿园附设大红门锦苑二社区第一办园点,社区办园点,民办,大红门锦苑小区B区8号楼
丰台区,丰台区石榴庄街道糖果繁星幼儿园附设石榴园南里第二社区第一办园点,社区办园点,民办,北京市丰台区石榴园南里37号楼
丰台区,丰台区看丹街道六圈村第一社区办园点,社区办园点,民办,北京市丰台区花乡六圈西路8号院新华双创园C座一层101室
丰台区,丰台区大红门街道糖果繁星幼儿园附设海户屯社区第一办园点,社区办园点,民办,丰台区海户屯165号2幢
丰台区,丰台区西罗园街道第二社区第一办园点,社区办园点,民办,北京市丰台区西罗园二区甲7号
丰台区,丰台区石榴庄街道彩虹城社区第一办园点,社区办园点,民办,北京市丰台区光彩路68号院东区8号楼
丰台区,丰台区石榴庄街道太阳花幼儿园附设石榴园南里第一社区第一办园点,社区办园点,民办,石榴庄供暖厂东侧
丰台区,丰台区大红门街道翩翩英才幼儿园附设南顶路社区第二办园点,社区办园点,民办,北京市丰台区大红门街道光彩家园29号楼
丰台区,丰台区马家堡街道城南嘉园社区第一办园点,社区办园点,民办,北京市丰台区城南嘉园益城园14号
丰台区,丰台区马家堡街道枫竹苑社区第一办园点,社区办园点,民办,北京市丰台区马家堡街道枫竹苑北路11号楼
丰台区,丰台区玉泉营街道草桥社区第一办园点,社区办园点,民办,北京市丰台区草桥东路28号院7号楼博顿创意国际幼儿园
丰台区,丰台区南苑街道义和之星幼儿园附设翠海明苑社区第一办园点,社区办园点,民办,丰台区翠海明苑小区30号楼
丰台区,丰台区大红门街道翩翩英才幼儿园附设建欣苑东社区第一办园点,社区办园点,民办,丰台区大红门建欣苑一里8号楼底商
丰台区,丰台区大红门街道义和之星幼儿园附设南顶路社区第一办园点,社区办园点,民办,北京市丰台区南顶村21号
丰台区,丰台区马家堡街道玉安园社区第一办园点,社区办园点,民办,丰台区马家堡街道草桥东路北甲地9号院
丰台区,丰台区长辛店街道朵萌迪泰幼儿园附设赵辛店村第一社区办园点,社区办园点,民办,北京市丰台区朱家坟一里23号
丰台区,丰台区长辛店街道万恒恩卓幼儿园附设长辛店村第一社区办园点,社区办园点,民办,北京市丰台区杜家坎南路12号
丰台区,丰台区宛平街道润泽桃李芳园幼儿园附设沸城社区第一办园点,社区办园点,民办,北京市丰台区晓月八里5号楼
丰台区,丰台区宛平街道润泽桃李芳园幼儿园附设新城社区第一办园点,社区办园点,民办,晓月东路7号
丰台区,丰台区宛平街道多智幼儿园附设东关社区第一办园点,社区办园点,民办,卢沟桥北里3号院乙16号
丰台区,丰台区王佐镇糖果繁星幼儿园附设南宫村第一社区办园点 ,社区办园点,民办,北京市丰台区福宫路45号
丰台区,丰台区王佐镇朵萌迪泰幼儿园附设南宫村第四社区办园点,社区办园点,民办,北京市丰台区王佐镇长青路103号院242号
丰台区,丰台区王佐镇朵萌迪泰幼儿园附设南宫村第二社区办园点,社区办园点,民办,北京市丰台区王佐镇怡泉路西侧5号院
丰台区,丰台区王佐镇大成幼儿园附设南宫村第五社区办园点,社区办园点,民办,北京市丰台区王佐镇长青路89号院36号楼
丰台区,丰台区王佐镇朵萌迪泰幼儿园附设南宫村第六社区办园点,社区办园点,民办,北京市丰台区王佐镇南宫路与南宫迎宾路交叉口西北角
丰台区,丰台区王佐镇朵萌迪泰幼儿园附设庄户村第一社区办园点,社区办园点,民办,北京市丰台区王佐镇贺照云村
丰台区,丰台区王佐镇朵萌迪泰幼儿园附设沙锅村第一社区办园点,社区办园点,民办,北京市丰台区王佐镇沙锅村中心村下庄大队院
丰台区,丰台区王佐镇太阳花幼儿园附设南宫村第七社区办园点 ,社区办园点,民办,北京市丰台区王佐镇福宫路68号-2号
丰台区,丰台区太平桥街道蓝调社区第一办园点,社区办园点,民办,北京市丰台区三路居88号院12号楼布朗幼儿园
丰台区,丰台区六里桥街道翩翩英才幼儿园附设科兴佳园社区第一办园点,社区办园点,民办,丰台区 靛厂路 科兴佳园26号院13号楼
丰台区,丰台区六里桥街道博雅青青幼儿园附设西局欣园社区第一办园点,社区办园点,民办,北京市丰台区西局欣园南区8号
丰台区,北京市丰台区六里桥街道靛厂村幼儿园,集体,集体,北京市丰台区六里桥街道靛厂锦园15号
丰台区,丰台区卢沟桥街道小屯村第一社区办园点,社区办园点,民办,北京市丰台区卢沟桥乡小屯村梅市口路北侧133号F座
丰台区,丰台区六里桥街道美域大地幼儿园附设小井村第一社区办园点 ,社区办园点,民办,北京市丰台区小井润园二区（海军院内）
丰台区,丰台区丰台街道南宫方芳幼儿园附设东幸福街社区第一社区办园点,社区办园点,民办,丰台区文体路7号院
丰台区,北京市丰台区春蕾佳禾幼儿园,民办,民办,北京市丰台区西铁营西路1号院17号楼
丰台区,北京市丰台区曦林紫泉幼儿园,民办,民办,北京市丰台区紫泉北路3号院1号楼
丰台区,北京市丰台区大恩小卓幼儿园,民办,民办,北京市丰台区范家庄中路8号院
丰台区,北京市丰台区博雅青青幼儿园,民办,民办,北京市丰台区鑫博路7号院1号楼
丰台区,北京市丰台区金通和美幼儿园,民办,民办,北京市丰台区梅市口二通路26号院6号楼
丰台区,北京市丰台区井德润泽幼儿园,民办,民办,北京市丰台区宛月路4号院1号楼
丰台区,北京市丰台区知行元幼儿园,民办,民办,北京市丰台区南苑乡西铁营东路1号院1号楼
丰台区,北京市丰台区花乡街道羊坊春风和院幼儿园,集体,集体,北京市丰台区郭公庄南街11号
丰台区,北京市丰台区北宫镇东河沿幼儿园,集体,集体,北京市丰台区鑫博路4号院1号
丰台区,北京市丰台区长辛店街道赵辛店村第二幼儿园,集体,集体,北京市丰台区赵辛店村北岗洼1号
石景山区,北京军区机关幼儿园,部队,部队,北京市石景山区八大处甲1号院
石景山区,北京市石景山区洪恩幼儿园,民办,民办,鲁谷大街聚兴园小区8号楼
石景山区,北京市石景山区师范学校附属幼儿园,教育部门,地级教育部门,北京市石景山区永乐东小区
石景山区,北京市石景山区希望之星幼儿园,民办,民办,北京市石景山区鲁谷南路吴庄重兴园小区11号
石景山区,北京市石景山区新世纪幼儿园,民办,民办,北京市石景山区鲁谷社区六合园小区
石景山区,北京市石景山区实验幼儿园,事业单位,事业单位,北京市石景山区八角北里临甲35号实验幼儿园
石景山区,北京市石景山区幼儿园,事业单位,事业单位,古城南里17号
石景山区,北京市石景山区第二幼儿园,教育部门,县级教育部门,北京市石景山区八角南路甲6号院
石景山区,北京市石景山区八角北路幼儿园,教育部门,县级教育部门,北京市石景山区八角北路甲18号
石景山区,北京市石景山区八角幼儿园,事业单位,事业单位,石景山区八角南路小区甲18号楼
石景山区,北京特钢燕鼎金地幼教中心,地方企业,地方企业,北京市石景山区八角街道办事处八角北路特钢社区居委会
石景山区,北京市石景山区第三幼儿园,教育部门,县级教育部门,石景山区海特花园第二社区
石景山区,北京市京源学校幼儿部,教育部门,地级教育部门,北京市石景山区京原路10号
石景山区,北京市京源学校幼儿部融景城分园,教育部门,地级教育部门,北京市石景山区景阳东街67-4
石景山区,北京首实教育中心老山西里幼儿园,地方企业,地方企业,北京市石景山区老山街道办事处老山西里居委会
石景山区,首钢幼儿保教中心老山东里幼儿园,地方企业,地方企业,北京市石景山区老山东里临甲1号
石景山区,北京首实教育中心古城幼儿园,地方企业,地方企业,北京市石景山区古城小街15号
石景山区,北京首实教育中心八角幼儿园,地方企业,地方企业,北京市石景山区古城南路10号
石景山区,北京首实教育中心苹果园幼儿园,地方企业,地方企业,苹果园大街151号
石景山区,首钢幼儿保教中心金苹果幼儿园,民办,民办,北京市石景山区苹果园路16号
石景山区,北京首实教育中心金顶街幼儿园,地方企业,地方企业,北京市石景山区金顶街五区内
石景山区,北京首实教育中心模式口幼儿园,地方企业,地方企业,北京市石景山区金顶街街道模式口南里首钢幼教模式口幼儿园
石景山区,北京军区联勤部机关幼儿园,部队,部队,高井甲32号
石景山区,首钢矿山街道居民管理委员会第二幼儿园,地方企业,地方企业,河北省唐山市迁安市首钢矿业公司
石景山区,北京市石景山区蓝天领航幼儿园,民办,民办,北京市石景山区景阳东街18号
石景山区,北京市石景山区伊顿远洋幼儿园,民办,民办,北京市石景山区玉泉西里一区14号楼
石景山区,北京市石景山区尚德幼儿园,民办,民办,北京市石景山区五里坨街道办事处周转房
石景山区,北京市石景山区三色幼儿园,民办,民办,北京市石景山区杨庄南区甲五号
石景山区,北京市石景山区奥斯汀幼儿园,民办,民办,北京市石景山区石景山路2号北京台湾街A区12号楼12A-x
石景山区,北京市石景山区杨北幼儿园,事业单位,事业单位,北京市石景山区杨庄北区
石景山区,北京市石景山区可儿幼儿园,民办,民办,北京市石景山区鲁谷东街20号
石景山区,北京市石景山区爱贝儿幼儿园,民办,民办,北京市石景山区五里坨炮厂小区招待所院内
石景山区,北京市石景山区二十一世纪实验幼儿园,民办,民办,北京市石景山区西黄新村西里11号
石景山区,北京市石景山区海特实验幼儿园,民办,民办,北京市石景山区实兴大街5号
石景山区,北京市卡尔贝贝实验幼儿园,民办,民办,北京市石景山区五里坨中街C区12号院
石景山区,北京市石景山区育才幼儿园,民办,民办,石景山区古城北路38号
石景山区,北京市石景山区蓝天海跃幼儿园,民办,民办,北京市石景山区杨庄路56号院1、3号楼
石景山区,北京市石景山区滨和爱迪幼儿园,民办,民办,北京市石景山区古城街道燕堤南路55号
石景山区,北京市石景山区京娃娃幼儿园,民办,民办,石景山区西井路17号2号楼一层
石景山区,北京市石景山区幼儿园分园,教育部门,县级教育部门,北京市石景山区景阳东街58号院内
石景山区,北京市石景山区中科幼教玉泉幼儿园,教育部门,县级教育部门,北京市石景山区玉泉路北临一街翠谷玉景苑15号楼
石景山区,北京市石景山区洪恩之家幼儿园,民办,民办,北京市石景山区玉泉路67号院
石景山区,北京市石景山区王子岛幼儿园,民办,民办,北京市石景山区体育场西街26号院1号楼
石景山区,北京万商幼教中心老山幼儿园,地方企业,地方企业,北京市石景山区鲁谷依翠园新岚大厦
石景山区,北京万商幼教中心莲石湖幼儿园,地方企业,地方企业,北京市石景山区燕堤中街16号院1号
石景山区,北京万商幼教中心古城幼儿园,地方企业,地方企业,北京市石景山区城泰街7号-1
石景山区,北京万商幼教中心金顶街幼儿园,地方企业,地方企业,北京市石景山区金顶北路71号
石景山区,北京万商幼教中心五里坨幼儿园,地方企业,地方企业,北京市石景山区五里坨中街40号院18号楼
石景山区,石景山区小贝壳文化艺术幼儿园,民办,民办,北京市石景山区古城西路甲8号综合楼1号楼一区
石景山区,北京首实教育中心铸造村幼儿园,地方企业,地方企业,北京市石景山区铸造村小区14号
石景山区,北京市石景山区洛克幼儿园,民办,民办,石景山区
石景山区,北京市石景山区乐知行小天使幼儿园,民办,民办,北京市石景山区八宝山南路重兴嘉园1号
石景山区,阳光雨露幼儿园,民办,民办,北京市石景山区鲁谷路2号
石景山区,北京市石景山区实验幼儿园分园,事业单位,事业单位,北京市石景山区杨庄路56号院2号楼实验幼儿园（杨庄园区）
石景山区,北京市石景山区时代花园幼儿园,民办,民办,北京市石景山区时代花园南路21号院1号楼
石景山区,北京市石景山区博厚启迪幼儿园,民办,民办,北京市石景山区鲁谷路74号院南院工作区19号楼 
石景山区,北京瑞丁幼儿园,民办,民办,北京市石景山古城大街特钢公司（首特创业基地A座）一层109号）
石景山区,北京市石景山区高能幼儿园,地方企业,省级其他部门,北京市石景山区老山街道办事处高能所社区居委会
石景山区,北京市石景山区东方悦稚幼儿园,民办,民办,北京市石景山区金府北路35号院7号楼
石景山区,北京市石景山区首钢幼教五里春秋幼儿园,地方企业,地方企业,北京市石景山区上石府路29号
石景山区,北京市石景山区八大处精诚幼儿园,民办,民办,北京市石景山区八大处路甲28号
石景山区,北京首实教育中心翡翠山晓幼儿园,地方企业,地方企业,石景山区青石街19号院1号楼
石景山区,北京首实教育中心长安锦尚幼儿园,地方企业,地方企业,石景山区古城南里社区建隆街10号院1号楼
石景山区,北京首实教育中心熙山府幼儿园,地方企业,地方企业,石景山区天和街13号院1号楼
石景山区,北京市石景山区伊桥幼儿园,集体,集体,石景山区兴悦路5号院1号楼
石景山区,北京市石景山区童年幼儿园,民办,民办,石景山区八角北里小区物业段办公楼
海淀区,中国人民解放军国防大学幼儿园（复兴园）,部队,部队,北京市海淀区万寿路28号院
海淀区,住房和城乡建设部幼儿园,其他部门,省级其他部门,北京市海淀区甘家口街道三里河路9号
海淀区,核工业第二研究设计院幼儿园,事业单位,事业单位,北京市海淀区马神庙1号
海淀区,北京明天幼稚集团,教育部门,地级教育部门,北京市海淀区迎春园甲7号
海淀区,北京明天幼稚集团一幼塔院园,教育部门,地级教育部门,北京市海淀区塔院小区迎春园甲7号
海淀区,北京明天幼稚集团二幼双榆树园,教育部门,地级教育部门,北京市海淀区双榆树东里36号
海淀区,北京明天幼稚集团二幼南区园,教育部门,地级教育部门,北京市海淀区双榆树南里1号
海淀区,北京明天幼稚集团三幼志强园,教育部门,地级教育部门,海淀区文慧路志强北园小区 
海淀区,北京明天幼稚集团三幼学院路园,教育部门,地级教育部门,北京市海淀区蓟门里小区明天三幼学院路园
海淀区,北京明天幼稚集团四幼知春里园,教育部门,地级教育部门,北京市海淀区双榆树北路63号
海淀区,北京明天幼稚集团五幼万泉河园,教育部门,地级教育部门,海淀区稻香园北社区五幼万泉河园
海淀区,北京明天幼稚集团五幼东升园,教育部门,地级教育部门,北京市海淀区五道口东升园公寓5号楼
海淀区,北京明天幼稚集团六幼金沟河园,教育部门,地级教育部门,海淀区金沟河路3号院
海淀区,北京明天幼稚集团六幼小灵通园,教育部门,地级教育部门,北京市海淀区采石路玉海园五里21号楼
海淀区,北京明天幼稚集团七幼定西园,教育部门,地级教育部门,北京市海淀区定慧西里19号楼
海淀区,北京明天幼稚集团七幼百合花园,教育部门,地级教育部门,北京市海淀区车道沟南里小区
海淀区,北京明天幼稚集团七幼沙沟园,教育部门,地级教育部门,北京市海淀区万寿路一号院
海淀区,北京明天幼稚集团八幼上地园,教育部门,地级教育部门,北京市海淀区上地东里小区一区
海淀区,北京明天幼稚集团八幼佳园园,教育部门,地级教育部门,北京市海淀区上地佳园22号楼
海淀区,北京明天幼稚集团九幼永泰园,教育部门,地级教育部门,北京市市辖区海淀区西三旗街道永泰东里社区
海淀区,北京明天幼稚集团九幼安宁里园,教育部门,地级教育部门,北京市海淀区安宁里小区9号
海淀区,北京明天幼稚集团九幼锦顺园,教育部门,地级教育部门,北京市海淀区安宁庄路西三条九号
海淀区,北京明天幼稚集团十幼铁路园,教育部门,地级教育部门,北京市海淀区双贝子坟路3号
海淀区,9511联合社区幼儿园,部队,部队,海淀区西三旗建材城西路85号院
海淀区,北京林业大学幼儿园,事业单位,事业单位,海淀区清华东路35号
海淀区,北京市海淀区中关村街道第一幼儿园,集体,集体,北京市海淀区中关村北一街甲十三楼
海淀区,北京市海淀区本真幼儿园,民办,民办,北京市海淀区学院路二里庄小区内
海淀区,北京邮电大学幼儿园,事业单位,事业单位,北京市海淀区西土城路10号
海淀区,北京市海淀区现代睿智融合幼儿园,民办,民办,北京市海淀区知春路罗庄西里7号楼现代艺术幼儿园
海淀区,中国人民解放军空军装备研究院蓝天幼儿园,部队,部队,北京市海淀区安宁庄路11号院
海淀区,北京市海淀外国语实验学校附属幼儿园,民办,民办,北京市海淀区杏石口路20号
海淀区,中国航发北京航空材料研究院幼儿园,地方企业,省级其他部门,北京市海淀区温泉镇环山村
海淀区,北京育新实验幼儿园,事业单位,事业单位,北京市海淀区西三旗育新花园22号
海淀区,北京市海淀区北太平庄街道蓟门里幼儿园,集体,集体,北京市海淀区学院路蓟门里小区甲一号
海淀区,中央军委机关事务管理总局红星幼儿园（万寿路园）,部队,部队,北京市海淀区复兴路24号院
海淀区,中国科学院第七幼儿园,事业单位,事业单位,天秀花园古月园10号楼
海淀区,北京市海淀区英才美丽园幼儿园,民办,民办,北京市海淀区五棵松路20号
海淀区,航天机关幼儿园,事业单位,事业单位,海淀区阜成路8号院
海淀区,中国农业大学东校区幼儿园,事业单位,事业单位,海淀区清华东路17号
海淀区,北京岭南幼儿园,民办,民办,北京市海淀区定慧东里34号楼
海淀区,中国农业大学西校区幼儿园,事业单位,事业单位,圆明园西路3号院
海淀区,中国人民解放军63919部队幼儿园,部队,部队,北京市海淀区圆明园西路一号院
海淀区,北京市海淀区海淀镇中心幼儿园,集体,集体,北京市海淀区厢黄旗东路柳浪家园南里49号楼
海淀区,北京语言大学幼儿园,事业单位,事业单位,北京市海淀区学院路15号
海淀区,北京市海淀区四季青镇巨山幼儿园,集体,集体,北京市海淀区田村北路101号巨山幼儿园
海淀区,北京市海淀区长河湾汇佳幼儿园,民办,民办,北京市海淀区高粱桥斜街59号长河湾小区
海淀区,中央军委机关事务管理总局红星幼儿园（太平路园）,部队,部队,北京市海淀区太平路31号
海淀区,北京交通大学幼儿园,事业单位,事业单位,北京市海淀区高粱桥斜街44号
海淀区,中国人民武装警察部队总部机关幼儿园,部队,部队,北京市海淀区万泉庄16号楼
海淀区,北京市海淀区世纪新汇佳幼儿园,民办,民办,北京市海淀区蓝靛厂西路三号
海淀区,中共中央办公厅警卫局万寿路幼儿园,部队,部队,海淀区万寿路甲5号2号院
海淀区,中国人民解放军国防大学幼儿园（玉泉园）,部队,部队,北京市海淀区复兴路83号院幼儿园
海淀区,北京市海淀区中科幼教中关村实验幼儿园,民办,民办,北京市海淀区中国科学院东南小区西区甲932幢
海淀区,北京市六一幼儿院,教育部门,地级教育部门,北京市海淀区青龙桥六间房1号
海淀区,北京市六一幼儿院西山庭院院区,教育部门,地级教育部门,海淀区肖家河西山庭院小区
海淀区,北京市六一幼儿院西三旗院区,教育部门,地级教育部门,北京市海淀区西三旗建材城翡丽铂庭三区
海淀区,北京市海淀区英才幼儿园,民办,民办,海淀区北四环中路志新村小区12号
海淀区,中国科学院第一幼儿园,其他部门,省级其他部门,北京市海淀区中关村科源小区24楼旁
海淀区,中国科学院第一幼儿园北斗分园,其他部门,省级其他部门,北京市海淀区北清路22号院
海淀区,北京市海淀区北太平庄街道威凯幼儿园,集体,集体,北京市海淀区北太平庄红联南村3号
海淀区,中央军委机关事务管理总局红星幼儿园（花园路园）,部队,部队,海淀区北三环中路69号
海淀区,北京市海淀区四季青镇北坞幼儿园,集体,集体,北京市海淀区四季青镇北坞嘉园南里37号楼
海淀区,北京市海淀区恩济里幼儿园,教育部门,事业单位,北京海淀区恩济里小区10号恩济里幼儿园
海淀区,北京市海淀区恩济里幼儿园八宝庄分园,教育部门,地级教育部门,北京海淀区恩济里小区10号恩济里幼儿园
海淀区,北京市海淀区红缨幼儿园,民办,民办,北京市海淀区马连洼街道百旺家园西区39号
海淀区,北京市海淀区万泉汇佳幼儿园,民办,民办,北京市海淀区巴沟南路35号
海淀区,中国科学院第三幼儿园,事业单位,事业单位,北京市海淀区中关村南一街二号
海淀区,中国科学院第三幼儿园杏林湾分园,其他部门,事业单位,北京市海淀区北清路永丰嘉园三区32号
海淀区,中国科学院第三幼儿园北一街分园,事业单位,事业单位,北京市海淀区中关村北一街4号
海淀区,中国科学院第三幼儿园翠湖分园,其他部门,事业单位,北京市海淀区紫郡兰园西门向北200米
海淀区,中国科学院第三幼儿园上郡分园,事业单位,事业单位,北京市海淀区上庄镇沙阳路海淀上郡小区内幼儿园
海淀区,中国科学院第三幼儿园西北旺分园,事业单位,事业单位,北京市海淀区大牛坊三巷与大牛坊一环路交接处
海淀区,中国科学院第三幼儿园科学城北区分园,其他部门,中国科学院,
海淀区,中国科学院第三幼儿园小月河分园,事业单位,事业单位,北京市海淀区石板房南路双泉嘉苑
海淀区,中国科学院第三幼儿园北安河分园,事业单位,事业单位,北京市海淀区安河家园五里北侧
海淀区,中国科学院第三幼儿园上庄分园,事业单位,事业单位,北京市海淀区馨悦家园东区西南角（临街）
海淀区,中国科学院第三幼儿园前沙涧分园,事业单位,事业单位,北京市海淀区苏家坨镇前沙涧S1-1地块
海淀区,中国科学院第三幼儿园东升分园,事业单位,事业单位,北京市海淀区东升科技园北街18号文晟家园7号楼
海淀区,中国科学院幼儿园,事业单位,事业单位,海淀区中关村北二街4号水清木华园7号楼
海淀区,中央军委机关事务管理总局红星幼儿园（玉泉路园）,部队,部队,海淀区玉泉路68号院
海淀区,北京师范大学实验幼儿园,事业单位,事业单位,海淀区新街口外大街19号
海淀区,北京师范大学实验幼儿园龙樾分园,事业单位,事业单位,海淀区清河小营文龙家园三里8号楼
海淀区,北京师范大学实验幼儿园明光分部,事业单位,事业单位,海淀区北太平庄街道明光村小区
海淀区,中国音乐学院附属幼儿园,事业单位,事业单位,北京市海淀区八里庄北里15号
海淀区,中国音乐学院附属幼儿园健翔园,事业单位,事业单位,北京市海淀区北四环中路209健翔园小区H座
海淀区,北京有色金属研究总院幼儿园,地方企业,省级其他部门,新街口外大街3号院
海淀区,北京有色金属研究总院幼儿园分园,地方企业,省级其他部门,北三环中路43号院18号楼
海淀区,北京市二十一世纪实验幼儿园,民办,民办,北京市海淀区 恩济庄46号
海淀区,北京市海淀区人民政府机关幼儿园,其他部门,地级其他部门,北京市海淀区知春东里14号楼
海淀区,中国气象局幼儿园,事业单位,事业单位,海淀区中关村南大街46号
海淀区,新华社机关事务管理局保育院,事业单位,事业单位,北京市海淀区羊坊店路3号院
海淀区,北京市海淀区四季青香山幼儿园,集体,集体,北京市海淀区香山普安店240号
海淀区,北京市海淀区世纪阳光幼儿园,民办,民办,海淀区板井路73号
海淀区,中国人民解放军63921部队幼儿园,部队,部队,北京市海淀区北清路26号院内
海淀区,中国人民解放军火箭军机关幼儿园,部队,部队,海淀清河小营西路30号院
海淀区,中央军委机关事务管理总局红星幼儿园（复兴路园）,部队,部队,北京市海淀区复兴路20号
海淀区,中国林业科学研究院幼儿园,事业单位,事业单位,北京市海淀区东小府2号东院
海淀区,中国人民解放军军事科学院幼儿园（阜成园）,部队,部队,北京海淀区阜成路26号
海淀区,北京市清华洁华幼儿园,事业单位,事业单位,北京市海淀区清华大学校内洁华幼儿园
海淀区,北京市清华洁华幼儿园双清苑分园,事业单位,事业单位,北京市 海淀区双清路双清苑小区
海淀区,中国人民解放军国防大学幼儿园（红山园）,部队,部队,红山口甲3号国防大学
海淀区,中国人民解放军95968部队幼儿园,部队,部队,北京市海淀区昆明湖南路甲7号院
海淀区,中国人民解放军军事科学院幼儿园（复兴园）,部队,部队,北京市海淀区太平路27号院
海淀区,中央军委机关事务管理总局红星幼儿园（五棵松园）,部队,部队,北京市海淀区复兴路26号院
海淀区,空军指挥学院蓝天幼儿园,部队,部队,北京市海淀区北四环西路88号
海淀区,中国人民解放军61886部队幼儿园,部队,部队,北京市海淀区信息路33号
海淀区,北京航空航天大学幼儿园,事业单位,事业单位,北京市海淀区学院路37号
海淀区,首都师范大学附属幼儿园,事业单位,事业单位,海淀区西三环北路105号
海淀区,首都师范大学附属幼儿园八宝庄分园,事业单位,事业单位,北京市海淀区八宝庄33号
海淀区,北京大学医学部幼儿园,事业单位,事业单位,北京市海淀区学院路38号
海淀区,北京市海淀区幼辰幼儿园,民办,民办,海淀区清河小营阳光北里1号楼
海淀区,北京市海淀区布朗幼儿园,民办,民办,北京市海淀区魏公街1号韦伯豪家园10号楼
海淀区,北京市海淀区美华彩苑外国语幼儿园,民办,民办,北京市海淀区北坞村路23号
海淀区,北京市海淀区凯蒂幼儿园,民办,民办,北京市海淀区西二旗西路2号院86号楼
海淀区,北京市海淀区锦绣明天莲宝幼儿园,民办,民办,北京市海淀区吴家村路10号院甲1号楼
海淀区,北京市海淀区上庄科技园区幼儿园,教育部门,地级教育部门,北京市海淀区三嘉南街41号院
海淀区,北京市海淀区立新幼儿园,教育部门,地级教育部门,田村砂石厂路柳明家园西区38号
海淀区,北京市海淀区立新幼儿园环保园分园,教育部门,地级教育部门,温泉镇地锦路阅西山家园9号楼
海淀区,北京市海淀区立新幼儿园环保园分园分址,教育部门,地级教育部门,温泉镇地锦路阅西山家园小区2号楼
海淀区,北京市海淀区立新幼儿园温泉园,教育部门,地级教育部门,北京市海淀区温泉镇杨家庄
海淀区,钢铁研究总院幼儿园,其他部门,省级其他部门,北京市海淀区高粱桥斜街13号院甲27号
海淀区,北京馨星幼儿园,集体,集体,四季青镇香山南路实验四小旁
海淀区,中国农业科学院幼儿园,事业单位,事业单位,中关村南大街12号
海淀区,中国铁道科学研究院集团有限公司幼儿园,事业单位,事业单位,海淀区西直门外大柳树路2号
海淀区,中国人民解放军海军机关幼儿园,部队,部队,北京市海淀区西三环中路19号
海淀区,北京市海淀区太阳幼儿园,民办,民办,北京市海淀区大钟寺太阳园小区7号楼
海淀区,北京市海淀区太阳幼儿园（太月园）,民办,民办,北京市海淀区太阳幼儿园（太月园）
海淀区,北京五色土幼儿园,地方企业,省级其他部门,北京市海淀区三里河路五号院内
海淀区,兵器工业机关服务中心幼儿园,事业单位,事业单位,北京市海淀区车道沟十号院兵器社区
海淀区,中国人民大学幼儿园,事业单位,事业单位,北京市海淀区蓝靛厂中路19号
海淀区,中国人民大学幼儿园西三旗分园,事业单位,事业单位,北京市海淀区西三旗菁盈路6号院
海淀区,中国人民大学幼儿园苏州街分园,事业单位,事业单位,海淀区苏州街三号大河庄苑8号楼
海淀区,中国人民大学幼儿园田村分园,事业单位,事业单位,北京市海淀区田村路43号
海淀区,中国人民解放军32069部队机关幼儿园,部队,部队,海淀区厢红旗
海淀区,北京理工大学幼儿园,事业单位,事业单位,海淀区中关村南大街5号院
海淀区,北京市银河之星幼儿园,地方企业,省级其他部门,万寿路八宝庄252号
海淀区,北京阳光儿童早期教育实验中心幼儿园,民办,民办,北京市海淀区万寿路街道翠微北里10号
海淀区,北京市海淀区立新幼儿园分园航天之星幼儿园,事业单位,事业单位,北京市海淀区永定路正大南路6号
海淀区,北京市城市河湖管理处玉樱幼儿园,其他部门,省级其他部门,海淀区西三环中路10号（玉渊潭公园南门）内
海淀区,国家机关事务管理局花园村幼儿园,其他部门,省级其他部门,北京市海淀区增光路51号
海淀区,中国人民解放军总医院第六医学中心幼儿园,部队,部队,阜成路6号
海淀区,中央民族大学幼儿园,事业单位,事业单位,海淀区法华寺原址
海淀区,北京市海淀区紫竹院街道第二幼儿园,集体,集体,北京市海淀区魏公村小区16楼西侧
海淀区,中国石油集团科学技术研究院幼儿园,事业单位,事业单位,北京市海淀区学院路20号
海淀区,北京科技大学幼儿教育中心,事业单位,事业单位,海淀区西三旗宝盛西里26号楼
海淀区,北京科技大学幼儿教育中心学院路分园,事业单位,事业单位,海淀区学院路30号十区
海淀区,北京市育龙幼儿园,民办,民办,北京市海淀区清华东路东王庄小区七号
海淀区,北京市海淀区未来之星幼儿园,民办,民办,海淀区学院路14号新区
海淀区,北京市海淀区学院路街道展春园幼儿园,集体,集体,北京市海淀区展春园小区20号
海淀区,北京市海淀区海淀街道厂洼幼儿园,集体,集体,北京市海淀区厂洼小区5号楼西侧
海淀区,中国人民解放军61046部队幼儿园,部队,部队,北京市海淀区青龙桥街道办事处遗光寺社区居委会
海淀区,北京大学附属幼儿园,事业单位,事业单位,北京市海淀区北京大学燕东园26号
海淀区,北京大学附属幼儿园（蔚秀分园）,事业单位,事业单位,北京市海淀区北京大学蔚秀园内
海淀区,北京大学附属幼儿园新馨园（北园）,事业单位,事业单位,海淀区建材城西路16号新馨苑小区内
海淀区,中国人民解放军北京军区炮兵幼儿园,部队,部队,北京市海淀区香山南路红旗村4号院
海淀区,中国人民解放军总装备部后勤部小营幼儿园,部队,部队,北京市海淀区安宁庄东路28号院5号楼
海淀区,北京市海淀区领秀硅谷凯尔宝宝幼儿园,民办,民办,北京市海淀区西二旗中路领秀硅谷A区6号楼
海淀区,北京市海淀区朝昭幼儿园,民办,民办,北京市海淀区西三旗东路3号沁春家园内
海淀区,北京市海淀区凯尔宝宝幼儿园,民办,民办,北京市海淀区西三旗花园二里11号楼
海淀区,北京市海淀区四季青镇常青幼儿园,集体,集体,北京市海淀区四季青镇东冉村443号
海淀区,北京市海淀区四季青镇常青幼儿园田村分园,集体,集体,北京市海淀区田村街道馥霞里5号
海淀区,北京市海淀区四季青镇常青幼儿园蓝靛厂分园,集体,集体,北京市海淀区四季青镇东冉村443号
海淀区,北京市海淀区世纪汇佳幼儿园,民办,民办,北京市海淀区四季青昆明湖南路62号
海淀区,北京市海淀区四季青育红幼儿园,集体,集体,北京市海淀区田村北路162号
海淀区,北京市海淀区二十一世纪实验幼儿园,民办,民办,北京市海淀区曙光花园望河园8号楼
海淀区,北京市海淀区小星星幼儿园,集体,集体,海淀区马连洼梅园小区一号
海淀区,北京市海淀区小星星幼儿园菊园分园,集体,集体,北京市海淀区马连洼菊园小区
海淀区,北京市海淀区西北旺屯佃村幼儿园,集体,集体,北京市海淀区西北旺镇屯佃村
海淀区,北京市海淀区翠湖幼儿园,集体,集体,海淀区上庄镇
海淀区,北京市海淀区苏家坨镇中心幼儿园,集体,集体,北京市海淀区苏家坨镇北安河村
海淀区,北京市海淀区北部新区实验幼儿园,教育部门,地级教育部门,北京市海淀区温泉镇白家疃西口
海淀区,北京市海淀区北部新区实验幼儿园凯盛园,教育部门,地级教育部门,北京市海淀区
海淀区,北京市海淀区北部新区实验幼儿园天阅园,教育部门,地级教育部门,海淀区西北旺镇丰秀东路9号院15号楼
海淀区,中国人民解放军军乐团幼儿园,部队,部队,海淀区紫竹院路100号院 军乐团幼儿园
海淀区,空军特色医学中心蓝天幼儿园,部队,部队,海淀区昌运宫15号
海淀区,中国人民解放军总医院第四医学中心幼儿园,部队,部队,北京市海淀区阜成路51号院
海淀区,中央军委机关事务管理总局北极寺老干部服务管理局幼儿园,部队,部队,北京市海淀区花园东路8号院
海淀区,北京市海淀区富力桃园幼儿园,教育部门,地级教育部门,北京市海淀区西三旗建材城东里富力桃园幼儿园
海淀区,北京市海淀区富力桃园幼儿园枫丹分园,教育部门,地级教育部门,北京市海淀区西三旗建材城中路枫丹丽舍小区内
海淀区,北京市海淀区颐慧佳园幼儿园,教育部门,地级教育部门,北京市海淀区颐慧佳园17号
海淀区,北京市海淀区美和园幼儿园,教育部门,地级教育部门,北京市海淀区清河小营西路48号
海淀区,北京市海淀区美和园幼儿园智学苑分园,教育部门,地级教育部门,北京市海淀区智学苑小区美和园幼儿园智学苑分园
海淀区,北京市海淀区苏家坨镇幼儿园,事业单位,事业单位,北京市海淀区苏家坨镇A地块经济适用住房A3地块
海淀区,中国人民解放军总医院幼儿园,部队,部队,北京市海淀区复兴路28号
海淀区,空军直属机关蓝天幼儿园,部队,部队,北京市海淀区复兴路14号
海淀区,中国人民解放军66400部队幼儿园,部队,部队,北京市海淀区阜成路50号
海淀区,北京市农林科学院幼儿园,地方企业,地方企业,北京海淀区曙光花园中路9号
海淀区,北京公交鸿运承幼教中心第三幼儿园,地方企业,地方企业,北京市海淀区小西天电车宿舍内
海淀区,北京市海淀区赫泽幼儿园,民办,民办,花园北路35号院红黄蓝幼儿园
海淀区,中国人民解放军61672部队幼儿园,部队,部队,海淀区圆明园西路5号
海淀区,北京市海淀新区恩济幼儿园,教育部门,地级教育部门,海淀区苏家坨镇同泽园西里
海淀区,北京市海淀新区恩济幼儿园分园,教育部门,地级教育部门,北京市海淀区苏家坨镇同泽园东里
海淀区,中央军委机关事务管理总局红星幼儿园（新街口园）,部队,部队,新街口外大街23号院
海淀区,北京应用物理与计算数学研究所九一幼儿园,事业单位,事业单位,北京市海淀区花园路一号
海淀区,北京市海淀区智合幼儿园,民办,民办,北京海淀区清河清缘东里3号楼
海淀区,北京市海淀区宜宝幼儿园,民办,民办,北京市海淀区清河永泰园新地标甲17号
海淀区,北京市海淀区唐家岭新城幼儿园,教育部门,地级教育部门,唐家岭新城内T05
海淀区,北京市海淀区乐融幼儿园,民办,民办,北京海淀区通汇路18号
海淀区,北京市海淀区为明西山幼儿园,民办,民办,北京市海淀区西北旺新村德惠路一号院29楼
海淀区,北京市海淀区何嘉仁菁英幼儿园,民办,民办,海淀区 文慧园北路9号 今典花园小区 西北角 独栋楼
海淀区,北京市海淀区上林溪二十一世纪实验幼儿园,民办,民办,北京市海淀区安宁庄东路上林溪小区安宁华庭11号楼
海淀区,北京市海淀区龙岗路幼儿园,其他部门,地级其他部门,北京市海淀区清河龙岗路甲25号
海淀区,北京市海淀区为明实验幼儿园,民办,民办,海淀区四季青巨山路燕西台嘉苑小区甲21号
海淀区,北京市海淀区北京师范大学实验幼儿园牡丹园分园幼儿园,民办,民办,北土城西路牡丹东里18号
海淀区,北京市海淀区亿城蓝天幼儿园,民办,民办,北京市海淀区马连洼竹园小区
海淀区,北京市海淀区民族幼儿园,教育部门,地级教育部门,北京市海淀区马甸玉兰园小区2号楼
海淀区,北京市海淀区蓝宝特幼儿园,民办,民办,北京市海淀区四道口路1号8号楼
海淀区,北京市海淀区培杰幼儿园,民办,民办,北京市海淀区黑泉路宝盛里观林园小区34号
海淀区,北京市海淀区东方博凯幼儿园,民办,民办,闵庄南路9号
海淀区,北京市海淀区中关村科学城北区柳林幼儿园,集体,集体,北京市海淀区苏家坨镇柳林村河北三区62号
海淀区,北京市海淀区绿橙幼儿园,民办,民办,北京市海淀区田村路街道西木社区汤泉逸墅15栋
海淀区,北京市福娃娃特殊教育中心,事业单位,事业单位,北京市海淀区清河三街52号
海淀区,北京市海淀区大风车幼儿园,民办,民办,首体南路1号院
海淀区,北京市海淀区红黄蓝颐东苑幼儿园,民办,民办,北京市海淀区西苑100号颐东苑小区内
海淀区,北京市海淀区七一小学附属实验幼儿园,教育部门,地级教育部门,北京市海淀区莲熙嘉园9号
海淀区,北京市海淀区玉渊潭实验幼儿园,集体,集体,北京市海淀区八里庄街道彰化南路五福玲珑居南区
海淀区,北京十一晋元幼儿园,教育部门,地级教育部门,海淀区上庄大街与田村山南路交汇
海淀区,北京市海淀区三色幼儿园,民办,民办,北京市海淀区高粱桥斜街19号院2号楼
海淀区,北京市海淀区福娃禧娃幼儿园,民办,民办,北京市海淀区万柳东路稻香园西里8号福娃禧娃幼儿园
海淀区,北京博识梦飞万柳幼儿园海淀有限公司,民办,民办,北京市海淀区万柳阳春光华甲1号
海淀区,北京市海淀区桃蹊幼儿园有限公司,民办,民办,北京市海淀区西三旗建材城西路9号院10号楼
海淀区,北京市海淀区东方悦稚幼儿园,民办,民办,北京市海淀区双槐树电站392号
海淀区,北京博识梦飞香山幼儿园海淀有限公司,民办,民办,"北京市海淀区清琴山庄二里甲38号1层101至104,2层201至203,3层301至302"
海淀区,北京一零一中实验幼儿园,教育部门,地级教育部门,北京市海淀区树村东路树村丽景苑
海淀区,北京中外友好幼儿院,教育部门,地级教育部门,北京市海淀区万寿路15号
海淀区,北京市海淀区恩济里体大幼儿园,教育部门,地级教育部门,北京市海淀区信息路48号
海淀区,北京市优才幼儿园海淀有限责任公司,民办,民办,北京市海淀区榆树林一号
海淀区,北京未来领秀幼儿园有限公司,民办,民办,北京市海淀区建材城翡丽华庭12号楼01至03
海淀区,北京市海淀区宏远幼儿园,民办,民办,北京市海淀区苏家坨镇聂各庄路34号平房南院
海淀区,北京市海淀区知萌迪生幼儿园,民办,民办,北京市海淀区瀚河园路3号院1号
海淀区,北京市海淀区凯迪豆豆幼儿园,民办,民办,北京市海淀区清河文苑小区28号院
海淀区,北京本然森林幼儿园海淀有限公司,民办,民办,北京市海淀区西北旺镇韩家川村158号
海淀区,北京市海淀区实验幼儿园,教育部门,地级教育部门,北京市海淀区小牛房路24号院
海淀区,北京市海淀区海育幼儿园,地方企业,地方企业,海淀区西北旺三街甲12号院2号
海淀区,北京市海淀区海育幼儿园永靓分园,地方企业,地方企业,北京市海淀区西北旺镇永靓家园东南侧
海淀区,北京市海淀区海育幼儿园幸福里分园,地方企业,地方企业,
海淀区,北京北外幼儿园海淀有限公司,民办,民办,北京市西三环北路2号（东院）南区158号、159号楼
海淀区,北京市海淀区爱儿坊橡树湾幼儿园,民办,民办,北京市海淀区清河橡树湾学府树五区三号楼
海淀区,北京市海淀区四季阳光幼儿园,民办,民办,海淀区四季青常青路5号院5号楼
海淀区,北京市海淀区京童未来幼儿园,民办,民办,北京市海淀区温泉路南侧白家疃村170号
海淀区,北京市海淀区娃娃丫丫幼儿园,民办,民办,北京市海淀区田村路街道兰德华庭小区6号楼
海淀区,北京市海淀区太极艾嘉幼儿园,民办,民办,北京市海淀区北四环中路211号院内生活区北3号楼北侧及4号楼南侧
海淀区,北京博识梦飞四季青幼儿园海淀有限公司,民办,民办,北京市海淀区临枫嘉园北里20号楼
海淀区,北京宋庆龄幼儿园有限公司,地方企业,省级其他部门,北京市海淀区玉渊潭南路11号
海淀区,北京市海淀区京童未来清河幼儿园,民办,民办,北京市海淀区清河四街1号
海淀区,北京绿橙幼儿园有限公司,民办,民办,北京市海淀区砂石厂路西区
海淀区,北京市海淀区清华附中稻香湖幼儿园,民办,民办,北京市海淀区中关村翠湖科技园E6地块三星庄路1号
海淀区,北京市海淀区京童未来上庄幼儿园,民办,民办,北京市海淀区上庄镇清泽园小区24号楼
海淀区,北京市六一幼儿院科学城园,教育部门,地级教育部门,北京市海淀区西北旺镇丰硕东路永旺家园3区
海淀区,北京市海淀区红英阳光幼儿园,教育部门,地级教育部门,北京市海淀区永大路与永丰路西北角
海淀区,北京市海淀区成志幼儿园,教育部门,地级教育部门,北京市海淀区清河三街33号
海淀区,北京市海淀区科学城北区童心家园幼儿园,教育部门,地级教育部门,北京市海淀区苏家坨镇凤仪佳苑八里19号楼西侧
海淀区,北京市海淀区中关村第二小学科学城北区幼儿园,教育部门,地级教育部门,北京市海淀区土井村路万和嘉园二期1号楼西北侧
海淀区,北京市海淀区聪明娃娃幼儿园,民办,民办,北京市海淀区温泉镇创客小镇社区配套商业楼8号楼一层
海淀区,北京市海淀区神龙汇佳幼儿园,民办,民办,北京市海淀区西北旺友谊路航天城102号院汇佳幼儿园
海淀区,北京市海淀区首钢幼教建西苑幼儿园,地方企业,地方企业,北京市海淀区晋元庄建西苑小区
海淀区,北京市海淀区金幼清景园幼儿园,民办,民办,北京市海淀区龙岗路1号清景园6号楼
海淀区,北京市海淀区青苗幼儿园,民办,民办,四季青镇巨山路21号D栋A区
海淀区,北京市海淀区小天使幼儿园,民办,民办,北京市海淀区车道沟南里小区内
海淀区,北京市海淀区科学城北区实验幼儿园,教育部门,地级教育部门,北京市海淀区温泉镇翡翠云图小区
海淀区,北京市海淀区学院路博雅学园幼儿园,民办,民办,北京市海淀区清华园暂安处甲9号
海淀区,北京畅想幼儿园有限公司,民办,民办,海淀区西二旗中路6号院二区15号楼二层201
海淀区,北京市海淀区玉阜二十一世纪实验幼儿园,民办,民办,北京市海淀区玉泉路6号院玉阜嘉园内
海淀区,北京市六一幼儿院党校园,教育部门,地级教育部门,北京市海淀区青龙桥街道大有庄100号小北院
海淀区,北京万泉幼儿园有限公司,民办,民办,北京市海淀区万泉河50号院稻香园十号楼西侧1幢
海淀区,北京石与溪幼儿园有限公司,民办,民办,海淀区远大园五区甲一号
海淀区,北京市海淀区海融惠爱幼儿园,地方企业,地方企业,北京市海淀区西三旗建材城中路东侧的金隅尚林家园小区
海淀区,北京市海淀区海融惠爱幼儿园永丰分园,地方企业,地方企业,海淀区友谊路与辛店北街交叉路口东200米瑞泽家园小区
海淀区,北京聚沙之年幼儿园海淀有限公司,民办,民办,海淀区畅茜园圣华里9号楼
海淀区,北京市海淀区锦秋幼儿园有限公司,民办,民办,北京市海淀区旱河路甲6号院2号楼
海淀区,北京市海淀区京童未来科学城幼儿园,民办,民办,北京市海淀区北部新村农村地区太舟坞安置房翠湖D21地块-HD00-0303-6002地块
海淀区,中国人民解放军军事科学院幼儿园（厢红旗园）,部队,部队,北京市海淀区厢红旗青龙桥街道东门外一号
海淀区,北京市海淀区玉海二十一世纪实验幼儿园,民办,民办,北京市海淀区玉海园一里19号
海淀区,北京市海淀区台头小学附设幼儿班,教育部门,地级教育部门,北京市海淀区苏家坨镇北安河路36号
海淀区,北京市海淀区上庄中心小学附设幼儿班,教育部门,地级教育部门,北京市海淀区上庄镇上庄家园33号
海淀区,北京市海淀区中关村第三小学附设幼儿班,教育部门,地级教育部门,北京市海淀区万柳中路23号
海淀区,中国农业科学院附属小学附设幼儿班,教育部门,地级教育部门,海淀区明光村23号
海淀区,清华附中上庄学校附设幼儿班,教育部门,地级教育部门,北京市海淀区上庄镇东小营2号
海淀区,北京实验学校（海淀）附设幼儿班,教育部门,地级教育部门,北京市海淀区阜成路甲3号
海淀区,北京市第十九中学附设幼儿班,教育部门,地级教育部门,万泉河83号
海淀区,北京十一学校附设幼儿班,教育部门,地级教育部门,海淀区玉泉路66号
海淀区,北京市育英学校附设幼儿班,教育部门,地级教育部门,海淀区西翠路17号
海淀区,北京市健翔学校附设幼儿班,教育部门,地级教育部门,北京市海淀区人大南路6号
海淀区,北京市海淀区幸福童年社区办园点,社区办园点,社区办园点,北京市海淀区田村路中国房子
门头沟区,北京市门头沟区第一幼儿园,教育部门,地级教育部门,北京市门头沟区新桥大街44号
门头沟区,北京市门头沟区第二幼儿园,教育部门,地级教育部门,门头沟区龙门新区b2区
门头沟区,北京市门头沟区第三幼儿园,教育部门,地级教育部门,门头沟区大峪二小路11号院
门头沟区,北京市门头沟区大台中心小学附属幼儿园,教育部门,地级教育部门,大台路7号大台中心小学
门头沟区,北京市门头沟区金色摇篮幼儿园,民办,民办,北京市门头沟区石门营B2地块
门头沟区,北京市门头沟区幼师敏学幼儿园,民办,民办,北京市门头沟区三家店华北路12号
门头沟区,北京市门头沟区新世纪幼儿园,民办,民办,北京市门头沟区滨河居住区1号
门头沟区,北京市门头沟区龙泉大地幼儿园,民办,民办,石泉砖厂棚改地区B-9地块内
门头沟区,北京市门头沟区智慧摇篮倚山幼儿园,民办,民办,倚山嘉园12号楼
门头沟区,北京市门头沟区世纪之星幼儿园,民办,民办,北京市门头沟区永定镇冯村新园小区北侧1-3号楼一层
门头沟区,北京市门头沟区京师德培幼儿园,民办,民办,北京市门头沟区永定镇石园北路
门头沟区,北京市门头沟区京师实验小学附属幼儿园,教育部门,地级教育部门,中门寺南坡小区24号楼
门头沟区,北京市门头沟区伽悦然幼儿园,民办,民办,北京市门头沟区永定镇龙兴南二路9号院
门头沟区,北京市门头沟区东辛房小学附属幼儿园,教育部门,地级教育部门,门头沟路130号
门头沟区,北京市门头沟区第一幼儿园龙山分园,教育部门,地级教育部门,北京市门头沟区黑山棚改A1地块
门头沟区,北京市门头沟区优笛幼儿园,民办,民办,北京市门头沟区永定镇龙兴南一路6号院1号楼
门头沟区,北京市门头沟区二十一世纪幼儿园,民办,民办,北京市门头沟区月季园西山环路4号院1号楼
门头沟区,北京市门头沟区幸福天使幼儿园,民办,民办,门头沟区永定镇泰安路187号
门头沟区,北京市门头沟区博雅学园幼儿园,民办,民办,北京市门头沟区金沙西街6号院1号楼
门头沟区,北京市门头沟区第五幼儿园,教育部门,地级教育部门,北京市门头沟区永定镇泰安路与新城大街交叉口东侧
门头沟区,北京市门头沟区华葳幼儿园,民办,民办,北京市门头沟区永定镇迎晖南苑小区9号楼旁
门头沟区,北京市门头沟区智慧摇篮紫金幼儿园,民办,民办,北京市门头沟区永定镇石门营紫金新园三区
门头沟区,北京市门头沟区第六幼儿园,教育部门,地级教育部门,北京市门头沟区石门营棚改安置房地块东侧
门头沟区,北京市门头沟区第七幼儿园,教育部门,地级教育部门,北京市门头沟区棚改安置房城子D地块
门头沟区,北京市门头沟区卓越阳光幼儿园,民办,民办,北京市门头沟区新城20街区西山天璟小区
门头沟区,北京市潭柘寺学校第一幼儿园,教育部门,地级教育部门,门头沟区京潭西路6号院
门头沟区,北京市门头沟区第八幼儿园,教育部门,地级教育部门,门头沟区永定路1号院
门头沟区,北京市门头沟区领汇长安幼儿园,教育部门,地级教育部门,北京市门头沟区上园北路14号
门头沟区,北京市门头沟区大峪第一小学附属幼儿园,教育部门,地级教育部门,北京市门头沟区永定镇上园路
门头沟区,北京市门头沟区育园小学附属幼儿园,教育部门,地级教育部门,新桥南大街40号
门头沟区,北京市门头沟区王平村中心小学附属幼儿园,教育部门,地级教育部门,北京市门头沟区王平镇河北楼社区
门头沟区,北京第二实验小学永定分校附属幼儿园,教育部门,地级教育部门,北京市门头沟区永定镇冯村新园底商
门头沟区,北京市门头沟区军庄中心小学附属幼儿园,教育部门,地级教育部门,军庄镇西杨坨村
门头沟区,北京市门头沟区三家店小学附属幼儿园,教育部门,地级教育部门,北京市门头沟区三家店粮库西路2号院9号楼
门头沟区,北京市门头沟区清水中心小学附属幼儿园,教育部门,地级教育部门,北京市门头沟区清水镇上清水村
门头沟区,北京市门头沟区斋堂中心小学附属幼儿园,教育部门,地级教育部门,斋堂镇西斋堂村
门头沟区,北京市门头沟区大峪第二小学附属幼儿园,教育部门,地级教育部门,门头沟区龙山家园5区
门头沟区,北京市门头沟区龙泉雾小学附属幼儿园,教育部门,地级教育部门,北京市门头沟区龙泉务村曹家台6号
门头沟区,北京市门头沟区琉璃渠小学附属幼儿园,教育部门,地级教育部门,北京市门头沟区琉璃渠后街155号
门头沟区,北京市门头沟区付家台中心小学附属幼儿园,教育部门,地级教育部门,北京市门头沟区雁翅镇
门头沟区,北京市门头沟区妙峰山民族学校附属幼儿园,教育部门,地级教育部门,妙峰山镇l陇驾庄村
门头沟区,北京市门头沟区半山童语幼儿园,教育部门,地级教育部门,北京市门头沟区万佛堂何各庄地区3751-c地块
房山区,北京市房山区城关街道办事处中心幼儿园,教育部门,地级教育部门,北京市房山区城关南路7号
房山区,北京市房山区城关街道办事处中心幼儿园顾册分园,教育部门,地级教育部门,北京市房山区城关街道顾册村
房山区,北京市房山区城关街道办事处中心幼儿园羊头岗分园,教育部门,地级教育部门,北京市房山区城关街道羊头岗村
房山区,北京市房山区天之骄子幼儿园,民办,民办,北京市房山区城关西大街8号
房山区,北京市房山区希望之星幼儿园,民办,民办,北京市房山区城关南大街153号
房山区,北京市房山区窦店镇瓦窑头村童馨办园点,社区办园点,民办,北京市房山区窦店镇瓦窑头村南街11号
房山区,北京市房山区城关街道瓜市村快乐成长办园点,社区办园点,民办,北京市房山区城关街道瓜市村一区东北三条16号
房山区,北京市房山区城关街道北市村希望之星办园点,社区办园点,民办,北京市房山区城关街道北市村企业街2号
房山区,北京市房山区拱辰街道大南关村魅力宝贝办园点,社区办园点,民办,北京市房山区拱辰街道凯旋大街38号
房山区,北京市房山区拱辰街道玉竹园社区玉竹园办园点,社区办园点,民办,北京市房山区拱辰街道玉竹园小区21号楼
房山区,北京市房山区拱辰街道伟业嘉园社区伟业办园点,社区办园点,民办,北京市房山区拱辰街道伟业嘉园西里
房山区,北京市房山区长阳镇阎仙垡村七彩摇篮办园点,社区办园点,民办,北京市房山区长阳镇闫仙垡村一区11号
房山区,北京市房山区西潞街道月华社区月华办园点,社区办园点,民办,西潞街道月华小区东门
房山区,北京市房山区阎村镇后十三里村爱心办园点,社区办园点,民办,北京市房山区阎村镇后十三里村三里16号
房山区,北京市房山区爱予自然第一幼儿园,民办,民办,北京市房山区城关街道福胜胡同
房山区,北京市房山区拱辰街道昊天社区畅想童年办园点,社区办园点,民办,昊天大街116号
房山区,北京市房山区周口店镇新街村启航之星办园点,社区办园点,民办,北京市房山区周口店镇新街村新兴路81号
房山区,北京市房山区城关街道马各庄幼儿园,民办,民办,北京市房山区城关街道办事处马各庄村二区一号
房山区,北京市房山区可爱宝贝幼儿园,民办,民办,北京市房山区青年北路36号
房山区,北京市房山区城关街道洪寺村可爱宝贝办园点,社区办园点,民办,北京市房山区城关街道洪寺村北
房山区,北京市房山区西潞街道太平庄西里社区博思智华办园点,社区办园点,民办,北京市房山区西潞街道太平庄村1号楼
房山区,中国原子能科学研究院幼儿园,事业单位,事业单位,北京市房山区新镇街道原新街
房山区,北京市房山区良乡镇官道中心幼儿园,教育部门,地级教育部门,北京市房山区良乡镇官道村
房山区,北京市房山区良乡镇官道中心幼儿园西石羊分园,教育部门,地级教育部门,北京市房山区良乡镇西石羊村
房山区,北京市房山区良乡镇官道中心幼儿园江村分园,教育部门,地级教育部门,北京市房山区良乡镇江村
房山区,北京市房山区周口店镇中心幼儿园,教育部门,地级教育部门,北京市房山区周口店镇周口店大街16号
房山区,北京市房山区周口店镇中心幼儿园西庄分园,教育部门,地级教育部门,北京市房山区周口店镇西庄村
房山区,北京市房山区周口店镇中心幼儿园瓦井分园,教育部门,地级教育部门,北京市房山区周口店镇瓦井村
房山区,北京市房山区琉璃河镇中心幼儿园,教育部门,地级教育部门,北京市房山区琉璃河镇三街村一区1号
房山区,北京市房山区琉璃河镇中心幼儿园平各庄分园,教育部门,地级教育部门,房山区琉璃河镇平各庄村
房山区,北京市房山区琉璃河镇中心幼儿园二街分园,教育部门,地级教育部门,北京市房山区琉璃河镇二街村
房山区,北京市房山区琉璃河镇中心幼儿园立教分园,教育部门,地级教育部门,北京市房山区琉璃河镇立教村
房山区,北京市房山区琉璃河镇南召幼儿园,教育部门,地级教育部门,北京市房山区琉璃河镇东南召村东南区60号
房山区,北京市房山区琉璃河镇南召幼儿园务滋分园,教育部门,地级教育部门,北京市房山区琉璃河镇务滋村
房山区,北京市房山区良乡镇中心幼儿园,教育部门,地级教育部门,北京市房山区拱辰街道办事处四街村
房山区,北京市房山区良乡镇中心幼儿园青春志分园,教育部门,地级教育部门,北京市房山区拱辰街道富水良嘉园11号楼幼儿园
房山区,北京市房山区小博士幼儿园,民办,民办,北京市房山区良乡楸树街36号
房山区,北京市房山区爱予自然第二幼儿园,民办,民办,北京市房山区良乡昊天大街116号院甲10号
房山区,中国人民解放军91395部队幼儿园,部队,部队,北京良乡拱辰北大街41号家属院
房山区,北京市房山区良乡红娃实验幼儿园,民办,民办,北京市房山区良乡镇文化路21号
房山区,北京市房山区良乡红娃幼儿园,民办,民办,北京市房山区良乡拱辰街道隆曦园B区
房山区,北京市房山区行宫幼儿园,民办,民办,北京市房山区拱辰街道行宫园小区二里14-10
房山区,北京市房山区小英才实验幼儿园,民办,民办,北京市房山区西潞街道办事处太平庄小区西里
房山区,北京市房山区爱贝幼儿园,民办,民办,北京市房山区北潞园北潞春E4号
房山区,北京市房山区安琪尔幼儿园,民办,民办,北京市房山区良乡太平庄村南1幢
房山区,北京市房山区东方禹润幼儿园,民办,民办,北京市房山区良乡苏庄一里21号楼
房山区,北京市房山区金豆豆第二幼儿园,民办,民办,北京市房山区怡和北路2号院1号楼1至2层101
房山区,北京市房山区阎村镇小十三里村童之梦办园点,社区办园点,民办,北京市房山区阎村镇小十三里村西里28号
房山区,北京市房山区大石窝镇北尚乐村乐童办园点,社区办园点,民办,北京市房山区大石窝镇北尚乐村二区92号
房山区,北京市房山区琉璃河镇路村金硕果办园点,社区办园点,民办,北京市房山区琉璃河镇路村一区6号
房山区,北京市房山区琉璃河镇鲍庄村七色花办园点,社区办园点,民办,北京市房山区琉璃河镇鲍庄村南区68号
房山区,北京市房山区城关街道丁家洼村蓝天歆悦办园点,社区办园点,民办,北京市房山区城关街道丁家洼村西侧商业楼
房山区,北京市房山区城关街道顾册村童星办园点,社区办园点,民办,北京市房山区城关街道顾册一区152号
房山区,北京市房山区小天使幼儿园,民办,民办,北京市房山区窦店镇瓦窑头村东8号
房山区,北京市房山区青龙湖镇大苑村探索乐园办园点,社区办园点,民办,北京市房山区青龙湖镇大苑村
房山区,北京市房山区阎村镇北坊村北坊之星办园点,社区办园点,民办,北京市房山区阎村镇北坊村兴坊路82号
房山区,北京市房山区城关街道东坟村鑫星办园点,社区办园点,民办,北京市房山区城关街道东坟村村委会北100米
房山区,北京市房山区长阳镇朱岗子村阳光宝贝办园点,社区办园点,民办,北京市房山区长阳镇朱岗子村一区31号
房山区,北京市房山区阎村镇开古庄村柏思办园点,社区办园点,民办,北京市房山区阎村镇开古庄村
房山区,北京市房山区大石窝镇塔照村七彩虹办园点,社区办园点,民办,北京市房山区大石窝镇塔照村七彩虹办园点
房山区,北京市房山区大石窝镇辛庄村辛庄办园点,社区办园点,民办,北京市房山区大石窝镇辛庄村二区133号
房山区,北京市房山区长阳镇夏场村智乐高办园点,社区办园点,民办,北京市房山区长阳镇夏场村村东
房山区,北京市房山区阎村镇中心幼儿园,教育部门,地级教育部门,北京市房山区阎村镇百合路36号院1号楼
房山区,北京市房山区阎村镇中心幼儿园二分园,教育部门,县级教育部门,北京市房山区阎村镇开古庄村
房山区,北京市房山区阎村镇中心幼儿园一分园,教育部门,地级教育部门,北京市房山区阎村镇张庄村中里10号
房山区,北京市房山区金林嘉苑幼儿园,教育部门,地级教育部门,北京市房山区拱辰街道翠柳南街14号院
房山区,北京市房山区王子岛幼儿园,民办,民办,北京市房山区阎村镇紫园路20号
房山区,北京市房山区窦店镇中心幼儿园,教育部门,地级教育部门,北京市房山区窦店镇窦店村
房山区,北京市房山区窦店镇中心幼儿园白草洼分园,教育部门,地级教育部门,北京市房山区窦店镇白草洼村
房山区,北京市房山区窦店镇中心幼儿园芦村分园,教育部门,地级教育部门,北京市房山区窦店镇芦村窦芦4号路
房山区,北京市房山区窦店镇交道幼儿园,教育部门,地级教育部门,北京市房山区窦店镇交道幼儿园
房山区,北京市房山区窦店镇交道幼儿园北柳分园,教育部门,地级教育部门,北京市房山区窦店镇交道幼儿园北柳分园
房山区,北京市房山区窦店镇交道幼儿园刘平庄分园,教育部门,地级教育部门,北京市房山区窦店镇刘平庄村
房山区,北京市房山区京南嘉园幼儿园,民办,民办,北京市房山区窦店镇京南嘉园小区
房山区,北京市房山区石楼镇中心幼儿园,教育部门,地级教育部门,北京市房山区石楼镇石楼村
房山区,北京市房山区石楼镇中心幼儿园夏村分园,教育部门,地级教育部门,北京市房山区石楼镇夏村
房山区,北京市房山区石楼镇中心幼儿园吉羊分园,教育部门,地级教育部门,北京市房山区石楼镇吉羊村
房山区,北京市房山区长阳第一幼儿园,教育部门,地级教育部门,北京市房山区长阳镇起步区1号地长阳半岛祥云街3号院5号楼
房山区,北京市房山区长阳第一幼儿园（二部）,教育部门,地级教育部门,北京市房山区长阳镇长兴街4号院1号楼
房山区,北京市房山区长阳镇中心幼儿园,教育部门,地级教育部门,北京市房山区长阳镇长政南街六号院一里5号楼
房山区,北京市房山区长阳镇中心幼儿园（西园区）,教育部门,地级教育部门,北京市房山区长阳镇怡和南路6号院1号楼
房山区,北京市房山区红娃碧波幼儿园,民办,民办,北京市房山区长阳镇碧波园小区17号楼
房山区,北京市房山区西潞街道东沿村爱心办园点,社区办园点,民办,北京市房山区西路街道东沿村临街3号
房山区,北京市房山区大宁山庄幼儿园,民办,民办,北京市房山区长阳镇大宁山庄五区3号楼
房山区,北京市房山区启明星幼儿园,民办,民办,北京市房山区长阳镇朱岗子村二区27号
房山区,北京市房山区东方博悦幼儿园,民办,民办,北京市房山区长阳镇天泰新景温泉家园25号楼
房山区,北京市房山区长阳镇熙悦汇社区睿恩办园点,社区办园点,民办,北京市房山区长阳镇怡和北路5号院17号楼
房山区,北京市房山区河北镇中心幼儿园,教育部门,地级教育部门,北京市房山区河北镇河南村
房山区,北京市房山区河北镇中心幼儿园黄土坡分园,教育部门,地级教育部门,北京市房山区河北镇黄土坡村
房山区,北京市房山区河北镇中心幼儿园东庄子分园,教育部门,地级教育部门,北京市房山区河北镇东庄子村
房山区,北京市房山区长沟镇中心幼儿园,教育部门,地级教育部门,北京市房山区长沟镇西长沟村
房山区,北京市房山区长沟镇中心幼儿园北正分园,教育部门,地级教育部门,北京市房山区长沟镇北正村
房山区,北京市房山区长沟镇中心幼儿园-甘池分园,教育部门,地级教育部门,北京市房山区长沟镇坟庄村
房山区,北京市房山区长沟镇中心幼儿园西长沟分园,教育部门,地级教育部门,北京市房山区长沟镇西长沟村
房山区,北京市房山区大石窝镇中心幼儿园,教育部门,地级教育部门,北京市房山区大石窝镇石窝村
房山区,北京市房山区大石窝镇中心幼儿园下滩分园,教育部门,地级教育部门,北京市房山区大石窝镇下滩村
房山区,北京市房山区大石窝镇中心幼儿园后石门分园,教育部门,地级教育部门,北京市房山区大石窝镇后石门村
房山区,北京市房山区大石窝镇中心幼儿园三岔分园,教育部门,地级教育部门,北京市房山区大石窝镇三岔村
房山区,北京市房山区张坊快乐小博士幼儿园,民办,民办,北京市房山区张坊镇张坊村中二区19号
房山区,北京市房山区十渡镇中心幼儿园,教育部门,地级教育部门,北京市房山区十渡镇十渡村
房山区,北京市房山区十渡镇中心幼儿园六渡分园,教育部门,地级教育部门,北京市房山区十渡镇六渡村
房山区,北京市房山区十渡镇中心幼儿园平峪分园,教育部门,地级教育部门,北京市房山区十渡镇平峪村
房山区,北京市房山区青龙湖镇中心幼儿园,教育部门,地级教育部门,北京市房山区青龙湖镇豆各庄村规划西一路西侧临16号
房山区,北京市房山区青龙湖镇中心幼儿园果各庄分园,教育部门,地级教育部门,北京市房山区青龙湖镇果各庄村
房山区,北京市房山区青龙湖镇坨里幼儿园,教育部门,地级教育部门,北京市房山区青龙湖镇坨里村
房山区,北京市房山区青龙湖镇坨里幼儿园北车营分园,教育部门,地级教育部门,北京市房山区青龙湖镇北车营村
房山区,北京市房山区青龙湖镇坨里幼儿园沙窝分园,教育部门,地级教育部门,北京市房山区青龙湖镇沙窝村
房山区,北京市房山区青龙湖镇心心幼儿园,民办,民办,北京市房山区青龙湖镇果各庄村
房山区,北京市房山区韩村河镇中心幼儿园,教育部门,地级教育部门,北京市房山区韩村河镇韩村河村
房山区,北京市房山区韩村河镇中心幼儿园曹章分园,教育部门,地级教育部门,北京市房山区韩村河镇曹章村
房山区,北京市房山区韩村河镇中心幼儿园赵各庄分园,教育部门,地级教育部门,北京市房山区韩村河镇赵各庄村
房山区,北京市房山区霞云岭乡中心幼儿园,教育部门,地级教育部门,北京市房山区霞云岭乡霞云岭村
房山区,北京市房山区南窖乡中心幼儿园,教育部门,地级教育部门,北京市房山区南窖乡南窖村
房山区,北京市房山区佛子庄乡中心幼儿园,教育部门,地级教育部门,北京市房山区佛子庄乡陈家台村
房山区,北京市房山区史家营乡中心幼儿园,教育部门,地级教育部门,北京市房山区史家营乡柳林水村
房山区,北京市房山区蒲洼乡中心幼儿园,教育部门,地级教育部门,北京市房山区蒲洼乡蒲洼村
房山区,北京市房山区房山幼儿园,教育部门,地级教育部门,北京市房山区城关南大街32号
房山区,北京市房山区房山幼儿园一分园,教育部门,地级教育部门,房山区城关街道纬三路北侧（中冶蓝城后）
房山区,北京市房山区房山幼儿园新城二分园,教育部门,地级教育部门,北京市房山区城关街道德润东街5号院1号楼
房山区,北京市房山区良乡幼儿园,教育部门,地级教育部门,北京市房山区良乡中路157号
房山区,北京市房山区良乡幼儿园翠林湾园区,教育部门,地级教育部门,北京市房山区昊天西路6号
房山区,北京市房山区良乡第二幼儿园,教育部门,地级教育部门,北京市房山区良乡西潞园小区3里9号
房山区,北京市房山区长阳镇葫芦垡幼儿园,教育部门,地级教育部门,北京市房山区长阳镇阎仙垡村
房山区,北京市房山区长阳镇葫芦垡幼儿园公议庄分园,教育部门,地级教育部门,北京市房山区长阳镇公议庄村
房山区,北京市房山区长阳镇葫芦垡幼儿园阎仙垡分园,教育部门,地级教育部门,北京市房山区长阳镇阎仙垡村
房山区,北京市房山区卓越幼儿园,民办,民办,北京市房山区良乡体育场路26号院
房山区,北京市房山区阎村镇吴庄村红艺办园点,社区办园点,民办,北京市房山区阎村镇吴庄村北后街1号
房山区,北京市房山区幸福泉瑞雪春堂幼儿园,民办,民办,北京市房山区拱辰街道瑞雪春堂小区二里
房山区,北京市房山区哆唻咪幼儿园,民办,民办,北京市房山区阎村镇肖庄村南
房山区,北京市房山区绿城培基幼儿园,民办,民办,北京市房山区阎村镇紫园路18号
房山区,北京市房山区小英才景熙幼儿园,民办,民办,北京市房山区良乡拱辰街道长虹东路
房山区,北京市房山区伽悦然幼儿园,民办,民办,北京市房山区长阳镇怡和北路4号院
房山区,北京市房山区石楼镇新世春幼儿园,民办,民办,北京市房山区石楼镇石楼村
房山区,北京市房山区未来之光幼儿园,民办,民办,房山区良乡拱辰街道东关88号
房山区,北京市房山区周口店镇幸福幼儿园,民办,民办,北京市房山区周口店镇南韩继村
房山区,北京市房山区韩村河镇岳各庄幼儿园,教育部门,地级教育部门,北京市房山区韩村河镇岳各庄村
房山区,北京市房山区韩村河镇岳各庄幼儿园中院分园,教育部门,地级教育部门,北京市房山区韩村河镇下中院村
房山区,北京市房山区大安山乡中心幼儿园,教育部门,地级教育部门,北京市房山区大安山乡大安山村3区55号
房山区,北京市房山区张坊镇中心幼儿园,教育部门,地级教育部门,北京市房山区张坊镇张坊村
房山区,北京市房山区张坊镇中心幼儿园西白岱分园,教育部门,地级教育部门,北京市房山区张坊镇西白岱村
房山区,北京市房山区红娃靠山居幼儿园,民办,民办,北京市房山区长阳镇长韩路6号靠山居艺墅南区11号
房山区,北京市房山区爱贝第二幼儿园,民办,民办,北京市房山区拱辰街道黄辛庄广阳西路
房山区,北京市房山区西潞街道办事处中心幼儿园,教育部门,地级教育部门,北京市房山区良乡佳世苑小区
房山区,北京市房山区西潞街道办事处中心幼儿园海悦城分园,教育部门,地级教育部门,北京市房山区西潞街道苏庄西街3号院1号楼
房山区,北京市房山区金色童年幼儿园,民办,民办,北京市房山区窦店镇下坡店村一区99号
房山区,北京市房山区长沟镇坟庄村启明星办园点,社区办园点,民办,北京市房山区长沟镇坟庄村村委会南50米路东
房山区,北京市房山区韩村河镇潘庄村潘庄办园点,社区办园点,民办,北京市房山区韩村河镇潘庄村
房山区,北京市房山区青龙湖镇上万幼儿园,民办,民办,北京市房山区青龙湖镇上万村
房山区,北京市房山区小太阳幼儿园,民办,民办,北京市房山区城关兴房大街6号
房山区,北京市房山区石楼镇石楼村小太阳办园点,社区办园点,民办,北京市房山区石楼镇石楼村石楼大街24号
房山区,北京市房山区未来之星幼儿园,民办,民办,北京市房山区北大寺街12号
房山区,北京市房山区新起点幼儿园,民办,民办,北京市房山区窦店镇瓦窑头村南2号
房山区,北京市房山区加州幼儿园,民办,民办,房山区长阳镇加州水郡西区
房山区,北京市房山区思可蒂儿幼儿园,民办,民办,北京市房山区窦店镇腾龙家园二区16号楼
房山区,北京市房山区城关街道太阳岛幼儿园,民办,民办,北京市房山区城关街道北市村
房山区,北京市房山区阳光实践幼儿园,民办,民办,北京市房山区良乡月华大街2号
房山区,北京市房山区卡酷幼儿园,民办,民办,北京市房山区良乡南关凯旋大街6号
房山区,北京市房山区长阳镇长阳社区思博特培优办园点,社区办园点,民办,房山区长阳镇长阳农场大门南15米
房山区,北京市房山区良乡第四幼儿园,教育部门,地级教育部门,北京市房山区拱辰街道天星街1号院17号楼
房山区,北京市房山区博艺幼儿园,民办,民办,北京市房山区良乡镇广阳西路2号
房山区,北京市房山区智慧岛幼儿园,民办,民办,北京市房山区阎村镇南梨园村
房山区,北京市房山区大石窝镇南尚乐村夏星办园点,社区办园点,民办,北京市房山区大石窝镇南尚乐村永安中街18号
房山区,北京市房山区韩村河镇孤山口村育新办园点,社区办园点,民办,北京市房山区韩村河镇孤山口村
房山区,北京市房山区阎村镇张庄村天使之翼办园点,社区办园点,民办,北京市房山区阎村镇张庄村东里48号
房山区,北京市房山区阎村镇大十三里村育才办园点,社区办园点,民办,北京市房山区闫村镇大十三里村中街171号
房山区,北京市房山区阎村镇南梨园村智慧岛办园点,社区办园点,民办,北京市房山区阎村镇南梨园村
房山区,北京市房山区青龙湖镇焦各庄村金色摇篮办园点,社区办园点,民办,北京市房山区青龙湖镇焦各庄村
房山区,北京市房山区窦店镇瓦窑头村智慧岛办园点,社区办园点,民办,北京市房山区窦店镇瓦窑头村南
房山区,北京市房山区长阳第二幼儿园,教育部门,地级教育部门,北京市房山区长阳镇祥云街10号院11号楼
房山区,北京市房山区时代娇子幼儿园,民办,民办,北京市房山区阎村镇焦庄村88号
房山区,房山区城关街道田各庄村宏冠娇办园点,社区办园点,民办,北京市房山区城关街道田各庄村中街199号
房山区,房山区城关街道西街村小水滴办园点,社区办园点,民办,北京市房山区城关街道西街村站北路2号
房山区,房山区城关街道饶乐府村饶乐府办园点,社区办园点,民办,北京市房山区城关街道饶乐府村小学校旁
房山区,房山区长沟镇西长沟村幸福办园点,社区办园点,民办,北京市房山区长沟镇西长沟村
房山区,房山区阎村镇南坊村金太阳办园点,社区办园点,民办,北京市房山区阎村镇南坊村
房山区,房山区阎村镇小十三里村天使之星办园点,社区办园点,民办,北京市房山区阎村镇小十三里村南500米
房山区,房山区窦店镇西安庄村西安庄办园点,社区办园点,民办,窦店镇西安庄村一区49号
房山区,房山区窦店镇七里店村军民共建阳光办园点,社区办园点,民办,北京市房山区窦店镇七里店村
房山区,房山区拱辰街道送变电社区天使之翼办园点,社区办园点,民办,北京市房山区拱辰街道体育场路3号
房山区,房山区窦店镇于庄村育花办园点,社区办园点,民办,北京市房山区窦店镇于庄4区16号
房山区,房山区西潞街道太平庄西里社区梦起点办园点,社区办园点,民办,北京市房山区西潞街道太平庄村
房山区,房山区良乡镇黑古台村新天地办园点,社区办园点,民办,北京市房山区良乡镇黑古台村三区72号
房山区,北京市房山区琉璃河镇窑上幼儿园,教育部门,地级教育部门,北京市房山区琉璃河镇辛立庄村
房山区,北京市房山区琉璃河镇窑上幼儿园万里分园,教育部门,地级教育部门,北京市房山区琉璃河镇万里村
房山区,北京市房山区启睿第一幼儿园,民办,民办,北京市房山区长阳镇长政北街11号院5号楼
房山区,北京市房山区金蓓蕾幼儿园,民办,民办,北京市房山区窦店镇于庄村
房山区,北京市房山区阎村镇大董村金蓓蕾办园点,社区办园点,民办,北京市房山区阎村镇大董村一里3号
房山区,北京市房山区励德幼儿园,民办,民办,北京市房山区长阳镇嘉州水郡西区205号1-3层101
房山区,北京市房山区长阳五学堂幼儿园,民办,民办,北京市房山区长阳环岛北
房山区,北京市房山区良乡第三幼儿园,教育部门,地级教育部门,北京市房山区良乡建华路10号
房山区,北京市房山区伊顿慧乐幼儿园,民办,民办,北京市房山区长阳镇阜盛东街52号院
房山区,北京市房山区良乡红娃第七幼儿园,民办,民办,北京市房山区良乡昊天大街118号
房山区,北京市房山区爱绿家幼儿园,民办,民办,房山区琉璃河镇刘李店东街8号
房山区,北京市房山区良乡镇下禅坊村艺嘉宝贝办园点,社区办园点,民办,北京市房山区良乡镇下禅坊村南区61号
房山区,北京市房山区长沟镇北正村晓雪办园点,社区办园点,民办,北京市房山区长沟镇北正村四区61号
房山区,北京市房山区窦店镇两间房村良友办园点,社区办园点,民办,北京市房山区窦店镇两间房村一区23号
房山区,北京市房山区窦店镇西安庄育英办园点,社区办园点,民办,北京市房山区窦店镇西安庄村二区1号
房山区,北京市房山区窦店镇瓦窑头村金鑫办园点,社区办园点,民办,北京市房山区窦店镇瓦窑头村南口东街42号
房山区,北京市房山区窦店镇于庄村于庄办园点,社区办园点,民办,北京市房山区窦店镇于庄村窦店二小西侧
房山区,北京市房山区良乡镇东石羊村东石羊办园点,社区办园点,民办,北京市房山区良乡镇东石羊村
房山区,北京市房山区大石窝镇北尚乐村智慧星办园点,社区办园点,民办,北京市房山区大石窝镇北尚乐村
房山区,北京市房山区韩村河镇西东村西东办园点,社区办园点,民办,北京市房山区韩村河镇西东村一区135号
房山区,北京市房山区琉璃河镇贾河村曦辉办园点,社区办园点,民办,北京市房山区琉璃河镇贾河村南区22号
房山区,北京市房山区琉璃河镇周庄村爱绿家办园点,社区办园点,民办,房山区琉璃河镇周庄村村委会旁
房山区,北京市房山区长阳天使之翼幼儿园,民办,民办,北京市房山区长阳镇长韩路10号院1号楼
房山区,北京市房山区启睿伟才第二幼儿园,民办,民办,北京市房山区长阳镇康泽路11号院1号楼
房山区,北京市房山区巢立方幼儿园,民办,民办,北京市房山区窦店镇山水汇豪苑20号楼
房山区,北京市房山区长阳第三幼儿园,教育部门,地级教育部门,北京市房山区长阳镇阜盛西街60号院1
房山区,北京市房山区长阳第三幼儿园-分园,教育部门,地级教育部门,北京市房山区拱辰街道知兴西路13号院1号楼
房山区,北京市房山区万象幼儿园,民办,民办,北京市房山区长泽南街1号院1号楼
房山区,北京市房山区金色摇篮幼儿园,民办,民办,北京市房山区兴东大街277号1幢
房山区,北京市房山区长阳第四幼儿园,教育部门,地级教育部门,房山区公园北路5号院1号楼
房山区,北京市房山区二十一世纪实验幼儿园,民办,民办,北京市房山区良乡太平庄东里南三幢等三幢
房山区,北京市房山区天瑞之星幼儿园,民办,民办,北京市房山区天瑞嘉园1号楼
房山区,北京市房山区未来之星第二幼儿园,民办,民办,北京市房山区荷园东街一号院一号楼申宝大厦
房山区,北京市房山区睿恩幼儿园,民办,民办,北京市房山区良乡月华南大街32号1号楼
房山区,北京市房山区周口店镇周口店村金豆豆办园点,社区办园点,民办,北京市房山区周口店镇周口店村后街108号
房山区,北京市房山区韩村河镇东南章村彩色童年办园点,社区办园点,民办,北京市房山区韩村河镇东南章村6区8号
房山区,北京市房山区青龙湖镇大马村童欣办园点,社区办园点,民办,北京市房山区青龙湖镇大马村
房山区,北京市房山区城关镇东瓜地村七彩空间办园点,社区办园点,民办,北京市房山区城关街道东瓜地村七彩空间办园点
房山区,北京市房山区拱辰街道伟业嘉园东里社区文华办园点,社区办园点,民办,北京市房山区拱辰街道伟业嘉园东里甲八号楼
房山区,北京五色土铭品幼儿园,地方企业,省级其他部门,北京市房山区知兴东路5号院
房山区,北京市房山区墨伽幼儿园,民办,民办,北京市房山区长阳镇祥云街8号院1号楼101
房山区,北京市房山区未来之星第三幼儿园,民办,民办,北京市房山区艺林北街20号院1号楼
房山区,北京市房山区优笛幼儿园,民办,民办,北京市房山区长阳镇首创新悦都三区一号楼红黄蓝幼儿园
房山区,北京市房山区五学堂幼儿园,民办,民办,北京市房山区城关街道饶乐府村东100米兴东大街133号
房山区,北京市房山区励德西潞幼儿园,民办,民办,北京市房山区西潞街道办事处西潞园小区一里临16号楼
房山区,北京市房山区京周幼儿园,民办,民办,北京市房山区城关街道兴房大街54号
房山区,北京市房山区克丽斯幼儿园,民办,民办,北京市房山区竹园街4号院
房山区,北京市房山区首实中兴广悦居幼儿园,民办,民办,北京市房山区长阳镇阜盛西街7号院
房山区,北京市房山区未来之星第四幼儿园,民办,民办,北京市房山区城关青年北路8号院
房山区,北京市房山区华宇启稚幼儿园,民办,民办,北京市房山区城关街道北大街52号
房山区,北京市房山区励德城关幼儿园,民办,民办,北京市房山区兴房大街21号院
房山区,北京市房山区馨思巧幼儿园,民办,民办,北京市房山区书院南街11号院9号楼
房山区,北京市房山区行知天资幼儿园,民办,民办,北京市房山区长阳镇碧桂园82号楼-1至3层101
房山区,北京市房山区琨廷幼儿园,民办,民办,北京市房山区于瓦北路17号院25号楼
房山区,北京市房山区未来之星第六幼儿园,民办,民办,北京市房山区荷园南路25号院1号
房山区,北京市房山区凤凰禾童幼儿园,民办,民办,北京市房山区长阳镇康泽路10号院18号楼
房山区,北京市房山区昊天启铭星罗幼儿园,民办,民办,北京市房山区良乡昊天公园东南角六幢
房山区,北京市房山区金子塔幼儿园,民办,民办,北京市房山区良乡中路37号
房山区,北京市房山区小红娃第一幼儿园,民办,民办,北京市房山区兴安路33号院1号楼
房山区,北京市房山区良乡五学堂幼儿园,民办,民办,北京市房山区良乡镇电业北路8号2021
房山区,北京市房山区博思智华幼儿园,民办,民办,北京市房山区良乡体育场路3号
房山区,北京市房山区瑷玛幼儿园,民办,民办,北京市房山区长阳镇康泽路7号院10号楼 1至5层101
房山区,北京市房山区金豆豆幼儿园,民办,民办,北京市房山区云峰寺路6号院4号楼、7号楼
房山区,北京市房山区幼师实验幼儿园,民办,民办,北京市房山区良旭街8号院
房山区,北京市房山区小牛幼儿园,民办,民办,北京市房山区城关北大街6号31号院
房山区,北京市房山区卓越第二幼儿园,民办,民办,北京市房山区城关镇矿机路3-19
房山区,北京市房山区中兴融通幼儿园,民办,民办,北京市房山区稻田南里7号楼9号院
房山区,北京理工大学附属实验幼儿园,教育部门,地级教育部门,北京市房山区卓秀南街8号院
房山区,北京市房山区春蕾育才幼儿园,民办,民办,北京市房山区拱辰街道知兴西路13号院1号楼
房山区,北京市房山区蓝天歆悦幼儿园,民办,民办,北京市房山区良乡地区北潞春家园A12号楼
房山区,北京市房山区西潞街道夏庄社区常菁藤办园点,社区办园点,民办,北京市房山区良乡苏庄佳世苑南区26号
通州区,北京市通州区马驹桥镇大松垡幼儿园,集体,集体,北京市通州区马驹桥镇大松垡村
通州区,北京市通州区永乐店镇小务幼儿园,集体,集体,北京市通州区永乐店镇小务村
通州区,北京市通州区漷县镇觅子店幼儿园,教育部门,地级教育部门,北京市通州区漷县镇觅子店村
通州区,北京市通州区梨园镇新城嘉园中心幼儿园,教育部门,地级教育部门,北京市通州区梨园镇新城嘉园小区108号楼
通州区,北京市通州区永乐店镇熬硝营幼儿园,集体,集体,北京市通州区永乐店镇熬硝营村
通州区,北京市通州区马驹桥镇小周易幼儿园,集体,集体,马驹桥镇小周易村
通州区,北京市通州区潞城镇贾后疃幼儿园,集体,集体,北京市通州区潞城镇贾后疃村
通州区,北京市通州区宋庄镇红杉溪谷幼儿园,教育部门,县级教育部门,北京市通州区宋庄镇疃里南区55号
通州区,北京市通州区马驹桥镇金桥幼儿园,教育部门,地级教育部门,北京市通州区中关村科技园区通州园金桥科技产业基地景盛北一街29号
通州区,北京市通州区漷县镇漷县中心幼儿园黄厂铺分园,教育部门,地级教育部门,北京市通州区漷县镇黄厂铺村
通州区,北京市通州区马驹桥镇史村幼儿园,集体,集体,通州区马驹桥镇史村幼儿园
通州区,北京市通州区西集镇西集中心幼儿园肖林分园,教育部门,县级教育部门,北京市通州区西集镇肖家林村
通州区,北京市通州区马驹桥镇杨秀店幼儿园,集体,集体,北京市通州区马驹桥镇杨秀店村
通州区,北京市通州区漷县镇漷县中心幼儿园大香仪分园,教育部门,地级教育部门,北京市通州区漷县镇大香仪村
通州区,北京市通州区台湖镇台湖中心幼儿园胡家垡分园,教育部门,县级教育部门,通州区台湖镇胡家垡村
通州区,北京市通州区台湖镇次渠家园幼儿园,教育部门,地级教育部门,北京市通州区台湖镇次渠北里105号
通州区,北京市通州区台湖镇次渠家园幼儿园 - 南园,教育部门,地级教育部门,北京市通州区台湖镇南里117号
通州区,北京市通州区西集镇西集中心幼儿园大灰店分园,教育部门,县级教育部门,北京市通州区西集镇大灰店村
通州区,北京市通州区张家湾镇南大化幼儿园,集体,集体,北京市通州区张家湾镇南大化村委大院
通州区,北京市通州区马驹桥镇前堰上幼儿园,集体,集体,北京市通州区马驹桥镇前堰上村
通州区,北京市通州区马驹桥镇后银子幼儿园,集体,集体,北京市通州区马驹桥镇后银子村
通州区,北京市通州区台湖镇定海园幼儿园,教育部门,地级教育部门,北京市通州区台湖镇定海园二里16号
通州区,北京市通州区于家务乡北辛店幼儿园,集体,集体,北京市通州区于家务乡北辛店村
通州区,北京市通州区宋庄镇平家疃幼儿园,集体,集体,北京市通州区宋庄镇平家疃村
通州区,北京市通州区马驹桥镇南小营幼儿园,集体,集体,北京市通州区马驹桥镇南小营村
通州区,北京市通州区永乐店镇永一幼儿园,集体,集体,北京市通州区永乐店镇永一村幼儿园
通州区,北京市通州区金宝幼儿园,民办,民办,北京市通州区河滨路1号
通州区,北京市通州区马驹桥镇东田阳幼儿园,集体,集体,通州区马驹桥镇东田阳村
通州区,北京市通州区马驹桥镇柏福幼儿园,集体,集体,通州区马驹桥镇柏福村
通州区,北京市通州区花石匠幼儿园,事业单位,事业单位,北京市通州区砖厂北里39号
通州区,北京市通州区台湖镇台湖中心幼儿园,教育部门,县级教育部门,北京市通州区台湖镇台湖村临36号
通州区,北京市通州区马驹桥镇西马各庄幼儿园,集体,集体,北京市通州区马驹桥镇西马各庄
通州区,北京市通州区马驹桥镇姚辛庄幼儿园,集体,集体,通州区马驹桥镇姚辛庄村
通州区,北京市通州区幼儿园,教育部门,县级教育部门,通州区中山街36号
通州区,北京市通州区幼儿园 - 富力金禧分园,教育部门,县级教育部门,北京市通州区后南仓39号
通州区,北京市通州区新城东里幼儿园,教育部门,县级教育部门,北京市通州区西营前街25号
通州区,北京市通州区新城东里幼儿园 - 玉桥东里分园,教育部门,地级教育部门,北京市通州区玉桥东里110号楼
通州区,北京市通州区教工幼儿园,教育部门,地级教育部门,北京市通州区潞通大街196号
通州区,北京市通州区教工幼儿园-分园,教育部门,县级教育部门,北京市通州区紫运南里1区通运小学东
通州区,北京市通州区如意中心幼儿园,教育部门,地级教育部门,北京市通州区如意园甲12号如意中心幼儿园
通州区,北京市通州区如意中心幼儿园 - 后南仓分园,教育部门,县级教育部门,北京市通州区后南仓15号楼南侧
通州区,北京市通州区如意中心幼儿园 - 潞河分园,教育部门,县级教育部门,北京市通州区武定庵20号
通州区,北京市通州区如意中心幼儿园 - 怡佳分园,教育部门,县级教育部门,北京市通州区通惠南路6号院12号楼
通州区,北京市通州区利登幼儿园,民办,民办,北京市通州区通惠南路1号
通州区,北京市通州区宝福幼儿园,民办,民办,通州区玉桥西路1号
通州区,中国人民解放军总参谋部陆航部幼儿园,部队,部队,北京市通州区张家湾镇三间房806号院
通州区,北京市通州区科印幼儿园,地方企业,地方企业,通州区北苑南路63号
通州区,北京市运乔蓝天幼儿园,民办,民办,北京市通州区乔庄东区运乔嘉园
通州区,北京市通州区新苗幼儿园,民办,民办,通州区潞苑家园27号楼
通州区,北京市通州区童乐幼儿园,民办,民办,北京市通州区通惠南路29号
通州区,北京市通州区瀚林华馨幼儿园,民办,民办,北京市通州区台湖镇次渠大街19号
通州区,北京市通州区瀚林华馨幼儿园教学点,民办,民办,北京市通州区台湖镇次渠华馨园小区12号楼
通州区,北京市通州区东方幼儿园,民办,民办,北京市通州区玉带河东街461号
通州区,北京市通州区龙旺庄幼儿园,民办,民办,北京市通州区永顺镇龙旺庄村
通州区,北京市通州区龙旺庄幼儿园-东园,民办,民办,北京市通州区永顺镇龙旺庄村36甲
通州区,北京通州哈佛摇篮幼儿园,民办,民办,北京市通州区通胡大街68号
通州区,北京武夷大地幼儿园,民办,民办,北京市通州区通胡大街68号
通州区,北京市通州区星河幼儿园,民办,民办,北京市通州区玉桥西里70号院
通州区,北京市通州区星河幼儿园教学点（和平未来）,民办,民办,北京市通州区梨园北小区56号
通州区,北京市通州区春华摇篮社区办园点,社区办园点,民办,北京市通州区张家湾北大化村
通州区,北京市通州区启智贝尔幼儿园,民办,民办,通州区玉桥东路58号
通州区,北京市通州区小海豚幼儿园,民办,民办,通州区潞苑南大街1093号
通州区,北京市通州区童心幼儿园,民办,民办,北京市通州区永顺镇西马庄小区
通州区,北京市通州区童心幼儿园教学点,民办,民办,北京市通州区永顺镇通惠北路小区
通州区,北京市通州区淘乐思幼儿园,民办,民办,北京市通州区永顺镇果园路果园北区226号
通州区,北京市通州区淘乐思幼儿园教学点,民办,民办,北京市通州区葛布店东里当代名筑小区甲98号楼
通州区,北京市通州区永顺镇中心幼儿园,教育部门,地级教育部门,北京市通州区八里桥南街68号院
通州区,北京市通州区永顺镇中心幼儿园 - 通瑞嘉苑分园,事业单位,事业单位,北京市通州区永顺镇东潞苑一区13号
通州区,北京市通州区永顺镇中心幼儿园 - 东亚逸品阁分园,教育部门,地级教育部门,通州区潞苑南街18号院
通州区,北京市通州区梨园地区中心幼儿园,集体,集体,北京市通州区梨园镇群芳园小区东500米
通州区,北京市通州区永乐店镇老槐庄幼儿园,集体,集体,北京市通州区永乐店镇老槐庄村
通州区,北京市通州区张家湾镇张家湾中心幼儿园,教育部门,县级教育部门,通州区张家湾镇西定福庄丙51号
通州区,北京市通州区张家湾镇张家湾中心幼儿园 - 里二泗分园,教育部门,县级教育部门,北京市通州区张家湾镇里二泗村委会南侧
通州区,北京市通州区张家湾镇牛堡屯中心幼儿园,教育部门,地级教育部门,北京市通州区张家湾镇中街村甲302号
通州区,北京市通州区马驹桥镇马驹桥中心幼儿园,教育部门,县级教育部门,北京市通州区马驹桥镇兴化大街9号东侧
通州区,北京市通州区马驹桥镇马驹桥中心幼儿园 - 国风美仑分园,教育部门,县级教育部门,北京市通州区马驹桥镇兴贸二街16栋（国风美仑幼儿园））
通州区,北京市通州区马驹桥镇大杜社中心幼儿园,教育部门,县级教育部门,北京市通州区马驹桥镇大杜社村
通州区,北京市通州区马驹桥镇大杜社中心幼儿园-分园,教育部门,县级教育部门,北京市通州区马驹桥镇西马各庄村西口
通州区,北京市通州区民族幼儿园,教育部门,县级教育部门,北京市通州区芙蓉园312号
通州区,北京市通州区西集镇西集中心幼儿园,教育部门,地级教育部门,通州区西集镇西集村临4号
通州区,北京市通州区东旭英华幼儿园,民办,民办,北京市通州区梨园北街256号
通州区,北京市通州区新通幼儿园,教育部门,县级教育部门,北京市通州区梨园西里38号楼
通州区,北京市通州区漷县镇漷县中心幼儿园,教育部门,地级教育部门,通州区漷县镇漷兴一街，漷县中心小学院内
通州区,北京市通州区漷县镇觅子店幼儿园曹庄分园,教育部门,地级教育部门,北京市通州区漷县镇曹庄村委会
通州区,北京市通州区大方居幼儿园,教育部门,县级教育部门,北京市通州区半壁店大街25号
通州区,北京市通州区大方居幼儿园 - 北园,教育部门,县级教育部门,北京市通州区半壁店大街25号京洲园325号
通州区,北京市通州区七零九零幼儿园,教育部门,地级教育部门,北京市通州区梨园南街净水园小区14号楼
通州区,北京市通州区宋庄镇徐辛庄中心幼儿园,教育部门,地级教育部门,通州区宋庄镇徐辛庄村临74号
通州区,北京市通州区世纪之星幼儿园,民办,民办,通州区梨园地区九棵树万盛北里甲355号
通州区,北京市通州区蓝馨幼儿园,民办,民办,北京市通州区宋庄镇吴各庄村82号
通州区,北京市通州区于家务回族乡中心幼儿园,教育部门,县级教育部门,北京市通州区于家务回族乡于家务西里新月路1号
通州区,北京市通州区漷县镇觅子店幼儿园边槐庄分园,教育部门,地级教育部门,北京市通州区漷县镇边槐庄村委会
通州区,北京市通州区于家务乡东马各庄幼儿园,集体,集体,北京市通州区于家务乡东马各庄村
通州区,北京市通州区台湖镇兴武林幼儿园,集体,集体,北京市通州区台湖镇兴武林村
通州区,北京市通州区临河里幼儿园,教育部门,县级教育部门,北京市通州区临河里62号
通州区,北京市通州区临河里幼儿园-分部,教育部门,县级教育部门,北京市通州区九棵树东路436号
通州区,北京市通州区西集镇西集中心幼儿园杜柳棵分园,教育部门,县级教育部门,北京市通州区西集镇杜柳棵村
通州区,北京市通州区潞城镇大豆各庄幼儿园,集体,集体,北京市通州区潞城镇大豆各庄村
通州区,北京市通州区漷县镇觅子店幼儿园张庄分园,教育部门,地级教育部门,北京市通州区漷县镇张庄村委会
通州区,北京市通州区龙鼎幼儿园,民办,民办,通州区翠景南里西区18号楼
通州区,北京市通州区迪帆幼儿园,民办,民办,北京市通州区永顺镇安顺路17号
通州区,北京市通州区永乐店镇中心幼儿园,教育部门,地级教育部门,北京市通州区永乐店镇东张各庄村西口
通州区,北京市通州区东旭英才幼儿园,民办,民办,北京市通州区物院路正南A1-8号
通州区,北京市通州区东旭英才幼儿园教学点,民办,民办,通州区云景东路399号西侧
通州区,北京市通州区华远铭悦幼儿园,教育部门,县级教育部门,北京市通州区砖厂南里27号楼
通州区,北京市通州区快乐时光幼儿园,教育部门,县级教育部门,北京市通州区半壁店大街北口1号
通州区,北京市通州区快乐时光幼儿园 - 怡然世家分园,教育部门,县级教育部门,北京市通州区半壁店大街京洲园11号
通州区,北京市通州区潞城镇甘棠中心幼儿园,教育部门,县级教育部门,北京市通州区潞城镇侉子店村村南
通州区,北京市通州区西集镇郎府幼儿园,教育部门,县级教育部门,北京市通州区西集镇郎东村
通州区,北京市通州区尚慧幼儿园,民办,民办,北京市通州区梨园镇大稿村怡乐南街
通州区,北京市通州区晟世蓝天幼儿园,民办,民办,通州区梨园镇晟世嘉园2号（京州园64号）
通州区,北京市通州区芙蓉幼儿园,教育部门,县级教育部门,北京市通州区水仙西路1号芙蓉幼儿园
通州区,北京市通州区圣克弗斯幼儿园,民办,民办,北京市通州区河滨路1号月亮河城堡公寓6号楼
通州区,北京市通州区蓝色未来幼儿园,民办,民办,北京市通州区新华北路117号院蓝色未来幼儿园
通州区,北京市通州区于家务乡王各庄村幼儿园,集体,集体,北京市通州区于家务回族乡王各庄村
通州区,北京市通州区于家务乡东垡村幼儿园,集体,集体,北京市通州区于家务乡东垡村
通州区,北京市通州区马驹桥镇小杜社幼儿园,集体,集体,北京市通州区马驹桥镇小杜社村
通州区,北京市通州区马驹桥镇前银子幼儿园,集体,集体,北京市通州区马驹桥镇前银子村
通州区,北京市通州区马驹桥镇大杜社幼儿园,集体,集体,通州区马驹桥镇大杜社村
通州区,北京市通州区英才幼儿园,民办,民办,北京市通州区宋庄镇寨辛庄前街甲2号院1号楼
通州区,北京市通州区永乐店镇半截河幼儿园,集体,集体,通州区永乐店镇半截河村
通州区,北京市通州区童之梦幼儿园,民办,民办,北苑南路38号院
通州区,北京市通州区金地格林幼儿园,民办,民办,北京市通州区永顺镇榆东一街6号院
通州区,北京市通州区金色摇篮印象台湖幼儿园,民办,民办,北京市通州区台湖北里45号楼
通州区,北京市通州区语然生态幼儿园,民办,民办,北京市通州区临河里路砖厂北里155号
通州区,北京市通州区红黄蓝马驹桥幼儿园,民办,民办,北京市通州区马驹桥镇富力尚悦居D区红黄蓝幼儿园
通州区,北京市通州区潞苑幼儿园,教育部门,县级教育部门,北京市通州区永顺镇潞苑北里四区A01公建楼
通州区,北京一幼海晟实验园城市副中心园（一分部）,教育部门,地级教育部门,北京市通州区古月佳园小区24号楼
通州区,北京一幼海晟实验园城市副中心园（二分部）,教育部门,地级教育部门,北京市通州区畅和西路3号院
通州区,北京市通州区天鹅湖幼儿园,民办,民办,北京市通州区八里桥南街50号院
通州区,北京市通州区海贝儿幼儿园,民办,民办,北京市通州区马驹桥镇纳特园区海贝儿幼儿园
通州区,北京市通州区红黄蓝北苑幼儿园,民办,民办,北京市通州区新华南街10号院
通州区,北京市第五幼儿园城市副中心园,教育部门,地级教育部门,北京市通州区含英园十一区6号楼
通州区,北京市通州区乔瑞博雅幼儿园,民办,民办,通州区台湖镇兴光三街9号院21号楼
通州区,北京市通州区乔瑞博雅幼儿园教学点（小福星）,民办,民办,北京市通州区台湖镇次渠玉江佳园13楼A栋
通州区,北京市通州区乔瑞博雅幼儿园教学点（小博士）,民办,民办,北京市通州区台湖镇次渠府东苑小区34号楼商6商7
通州区,北京市通州区银河湾幼儿园,民办,民办,北京市通州区台湖镇海盛四街8号院1号楼
通州区,北京市通州区台湖英才幼儿园,民办,民办,北京市通州区台湖镇嘉创二路泰禾拾景园1号院14号楼
通州区,北京市通州区爱为·常春藤幼儿园,民办,民办,北京市通州区月亮河河滨路一号
通州区,北京市通州区潞城镇太子府幼儿园,集体,集体,北京市通州区潞城镇太子府村
通州区,北京阳光溪语幼儿园有限公司,民办,民办,通州区新华北街35号
通州区,北京市通州区合美滨江帝景幼儿园,民办,民办,通州区玉桥东里131号楼1至3层101
通州区,北京市通州区德爱六合幼儿园,民办,民办,北京市通州区宋庄镇六合新村北区
通州区,北京市通州区童心童话幼儿园,民办,民办,北京市通州区玉桥中路玉桥佳园小区附属楼3号二层
通州区,北京爱森堡幼儿园有限公司,民办,民办,通州区景盛北一街17号院104号楼
通州区,北京市通州区华音幼儿园,民办,民办,北京市通州区颐瑞东里210号楼
通州区,北京市通州区德育贝儿幼儿园,民办,民办,北京市通州区永乐店镇永新路82号
通州区,北京金色音画幼儿园有限公司,民办,民办,北京市通州区景盛南二街33号院8号楼东区
通州区,北京市通州区天天向上幼儿园,民办,民办,北京市通州区皇家新村玉河区77、78号
通州区,北京市通州区思玛特幼儿园,民办,民办,北京市通州区怡乐园三区27号楼、甲20号楼（1-3层）
通州区,北京市吧哩岛幼儿园,民办,民办,通州区榆景苑二区23号楼
通州区,北京市通州区祥禾幼儿园,民办,民办,北京市通州区张家湾镇马营村祥和乐园小区24号楼
通州区,北京市通州区瑞丁通大幼儿园,民办,民办,北京市通州区梨园镇九棵树西路188号通大家园22号楼
通州区,北京市通州区圣仁谷幼儿园,民办,民办,通州区马驹桥景盛南二街37号
通州区,北京市通州区圣仁谷幼儿园教学点（大葛庄明珠）,民办,民办,马驹桥镇大葛庄村46号
通州区,北京市通州区圣仁谷幼儿园教学点（史村明珠）,民办,民办,北京市通州区马驹桥镇史村东街268号
通州区,北京市通州区天使乐园幼儿园,民办,民办,北京市通州区张家湾镇西定福庄村环湖小镇西商业区东侧2-1、2-2、2-3、2-4
通州区,北京赫斯顿幼儿园,民办,民办,北京市通州区九棵树145号2幢、3幢、4幢1层、6幢
通州区,北京市通州区小牛顿幼儿园,民办,民办,北京市通州区万盛北里甲420号
通州区,北京市通州区小牛顿幼儿园教学点,民办,民办,北京市通州区玉桥中路105号
通州区,北京洪恩幼儿园,民办,民办,北京市通州区云景东里349-B
通州区,北京市通州区金雅幼儿园,民办,民办,北京市通州区永顺镇新建村二期高层8号楼甲1号
通州区,北京市通州区宋庄镇立德幼儿园,民办,民办,北京市通州区宋庄镇宋庄村艺术工厂路C区三排1号
通州区,北京华杉慧童幼儿园有限公司,民办,民办,北京市通州区永顺南街164号院1幢、2幢、3幢、4幢
通州区,北京市通州区东方尚德幼儿园,民办,民办,通州区云景北里40号楼
通州区,北京市通州区东方尚德幼儿园教学点（梨园）,民办,民办,北京市通州区颐瑞西里瑞都公园世家南区
通州区,北京市通州区东方尚德幼儿园教学点（玉桥）,民办,民办,北京市通州区玉桥西里72号院
通州区,北京市通州区奥博幼儿园,民办,民办,北京市通州区张湾镇太玉园东区
通州区,北京格林王国幼儿园有限公司,民办,民办,北京市通州区梨园镇小街三队村委会南300米
通州区,北京市通州区瑞丁蓝调幼儿园,民办,民办,北京市通州区蓝调沙龙西区
通州区,北京市通州区派乐特幼儿园,民办,民办,北京市通州区梨园镇九棵树西路275号
通州区,北京市通州区艾瑞斯幼儿园,民办,民办,北京市通州区景盛北一街17号院113号楼1层101
通州区,北京市通州区北实外森林幼儿园,民办,民办,北京市通州区宋庄镇双埠头村
通州区,北京蓝莓果幼儿园有限公司,民办,民办,北京市通州区怡乐中路299号院1号楼
通州区,北京市通州区育童幼儿园,民办,民办,北京市通州区永顺镇焦王庄东潞苑100号
通州区,北京市通州区贝特尔幼儿园,民办,民办,北京市通州区马驹桥镇温馨家园东区18号楼
通州区,北京市通州区贝特尔幼儿园教学点,民办,民办,北京市通州区马驹桥新海东路1号
通州区,北京市通州区才子启航幼儿园,民办,民办,北京市通州区宋庄镇邢各庄村临81号
通州区,北京乔瑞幼儿园有限公司,民办,民办,北京市通州区台湖镇兴光三街9号院25号楼
通州区,北京红杉幼儿园,民办,民办,通州区怡乐中路268、270、272、274、276、278、280、282号
通州区,北京市通州区金色童年幼儿园,民办,民办,北京市通州区中关村科技园区通州园金桥科技产业基地景盛南二街12号院9号楼
通州区,北京市通州区博瀚幼儿园,民办,民办,北京市通州区颐瑞中二路嘉州阳光苑C23#
通州区,北京市通州区未来大脑幼儿园,民办,民办,北京市通州区梨园镇怡乐西路
通州区,北京市通州区文英幼儿园,民办,民办,北京市通州区台湖镇马庄村94号
通州区,北京市通州区旺都幼儿园,民办,民办,北京市通州区宋庄工业区旺都二街1号14幢
通州区,北京市美嘉幼儿园,民办,民办,北京市通州区群芳一园114号楼
通州区,北京市通州区北星月亮湾幼儿园,民办,民办,北京市通州区张家湾镇何各庄村1A
通州区,北京市通州区春蕾西上园幼儿园,民办,民办,北京市通州区西上园小区一区甲9号
通州区,北京市通州区春蕾西上园幼儿园教学点,民办,民办,通州区梨园镇金侨时代家园小区371号楼
通州区,北京市通州区张家湾欣华幼儿园,民办,民办,北京市通州区张家湾镇张湾村北商业1号、2号
通州区,北京市通州区贝贝优佳幼儿园,民办,民办,通州区张家湾镇西定福庄村环湖小镇东商业区22号楼
通州区,北京市通州区东方蓝德幼儿园,民办,民办,北京市通州区宋庄镇徐新庄村379号
通州区,北京市通州区美嘉万盛幼儿园,民办,民办,北京市通州区宋庄镇疃里村西侧
通州区,北京市通州区美嘉万盛幼儿园教学点,民办,民办,北京市通州区张家湾镇张湾村新东1号
通州区,北京歌德福来儿幼儿园有限公司,民办,民办,北京市通州区运通花园91号楼1—3层全部
通州区,北京市通州区慧凡阳光幼儿园,民办,民办,北京市通州区台湖镇玉甫上营392号
通州区,北京未来贝星幼儿园有限公司,民办,民办,北京市通州区翠景北里20号楼1至2层101
通州区,北京圣嘉洪堡幼儿园有限公司,民办,民办,通州区永顺镇南关村玉桥佳园2号楼底商308
通州区,北京市通州区童心乐幼儿园,民办,民办,通州区宋庄镇平家疃村村委会
通州区,北京市通州区小骏马幼儿园,民办,民办,北京市通州区马驹桥镇东店村
通州区,北京市通州区金色天使幼儿园,民办,民办,北京市通州区安顺北里31号
通州区,北京市通州区银河雨幼儿园,民办,民办,北京市通州区物资学院3号院甲1号
通州区,北京市通州区七色花幼儿园,民办,民办,北京市通州区金三角商业区三区7号
通州区,北京市通州区爱童社区办园点,社区办园点,民办,北京市通州区漷县镇北堤寺村204号
通州区,北京市通州区幸福云朵幼儿园,民办,民办,北京市通州区宋庄镇葛渠村
通州区,北京市通州区海通旺旺福幼儿园,民办,民办,北京市通州区宋庄镇富豪村352号甲、354号、622号
通州区,北京市通州区东方金宝贝幼儿园,民办,民办,北京市通州区张家湾镇西定福庄环湖小镇西商业西侧南区1号 
通州区,北京市通州区东方金宝贝幼儿园教学点（馨爽）,民办,民办,北京市通州区张家湾镇陆辛庄村
通州区,北京市通州区东方金宝贝幼儿园教学点（育馨）,民办,民办,北京市通州区张家湾镇高营村359号
通州区,北京市通州区东方金宝贝幼儿园教学点（西集教学点）,民办,民办,北京市通州区西集镇张各庄甲496号
通州区,北京市通州区开心宝贝幼儿园,民办,民办,北京市通州区宋庄镇关辛庄村
通州区,北京市通州区四季悦城幼儿园,民办,民办,北京市通州区马驹桥镇兴贸二街16号南院1幢二层201室
通州区,北京市通州区四季悦城幼儿园教学点亲亲宝贝,社区办园点,民办,北京市通州区马驹桥三街
通州区,北京市通州区四季悦城幼儿园教学点（世界村）,民办,民办,北京市通州区环景路18号
通州区,北京市通州区小雨点幼儿园,民办,民办,北京市通州区张家湾镇枣林庄村西
通州区,北京市钧梓幼儿园有限公司,民办,民办,北京市通州区台湖镇外郎营村244号
通州区,北京市通州区东方语英幼儿园,民办,民办,通州区漷县镇觅子店金三角工贸城
通州区,北京市通州区东鲁中街社区办园点,社区办园点,民办,北京市通州区漷县镇东鲁村337甲
通州区,北京市考拉启赋兴光幼儿园有限公司,民办,民办,北京市通州区兴光五街8号3幢101
通州区,北京市通州区大苹果幼儿园,民办,民办,通州区玉桥北里41号楼
通州区,北京市通州区乐童精灵幼儿园,民办,民办,北京市通州区乔庄北街2号
通州区,北京市通州区乐童精灵幼儿园教学点（博瑞思）,民办,民办,通州区玉桥东里6-3号
通州区,北京市通州区酷萌超人幼儿园,民办,民办,北京市通州区大马庄商业楼6号
通州区,北京市通州区嘉华幼儿园,民办,民办,北京市通州区北苑南路105号1栋、107号
通州区,北京市通州区云景豪庭幼儿园,民办,民办,北京市通州区梨园镇云景东路348号
通州区,北京市通州区云景豪庭幼儿园教学点（佳美乐）,民办,民办,北京市通州区潞苑南大街185号11号楼商11、商12、商13
通州区,北京市通州区云景豪庭幼儿园教学点（芳草晴天）,民办,民办,北京市通州区张家湾镇北许场新村芳草晴天幼儿园1501号
通州区,北京市通州区育子博君社区办园点,社区办园点,民办,北京市通州区玉桥中路 115号
通州区,北京市通州区金色摇篮荔景幼儿园,民办,民办,北京市通州区紫运西里17号楼
通州区,北京市通州区德爱通惠幼儿园,民办,民办,北京市通州区八里桥南街50号院
通州区,北京市通州区德仁守望幼儿园,民办,民办,北京市通州区永乐店镇德仁务前街103号
通州区,北京市通州区德仁守望幼儿园教学点（喜洋洋）,民办,民办,北京市通州区永乐店镇小务村162号
通州区,北京市通州区德仁守望幼儿园教学点（王老师）,民办,民办,北京市通州区永乐店镇小务村296号
通州区,北京市通州区金果果幼儿园,民办,民办,北京市通州区漷县镇漷县村绿荫西区二期底商1号、2号
通州区,北京市通州区金果果幼儿园教学点（马驹桥）,民办,民办,通州区马驹桥镇兴华嘉园325号院20-1320-1420-15
通州区,北京市通州区金果果幼儿园教学点（靛庄）,民办,民办,北京市通州区漷县镇靛庄村二区2号
通州区,北京市通州区金果果幼儿园教学点（爱格堡）,民办,民办,北京市通州区西富河园5号5号院
通州区,北京市通州区好学幼儿园,民办,民办,北京市通州区新海南里70号楼
通州区,北京市通州区艺铭才幼儿园,民办,民办,北京市通州区玉桥东里甲5号楼
通州区,北京市通州区绿荫宝贝幼儿园,民办,民办,北京市通州区漷县镇商品交易中心26号
通州区,北京市通州区晨艺社区办园点,社区办园点,民办,北京市通州区漷县镇草厂村村委会东
通州区,北京市通州区城市之光幼儿园,民办,民办,北京市通州区台湖镇东石东三路9号
通州区,北京市通州区翼博林幼儿园,民办,民办,北京市通州区宋庄镇草寺村107号272号
通州区,北京市通州区潞城镇兴各庄幼儿园,集体,集体,北京市通州区潞城镇兴各庄村
通州区,北京市通州区雨露芙蓉幼儿园,民办,民办,北京市通州区宋庄镇师姑庄村135号
通州区,北京市蓝天星辰幼儿园有限公司,民办,民办,通州区运河西大街172号
通州区,北京市北海幼儿园城市副中心园,教育部门,县级教育部门,北京市通州区朗清园二区40号
通州区,北京市北海幼儿园城市副中心园-东校区,教育部门,县级教育部门,北京市通州区朗清园三区56号
通州区,北京市通州区贝乐迪幼儿园,民办,民办,北京市通州区马驹桥镇兴贸三街18号院9号楼
通州区,北京市通州区华通幼儿园,民办,民办,北京市通州区马驹桥镇新海北里21号楼
通州区,北京颐泽幼儿园,民办,民办,北京市通州区怡乐中路299号院
通州区,北京爱贝通景幼儿园有限公司,民办,民办,北京市通州区梨园镇京洲园195号1-2层
通州区,北京市通州区乐瑛博雅幼儿园,民办,民办,北京市通州区温馨家园北区
通州区,北京市通州区德爱永济幼儿园,民办,民办,北京市通州区于家务乡永济西里7号楼
通州区,北京市通州区乐童精灵陆辛庄幼儿园,民办,民办,通州区张湾镇陆辛庄村东
通州区,北京市通州区河畔丽景金帆幼儿园,民办,民办,北京市通州区河畔丽景小区5号楼东侧
通州区,北京市通州区艺乐康幼儿园,民办,民办,北京市通州区杨庄南里79号楼
通州区,北京市通州区爱贝华业幼儿园,民办,民办,通州区临河里路2号5-4幢1-2层
通州区,北京市通州区乐真幼儿园,民办,民办,北京市通州区于家务回族乡新月里15号
通州区,北京市通州区培文幼儿园,民办,民办,北京市通州区马驹桥镇二街村8号
通州区,北京德闳幼儿园有限公司,民办,民办,北京市通州区榆滨芳苑商1号楼、商5号楼
通州区,北京市通州区繁星点点幼儿园,民办,民办,北京市通州区台湖镇张台路98号金福湿地公园内北一栋
通州区,北京市通州区新潮嘉园幼儿园,民办,民办,通州区潞苑南大街185号院乙13号楼
通州区,北京市通州区思玛特京贸幼儿园,民办,民办,通州区怡乐中街366号院12号楼
通州区,北京市通州区铭珠幼儿园,民办,民办,北京市通州区玉带河东街2号院12号楼
通州区,北京市通州区金色摇篮格林幼儿园,民办,民办,北京市通州区马驹桥镇新海中三路6号
通州区,北京市通州区台湖维思幼儿园,民办,民办,北京市通州区台湖镇台铭国际园区内
通州区,北京市通州区中教杨坨幼儿园,民办,民办,北京市通州区紫运南里三区8号楼
通州区,北京市通州区酷萌超人马驹桥幼儿园,民办,民办,北京市通州区马驹桥镇环科中路11号3幢
通州区,北京市通州区迪恩捷幼儿园,民办,民办,北京市通州区五里店西路6号
通州区,北京市通州区金幼群芳幼儿园,民办,民办,北京市通州区梨园镇群芳四园56号楼
通州区,北京市通州区阳光起点幼儿园,民办,民办,北京市通州区东潞苑五区甲11号楼
通州区,北京市通州区童真幼儿园,民办,民办,北京市通州区杨庄南里37号楼
通州区,北京市通州区拔萃幼儿园,民办,民办,北京市通州区融商一路4号院1号楼
通州区,北京市通州区张家湾镇博瑞斯幼儿园,民办,民办,北京市通州区张家湾镇中街2号院1号楼1层
通州区,北京市通州区美嘉尹各庄幼儿园,民办,民办,北京市通州区宋庄镇尹各庄村
通州区,北京市通州区新未来实验学校,民办,民办,北京市通州区宋庄镇宋庄村
通州区,北京市私立树人·瑞贝学校,民办,民办,通州区宋庄镇小堡南街甲一号
通州区,北京市通州区梨园镇万盛北里社区爱贝办园点,社区办园点,社区办园点,北京市通州区九棵树西路132号
通州区,北京市通州区梨园镇临河里社区惜童办园点,社区办园点,社区办园点,北京市通州区临河里59号楼1单元101
通州区,北京市通州区宋庄镇管头村童爱办园点,社区办园点,社区办园点,北京市通州区宋庄镇管头村32号
通州区,北京市通州区永乐店镇三垡村利民办园点,社区办园点,社区办园点,北京市通州区永乐店镇三垡村208号
通州区,北京市通州区永乐店镇柴厂屯村童康乐办园点,社区办园点,社区办园点,北京市通州区永乐店镇柴厂屯村197号
通州区,北京市通州区于家务回族乡于家务村新起点幼儿园,社区办园点,社区办园点,北京市通州区于家务乡于家务村四街201号
通州区,北京市通州区京铁家园幼儿园,事业单位,事业单位,通州区杨庄街道京铁潞园小区10号楼  
通州区,北京市通州区幸福里幼儿园,事业单位,事业单位,北京市通州区台湖镇胡家垡村甲6号院9号楼
顺义区,北京市顺义区高丽营镇张喜庄村幼儿园,集体,集体,北京市顺义区高丽营镇张喜庄村南侧
顺义区,北京市顺义区南彩镇河北村幼儿园,集体,集体,北京市顺义区南彩镇河北村
顺义区,北京市顺义区博才幼儿园,民办,民办,顺义区裕龙三区甲19号
顺义区,北京市顺义区李桥镇后桥幼儿园,集体,集体,北京市顺义区李桥镇后桥村新明斜街9号
顺义区,北京市顺义区牛栏山镇龙王头幼儿园,集体,集体,北京市顺义区牛栏山镇龙王头村
顺义区,北京市顺义区李桥镇北河幼儿园,集体,集体,北京市顺义区李桥镇北河村中街西一巷135号
顺义区,北京市顺义区李桥镇北河幼儿园王家场分园,集体,集体,北京市顺义区李桥镇王家场村文明大街21号
顺义区,北京市顺义区顺和花园幼儿园,教育部门,地级教育部门,北京市顺义区仁和地区顺和花园小区7号楼
顺义区,北京市顺义区杨镇三街村幼儿园,集体,集体,北京市顺义区杨镇小店新街13号
顺义区,北京市顺义区东方悦稚艾德幼儿园,民办,民办,北京市顺义区天竺空港工业A区天纬五街蓝庭苑6号楼
顺义区,北京市顺义区港馨东区幼儿园,教育部门,地级教育部门,北京市顺义区港馨东区17号楼
顺义区,北京市顺义区港馨东区幼儿园路劲御和府分园,教育部门,地级教育部门,顺义区仁和镇顺义新城第7街区
顺义区,北京市顺义区澜西园四区幼儿园,教育部门,地级教育部门,北京市顺义区澜西园四区
顺义区,北京市顺义区马坡第二幼儿园,教育部门,地级教育部门,北京市顺义区马坡镇马卷村西侧
顺义区,北京市顺义区马坡第二幼儿园聚源工业区分园,教育部门,地级教育部门,北京市顺义区聚源工业区B区3号
顺义区,北京市顺义区建南幼儿园,教育部门,地级教育部门,北京市顺义区建新南区36号
顺义区,北京市顺义区建南幼教集团鲁能园区,教育部门,地级教育部门,北京市顺义区马坡地区顺兴大街7号院24号楼
顺义区,北京市顺义区建南幼教集团永欣园区,教育部门,地级教育部门,北京市顺义区站前街8号院12号楼
顺义区,北京市顺义区裕龙幼儿园,教育部门,地级教育部门,顺义区裕龙四区13号楼
顺义区,北京市顺义区西辛幼儿园,教育部门,地级教育部门,北京市顺义区西辛南区内
顺义区,北京市顺义区西辛幼儿园分园,教育部门,地级教育部门,顺义区顺白路57号西辛幼儿园分园
顺义区,北京市顺义区西辛幼儿园橡树珑湾园区,教育部门,地级教育部门,北京市顺义区乾安路11号院
顺义区,北京市顺义区馨港幼儿园,教育部门,地级教育部门,顺义区李桥镇馨港庄园2区2号
顺义区,北京市顺义区馨港幼儿园半壁店分园,教育部门,地级教育部门,北京市顺义区李桥镇南半壁店村东一街65号
顺义区,北京市顺义区温莎幼儿园,民办,民办,北京市顺义区空港街道办事处天房第一社区居委会
顺义区,北京市顺义区杨镇中心幼儿园,教育部门,地级教育部门,北京市顺义区杨镇一街村府西街4号
顺义区,北京市顺义区杨镇中心幼儿园小店分园,教育部门,地级教育部门,北京市顺义区杨镇地区辛庄子小学路2号
顺义区,北京市顺义区杨镇中心幼儿园政府街园区,教育部门,地级教育部门,北京市顺义区杨镇政府街12号
顺义区,北京市顺义区仁和中心幼儿园,教育部门,地级教育部门,北京市顺义区石园南区
顺义区,北京市顺义区义宾幼儿园,教育部门,地级教育部门,北京市顺义区义宾南区甲10号
顺义区,北京市顺义区采风幼儿园,民办,民办,顺义区南彩镇前俸伯村附四路9号
顺义区,北京市顺义区港馨幼儿园,教育部门,地级教育部门,北京市顺义区港馨家园西区院内
顺义区,北京市顺义区北小营中心幼儿园,教育部门,地级教育部门,北京市顺义区北小营中心幼儿园
顺义区,北京市顺义区北小营中心幼儿园金茂分园,教育部门,地级教育部门,顺义区北小营镇三十街区金茂国际社区
顺义区,北京市顺义区金汉绿港幼儿园,教育部门,地级教育部门,金汉绿港3区6号
顺义区,北京市顺义区怡馨幼儿园,教育部门,地级教育部门,北京市顺义区怡馨家园27号楼
顺义区,北京市顺义区南法信中心幼儿园,教育部门,地级教育部门,南法信镇政府北顺余西路3号
顺义区,北京市顺义区南法信中心幼儿园分园,教育部门,地级教育部门,北京市顺义区南法信政府北顺余西路3号
顺义区,北京市顺义区石园幼儿园,教育部门,地级教育部门,北京市顺义区石园西区20号
顺义区,北京市顺义区滨河幼儿园,教育部门,地级教育部门,北京市顺义区滨河小区滨河幼儿园
顺义区,北京市顺义区泛美幼儿园,民办,民办,顺义区南关平各庄通顺路29号
顺义区,北京市顺义区后沙峪第一幼儿园,教育部门,地级教育部门,北京市顺义区后沙峪镇双裕街31号
顺义区,北京市顺义区后沙峪第一幼儿园青岚分园,教育部门,地级教育部门,北京市顺义区后沙峪清岚花园西区物业旁
顺义区,北京市顺义区后沙峪第一幼儿园 清岚东区,教育部门,地级教育部门,顺义区后沙峪镇青岚花园回民营二区
顺义区,北京市顺义区后沙峪第一幼儿园十里湖光园区,教育部门,地级教育部门,北京市顺义区后沙峪镇裕航路11号院1号楼
顺义区,北京市顺义区后沙峪第一幼儿园罗马湖园区,教育部门,地级教育部门,顺义区后沙峪镇天北路中心街97号
顺义区,北京市顺义区后沙峪第一幼儿园阿凯迪亚园区,教育部门,地级教育部门,顺义区后沙峪镇阿凯迪亚庄园42号楼
顺义区,北京市顺义区牛栏山第一幼儿园,教育部门,地级教育部门,北京市顺义区牛栏山镇府前街24号
顺义区,北京市顺义区牛栏山第一幼儿园相各庄分园,教育部门,地级教育部门,北京市顺义区牛栏山镇相各庄村龙王路1号
顺义区,北京市顺义区北务中心幼儿园,教育部门,地级教育部门,北京市顺义区北务镇政府街4号
顺义区,北京市顺义区长颈鹿幼儿园,民办,民办,北京市顺义区毓秀园别墅区南区A区25号楼
顺义区,北京市顺义区红黄蓝城市花园幼儿园,民办,民办,北京市顺义区空港经济开发区B区万科城市花园
顺义区,北京市顺义区赵全营中心幼儿园,教育部门,地级教育部门,赵全营镇政府西侧123号
顺义区,北京市顺义区南彩第二幼儿园,教育部门,地级教育部门,北京市顺义区南彩镇政府东侧
顺义区,北京市顺义区天竺中心幼儿园,教育部门,地级教育部门,天竺镇府前一街20号
顺义区,北京市顺义区幸福幼儿园,教育部门,地级教育部门,北京市顺义区幸福西街六号
顺义区,北京市顺义区幸福幼儿园中晟园区,教育部门,地级教育部门,北京市顺义区马坡地区中晟馨苑3号院14号楼
顺义区,北京市顺义区大孙各庄中心幼儿园尹家府分园,教育部门,地级教育部门,北京市顺义区大孙各庄镇四福通大街82号
顺义区,北京市顺义区大孙各庄中心幼儿园,教育部门,地级教育部门,北京市顺义区大孙各庄镇府前街8号
顺义区,北京市顺义区南彩第一幼儿园,教育部门,地级教育部门,南彩镇中大街5号
顺义区,北京市顺义区马坡第一幼儿园,教育部门,地级教育部门,北京市顺义区马坡镇政府西侧
顺义区,北京市顺义区木林中心幼儿园,教育部门,地级教育部门,北京市顺义区顺焦路木林段83号
顺义区,北京市顺义区木林中心幼儿园李各庄分园,教育部门,地级教育部门,北京市顺义区木林镇李各庄村育才路1号
顺义区,北京市顺义区李桥中心幼儿园,教育部门,地级教育部门,北京市顺义区李桥镇沿河村任李路沿河段17号
顺义区,北京市顺义区木林镇大韩庄幼儿园,集体,集体,北京市顺义区木林镇大韩庄村东路98号
顺义区,北京市顺义区双兴幼儿园,教育部门,地级教育部门,顺义区双兴南区双兴幼儿园
顺义区,中国人民解放军66055部队幼儿园,部队,部队,顺义区拥军路5号
顺义区,北京市顺义区北石槽中心幼儿园,教育部门,地级教育部门,北京市顺义区北石槽镇府前西街2号
顺义区,北京市顺义区伊顿幼儿园,民办,民办,北京市顺义区后沙峪罗马环岛北1000米阿凯笛亚庄园南门43号楼
顺义区,北京市顺义区木林镇王泮庄幼儿园,集体,集体,木林镇王泮庄大队中街53号
顺义区,北京市顺义区龙湾屯中心幼儿园,教育部门,地级教育部门,北京市顺义区龙湾屯镇政府前街路南东侧4号
顺义区,北京市顺义区张镇中心幼儿园,教育部门,地级教育部门,北京市顺义区张镇浅山香邑二区林秀西路1号院15号楼
顺义区,北京市顺义区张镇中心幼儿园张各庄分园,教育部门,地级教育部门,顺义区张各庄村建新二路
顺义区,北京市顺义区李遂中心幼儿园,教育部门,地级教育部门,北京市顺义区李遂镇政府街南孙路李遂段5号
顺义区,北京市顺义区嘉德蒙台梭利幼儿园,民办,民办,北京市顺义区顺福路2号金碧湖畔42栋
顺义区,北京市顺义区宏城幼儿园,教育部门,地级教育部门,北京市顺义区前进花园石门苑22号楼
顺义区,北京市顺义区宏城幼儿园望泉寺园区,教育部门,地级教育部门,北京市顺义区望泉西里一区9号楼
顺义区,北京市顺义区高丽营第一幼儿园,教育部门,地级教育部门,顺义区高丽营镇张喜庄村
顺义区,北京市顺义区高丽营第二幼儿园,教育部门,地级教育部门,顺义区高丽营镇高泗路13号
顺义区,北京市顺义区汇佳东方幼儿园,民办,民办,北京市顺义区东方太阳城万晴园54号
顺义区,北京市顺义区建北幼儿园,教育部门,地级教育部门,北京市顺义区建新北区37号
顺义区,北京市顺义区石园北区幼儿园,教育部门,地级教育部门,北京市顺义区石园北区幼儿园
顺义区,北京市顺义区牛栏山镇芦正卷幼儿园,集体,集体,北京市顺义区牛栏山镇芦正卷村
顺义区,北京市顺义区赵全营镇去碑营村幼儿园,集体,集体,北京市顺义区赵全营镇去碑营村新建路38号
顺义区,北京市顺义区后沙峪镇董各庄村幼儿园,集体,集体,顺义区后沙峪镇董各庄后街13号
顺义区,北京市顺义区丽思嘉洛德幼儿园,民办,民办,北京市顺义区天竺镇府前一街58号水木兰亭花园2号楼
顺义区,北京市顺义区金翼德懿幼儿园,民办,民办,北京市顺义区天竺丽苑路6号
顺义区,北京市顺义区吉祥幼儿园,教育部门,地级教育部门,北京市顺义区空港B区吉祥花园小区13号
顺义区,北京市顺义区杨镇第三幼儿园,教育部门,地级教育部门,北京市顺义区杨镇双阳东区13号
顺义区,北京市顺义区杨镇第三幼儿园沙岭分园,教育部门,地级教育部门,顺义区杨镇沙岭青年路4号
顺义区,北京市顺义区马坡第三幼儿园,教育部门,地级教育部门,北京市顺义区马坡佳和宜园29号楼
顺义区,北京市顺义区澜西园二区幼儿园,教育部门,地级教育部门,北京市顺义区澜西园二区14号楼
顺义区,北京市顺义区高丽营第三幼儿园,教育部门,地级教育部门,北京市顺义区高丽营镇新于庄园小区17号
顺义区,北京市顺义区牛栏山第二幼儿园,教育部门,地级教育部门,北京市顺义区牛栏山镇下坡屯家园三区甲六号
顺义区,北京市顺义区空港第一幼儿园,教育部门,地级教育部门,北京市顺义区安泰大街9号院一号楼
顺义区,北京市顺义区空港第一幼儿园中粮分园,教育部门,县级教育部门,北京市顺义区安泰大街9号院一号楼
顺义区,北京市顺义区空港第一幼儿园-金港家园分园,教育部门,地级教育部门,北京市顺义区安泰大街3号院
顺义区,北京市顺义区南彩镇后俸伯幼儿园,集体,集体,北京市顺义区南彩镇后俸伯村吉祥路北二巷14号
顺义区,北京市顺义区睿德双语幼儿园,民办,民办,北京市顺义区后沙峪镇天北路名都园8208栋
顺义区,北京市顺义区仁和花园幼儿园,教育部门,地级教育部门,仁和花园一区22号楼
顺义区,北京市顺义区仁和花园幼儿园分园,教育部门,地级教育部门,仁和花园二区21号楼
顺义区,北京市顺义区旺泉幼儿园,教育部门,地级教育部门,北京市顺义区旺泉街道石门街丙6号院1号楼
顺义区,北京市顺义区旺泉幼儿园前进分园,教育部门,地级教育部门,北京市顺义区前景路4号院1号楼
顺义区,北京市顺义区南彩镇小营村幼儿园,集体,集体,北京市顺义区南彩镇小营村
顺义区,北京市顺义区北小营镇大胡营幼儿园,集体,集体,北京市顺义区北小营镇大胡营村永安大街2号
顺义区,北京市顺义区香悦四季幼儿园,教育部门,地级教育部门,北京市顺义区马坡地区乾安路3号院（二区）17号
顺义区,北京市顺义区香悦四季幼儿园金宝分园,教育部门,地级教育部门,北京市顺义区金宝花园北区29号
顺义区,北京市顺义区李桥镇头二营幼儿园,集体,集体,北京市顺义区李桥镇头二营村中心东街70号
顺义区,北京市顺义区南彩镇前俸伯幼儿园,集体,集体,北京市顺义区南彩镇前俸伯村委会
顺义区,北京市顺义区木林镇贾山村幼儿园,集体,集体,木林镇贾山村
顺义区,北京市顺义区培德书院幼儿园,民办,民办,北京市顺义区后沙峪罗马湖中路甲1号
顺义区,北京市顺义区裕龙二区幼儿园,教育部门,地级教育部门,北京市顺义区裕龙二区四号楼
顺义区,北京市顺义区李桥镇李桥幼儿园,集体,集体,北京市顺义区李桥镇李家桥村北二街28号
顺义区,北京市顺义区木林镇马坊村幼儿园,集体,集体,北京市顺义区木林镇马坊村
顺义区,北京市顺义区赵全营镇燕华营村幼儿园,集体,集体,北京市顺义区赵全营镇燕华营村
顺义区,北京市顺义区北小营第二幼儿园,教育部门,地级教育部门,北京市顺义区北小营镇仇家店村环村西路2号
顺义区,北京市顺义区东兴幼儿园,教育部门,地级教育部门,光明北街东侧
顺义区,北京市顺义区李遂镇葛代子村幼儿园,集体,集体,北京市顺义区李遂镇葛代子村葛幼路1号
顺义区,北京市顺义区双丰第一幼儿园,教育部门,地级教育部门,北京市顺义区顺兴街11号院12号楼
顺义区,北京市顺义区艾德森幼儿园,民办,民办,北京市顺义区马坡聚源工业园区富华科技创业园（白马路马坡段65号）
顺义区,北京市顺义区翊帆幼儿园,民办,民办,北京市顺义区后沙峪镇西白辛庄榆阳路5号
顺义区,北京市顺义区天竺镇薛大人庄村幼儿园,集体,集体,顺义区天竺镇翠竹新村20号楼101
顺义区,北京大风车启贝幼儿园有限责任公司（北京市顺义区大风车启贝幼儿园）,民办,民办,北京顺义区仁和镇京顺路公路北侧2号
顺义区,北京市顺义区南彩镇前郝家疃村幼儿园,集体,集体,北京市顺义区前郝家疃村兴华街卧龙胡同34号
顺义区,北京京顺青青藤幼儿园有限责任公司（北京市顺义区青青藤幼儿园）,民办,民办,北京市顺义区绿港家园四区1号楼至3号楼1888室
顺义区,北京市顺义区高丽营第五幼儿园,集体,集体,北京市顺义区高丽营镇五村
顺义区,北京市顺义区耿丹克丽斯幼儿园,民办,民办,北京市顺义区牛栏山镇供销社胡同6号院
顺义区,北京市顺义区益民顺德幼儿园,民办,民办,北京市顺义区石园北区67号楼
顺义区,北京市顺义区天竺新新家园摩码幼儿园,民办,民办,北京市顺义区天柱东路33号（三区）19号楼
顺义区,北京市顺义区乔智幼儿园,民办,民办,北京市顺义区顺平路南彩段北侧
顺义区,北京市顺义区优帮裕龙幼儿园,民办,民办,北京市顺义区光明街道裕龙六区44号楼
顺义区,北京市顺义区赵全营镇北郎中幼儿园,集体,集体,北京市顺义区赵全营镇北郎中村南
顺义区,北京市顺义区福奥幼儿园,民办,民办,北京市顺义区天竺镇府前二街一号6幢一层至三层
顺义区,北京市顺义区墨伽禧瑞幼儿园,民办,民办,北京市顺义区赵全营镇瑞兆东街7号院1号楼
顺义区,北京市顺义区乔智第二幼儿园,民办,民办,北京市顺义区高丽营镇张喜庄村东
顺义区,北京市顺义区天裕昕园幼儿园,教育部门,地级教育部门,北京市顺义区空港街道天裕中路2号院1号楼
顺义区,北京市顺义区龙泉苑幼儿园,教育部门,地级教育部门,顺义区望泉北街3号院1号楼
顺义区,北京市顺义区丽喜嘉宝幼儿园,民办,民办,北京市顺义区高丽营镇张喜庄段3号院
顺义区,北京市顺义区板桥幼儿园,教育部门,地级教育部门,北京市顺义区赵全营镇板桥北街7号院2号
顺义区,北京市顺义区牛栏山第三幼儿园,教育部门,地级教育部门,北京市顺义区牛栏山镇香缇中路6号院1号楼
顺义区,北京市顺义区百草园幼儿园,民办,民办,顺义区站前街8号院17号楼
顺义区,北京市顺义区扬播幼儿园,民办,民办,北京市顺义区通顺路30号院
顺义区,北京市顺义区益民明德幼儿园,民办,民办,顺义区林河开发区双河大街18号
顺义区,北京市海嘉学校,民办,民办,北京市顺义区后沙峪裕民大街5号
顺义区,北京市顺义区青苗学校幼儿园,民办,民办,北京市顺义区天竺丽苑街21号
顺义区,北京市顺义区君诚学校,民办,民办,顺义区后沙峪镇火沙路古城段15号
顺义区,北京市新英才学校,民办,民办,北京市顺义区后沙峪镇安华街9号
顺义区,北京市新英才学校幼儿园·龙湾园,民办,民办,北京市顺义区空港街道龙湾七街3号楼
顺义区,北京市顺义区北小营镇北小营村社区办园点,社区办园点,民办,顺义区北小营镇北小营村平安路三条甲9
顺义区,北京市顺义区北小营镇北府村社区办园点,社区办园点,民办,顺义区北小营镇北府村隆福街10号-12号
顺义区,北京市顺义区北小营镇马辛庄村社区办园点,社区办园点,民办,顺义区北小营镇马辛庄村三街一条13号
顺义区,北京市顺义区北小营镇水色时光小区社区办园点,社区办园点,民办,北京市顺义区北小营镇水色时光五区1501-1502
顺义区,北京市顺义区北小营镇东府村社区办园点,社区办园点,民办,北京市顺义区北小营镇府顺东路二排10号
顺义区,北京市顺义区天竺镇蓝海苑小区社区办园点,社区办园点,民办,北京市顺义区天竺镇蓝海苑内
顺义区,北京市顺义区后沙峪镇江山赋小区社区办园点,社区办园点,民办,北京市顺义区后沙峪镇安富街8号院2号楼
顺义区,北京市顺义区后沙峪镇清岚花园西区社区办园点,社区办园点,民办,北京市顺义区后沙峪清岚花园西区5号楼
顺义区,北京市顺义区后沙峪镇双裕西区社区办园点,社区办园点,民办,北京市顺义区后沙峪镇双裕西区15号楼
顺义区,北京市顺义区仁和镇毓秀园小区社区办园点,社区办园点,民办,毓秀园社区办园点
顺义区,北京市顺义区旺泉街道西辛北区社区办园点,社区办园点,民办,北京市顺义区西门外路北1号卧龙公园南门东侧100米
顺义区,北京市顺义区双丰街道马坡花园一区社区办园点,社区办园点,民办,马坡花园一区甲7号楼
顺义区,北京市顺义区双丰街道水木龙腾社区办园点,社区办园点,民办,北京市顺义区双丰街道金蝶软件内
顺义区,北京市顺义区石园街道轻汽集团社区办园点,社区办园点,民办,北京市顺义区仁和镇仓上街10号后院
顺义区,北京市顺义区胜利街道龙府花园小区社区办园点,社区办园点,民办,北京市顺义区胜利街道龙府花园11号楼
顺义区,北京市顺义区后沙峪镇蓝尚家园南区社区办园点,社区办园点,民办,北京市顺义区后沙峪镇蓝尚家园南区5号楼一层
顺义区,北京市顺义区后沙峪镇蓝尚家园北区社区办园点,社区办园点,民办,顺义区后沙峪双裕南小街1号楼1号院
顺义区,北京市顺义区后沙峪镇铁匠营新村社区办园点,社区办园点,民办,北京市顺义区荣昌大厦3号楼
顺义区,北京市顺义区空港街道名都园小区社区办园点,社区办园点,民办,榆阳路六号名都园
顺义区,北京市顺义区北石槽镇下西市村幼儿园,教育部门,地级教育部门,北京市顺义区北石槽镇下西市村
昌平区,北京市昌平区教工幼儿园,教育部门,地级教育部门,北京市昌平区城北街道西环里小区甲9号院
昌平区,北京市昌平区教工幼儿园 - 麓语分园,教育部门,地级教育部门,北京市昌平区兴寿镇半壁店东路13号
昌平区,北京市昌平区机关幼儿园,教育部门,地级教育部门,北京市昌平区鼓楼南大街永安巷5号
昌平区,北京市昌平区机关幼儿园 - 南新村分园,教育部门,地级教育部门,北京市昌平区十三陵镇南新村村南
昌平区,北京市昌平区机关幼儿园 - 新辰分园,教育部门,地级教育部门,北京市昌平区沙河镇昆仑路2号院
昌平区,北京市昌平区工业幼儿园,教育部门,地级教育部门,北京市昌平区西环路11号
昌平区,北京市昌平区工业幼儿园 - 冠华园南园,教育部门,地级教育部门,北京市昌平区北七家镇稷安南街7号院
昌平区,北京市昌平区工业幼儿园 - 冠华园北园,教育部门,地级教育部门,北京市昌平区北七家镇稷安北街5号院
昌平区,北京市昌平区财贸幼儿园,教育部门,地级教育部门,北京市昌平区城北街道八街大将军胡同2号
昌平区,北京市昌平区延寿镇中心幼儿园,教育部门,地级教育部门,北京市昌平区延寿镇黑山寨村村西
昌平区,北京市昌平实验幼儿园,教育部门,地级教育部门,北京市昌平区小汤山土沟新村35号
昌平区,北京市昌平区马池口镇北小营村幼儿园,集体,集体,北京市昌平区马池口地区办事处北小营村委会
昌平区,北京市昌平区城南街道北郝庄幼儿园,集体,集体,北京市昌平区城南街道北郝庄村
昌平区,北京市昌平区城南街道邓庄村幼儿园,集体,集体,北京市昌平城南街道邓庄村幼儿园
昌平区,中国人民解放军61016部队幼儿园,部队,部队,南口军民路1号院内
昌平区,中国人民解放军95820部队幼儿园,部队,部队,北京市昌平区百善镇尚上路2号院1号
昌平区,北京市昌平区妙想天开幼儿园,民办,民办,北京市昌平区天通苑东一区65号
昌平区,北京市昌平区赛亚宝贝幼儿园,民办,民办,昌平区东关路手表厂院内
昌平区,北京市昌平区新世纪幼儿园,民办,民办,昌平区回龙观龙泽苑西区
昌平区,北京市昌平区南邵中心幼儿园,集体,集体,北京市昌平区南邵镇南邵村东
昌平区,北京昌房幼儿园,地方企业,地方企业,北京市昌平区东关南里小区19号楼
昌平区,北京市昌平区回龙观镇中心幼儿园,教育部门,地级教育部门,北京市昌平区回龙观街道南店新村西
昌平区,北京市昌平区幼师鼓楼实验幼儿园,民办,民办,北京市昌平区鼓楼东街33号院内
昌平区,北京市昌平区城南镇旧县村幼儿园,集体,集体,北京市昌平区城南街道旧县村405号
昌平区,北京市昌平区城北街道西关幼儿园,集体,集体,昌平区城北街道槐树巷
昌平区,北京市昌平区兴寿镇中心幼儿园,教育部门,地级教育部门,北京市昌平区兴寿学校院内
昌平区,中国人民解放军军事科学院幼儿园（阳坊园）,部队,部队,北京市昌平区阳坊镇中心南街37号
昌平区,中国人民解放军陆军防化学院幼儿园,部队,部队,北京市昌平区阳坊镇中心北街1号院
昌平区,北京市昌平区汇佳幼儿园,民办,民办,北京市昌平区回龙观风雅园三区14号楼
昌平区,北京市昌平区汇佳幼儿园 - 云趣园,民办,民办,北京市昌平区回龙观云趣园一区25号楼
昌平区,北京市昌平区天一宝贝幼儿园,其他部门,省级其他部门,北京市昌平区东小口镇龙锦苑东二区
昌平区,北京市昌平区绿贝儿幼儿园,民办,民办,北京市昌平回龙观龙博二区21号
昌平区,中国人民解放军国防大学幼儿园（昌平园）,部队,部队,昌平区府学路甲15号
昌平区,北京农学院幼儿园,事业单位,事业单位,北京市昌平区回龙观镇北农路7号
昌平区,北京农学院幼儿园 - 领秀分园,事业单位,事业单位,北京市昌平区史各庄街道领秀慧谷小区西侧
昌平区,北京市昌平区育龙幼儿园,民办,民办,回龙观龙跃苑一区17号
昌平区,北京市昌平区博苑实验幼儿园,民办,民办,北京市昌平区回龙观龙华园东区甲11号
昌平区,国营北京市北郊农场幼儿园,地方企业,地方企业,龙泽园街道北郊农场家属院北院内
昌平区,北京市昌平区宏景幼儿园,民办,民办,北京市昌平区北七家镇温泉花园甲12楼
昌平区,北京市昌平区沙河镇中心幼儿园,教育部门,地级教育部门,北京市昌平区沙河镇
昌平区,北京市昌平区幸福童年幼儿园,民办,民办,昌平区回龙观龙腾六区16号
昌平区,北京市昌平区苹果树幼儿园,民办,民办,北京市昌平区北七家镇海德堡花园社区中心
昌平区,北京市昌平区马池口镇中心幼儿园,教育部门,地级教育部门,北京市昌平区下念头火车站西
昌平区,北京市昌平区马池口镇中心幼儿园 - 马池口分园,教育部门,地级教育部门,北京市昌平区马池口镇马池口村西
昌平区,北京市昌平区马池口镇中心幼儿园 - 楼自庄分园,教育部门,地级教育部门,北京市昌平区马池口镇楼自庄村西
昌平区,北京市昌平区马池口镇中心幼儿园 - 白浮分园,教育部门,地级教育部门,北京市昌平区马池口镇白浮村
昌平区,北京市昌平区长陵镇中心幼儿园,教育部门,地级教育部门,北京市昌平区十三陵镇景陵村
昌平区,北京市昌平区启盼幼儿园,民办,民办,北京市昌平区马池口镇红冶钢厂西侧启盼幼儿园
昌平区,北京市昌平区幸福童年龙腾幼儿园,民办,民办,北京市昌平区龙泽苑街道龙腾苑四区20号
昌平区,北京市昌平区崔村镇中心幼儿园,教育部门,地级教育部门,北京市昌平区崔村镇政府街
昌平区,北京市昌平区芭学园幼儿园,民办,民办,昌平区霍营街道办事处华龙苑中里36号
昌平区,北京市昌平区幸福摇篮幼儿园,民办,民办,北京市昌平区北七家镇燕丹村492号
昌平区,北京市昌平区小汤山镇中心幼儿园,教育部门,地级教育部门,北京市昌平区小汤山镇大东流村222号
昌平区,北京市昌平区小汤山镇中心幼儿园 - 西官庄分园,教育部门,县级教育部门,北京市昌平区小汤山镇西官庄村临64号
昌平区,北京市昌平区天慧幼儿园,民办,民办,北京市昌平区北七家镇羊各庄新村俱乐部西侧
昌平区,中国政法大学幼儿园,事业单位,事业单位,昌平府学路27号
昌平区,北京市昌平区金奥幼儿园,民办,民办,北京市昌平区东小口镇小辛庄村西
昌平区,北京市昌平区梧桐树幼儿园,民办,民办,北京市昌平区北七家镇温哥华森林别墅
昌平区,北京市昌平区小汤山镇双兴苑幼儿园,集体,集体,北京市昌平区小汤山镇小汤山村
昌平区,北京市昌平区中馥慧幼儿园,民办,民办,北京市昌平区回龙观东大街和谐二区中馥慧幼儿园
昌平区,昌平区东小口镇中心幼儿园,集体,集体,昌平区东小口镇中滩村
昌平区,北京市昌平区城北街道三街幼儿园,集体,集体,昌平区财神庙胡同1号
昌平区,中国人民解放军战略支援部队航天工程大学士官学校幼儿园,部队,部队,北京市昌平区府学路7号
昌平区,北京市昌平区二十一世纪实验幼儿园,民办,民办,北京市昌平区东小口镇顶秀青溪家园25号楼
昌平区,北京市昌平区南口镇中心幼儿园,教育部门,地级教育部门,北京市昌平区南口镇道北中区267号
昌平区,北京市昌平区南口镇中心幼儿园旺和分园,教育部门,地级教育部门,北京市昌平区居庸关路南口段199号院
昌平区,北京市昌平区博雅学园幼儿园,民办,民办,北京市昌平区城南街道白浮泉路26号院11号楼
昌平区,首钢幼儿保教中心沙河幼儿园,地方企业,地方企业,昌平区赴京门路甲7号
昌平区,北京市昌平区十三陵镇中心幼儿园,教育部门,地级教育部门,北京市昌平区十三陵镇大宫门村东
昌平区,中国人民解放军66325部队幼儿园,部队,部队,北京市昌平区南口镇南大街4号
昌平区,北京市昌平区爱蕾幼儿园,民办,民办,北京市昌平区回龙观文化居住区龙锦苑四区14号
昌平区,北京市昌平区爱彼格林珑悦幼儿园,民办,民办,北京市昌平区回龙观
昌平区,北京市昌平区童学园幼儿园,民办,民办,北京市昌平区回龙观龙跃苑三区东门
昌平区,北京市昌平区王府幼儿园,民办,民办,北京市昌平区北七家镇王府街11号
昌平区,北京市昌平区奕青音乐幼儿园,民办,民办,北京昌平天通北苑二区甲38号楼
昌平区,北京市昌平区快乐宝贝幼儿园,民办,民办,北京市昌平区霍营街道龙锦苑东一区
昌平区,北京市昌平区小脚丫幼儿园,民办,民办,北京市昌平区回龙观镇西三旗金达园13号楼
昌平区,北京市昌平区滨河幼儿园,教育部门,地级教育部门,北京市昌平区昌崔路198号院8号楼
昌平区,北京市昌平区滨河幼儿园 - 畅悦分园,教育部门,地级教育部门,北京市昌平区北七家镇平西府中路二号院一号楼
昌平区,北京市昌平区华成幼儿园,民办,民办,北京市昌平区北七家镇蓬莱公寓小区
昌平区,北京市昌平区小哈敦幼儿园,民办,民办,北京市昌平区北七家燕丹村255号
昌平区,北京市昌平区育星幼儿园,民办,民办,北京市昌平区东小口镇中滩村114号
昌平区,北京市昌平区东方剑桥天通中苑幼儿园,民办,民办,北京市昌平区天通中苑15号楼
昌平区,北京市昌平区红苹果幼儿园,民办,民办,北京市昌平区郝庄家园服务中心
昌平区,北京市昌平区龙虎台村百花幼儿园,集体,集体,北京市昌平区南口镇龙虎台村341号
昌平区,北京市昌平区朱辛庄幼儿园,教育部门,地级教育部门,北京市昌平区史各庄街道朱辛庄新区
昌平区,北京市昌平区城南街道南郝庄幼儿园,集体,集体,昌平区南郝庄大队村西
昌平区,北京市昌平区阳坊镇中心幼儿园,教育部门,地级教育部门,北京市昌平区阳坊镇阳坊村东街西侧
昌平区,北京市昌平区阳坊镇中心幼儿园（八口分园）,教育部门,地级教育部门,北京市昌平区阳坊镇八口村原八口小学院内
昌平区,北京市昌平区幸福摇篮天通苑幼儿园,民办,民办,北京市昌平区天通苑北一区甲二号102室
昌平区,北京市昌平区北七家镇中心幼儿园,教育部门,地级教育部门,北京市昌平区北七家镇平西府村
昌平区,北京市昌平区流村镇中心幼儿园,教育部门,地级教育部门,北京市昌平区流村镇漆园村
昌平区,北京市昌平区流村镇中心幼儿园 - 南流村分园,教育部门,地级教育部门,北京市昌平区流村镇南流村村委会东侧
昌平区,北京市昌平区流村镇中心幼儿园 - 新建村分园,教育部门,地级教育部门,北京市昌平区流村镇新建村村委会北侧
昌平区,北京市昌平区文德幼儿园,民办,民办,回龙观镇旗胜家园7号楼
昌平区,北京市昌平区百善镇中心幼儿园,教育部门,地级教育部门,北京市昌平区百善镇上东廓村内
昌平区,北京市昌平区百善镇中心幼儿园 - 孟祖分园,教育部门,地级教育部门,北京市昌平区百善镇孟祖村内
昌平区,北京市昌平区百善镇中心幼儿园百合园,教育部门,地级教育部门,北京市昌平区百善镇北六环百善出口向东400米路南
昌平区,北京市昌平区为明幼儿园,民办,民办,北京市昌平区南环路创新园32号
昌平区,巩华北科幼儿园,集体,集体,北京市昌平区沙河镇沙阳路18号
昌平区,北京市昌平区阳坊镇西贯市村回民幼儿园,集体,集体,北京市昌平区阳坊镇西贯市村梨园街8号
昌平区,北京市昌平区育童康贝幼儿园,民办,民办,北京市昌平区小汤山镇富来宫温泉公寓物业综合楼
昌平区,北京市昌平区跃儿幼儿园,民办,民办,北京市昌平区王府街18号
昌平区,北京市昌平区南邵镇张各庄村幼儿园,集体,集体,北京市昌平区南邵镇张各庄村
昌平区,北京市昌平区南邵镇姜屯村幼儿园,集体,集体,北京市昌平区南邵镇姜屯村村西
昌平区,北京市昌平区南邵镇官高村幼儿园,集体,集体,北京市昌平区南邵镇官高村北
昌平区,北京市昌平区小汤山镇赴任辛庄村幼儿园,集体,集体,北京市昌平区小汤山镇赴任辛庄村
昌平区,北京市昌平区小汤山镇大柳树村幼儿园,集体,集体,昌平小汤山大柳树村村北
昌平区,北京市昌平区日光彩虹幼儿园,民办,民办,北京市昌平区天通苑南街道办事处天通苑三区20号楼
昌平区,北京市棉花胡同幼儿园回龙观园,教育部门,地级教育部门,北京市昌平区回龙观镇龙域南街1号院
昌平区,北京市昌平区涧头满族幼儿园,集体,集体,北京市昌平区十三陵镇涧头村西
昌平区,北京市昌平区奥佳幼儿园,民办,民办,北京市昌平区城北街道城角西路15号路东
昌平区,北京市昌平区蓝天圆梦幼儿园,民办,民办,北京市昌平区回龙观新龙城小区一号楼西侧
昌平区,北京市昌平区海天幼儿园,民办,民办,北京市昌平区燕平路中段
昌平区,北京师范大学未来科学城第一幼儿园,教育部门,地级教育部门,北京市昌平区北七家镇未来科技城南区
昌平区,北京市昌平区幸福童乐幼儿园,民办,民办,北京市昌平区霍营街道办事处西侧
昌平区,北京市昌平区小汤山镇马坊村幼儿园,集体,集体,北京市昌平区小汤山镇马坊村西
昌平区,华北电力大学回龙观幼儿园,教育部门,地级教育部门,昌平区北农路2号华北电力大学院内
昌平区,北京市昌平区幼师第五实验幼儿园,民办,民办,北京市昌平区沙河镇松兰堡村西
昌平区,首都师范大学附属回龙观幼儿园,教育部门,地级教育部门,北京市回龙观镇龙域中路五号院
昌平区,北京师范大学实验幼儿园新校区幼儿园,教育部门,地级教育部门,北京市昌平区沙河镇高教园区北三街11号院
昌平区,北京市昌平区幸福摇篮蓬莱苑幼儿园,民办,民办,北京市昌平区北七家镇蓬莱苑别墅19号
昌平区,北京市昌平区幸福童心幼儿园,民办,民办,北京市昌平区回龙观镇龙禧苑二区东南
昌平区,北京市昌平区北郡嘉源幼儿园,教育部门,地级教育部门,南邵镇景文东路2号院15号楼
昌平区,北京市昌平区同心幼儿园,民办,民办,北京市昌平区南环路市政管理委员会东侧
昌平区,北京市第六幼儿园回龙观园,教育部门,地级教育部门,北京市昌平区回龙观龙域北街9号
昌平区,北京市昌平区唻咪宝贝幼儿园,民办,民办,北京市昌平区城北街道蓝郡嘉苑12号楼
昌平区,北京市昌平区教之道幼儿园,民办,民办,北京市昌平区马池口镇白泉庄村628号院
昌平区,北京市昌平区水韵哈敦幼儿园,民办,民办,北京市昌平区北七家镇立汤路威尼斯花园一区28号
昌平区,北京市昌平区北七家镇燕丹村幼儿园,集体,集体,北京市昌平区北七家镇燕丹村
昌平区,北京市昌平区东方剑桥天通东苑幼儿园,民办,民办,天通苑东三区28号楼
昌平区,北京市昌平区优美嘉和幼儿园,民办,民办,北京市昌平区沙河镇沙阳路32号院保利芳华家园9号楼
昌平区,北京市昌平区怀氏幼儿园,民办,民办,北京市昌平区马池口镇百泉庄127号院2号门
昌平区,北京市昌平区北七家镇八仙庄村幼儿园,集体,集体,北京市昌平区北七家镇八仙庄村北大街
昌平区,北京市昌平区北七家镇白庙村幼儿园,集体,集体,北京市昌平区北七家镇白庙村西街北门
昌平区,北京市昌平区天通苑南街道中心幼儿园,教育部门,地级教育部门,北京市昌平区天通苑二区10号
昌平区,北京市昌平区南邵镇中心幼儿园,教育部门,地级教育部门,北京市昌平区南邵镇景荣街2号
昌平区,北京市昌平区天童幼儿园,民办,民办,北京市昌平区天通苑五区5号楼
昌平区,北京市昌平区天骄幼儿园,民办,民办,北京市昌平区天通苑北三区43号楼
昌平区,北京市昌平区育树家幼儿园,民办,民办,北京市昌平区天通苑南街道天通苑小区东苑二区13号楼
昌平区,北京七彩辰幼儿园有限公司,民办,民办,北京市昌平区沙河镇延秋园一区43号1至2层101
昌平区,北京市昌平区幸福泉幼儿园,民办,民办,北京市昌平区振兴路35号院21号楼
昌平区,北京市昌平区睿鑫幼儿园,民办,民办,北京市昌平区北环路2号西侧
昌平区,北京市昌平区优才幼儿园,民办,民办,北京市昌平区天通苑南街道办事处天通苑中苑J区19号楼
昌平区,北京市昌平区培杰锦程幼儿园,民办,民办,北京市昌平区新悦家园32号楼
昌平区,北京京师阳光幼儿园有限公司,民办,民办,北京市昌平区新汇园小区3号楼
昌平区,北京市昌平区美好未来幼儿园,民办,民办,北京市昌平区北七家镇桃园公寓7号楼（底商）
昌平区,北京市昌平区清悦幼儿园,教育部门,地级教育部门,昌平区东小口镇龙锦一街37号院二区
昌平区,清华附小成志幼儿园,教育部门,地级教育部门,北京市昌平区天通苑南街道陈家营东路1号
昌平区,北京市昌平区中少手拉手幼儿园,民办,民办,北京市昌平区龙泽园街道回南路9号
昌平区,北京德优紫水晶幼儿园有限公司,民办,民办,北京市昌平区回龙观镇龙锦二街88号楼1至3层01
昌平区,北京瑞琦幼儿园有限公司,民办,民办,北京市昌平区霍营街道紫金新干线小区四区2号商业楼
昌平区,北京市昌平区万朵幼儿园（北京）有限公司,民办,民办,北京市昌平区北七家定泗路118号
昌平区,北京市昌平区博顿创意幼儿园,民办,民办,北京市昌平区天通苑北街道天通中苑D区35号楼
昌平区,北京市常青藤幼儿园有限公司,民办,民办,北京昌平区定泗路20号中海瓦尔登湖四期
昌平区,北京市昌平区亚东方幼儿园,民办,民办,北京市昌平区崔村镇南庄营村164号
昌平区,北京市昌平区春天幼儿园,民办,民办,北京市昌平区天通西苑一区12号楼
昌平区,北京市昌平区沙河镇白各庄新村幼儿园,集体,集体,北京市昌平区沙河镇白各庄新村111号
昌平区,北京青蓝森林幼儿园有限公司,民办,民办,北京市昌平区北七家镇定泗路218号院8号楼1至2层2单元102
昌平区,北京市昌平区京童幼儿园,民办,民办,北京市昌平区沙河镇白各庄村88-1号
昌平区,北京圣仁谷幼儿园有限公司,民办,民办,昌平区东小口镇中滩6号
昌平区,北京市昌平区小芭幼儿园,民办,民办,北京市昌平区霍营镇颐康路51号
昌平区,北京市昌平区模树本苑幼儿园,民办,民办,北京市昌平区城北街道水库路东侧6号
昌平区,北京博苑明天幼儿园有限公司,民办,民办,北京市昌平区北七家镇名佳花园三区院内1幢
昌平区,北京市昌平区果仁儿幼儿园,民办,民办,北京市昌平区天南街道天通苑六区8号楼
昌平区,中国听力语言康复研究中心启聪幼儿园（昌平区北七家分园）,事业单位,事业单位,昌平区北七家镇
昌平区,蓓蕾佳尔幼儿园（北京）有限公司,民办,民办,昌平区北七家镇天权路金色漫香苑6号院1号
昌平区,北京市昌平区育扬牧童幼儿园,民办,民办,北京市昌平区沙河镇民园小区2号楼
昌平区,北京市昌平区北七家镇郑各庄村幼儿园,集体,集体,北京市昌平区北七家镇郑各庄村
昌平区,北京市昌平区天爱幼儿园,民办,民办,北京市昌平区龙水路35号院1号楼
昌平区,北京市昌平区爱彼格林时代幼儿园,民办,民办,北京市昌平区立水桥合立方小区7号楼
昌平区,北京市昌平区兴寿镇香屯村幼儿园,集体,集体,北京市昌平区兴寿镇香屯村东
昌平区,北京市昌平区云帆幼儿园,民办,民办,北京市昌平区南金路7号院金明园小区西侧50米
昌平区,北京市昌平区欣宇幼儿园,民办,民办,北京市昌平区城南街道凉水河路西侧一号院
昌平区,北京市昌平区育德幼儿园,民办,民办,北京市昌平区回龙观街道新康园小区内
昌平区,北京市昌平区乐才回天幼儿园,民办,民办,北京市昌平区回龙观二拨子新村
昌平区,北京市中科幼教昌平区沙河幼儿园,事业单位,事业单位,北京市昌平区高教园区北一街
昌平区,北京市昌平蓝智童悦幼儿园,事业单位,事业单位,北京市昌平区沙河镇于辛庄路59号丽春湖院子
昌平区,北京市昌平蓝智童悦幼儿园（翡翠公园分园）,事业单位,事业单位,北京市昌平区北七家镇卓胜路11号院
昌平区,北京市昌平蓝智童悦幼儿园（金辰府分园）,事业单位,事业单位,北京市昌平区定泗路112号院
昌平区,北京市昌平蓝智童悦幼儿园（理想国分园）,事业单位,事业单位,北京市昌平区北七家镇华润家园
昌平区,北京市昌平区龙泽园街道三合庄幼儿园,集体,集体,北京市昌平区龙泽园街道三合庄小区旁
昌平区,北京市昌平区马池口镇亭自庄村幼儿园,集体,集体,北京市昌平区马池口镇亭自庄村南侧
昌平区,北京市第一〇一中学昌平第二幼儿园,教育部门,地级教育部门,北京市昌平区七小路与七辛中街西
昌平区,北京市昌平区云朵幼儿园,民办,民办,北京市昌平区城北街道西关路槐树巷甲3号
昌平区,北京市第一〇一中学昌平第一幼儿园,教育部门,地级教育部门,北京市昌平区七小路与朱辛庄路交叉口西
昌平区,北京市昌平区京童东沙幼儿园,民办,民办,北京市昌平区北七家镇西沙各庄366号
昌平区,北京市昌平区南农小学附属幼儿园,教育部门,地级教育部门,北京市昌平区南口镇南阳路西（南农家园小区院内）
昌平区,北京市昌平区上苑学校附属幼儿园,教育部门,地级教育部门,北京市昌平区兴寿镇东新城村79号
昌平区,北京市昌平区桃洼学校附属幼儿园,教育部门,地级教育部门,北京市昌平区南口镇檀峪村西
昌平区,北京市昌平区下庄学校附属幼儿园,教育部门,地级教育部门,北京市昌平区延寿镇下庄村下庄学校
昌平区,北京市昌平区城北街道尚德社区办园点,社区办园点,民办,昌平区城北街道城角西路9号
昌平区,北京市昌平区城北街道安吉绿水青山社区办园点,社区办园点,民办,北京市昌平区朝辛路89号
昌平区,北京市昌平区城北街道六街幸福童年社区办园点,社区办园点,社区办园点,北京市昌平区政府街瑞光胡同6号
昌平区,北京市昌平区城南街道硕博社区办园点,社区办园点,社区办园点,北京市昌平区城南街道白浮泉路26号院南侧
昌平区,北京市昌平区霍营街道小鸽子社区办园点,社区办园点,民办,北京市昌平区霍营街道霍营小区6号楼东二层楼
昌平区,北京市昌平区霍营街道星星社区办园点,社区办园点,社区办园点,北京昌平区东小口镇马连店村流星花园住宅小区
昌平区,北京市昌平区霍营街道丹迪兰社区办园点,社区办园点,民办,北京市昌平区流星花园三区38号楼
昌平区,北京市昌平区霍营街道禾育苑社区办园点,社区办园点,社区办园点,北京市昌平区回龙观田园风光底商南段
昌平区,北京市昌平区天通苑北街道育茁社区办园点,社区办园点,民办,北京市昌平区天通苑北一区甲三号
昌平区,北京市昌平区天通苑北街道九九艳阳社区办园点,社区办园点,民办,北京市昌平区天通苑北街道56号楼8门
昌平区,北京市昌平区龙泽园街道比泡乐儿社区办园点,社区办园点,民办,北京市昌平区回龙观西大街111号华联商厦一层东侧
昌平区,北京市昌平区回龙观镇英才（龙兴）社区办园点,社区办园点,民办,北京市昌平区回龙观镇二拨子新村工业园区东路68号
昌平区,北京市昌平区龙泽园街道京师蓝天社区办园点,社区办园点,民办,北京市昌平区回龙观东大街矩阵小区天龙苑27号楼
昌平区,北京市昌平区回龙观镇爱果社区办园点,社区办园点,民办,北京市昌平区回龙观街道昌平路380号院5号楼
昌平区,北京市昌平区回龙观镇英才（龙城）社区办园点,社区办园点,社区办园点,北京市昌平区回龙观龙城花园
昌平区,北京市昌平区天通苑南街道诺天宝贝社区办园点,社区办园点,民办,北京市昌平区天南街道天通东苑一区33号楼9门1-3层9门
昌平区,北京市昌平区北七家镇京童云集社区办园点,社区办园点,民办,北京市昌平区TBD云集中心6号楼
昌平区,北京市昌平区北七家镇伊顿社区办园点,社区办园点,社区办园点,北京市昌平区北七家镇定泗路88号
昌平区,北京市昌平区北七家镇深蓝双语社区办园点,社区办园点,民办,北京市昌平区北七家镇名佳花园三区12号楼
昌平区,北京市昌平区沙河镇歆时承社区办园点,社区办园点,社区办园点,北京市沙河高教园玫瑰园别墅区美国区553号
昌平区,北京市昌平区沙河镇贝儿社区办园点,社区办园点,社区办园点,北京市昌平区沙河镇巩华城大街84号
昌平区,北京市昌平区兴寿镇南山社区办园点,社区办园点,社区办园点,北京市昌平区兴寿镇辛庄村西
昌平区,北京市昌平区城北街道弘大康贝社区办园点,社区办园点,民办,昌平区弘大路1号
昌平区,北京市昌平区城北街道青苗社区办园点,社区办园点,民办,北京市昌平区城北街道水库路16号怡园小区15号楼青苗幼儿园
昌平区,北京市昌平区城南街道智慧星社区办园点,社区办园点,社区办园点,水屯西路1号城南街道
昌平区,北京市昌平区霍营街道北京可儿教育社区办园点,社区办园点,民办,昌平区回龙观田园风光雅苑15号楼
昌平区,北京市昌平区天通苑北街道嘉艺幼稚园社区办园点,社区办园点,民办,天通苑西三区北门2号楼16门
昌平区,北京市昌平区天通苑北街道榕树之家社区办园点,社区办园点,民办,北京市昌平区东三区二号楼
昌平区,北京市昌平区天通苑北街道太平家园康蒂儿社区办园点,社区办园点,民办,北京市昌平区天通苑北街道太平家园小区27号楼
昌平区,北京市昌平区回龙观镇启迪英才社区办园点,社区办园点,社区办园点,北京市昌平区西三旗金榜园小区
昌平区,北京市昌平区天通苑南街道智慧宝贝社区办园点,社区办园点,民办,昌平区东小口镇顶秀青溪24号楼
昌平区,北京市昌平区东小口镇紫金怡然社区办园点,社区办园点,社区办园点,北京市昌平区东小口镇马连店小区12号楼
昌平区,北京市昌平区北七家镇雅歌社区办园点,社区办园点,民办,昌平区北七家镇北亚花园22号楼
昌平区,北京市昌平区北七家镇卡酷鲁疃社区办园点,社区办园点,民办,北京市昌平区北七家镇鲁疃嘉园小区村委会
昌平区,北京市昌平区沙河镇北京未来社区办园点,社区办园点,社区办园点,北京市昌平区沙河镇绿城雅居路北
昌平区,北京市昌平区沙河镇睿佳社区办园点,社区办园点,民办,北京市昌平区沙河镇松兰堡村怀英街1号
昌平区,北京市昌平区兴寿镇博学林社区办园点,社区办园点,民办,北京市昌平区兴寿镇兴寿村17号
昌平区,北京市昌平区北七家镇东沙各庄村幼儿园,集体,集体,北京市昌平区北七家镇东沙各庄村375号
昌平区,北京市昌平区北七家镇慧聪树社区办园点,社区办园点,民办,北京市昌平区北七家镇白庙村东街514号
昌平区,北京市昌平区城北街道八街幼儿园,集体,集体,北京市昌平区八街灰场路2号
昌平区,北京市昌平区城北街道育才社区办园点,社区办园点,民办,北京市昌平区城北街道府学路21号
昌平区,北京市昌平区回龙观街道丹迪兰社区办园点,社区办园点,民办,北京市昌平区回龙观新龙城五期院内
昌平区,北京市昌平区回龙观街道星光屋社区办园点,社区办园点,社区办园点,回龙观温德姆酒店北段一层
昌平区,北京市昌平区龙泽园街道龙冠儿童之家社区办园点,社区办园点,民办,北京市昌平区回龙观西大街115号龙冠大厦（院内）3号楼4-7号
昌平区,北京市昌平区龙泽园街道美龙社区办园点,社区办园点,社区办园点,北京市昌平区回龙观云趣园一区4号
昌平区,北京市昌平区沙河镇静宇娴风社区办园点,社区办园点,社区办园点,北京市昌平区沙河镇白各庄新村南
昌平区,北京市昌平区天通苑北街道青鸟园社区办园点,社区办园点,民办,昌平区天通苑北一区甲2号楼
昌平区,北京市昌平区天通苑北街道狮子营村幼儿园,集体,集体,昌平区天通苑北三区9号楼
昌平区,北京市昌平区天北街道天鹿优贝社区办园点,社区办园点,社区办园点,北京市昌平区天通苑西二区8号楼
昌平区,北京市昌平区小汤山镇尚信村幼儿园,集体,集体,北京市昌平区小汤山镇尚信村委会院南
昌平区,北京市昌平区小汤山镇常兴庄村幼儿园,集体,集体,北京市昌平区小汤山镇常兴庄268号
昌平区,北京市昌平区北七家镇汇佳爱都社区办园点,社区办园点,民办,北京市昌平区北七家镇望都家园33号楼
昌平区,北京市昌平区城北街道喜洋洋社区办园点,社区办园点,社区办园点,昌平区城北街道八街大三尖临53号
昌平区,北京市昌平区南口镇童蒙社区办园点,社区办园点,社区办园点,北京市昌平区南口镇水厂路120号对面原南口镇村三队队部大院
昌平区,北京市昌平区城北街道菓岭社区办园点,社区办园点,民办,昌平区城北街道国通家园二区9号楼
昌平区,北京市昌平区北七家镇鹏程爱果社区办园点,社区办园点,民办,北京市昌平区北七家镇东沙各庄村148号
昌平区,北京市昌平区史各庄街道美智社区办园点,社区办园点,社区办园点,北京市昌平区史各庄街道朱辛庄新区村委会北100米
昌平区,北京市昌平区城南街道北京汇佳社区办园点,社区办园点,民办,北京市昌平区创新路20号
昌平区,北京市昌平区霍营街道天使家园社区办园点,社区办园点,社区办园点,北京市昌平区霍营街道紫金新干线四区E7号楼二层
昌平区,北京市昌平区沙河镇七里阳光蓝天社区办园点,社区办园点,民办,北京市昌平区沙河镇七里渠家园甲2号
昌平区,北京市昌平区马池口镇雨竹社区办园点,社区办园点,民办,北京市昌平区马池口镇白浮村500号
昌平区,北京市昌平区沙河镇翰之林金朵社区办园点,社区办园点,社区办园点,北京市昌平区沙河镇南一村沙阳路18号甲丁
昌平区,北京市昌平区沙河镇宇龙社区办园点,社区办园点,民办,北京市昌平区沙河松兰堡
昌平区,北京市昌平区百善镇金色童心社区办园点,社区办园点,民办,北京市昌平区百善镇百善村986号
昌平区,北京市昌平区北七家镇本真社区办园点,社区办园点,民办,北京市昌平区北七家镇名流花园小区内
昌平区,北京市昌平区龙泽园街道爱彼格林社区办园点,社区办园点,社区办园点,北京市昌平区龙泽园街道爱彼格林社区办园点
昌平区,北京市昌平区城北街道莎晶社区办园点,社区办园点,民办,北京市昌平区城北街道西关槐树巷临45
昌平区,北京市昌平区天通苑北街道青鸟之家社区办园点,社区办园点,社区办园点,北京市昌平区天通苑北街道西苑二区16号楼
昌平区,北京市昌平区沙河镇吉恩社区办园点,社区办园点,社区办园点,北京市昌平区沙河镇站前路11号
昌平区,北京市昌平区育新科星路小学附属幼儿园,教育部门,地级教育部门,北京市昌平区龙锦三街与科星路西路交叉口东北
大兴区,北京市大兴区瀚林幼儿园,民办,民办,北京市大兴区黄村镇兴华大街永华南里五号
大兴区,北京市大兴区金色宝贝幼儿园,民办,民办,大兴区丽园B区12号楼底商
大兴区,北京市大兴区佳旭幼儿园,民办,民办,北京市大兴区团河苑小区
大兴区,北京市大兴区黄村第三幼儿园,教育部门,地级教育部门,大兴区黄村镇海鑫北路17号院8号楼
大兴区,北京市大兴区黄村第三幼儿园 - 蓝桥分园,教育部门,地级教育部门,北京市大兴区黄村镇蓝桥驿苑小区
大兴区,北京市大兴区黄村第三幼儿园 - 金色漫香郡分园,教育部门,地级教育部门,大兴区黄村镇民顺路6号院21号楼
大兴区,首都师范大学学前教育学院附属幼儿园,教育部门,地级教育部门,长盛路5号院
大兴区,首都师范大学学前教育学院附属幼儿园 - 南校区,教育部门,地级教育部门,宏业路二号院
大兴区,北京市大兴区第十二幼儿园,教育部门,地级教育部门,北京市大兴区黄村镇兴盛街圣和北巷11号院
大兴区,北京市大兴区北臧村镇中心幼儿园,教育部门,地级教育部门,北京市大兴区北臧村镇新立村新富街31号
大兴区,北京市大兴区北臧村镇中心幼儿园 - 前管营分园,教育部门,地级教育部门,北京市大兴区北臧村镇前管营村
大兴区,北京市大兴区北臧村镇中心幼儿园 - 马村分园,教育部门,地级教育部门,北京市大兴区北臧村镇马村良驹东路福兴源小区西侧
大兴区,北京市大兴区北臧村镇中心幼儿园 - 天宫院分园,教育部门,地级教育部门,北京市大兴区天宫院小区北门底商
大兴区,北京市大兴区北臧村镇中心幼儿园 - 赵家场分园,教育部门,地级教育部门,北京市大兴区北臧村镇赵家场村委会旧址院内
大兴区,北京市大兴区北臧村镇中心幼儿园 - 北高分园,教育部门,地级教育部门,北京市大兴区北臧村镇北高各庄村
大兴区,北京市大兴区北臧村镇中心幼儿园 - 皮各庄分园,教育部门,地级教育部门,北京市大兴区北臧村镇皮各庄三村
大兴区,北京市大兴区青云店镇中心幼儿园,教育部门,地级教育部门,北京市大兴区青云店镇二村一
大兴区,北京市大兴区青云店镇中心幼儿园 - 大东新园,教育部门,地级教育部门,北京市大兴区青云店大东小区48号
大兴区,北京市大兴区青云店镇中心幼儿园 - 沙子营分园,教育部门,地级教育部门,北京市大兴区青云店镇二村一
大兴区,北京市大兴区青云店镇中心幼儿园 - 东辛屯分园,教育部门,地级教育部门,北京市大兴区青云店镇东辛屯村
大兴区,北京市大兴区青云店镇中心幼儿园 - 沙堆营分园,教育部门,地级教育部门,北京市大兴区青云店镇沙堆营村
大兴区,北京市大兴区第一幼儿园,教育部门,地级教育部门,大兴区黄村镇三合路1号
大兴区,北京市大兴区第二幼儿园,教育部门,地级教育部门,北京市大兴区黄村镇育才北巷2号
大兴区,北京市大兴区第二幼儿园 - 实验园,教育部门,地级教育部门,北京市大兴区黄村镇黄村西里小区38号楼对面南侧
大兴区,北京市大兴区第二幼儿园 - 融汇园,教育部门,地级教育部门,北京市大兴区天宫院街道华佗路1号院20号
大兴区,北京市大兴区小大人幼儿园,民办,民办,大兴区亦庄镇三羊小区
大兴区,北京市大兴区西红门兴海幼儿园,教育部门,地级教育部门,宏福路20号
大兴区,北京市大兴区西红门兴海幼儿园 - 分园,教育部门,地级教育部门,北京市大兴区金星庄南侧
大兴区,北京市大兴区采育镇第二中心幼儿园,教育部门,地级教育部门,北京市大兴区采育镇大平路21号
大兴区,北京市大兴区采育镇第二中心幼儿园 - 凤河营分园,教育部门,地级教育部门,北京市大兴区采育镇凤荣巷5号
大兴区,北京市大兴区榆垡镇第一中心幼儿园,教育部门,地级教育部门,北京市大兴区榆垡镇空港新苑14号院南
大兴区,北京市大兴区榆垡镇第一中心幼儿园 - 求贤分园,教育部门,地级教育部门,北京市大兴区榆垡镇求贤村
大兴区,北京市大兴区榆垡镇第一中心幼儿园 - 西黄垡分园,教育部门,地级教育部门,北京市大兴区榆垡镇西黄垡村
大兴区,北京市大兴区榆垡镇第一中心幼儿园 - 石垡分园,教育部门,地级教育部门,北京市大兴区榆垡镇石垡村
大兴区,北京市大兴区榆垡镇第一中心幼儿园 - 留士庄分园,教育部门,地级教育部门,北京市大兴区榆垡镇留士庄村
大兴区,北京市大兴区优笛幼儿园,民办,民办,北京市大兴区时代龙河老街B区黄村中里39号
大兴区,北京市大兴区新安里幼儿园,民办,民办,北京市大兴区新安里东区
大兴区,北京市大兴区黄村镇第一中心幼儿园,教育部门,地级教育部门,北京市大兴区黄村镇观音寺小区20号
大兴区,北京市大兴区黄村镇第一中心幼儿园 - 刘村分园,教育部门,地级教育部门,北京市大兴区黄村镇刘村育才路25号 
大兴区,北京市大兴区黄村镇第一中心幼儿园 - 新源时代分园,教育部门,地级教育部门,新源时代小区
大兴区,北京市大兴区黄村镇第一中心幼儿园 - 狼各庄分园,教育部门,地级教育部门,大兴黄村镇狼各庄东村村委会西侧幼儿园  
大兴区,北京市大兴区采育镇第一中心幼儿园,教育部门,地级教育部门,采育镇采育大街临18号
大兴区,北京市大兴区采育镇第一中心幼儿园 - 辛店分园,教育部门,地级教育部门,采育镇南辛店村
大兴区,北京市大兴区采育镇第一中心幼儿园 - 南区分园,教育部门,地级教育部门,采育农业银行斜对面
大兴区,北京市大兴区瀛海镇第一中心幼儿园-西苑区,教育部门,地级教育部门,北京市大兴区瀛海镇瀛海家园瀛坤路19号
大兴区,北京市大兴区瀛海镇第一中心幼儿园,教育部门,地级教育部门,北京市大兴区瀛海镇瀛吉街4号院3号楼
大兴区,北京市大兴区瀛海镇第一中心幼儿园南苑区,教育部门,地级教育部门,北京市大兴区瀛海镇瀛顺路24号院1号楼
大兴区,北京市大兴区庞各庄镇中心幼儿园,教育部门,地级教育部门,北京市大兴区庞各庄镇民生路1号院
大兴区,北京市大兴区庞各庄镇中心幼儿园 - 童话时光分园,教育部门,地级教育部门,北京市大兴区庞各庄镇团结路19号院1号楼
大兴区,北京市大兴区庞各庄镇中心幼儿园 - 曹各庄分园,教育部门,地级教育部门,大兴区庞各庄镇北曹各庄村
大兴区,北京市大兴区庞各庄镇中心幼儿园 - 隆盛分园,教育部门,地级教育部门,北京市大兴区庞各庄镇隆盛大街8号院3号楼
大兴区,北京市大兴区庞各庄镇中心幼儿园 - 丹麦小镇分园,教育部门,地级教育部门,北京市大兴区庞各庄镇龙景湾2区2号
大兴区,北京市大兴区魏善庄镇第一中心幼儿园,教育部门,地级教育部门,北京市大兴区魏善庄镇魏新大街11号院
大兴区,北京市大兴区魏善庄镇第一中心幼儿园 - 赵庄子分园,教育部门,地级教育部门,北京市大兴区魏善庄镇赵庄子村
大兴区,北京市大兴区魏善庄镇第一中心幼儿园 - 雅善分园,教育部门,地级教育部门,北京市大兴区魏善庄镇龙善大街6号院
大兴区,北京市大兴区榆垡镇第二中心幼儿园,教育部门,地级教育部门,北京市大兴区榆垡镇首开璞瑅墅
大兴区,北京市大兴区榆垡镇第二中心幼儿园 - 新城嘉园分园,教育部门,地级教育部门,北京市大兴区榆垡镇古镇街18号院
大兴区,北京市大兴区榆垡镇第二中心幼儿园 - 空港新苑分园,教育部门,地级教育部门,北京市大兴区榆垡镇空港新苑7号院
大兴区,北京市大兴区长子营镇中心幼儿园,教育部门,地级教育部门,北京市大兴区长子营镇河津营村
大兴区,北京市大兴区长子营镇中心幼儿园 - 三营分园,教育部门,地级教育部门,北京市大兴区长子营镇车固营二村
大兴区,北京市大兴区长子营镇中心幼儿园 - 北泗分园,教育部门,地级教育部门,北京市大兴区长子营镇北泗上村
大兴区,北京市大兴区新启蒙幼儿园,民办,民办,西红门路绿林苑小区22号楼
大兴区,北京市大兴区幸福泉翡翠城幼儿园,民办,民办,大兴区翡翠城西区香留园109号
大兴区,北京市大兴区快乐时光幼儿园,民办,民办,北京市大兴区永华路1-1（兴政家园）
大兴区,北京市大兴区安定镇中心幼儿园,教育部门,地级教育部门,大兴区安定镇政府东侧
大兴区,北京市大兴区安定镇中心幼儿园 - 后安定分园,教育部门,地级教育部门,北京市大兴区安定镇后安定村南侧
大兴区,北京市大兴区安定镇中心幼儿园 - 西芦分园,教育部门,地级教育部门,北京市大兴区安定镇西芦各庄村
大兴区,北京市大兴区安定镇中心幼儿园 - 东白塔分园,教育部门,地级教育部门,北京市大兴区安定镇东白塔村南侧
大兴区,北京市大兴区安定镇中心幼儿园 - 通马坊分园,教育部门,地级教育部门,北京市大兴区安定镇通马坊村
大兴区,北京市大兴区旧宫镇德茂幼儿园,地方企业,地方企业,大兴区旧宫镇德茂庄德仁街1号
大兴区,北京市大兴区旧宫镇红星幼儿园,地方企业,地方企业,北京市大兴区旧宫镇红星大街1号
大兴区,北京市大兴区第三幼儿园 - 首邑溪谷园,教育部门,地级教育部门,北京市大兴区兴泰街5号院16号
大兴区,北京市大兴区第三幼儿园 - 水晶城分园,教育部门,地级教育部门,北京市大兴区滨河北里水晶城16号
大兴区,北京市大兴区第三幼儿园 - 富强园,教育部门,地级教育部门,北京市大兴区富华巷5号
大兴区,北京市大兴区第五幼儿园,教育部门,地级教育部门,北京市大兴区兴丰大街红楼东巷
大兴区,北京市大兴区第八幼儿园,教育部门,地级教育部门,黄村丽园B区
大兴区,北京市大兴区第八幼儿园 - 明雅分园,教育部门,地级教育部门,北京市大兴区生物医药基地纪百户街18号院13号楼
大兴区,61565部队幼儿园,部队,部队,北京市大兴区黄村镇海北路58号
大兴区,北京市大兴区十一建华实验幼儿园,民办,民办,大兴区香海园路顺驰领海小区
大兴区,北京市大兴区民族幼儿园,教育部门,地级教育部门,北京市大兴区兴华中里23号
大兴区,北京市大兴区黄村镇第二中心幼儿园,教育部门,地级教育部门,北京市大兴区
大兴区,北京市大兴区黄村镇第二中心幼儿园 - 后辛庄分园,教育部门,地级教育部门,北京市大兴区黄村镇后辛庄村
大兴区,北京市大兴区黄村镇第二中心幼儿园 - 狼垡分园,教育部门,地级教育部门,北京市大兴区黄村镇狼垡一村
大兴区,北京市大兴区第七幼儿园,教育部门,地级教育部门,大兴区双高花园小区内
大兴区,北京市大兴区第七幼儿园 - 春天园,教育部门,地级教育部门,北京市大兴区天宫院街道思邈路1号院14号楼
大兴区,北京市大兴区第七幼儿园 - 悦风华分园,教育部门,地级教育部门,北京市大兴区观音寺街道春和路香远街
大兴区,北京市大兴区琴岛金钰幼儿园,民办,民办,北京市大兴区金惠园四里青岛嘉园小区内
大兴区,北京市大兴区南希幼儿园,民办,民办,北京市大兴区兴华南路5号怡兴园小区15号楼
大兴区,北京市大兴区小星星幼儿园,教育部门,地级教育部门,大兴区郁花园一里甲28号
大兴区,北京市大兴区第四幼儿园,教育部门,地级教育部门,北京市大兴区清源西里小区内大兴区第四幼儿园
大兴区,北京市大兴区第四幼儿园 - 滨河分园,教育部门,地级教育部门,北京市大兴区滨河西里北区大兴第四幼儿园滨河分园
大兴区,北京市大兴区第六幼儿园,教育部门,地级教育部门,北京市大兴区思邈路2号院保利首开熙悦春天4号楼
大兴区,北京市大兴区第六幼儿园 - 老园,教育部门,地级教育部门,北京市大兴区黄村镇育才南巷
大兴区,北京市大兴区魏善庄镇第二中心幼儿园,教育部门,地级教育部门,北京市大兴区魏善庄镇第二中心幼儿园
大兴区,北京市大兴区礼贤镇中心幼儿园,教育部门,地级教育部门,北京市大兴区礼贤镇政府东
大兴区,北京市大兴区礼贤镇中心幼儿园 - 大辛庄分园,教育部门,地级教育部门,北京市大兴区礼贤镇宏昇村
大兴区,北京市大兴区礼贤镇中心幼儿园 - 龙头分园,教育部门,地级教育部门,北京市大兴区礼贤镇龙头村
大兴区,北京市大兴区旧宫镇第一中心幼儿园,教育部门,地级教育部门,北京市大兴区旧宫镇庑殿路碧海公园北侧
大兴区,北京市大兴区旧宫镇第一中心幼儿园 - 新苑分园,教育部门,地级教育部门,旧忠路12号院
大兴区,北京市大兴区旧宫镇第一中心幼儿园 - 紫郡府分园,教育部门,地级教育部门,德寿寺西街6号院1号楼
大兴区,北京市大兴区第九幼儿园,教育部门,地级教育部门,北京大兴黄村镇兴华园30号
大兴区,北京市大兴区第九幼儿园 - 金科分园,教育部门,地级教育部门,北京市大兴区永旺路1号院5号楼
大兴区,北京市大兴区第九幼儿园 - 枣园尚城分园,教育部门,地级教育部门,北京市大兴区枣园巷1号楼2号院
大兴区,北京市大兴区英才幼儿园,民办,民办,北京市大兴区黄村镇狼垡长丰园三区14号
大兴区,北京市大兴区新星幼儿园,民办,民办,北京市大兴区黄村镇义和庄南里一区13号楼
大兴区,北京市大兴区亦庄第三幼儿园,教育部门,地级教育部门,北京市大兴区亦庄镇开泰东里25号
大兴区,北京市大兴区亦庄第三幼儿园 - 远洋天著分园,教育部门,地级教育部门,北京市大区亦庄镇开羊路15号院
大兴区,北京市大兴区第十幼儿园,教育部门,地级教育部门,北京市大兴区康庄住宅区院内
大兴区,北京市大兴区第十幼儿园-美澜湾分园,教育部门,地级教育部门,北京市大兴区福仁街12号院2号
大兴区,北京市大兴区红太阳幼儿园,民办,民办,北京市大兴区黄村镇兴丰北大街自来水公司宿舍院内5号平房院内5号平房
大兴区,北京市大兴区青云店镇第二中心幼儿园,教育部门,地级教育部门,北京市大兴区青云店镇垡上村
大兴区,北京市大兴区青云店镇第二中心幼儿园 - 泥营分园,教育部门,地级教育部门,北京市大兴区青云店镇泥营村委会东
大兴区,北京市大兴区青云店镇第二中心幼儿园 - 南大红门分园,教育部门,地级教育部门,北京市大兴区南大红门村黄马路与南高路交叉口南50米路西
大兴区,北京市大兴区青云店镇第二中心幼儿园 - 东赵村分园,教育部门,地级教育部门,北京市大兴区青云店镇垡上村
大兴区,北京市大兴区青云店镇第二中心幼儿园 - 中大屯分园,教育部门,地级教育部门,北京市大兴区青云店镇中大屯村委会东
大兴区,北京市大兴区联港嘉园幼儿园,教育部门,地级教育部门,北京市大兴区文新南街267号院
大兴区,北京市大兴区理想城幼儿园,教育部门,地级教育部门,北京市大兴区理想城七期南侧欣清南巷7号院
大兴区,北京市大兴区熙和幼儿园,教育部门,地级教育部门,北京市大兴区西红门镇欣顺街27号院1号楼
大兴区,北京市大兴区亦庄第六幼儿园,教育部门,地级教育部门,亦庄鹿圈路6号院
大兴区,北京市大兴区第十一幼儿园,教育部门,地级教育部门,北京市大兴区康庄路南侧康庄西巷
大兴区,北京市大兴区第十一幼儿园 - 海珀分园,教育部门,地级教育部门,北京市大兴区双河北里二巷4号
大兴区,北京市大兴区伽悦然幼儿园,民办,民办,北京市大兴区枣园东巷3号院7号楼
大兴区,北京市大兴区爱湾幼儿园,民办,民办,北京市大兴区旧宫镇芳源里小区
大兴区,北京市大兴区爱贝儿幼儿园,民办,民办,北京市大兴区旧宫镇润枫锦尚小区16号楼
大兴区,北京市大兴区高新幼儿园,民办,民办,北京市大兴区永华南里13号楼12号
大兴区,北京市大兴区二十一世纪金地仰山幼儿园,民办,民办,大兴区乐园路22号12号楼
大兴区,北京市大兴区新世纪贝儿幼儿园,民办,民办,大兴区旧宫镇
大兴区,北京市大兴区菁苗首座幼儿园,民办,民办,北京市大兴区广和大街7号院45号
大兴区,北京市大兴区西岛幼儿园,民办,民办,北京市大兴区永旺路6号院11号楼
大兴区,北京市大兴区阳光美稚幼儿园,民办,民办,北京市大兴区采育镇育镇街32号院1号楼
大兴区,北京市大兴区昂立东方红幼儿园,民办,民办,大兴区旧宫镇旧头路31号
大兴区,北京市大兴区德津公学幼儿园,民办,民办,北京市大兴区黄村镇丽园路30号院1号楼08
大兴区,北京市大兴区蓝色未来幼儿园,民办,民办,北京市大兴区西红门镇宏业路2号13号楼
大兴区,北京市大兴区御园幼儿园,民办,民办,北京市大兴区清泰路一号院
大兴区,北京市大兴区乐新幼儿园,民办,民办,北京市大兴区乐新幼儿园
大兴区,北京市大兴区新媒体幼儿园,民办,民办,北京市大兴开发区广茂大街17号南院
大兴区,北京市大兴区楷妍幼儿园,民办,民办,北京市大兴区黄村滨河坊3号楼5单元101室
大兴区,北京市大兴区北影未来附属诺博幼儿园,民办,民办,北京市大兴区旧宫镇庑殿西路6号院
大兴区,北京市大兴区宋庆龄基金会机关实验幼儿园,民办,民办,北京市大兴区万源北路7号院1号楼
大兴区,北京市大兴区佟馨幼儿园,教育部门,地级教育部门,北京市大兴区佟家场巷4号院
大兴区,北京市大兴区榆垡第三幼儿园,教育部门,地级教育部门,北京市大兴区榆垡镇空港新苑5号院
大兴区,北京市大兴区礼贤新航城幼儿园,教育部门,地级教育部门,北京市大兴区礼贤家园十字路口东北角
大兴区,北京市大兴区金果幼儿园,民办,民办,北京市大兴区芦花路1号院北京城乡文化科技园13栋
大兴区,北京市大兴区瀛海第三幼儿园,教育部门,地级教育部门,北京市大兴区瀛裕街4号院1号楼
大兴区,北京市大兴区旧宫第二幼儿园,教育部门,地级教育部门,北京市大兴区德宏路4号院1号楼
大兴区,北京市大兴区瑞海英才幼儿园,民办,民办,北京市大兴区西红门镇瑞海家园二区26楼
大兴区,北京艾文幼儿园,民办,民办,观音寺双河北里四巷1号院
大兴区,北京大兴金色摇篮滨河幼儿园有限责任公司,民办,民办,大兴京开公路黄村碱河桥北西侧中建一局二公司建兴基地22幢
大兴区,北京市大兴区德迩幼儿园,民办,民办,北京市大兴区亦庄新城千寻街3号院1号楼
大兴区,北京市大兴区泰禾幼儿园,民办,民办,北京市大兴区新源大街26号院4号楼
大兴区,北京市大兴区甜甜圈幼儿园,民办,民办,北京大兴亦庄鹿华路6号院
大兴区,北京市大兴区金色阳光幼儿园,民办,民办,北京市大兴区黄村镇兴盛园6号楼
大兴区,北京市大兴区金色育龙幼儿园,民办,民办,北京市大兴区旧宫镇旧忠路9号育龙家园15号楼
大兴区,北京市大兴区燕宝幼儿园,民办,民办,北京市大兴区景明路16号院1号楼104.204.203.202-2
大兴区,北京市大兴区蓝天高展幼儿园,民办,民办,大兴区团河路48号院10号楼
大兴区,北京市大兴区爱育培优幼儿园,民办,民办,北京市大兴区安顺南路2号院6号1层101、102；1至2层103、104
大兴区,北京市大兴区礼贤新航城第二幼儿园,教育部门,地级教育部门,礼贤镇二村招贤路1号
大兴区,北京市大兴区采育第三幼儿园,教育部门,地级教育部门,北京市大兴区采育镇满庭春小区南侧
大兴区,北京市大兴区瀛海第四幼儿园,教育部门,地级教育部门,北京市大兴区兴瀛嘉园西南角瀛海第四幼儿园
大兴区,北京市大兴区清城启航幼儿园,民办,民办,北京市大兴区兴华路9号
大兴区,北京市大兴区京采青青藤幼儿园,民办,民办,北京市大兴区采育镇育林街1号院5号楼
大兴区,北京市大兴区第一中学附属幼儿园,教育部门,地级教育部门,北京市大兴区盛顺街20号院1号楼
大兴区,北京市大兴区惠泽幼儿园有限公司,民办,民办,北京市大兴区乐园路4号院1号楼1层1-26，2层2-26
大兴区,北京市大兴区梧桐树幼儿园,民办,民办,北京市大兴区庞各庄镇龙景湾乙区139号
大兴区,北京市大兴区春天里幼儿园,民办,民办,北京市大兴区思邈路2号院3号楼106-206
大兴区,北京市大兴区瀛海第五幼儿园,教育部门,地级教育部门,北京市大兴区瀛海镇瀛顺路与瀛安街交叉口
大兴区,北京市大兴区旧宫第三幼儿园,教育部门,地级教育部门,北京市大兴区旧宫镇德茂街7号院
大兴区,北京市大兴区富华幼儿园,教育部门,地级教育部门,北京市大兴区三合庄村陈庄子东巷
大兴区,北京市大兴区庞各庄第二幼儿园,教育部门,地级教育部门,北京市大兴区庞各庄镇隆兴大街北段1号
大兴区,北京市大兴区庞各庄第二幼儿园和悦分园,教育部门,地级教育部门,北京市大兴区庞各庄镇隆延街8号院
大兴区,北京市蒙利多乐幼儿园有限公司,民办,民办,北京市大兴区旧宫镇科技路43号
大兴区,北京市大兴区第七幼儿园魏善庄园,教育部门,地级教育部门,北京市大兴区魏善庄镇金茂悦南侧
大兴区,北京大兴高米店心禾幼儿园有限公司,民办,民办,
大兴区,北京市大兴区快乐娃娃幼儿园,民办,民办,
大兴区,北京市大兴区庞各庄镇庆国完全小学,教育部门,地级教育部门,北京市大兴区庞各庄镇庆国完小院内
大兴区,北京市大兴区庞各庄镇第二中心小学,教育部门,地级教育部门,北京市大兴区庞各庄镇定福庄村
大兴区,北京市大兴区庞各庄镇南顿垡完全小学,事业单位,事业单位,北京市大兴区南顿垡村西
大兴区,北京市大兴区庞各庄镇薛营回民小学,教育部门,地级教育部门,北京市大兴区庞各庄镇薛营村
大兴区,北京市大兴区长子营镇第二中心小学,教育部门,地级教育部门,北京市大兴区长子营镇朱庄村
大兴区,北京市大兴区魏善庄镇王各庄完全小学,教育部门,地级教育部门,北京市大兴区魏善庄镇王各庄
大兴区,北京市大兴区庞各庄镇北顿垡完全小学,教育部门,地级教育部门,庞各庄镇北顿垡村
大兴区,北京市大兴区庞各庄镇第二中心小学赵村完小,教育部门,地级教育部门,北京市大兴区庞各庄镇赵村
大兴区,北京市大兴区魏善庄镇第二中心小学,教育部门,地级教育部门,北京市大兴区魏善庄镇政府西1500米路北
大兴区,北京市大兴区魏善庄镇东研垡小学,教育部门,地级教育部门,北京市大兴区魏善庄镇政府东1500米路北
大兴区,北京市大兴区长子营镇童星幼儿园,集体,集体,大兴区长子营镇再城营村西口
大兴区,北京市大兴区长子营镇棒棒堂幼儿园,集体,集体,长子营镇沁水营村村委会西侧
大兴区,北京市大兴区长子营镇小航星幼儿园,集体,集体,北京市大兴区长子营镇牛坊村教学街18号
大兴区,北京市大兴区长子营镇海贝儿幼儿园,集体,集体,大兴区长子营镇留民营海贝儿幼儿园
大兴区,北京市大兴区西红门镇振亚庄村幼儿园,集体,集体,北京市大兴区西红门南中轴路镇振亚庄村南500米
大兴区,北京市大兴区西红门镇团河南村幼儿园,集体,集体,北京市大兴区西红门镇团河南村
大兴区,北京市大兴区西红门镇寿保庄村幼儿园,集体,集体,北京市大兴区西红门寿保庄村委会南侧
大兴区,北京市大兴区西红门镇团河北村幼儿园,集体,集体,北京市大兴区西红门镇团河北村
大兴区,北京市大兴区西红门镇大生庄村幼儿园,集体,集体,北京市大兴区西红门镇大生庄新时代路3号
大兴区,北京市大兴区西红门镇金星庄村幼儿园,集体,集体,北京市大兴区西红门镇金星庄村
大兴区,北京市大兴区西红门镇新三余村幼儿园,集体,集体,北京市大兴区西红门镇新三余村
大兴区,北京市大兴区西红门镇建新庄村幼儿园,集体,集体,大兴区西红门镇建新庄村
大兴区,北京市大兴区西红门镇志远庄村幼儿园,集体,集体,大兴区西红门镇志远庄村
大兴区,北京市大兴区西红门镇老三余村幼儿园,集体,集体,大兴西红门镇老三余村村委会南50米
大兴区,北京市大兴区高米店街道好孩子社区办园点,社区办园点,民办,大兴区兴涛园甲32号
大兴区,北京市大兴区高米店街道花束之家社区办园点,社区办园点,民办,大兴区绿地西斯莱公馆北区底商
大兴区,北京市大兴区西红门镇九龙蓝天社区办园点,社区办园点,民办,北京市大兴区西红门镇九龙山庄二区
大兴区,北京市大兴区少年宫蓓蕾幼儿园,教育部门,地级教育部门,北京市大兴区黄村镇弘和北路1号
大兴区,北京市大兴区观音寺街道众禾社区办园点,社区办园点,民办,北京市大兴区观音寺街道观音寺南里临37号院
大兴区,北京市大兴区高米店街道源点社区办园点,社区办园点,民办,北京市大兴区兴盛街85—87号
大兴区,北京市大兴区天宫院街道韦恩社区办园点,社区办园点,民办,北京市大兴区永旺路1号院17号楼1层107、108、109、110，2层205、206、207、208
大兴区,北京市大兴区西红门镇鸿宝贝社区办园点,社区办园点,民办,北京市大兴区西红门镇欣荣南大街5号院4号楼
大兴区,北京市大兴区清源街道爱幼园社区办园点,社区办园点,民办,大兴区清源街道枣园路隆大特产公司2、3、4号楼
大兴区,北京市大兴区清源街道睿博社区办园点,社区办园点,民办,大兴区黄村镇兴丰大街二段72号
大兴区,北京市大兴区清源街道小神童社区办园点,社区办园点,民办,北京大兴区丽园路30号院1号楼1至2层03
大兴区,北京市大兴区黄村镇华婴社区办园点,社区办园点,民办,北京市大兴区黄村镇狼垡三村
大兴区,北京市大兴区黄村镇巴学园社区办园点,社区办园点,民办,北京市大兴区黄村镇海鑫北路18号院16号楼1层101
大兴区,北京市大兴区西红门镇德艺双馨社区办园点,社区办园点,民办,北京市大兴区西红门镇宏大中园4号楼
大兴区,北京市大兴区西红门镇英才宏大社区办园点,社区办园点,民办,西红门九龙山庄兴恒基8号
大兴区,北京市大兴区西红门镇麦德西区社区办园点,社区办园点,民办,大兴西红门宏福园小区商业综合楼
大兴区,北京市大兴区旧宫镇德林园社区办园点,社区办园点,民办,大兴区旧宫镇广厦南路6号
大兴区,北京市大兴区旧宫镇清逸西园社区办园点,社区办园点,民办,旧宫镇清逸西园小区内
大兴区,北京市大兴区旧宫镇德茂社区办园点,社区办园点,民办,北京市大兴区旧宫镇德寿寺南路1号
大兴区,北京市大兴区旧宫镇庑殿社区办园点,社区办园点,民办,北京市大兴区庑殿路北空小区南楼
大兴区,北京市大兴区黄村镇西庄社区办园点,社区办园点,民办,黄村镇西庄村西裕路17号
大兴区,北京市大兴区黄村镇狼各庄民族社区办园点,社区办园点,民办,黄村镇狼各庄西村
大兴区,北京市大兴区黄村镇狼各庄东村社区办园点,社区办园点,民办,北京市大兴区黄村镇狼各庄东村
大兴区,北京市大兴区黄村镇新星社区办园点,社区办园点,民办,北京市大兴区黄村镇刘二村育才路
大兴区,北京市大兴区黄村镇思朋社区办园点,社区办园点,民办,北京市大兴区黄村镇王立庄
大兴区,北京市大兴区黄村镇狼一社区办园点,社区办园点,民办,北京市大兴区黄村镇狼垡一村
大兴区,北京市大兴区黄村镇蓝天社区办园点,社区办园点,民办,北京市大兴区黄村镇狼垡三村富安街13号
大兴区,北京市大兴区黄村镇爱莲社区办园点,社区办园点,民办,大兴区黄村镇芦花路26号
大兴区,北京市大兴区青云店镇小回城社区办园点,社区办园点,民办,北京市大兴区青云店镇东回城街1条1号
大兴区,北京市大兴区青云店镇北辛屯金豆豆社区办园点,社区办园点,民办,北京市大兴区青云店镇南大红门村
大兴区,北京市大兴区青云店镇小铺头心育社区办园点,民办,民办,北京市大兴区小铺头村后街
大兴区,北京市大兴区青云店镇大张本社区办园点,集体,集体,北京市大兴区青云店镇大张本村
大兴区,北京市大兴区青云店镇垡上东方社区办园点,社区办园点,民办,北京市大兴区青云店镇垡上村南一条6号
大兴区,北京市大兴区清源街道耐思社区办园点,社区办园点,民办,北京市大兴区滨河北里1号楼一层会所
大兴区,北京市大兴区清源街道启明星社区办园点,社区办园点,民办,彩虹新城底商155、156、157
大兴区,北京市大兴区安定第二幼儿园,教育部门,地级教育部门,北京市大兴区安定镇郑福庄中路1号院十区2号
大兴区,北京市大兴区旧宫第四幼儿园,教育部门,地级教育部门,北京市大兴区旧宫镇凉凤灌渠西路9号院1号楼
大兴区,北京市大兴区旧宫第四幼儿园洺悦湾分园,教育部门,地级教育部门,北京市大兴区旧宫镇承庆街3号院1号楼
怀柔区,北京市怀柔区怀柔镇中心幼儿园,教育部门,地级教育部门,北京市怀柔区兴怀大街8号
怀柔区,北京市怀柔区第一幼儿园,教育部门,地级教育部门,怀柔区青春路23号
怀柔区,北京市怀柔区第二幼儿园,教育部门,地级教育部门,怀柔区湖光小区15号
怀柔区,北京市怀柔区第三幼儿园,教育部门,地级教育部门,北京市怀柔区小中富乐二区75号
怀柔区,北京怀柔津桥幼儿园,民办,民办,北京市怀柔区潘家园小区5号
怀柔区,北京怀柔博雅幼儿园,民办,民办,北京怀柔南华园四区65号
怀柔区,北京怀柔秋实幼儿园,民办,民办,北京市怀柔区怀柔镇潘家园249，250号
怀柔区,北京怀柔七彩光幼儿园,民办,民办,北京市怀柔区怀安北一街13号院东区五号楼一层
怀柔区,北京怀柔南关幼儿园,民办,民办,怀柔镇南关三区84号
怀柔区,北京怀柔东关幼儿园,集体,集体,北京市怀柔区怀柔镇东关二区19号
怀柔区,北京怀柔下元市场幼儿园,民办,民办,北京市怀柔区大中富乐村876号
怀柔区,北京怀柔郭家坞幼儿园,民办,民办,北京市怀柔区怀柔镇郭家坞村517号
怀柔区,北京怀柔大屯幼儿园,民办,民办,北京市怀柔区怀柔镇大屯村412号
怀柔区,北京怀柔王化幼儿园,民办,民办,北京市怀柔区怀柔镇王化村35号
怀柔区,北京怀柔小中富乐幼儿园,民办,民办,怀柔区怀柔镇小中富乐村一区79号
怀柔区,北京怀柔育新幼儿园,民办,民办,北京市怀柔区怀柔镇大中富乐村748号
怀柔区,北京怀柔湖光幼儿园,民办,民办,北京市怀柔区南华大街4号
怀柔区,中国人民解放军战略支援部队航天工程大学幼儿园,部队,部队,北京市怀柔区泉河街道航天工程大学幼儿园
怀柔区,北京市怀柔区雁栖镇中心幼儿园,教育部门,地级教育部门,北京市怀柔区雁栖镇范各庄村北
怀柔区,北京明天幼稚集团怀柔分园,教育部门,地级教育部门,北京市怀柔区北房镇幸福西街5号
怀柔区,北京市怀柔区杨宋镇中心幼儿园,教育部门,地级教育部门,北京市怀柔区杨宋镇仙台村653号
怀柔区,北京市怀柔区庙城镇中心幼儿园,教育部门,地级教育部门,北京市怀柔区庙城镇庙城村20号院
怀柔区,北京怀柔西台下幼儿园,民办,民办,北京市怀柔区庙城镇西台下村211号
怀柔区,北京市怀柔区桥梓镇中心幼儿园,教育部门,地级教育部门,北京市怀柔区桥梓镇后桥梓村
怀柔区,北京市怀柔区怀北镇中心幼儿园,教育部门,地级教育部门,北京市怀柔区怀北镇东庄村1号
怀柔区,北京市怀柔区汤河口镇中心幼儿园,教育部门,地级教育部门,北京市怀柔区汤河口镇平安路1号院
怀柔区,北京市怀柔区渤海镇中心幼儿园,教育部门,地级教育部门,北京市怀柔区渤海镇渤海所村734号
怀柔区,北京市怀柔区九渡河镇中心幼儿园,教育部门,地级教育部门,北京市怀柔区九渡河镇黄坎村西
怀柔区,北京怀柔学梓幼儿园,民办,民办,北京市怀柔区桥梓镇后桥梓村155号
怀柔区,北京怀柔爱尔卓越幼儿园,民办,民办,北京市怀柔区商业街38号
怀柔区,北京怀柔好孩子幼儿园,民办,民办,怀柔区北房镇宰相庄村896号
怀柔区,北京怀柔郑重庄幼儿园,民办,民办,北京市怀柔区庙城镇郑重庄村484号
怀柔区,北京怀柔龙凤雏幼儿园,民办,民办,北京怀柔区北房镇宰相庄村
怀柔区,北京怀柔怀北铁路家属区幼儿园,民办,民办,怀柔区怀北镇龙各庄村140-2号.152号
怀柔区,北京怀柔万家童乐幼儿园,民办,民办,北京市怀柔区庙城镇郑重庄村北637号
怀柔区,北京怀柔爱心幼儿园,民办,民办,北京市怀柔区雁栖镇乐园庄村
怀柔区,北京怀柔好运幼儿园,民办,民办,北京市怀柔区杨宋镇杨宋庄村21号
怀柔区,北京怀柔太平庄幼儿园,民办,民办,怀柔区杨宋镇太平庄村505号
怀柔区,北京怀柔时代新语幼儿园,民办,民办,北京市怀柔区于家园南街6号西楼
怀柔区,中国科学院第九幼儿园,其他部门,省级其他部门,北京市怀柔区富乐北里18号
怀柔区,北京怀柔新贤家园幼儿园,民办,民办,北京市怀柔区滨湖小区52号楼
怀柔区,北京怀柔驸马庄幼儿园,民办,民办,北京市怀柔区北房镇驸马庄裕华园一区8号楼
怀柔区,中国科学院幼儿园柏泉分园,其他部门,省级其他部门,怀柔区雁栖镇柏泉庄园雁舞园14号
怀柔区,北京市怀柔区怀柔镇红军庄幼儿园,集体,集体,北京市怀柔区怀柔镇红军庄村东
怀柔区,北京怀柔快乐宝贝幼儿园,民办,民办,北京市怀柔区庙城镇高两河村525号
怀柔区,北京市怀柔区庙城镇桃山村桃李满园幼儿园,集体,集体,北京市桃山村庙城镇桃山村北
怀柔区,北京市怀柔区第四幼儿园,教育部门,地级教育部门,北京市怀柔区迎宾北路11号
怀柔区,北京怀柔春华秋实幼儿园,民办,民办,北京市怀柔区雁栖镇下庄村103号和甲103号
怀柔区,北京市怀柔区北房镇北房村幼儿园,集体,集体,北京市怀柔区北房镇北房村247号
怀柔区,北京市怀柔区杨宋镇四季屯村幼儿园,集体,集体,怀柔区杨宋镇四季屯村101号
怀柔区,北京怀柔心连心幼儿园,民办,民办,北京市怀柔区杨宋镇张自口村379号
怀柔区,北京怀柔童心幼儿园,民办,民办,怀柔区杨宋镇仙台村35号东院
怀柔区,北京怀柔好奇树儿童社区幼儿园,民办,民办,怀柔区开放路113号
怀柔区,北京市怀柔区长哨营满族乡七道河村幼儿园,集体,集体,北京市怀柔区长哨营满族乡七道河村村西
怀柔区,北京市怀柔区二十一世纪实验幼儿园,民办,民办,北京市怀柔区雁栖镇顶秀美泉家园甲65号
怀柔区,北京市怀柔区怀柔镇红螺镇村幼儿园,集体,集体,北京市怀柔区怀柔镇红螺镇村原村委会
怀柔区,北京怀柔茶坞幼儿园,民办,民办,北京市怀柔区桥梓镇茶坞铁路地区50号
怀柔区,北京市怀柔区杨宋镇张自口村幼儿园,集体,集体,北京市怀柔区杨宋镇张自口村460号
怀柔区,北京怀柔光织谷润杰幼儿园,民办,民办,北京市怀柔区乐园西大街14号院甲3号楼
怀柔区,北京怀柔博乐幼儿园,民办,民办,怀北镇西庄村东
怀柔区,北京市怀柔区宝山镇中心幼儿园,教育部门,地级教育部门,北京市怀柔区宝山镇宝山寺村
怀柔区,北京市怀柔区学生活动管理中心,教育部门,地级教育部门,北京市怀柔区北大街43号
怀柔区,北京市怀柔区第六幼儿园,教育部门,地级教育部门,北京市怀柔区迎宾中路8号
怀柔区,北京怀柔鑫鑫幼儿园,民办,民办,北京市怀柔区桥梓镇前桥梓村607号
怀柔区,北京怀柔梨园庄心语幼儿园,民办,民办,北京市怀柔区北房镇梨园庄429
怀柔区,北京怀柔长虹跨世纪幼儿园,民办,民办,北京市怀柔区雁栖经济开发区雁栖大街47号院 2.3.4.5.9号楼
怀柔区,北京怀柔小芳幼儿园,民办,民办,北京市怀柔区庙城镇高两河406号，409号。
怀柔区,北京市怀柔区青苗怡安园幼儿园,民办,民办,北京市怀柔区庙城镇怡安园小区S3号
怀柔区,北京怀柔睿翔幼儿园,民办,民办,"北京市怀柔区下元市场北231号-1,231号-2"
怀柔区,北京市怀柔区喇叭沟门满族乡中心幼儿园,教育部门,地级教育部门,北京市怀柔区喇叭沟门满族乡喇叭沟门村西
怀柔区,北京怀柔国科春天幼儿园,民办,民办,北京市怀柔区开放东路21号3幢1层、4幢1层、5幢1层、6幢1层、7-2幢1层全部
怀柔区,北京怀柔艺彩沄岚幼儿园,民办,民办,北京市怀柔区庙城镇293号院2号楼101-104
怀柔区,北京怀柔多彩宝贝幼儿园,民办,民办,北京怀柔区泉河街道后城街村迎宾北路6号楼二层1号
怀柔区,北京市怀柔区第五幼儿园,教育部门,地级教育部门,北京市怀柔区怀柔新城03街区府前龙樾小区院内
怀柔区,北京市怀柔区琉璃庙镇中心小学,教育部门,地级教育部门,北京市怀柔区琉璃庙镇琉璃庙村49号
怀柔区,北京市怀柔区长哨营满族乡中心小学,教育部门,地级教育部门,北京市怀柔区长哨营满族乡长哨营村
怀柔区,怀柔科学城第三幼儿园,教育部门,地级教育部门,北京市怀柔区雁栖派出所新村社区鸿翔中路4号院
平谷区,北京市平谷区小童星幼儿园,民办,民办,北京市平谷区平翔路1号
平谷区,北京市平谷区第二幼儿园,教育部门,地级教育部门,北京市平谷区幸福小区12号
平谷区,北京市平谷区马坊中心小学附设幼儿班,集体,集体,北京市平谷区马坊镇金河街111号院1
平谷区,北京市平谷区刘家店中心小学附设幼儿班,集体,集体,北京市平谷区刘家店镇刘家店西路56号
平谷区,北京市平谷区第三幼儿园,教育部门,地级教育部门,北京市平谷区滨河小区12号
平谷区,北京市平谷区第四幼儿园,教育部门,地级教育部门,北京市平谷区金乡西小区42号
平谷区,北京市平谷区镇罗营中心小学附设幼儿班,集体,集体,北京市平谷区镇罗营镇镇罗营东街163号
平谷区,北京市平谷区王辛庄第一幼儿园,集体,集体,王辛庄镇东古后街15号
平谷区,北京市平谷区农业中关村幼儿园,集体,集体,北京市平谷区峪口镇峪口村育才路53号
平谷区,北京市平谷区门楼中心小学附设幼儿班,集体,集体,北京市平谷区东高村镇北张岱中路94号
平谷区,北京市平谷区山东庄中心小学附设幼儿班,集体,集体,北京市平谷区山东庄镇小北关村西环路1号
平谷区,北京市平谷区夏各庄中心小学附设幼儿班,集体,集体,北京市平谷区夏各庄镇夏各庄北中环路26号院
平谷区,北京市平谷区第五幼儿园,民办,民办,北京市平谷兴谷园甲5号
平谷区,北京市平谷区德翰幼儿园,民办,民办,北京市平谷区马昌营镇政府南
平谷区,北京市平谷区第一幼儿园,教育部门,地级教育部门,北京市平谷区幸福小区13号
平谷区,北京市平谷区马昌营中心幼儿园,集体,集体,北京市平谷区马昌营镇马昌营村
平谷区,北京市平谷区马昌营镇王各庄幼儿园,集体,集体,北京市平谷区王各庄村
平谷区,北京市平谷区大华山中心幼儿园,集体,集体,北京市平谷区大华山镇华山大街122号
平谷区,北京市平谷区大华山镇东辛撞幼儿园,集体,集体,北京市平谷区大华山镇东辛撞村东新路1号
平谷区,北京市平谷区大兴庄中心幼儿园,集体,集体,北京市平谷区体育中心西路57号院1号楼
平谷区,北京市平谷区黄松峪中心小学附设幼儿班,集体,集体,北京市平谷区黄松峪乡黄松峪东街343
平谷区,北京市平谷区熊儿寨中心小学附设幼儿班,集体,集体,北京市平谷区熊儿寨乡熊儿寨东路36号
平谷区,北京市平谷区南独乐河中心幼儿园,集体,集体,北京市平谷区南独乐河村西老平蓟路北侧
平谷区,北京市平谷区北杨桥中心小学附设幼儿班,集体,集体,北京市平谷区胡辛庄
平谷区,北京市平谷区金海湖幼儿园,集体,集体,平谷区金海湖镇韩庄北街126号
平谷区,北京市平谷区东高村学校附设幼儿班,集体,集体,北京市平谷区东高村镇军民共建街11号
平谷区,北京市平谷区小树人幼儿园,民办,民办,北京市平谷区海关大街南二巷124、126号
平谷区,北京市平谷区小红帽幼儿园,民办,民办,北京市平谷区乐园西小区乙35号
平谷区,北京市平谷区思琦幼儿园,民办,民办,北京市平谷区太和东园北街1号
平谷区,北京市平谷区小雨点幼儿园,民办,民办,北京市平谷区马坊镇西大街南街37号
平谷区,北京市平谷区育明学校,民办,民办,北京市平谷区泃河西路（临）10号
平谷区,北京市平谷区峪口镇新世纪幼儿园,民办,民办,北京市平谷区峪口镇大官庄村西路125号
平谷区,北京市平谷区小星星幼儿园,民办,民办,平谷区海关大街甲5号院
平谷区,北京市平谷区哆来咪幼儿园,民办,民办,北京市平谷区赵各庄东斜路6号
平谷区,北京市平谷区乐乐幼儿园,民办,民办,北京市平谷区平谷镇太和园北街5号
平谷区,北京市平谷区平谷镇西鹿角幼儿园,集体,集体,平谷区西鹿角东路9号
平谷区,北京市平谷区放光中心小学附设幼儿班,集体,集体,北京市平谷区乐园路16号
平谷区,北京市平谷区靠山集中心小学附设幼儿班,集体,集体,北京市平谷区金海湖镇靠山集大街47号
平谷区,北京市平谷区南独乐河镇峨嵋山幼儿园,集体,集体,北京市平谷区峨嵋山村峨嵋山上营67号
平谷区,北京市平谷区王辛庄镇上营幼儿园,集体,集体,上营西路2号
平谷区,北京市平谷区峪口镇东凡各庄幼儿园,集体,集体,平谷区峪口镇东樊各庄村校园路29号
平谷区,北京市平谷区顺爱幼儿园,民办,民办,北京市平谷区平谷镇太安街8号
平谷区,北京市平谷区东方幼儿园,民办,民办,北京市平谷区大兴庄镇周村中路23号
平谷区,北京市平谷区农娃幼儿园,民办,民办,北京市平谷区夏各庄镇张各庄村后街149号
平谷区,北京市平谷区第七幼儿园,教育部门,地级教育部门,北京市平谷区上纸寨西路25号
平谷区,北京市平谷区蓝逸幼儿园,民办,民办,北京市平谷区迎宾花园小区25号
平谷区,北京市平谷区启趣幼儿园,民办,民办,北京市平谷区新平东路10号
平谷区,北京市平谷区博苑幼儿园,民办,民办,北京市平谷区建设西街13号
平谷区,北京市平谷区澳佳幼儿园,民办,民办,北京市平谷区谷丰东路10号
平谷区,北京市平谷区南独乐河镇南山幼儿园,集体,集体,北京市平谷区南独乐河镇南山村下店子11号
平谷区,北京市平谷区优泰幼儿园,民办,民办,平谷区园田街六号北楼
平谷区,北京市平谷区世纪宝贝幼儿园,民办,民办,北京市平谷区王辛庄镇小辛寨村校园路32号
平谷区,北京市平谷区济望幼儿园,民办,民办,北京市平谷区南独乐河镇甘营东路23号
平谷区,北京市平谷区青苗阳光幼儿园,民办,民办,北京市平谷区马坊镇康体运动中心11号
平谷区,北京市平谷区纸飞机幼儿园,民办,民办,北京市平谷区建设西街17号
平谷区,北京市平谷区新知幼儿园,民办,民办,北京市平谷区王辛庄镇贾各庄村东南街6号
平谷区,北京市平谷区金海湖镇胡庄幼儿园,集体,集体,北京市平谷区金海湖镇胡庄大街96号
平谷区,北京市平谷区喜洋洋幼儿园,民办,民办,北京市平谷区峪口镇峪口村西大街6号
平谷区,北京市平谷区森林幼儿园,民办,民办,北京市平谷区东高村镇大旺务村东688号西侧
平谷区,北京市平谷区大兴庄幼儿园三福庄分园,集体,集体,北京市平谷区大兴庄镇三福庄村顺福路5号
平谷区,北京市平谷区蓝橡树幼儿园,民办,民办,北京市平谷谷丰路98号院
平谷区,北京市平谷区启心幼儿园,民办,民办,北京市平谷区马坊镇金河北街惠民家园5号-3
平谷区,北京市平谷区木多多幼儿园,民办,民办,北京市平谷区太安街167号（院内）
平谷区,北京市平谷区爱德幼儿园,民办,民办,北京市平谷区旧城街27号
平谷区,北京市平谷区开心城堡幼儿园,民办,民办,北京市平谷区平谷大街48号
平谷区,北京市平谷区惠佳幼儿园,民办,民办,北京市平谷区平谷镇胜利街南城根17号
平谷区,北京市平谷区安特幼儿园,民办,民办,北京市平谷区兴谷街道贾各庄南街6号-2
平谷区,北京市平谷区卓爱幼儿园,民办,民办,北京市平谷区平谷镇兴谷路14号
平谷区,北京市平谷区艾博幼儿园,民办,民办,北京市平谷区航宇北街2号1幢1-3层
平谷区,北京市平谷区博鸿幼儿园,民办,民办,北京市平谷区谷丰路26号
平谷区,北京市平谷区明一幼儿园,民办,民办,北京市平谷区民迎路6号
平谷区,北京市平谷区维德幼儿园,民办,民办,北京市平谷区航宇北街11号
平谷区,北京市平谷区美博幼儿园,民办,民办,北京市平谷区王辛庄镇贾各庄东南街家6-2号
平谷区,北京市平谷区唯真幼儿园,民办,民办,北京市平谷区乐园西小区乙17号
平谷区,北京市平谷区金麦穗幼儿园,民办,民办,平谷区平谷镇府前街19号
平谷区,北京市平谷区暖苑幼儿园,民办,民办,北京市平谷区王辛庄镇贾各庄南街2号
平谷区,北京市平谷区星宸幼儿园,民办,民办,北京市平谷区马坊镇打铁庄村西路5号
平谷区,北京市平谷区大兴庄幼儿园香墅湾分园,集体,集体,北京市平谷区大兴庄镇体育中心西路6号院
平谷区,北京市平谷区辅仁幼儿园,民办,民办,北京市平谷区新平南路122号院1号楼
平谷区,北京市平谷区景悦幼儿园,民办,民办,北京市平谷区渔阳地区北环西街15号院1号楼1至3层101
平谷区,北京育蕾幼儿园平谷有限公司,民办,民办,北京市平谷区旧城东街10号院
平谷区,北京市平谷区观岭家园幼儿园,集体,集体,北京市平谷区兴谷街道寨笆路6号院1号楼
密云区,北京市密云区第一幼儿园,教育部门,地级教育部门,密云区南更大街清真寺北
密云区,北京市密云区第八幼儿园,教育部门,地级教育部门,密云区新西路李各庄村南
密云区,北京市密云区第二幼儿园,教育部门,地级教育部门,北京市密云区密云镇果园街道果园新里中区
密云区,北京市密云区第三幼儿园,教育部门,地级教育部门,北京市密云区兴云小区8号楼东侧
密云区,北京市密云区第四幼儿园,教育部门,地级教育部门,北京市密云区鼓楼街道新南路107号
密云区,北京市密云区第五幼儿园,教育部门,地级教育部门,北京市密云区鼓楼街道办事处宾阳里社区居委会
密云区,北京市密云区第六幼儿园,教育部门,地级教育部门,北京市密云区檀州家园19号楼南侧
密云区,北京密云蓝天幼儿园,地方企业,地方企业,沿湖小区27号楼南
密云区,北京市密云区嘉士博幼儿园,地方企业,地方企业,鼓楼东大街马道胡同5号
密云区,密云经济开发区幼儿园,地方企业,地方企业,密云经济开发区康宝路10号
密云区,北京市密云区世纪英才实验幼儿园,民办,民办,北京市密云县花园小区53号楼甲
密云区,北京市密云区石桥西区幼儿园,民办,民办,北京市密云区石桥西区22号楼西侧
密云区,北京市密云区小天使幼儿园,民办,民办,密云县密云镇一街新村
密云区,北京市密云区育新幼儿园,民办,民办,北京市密云区梧桐苑小区1-11号楼
密云区,北京市密云区小博士幼儿园,民办,民办,密云区新南路58号
密云区,北京市密云区信远阳光幼儿园,民办,民办,北京市密云区新西路77号
密云区,北京市密云区密西幼儿园,民办,民办,密西花园小区三期园内34号楼后
密云区,北京市密云区文硕幼儿园,民办,民办,密云区宾阳北里小区
密云区,北京市密云区溪翁庄镇中心幼儿园,教育部门,地级教育部门,溪翁庄镇溪翁庄村
密云区,北京市密云区溪翁庄镇东智幼儿园,教育部门,地级教育部门,溪翁庄镇东智西村
密云区,北京市密云区第九幼儿园,教育部门,地级教育部门,北京市密云区绿地社区北区
密云区,北京市密云区大城子镇柏崖幼儿园,教育部门,地级教育部门,北京市密云区大城子镇柏崖村
密云区,北京市密云区宁静之都德慧幼儿园,集体,集体,北京市密云区檀城西区22号楼
密云区,北京市密云区西田各庄镇中心幼儿园,教育部门,地级教育部门,北京市密云区西田各庄镇卸甲山村
密云区,北京市密云区西田各庄镇疃里幼儿园,教育部门,地级教育部门,北京市密云区西田各庄镇疃里村委会
密云区,北京市密云区西田各庄镇太子务幼儿园,教育部门,地级教育部门,西田各庄镇太子务村
密云区,北京市密云区西田各庄镇西田各庄幼儿园,教育部门,地级教育部门,北京市密云区西田各庄镇西田各庄村委会
密云区,北京市密云区十里堡镇中心幼儿园,教育部门,地级教育部门,十里堡镇庄禾屯村
密云区,北京市密云区十里堡镇水杨红幼儿园,教育部门,地级教育部门,十里堡镇水泉村
密云区,北京市密云区河南寨镇中心幼儿园,教育部门,地级教育部门,北京市密云区河南寨镇河南寨村
密云区,北京市密云区河南寨镇台上幼儿园,教育部门,地级教育部门,北京市密云区河南寨镇下屯村
密云区,北京市密云区河南寨镇提辖庄幼儿园,教育部门,地级教育部门,密云县河南寨镇提辖庄村
密云区,北京市密云区巨各庄镇中心幼儿园,教育部门,地级教育部门,北京市密云区巨各庄镇水峪村
密云区,北京市密云区巨各庄镇八家庄幼儿园,教育部门,地级教育部门,密云区巨各庄镇八家庄村
密云区,北京市密云区穆家峪镇中心幼儿园,教育部门,地级教育部门,密云区穆家峪镇南穆家峪村
密云区,北京市密云区穆家峪镇西穆家峪幼儿园,教育部门,地级教育部门,北京市密云县穆家峪镇西穆家峪村委会
密云区,北京市密云区穆家峪镇后栗园幼儿园,教育部门,地级教育部门,密云县穆家峪镇后栗园村
密云区,北京市密云区穆家峪镇前栗园幼儿园,教育部门,地级教育部门,密云区穆家峪镇前栗园村
密云区,北京市密云区太师屯镇中心幼儿园,教育部门,地级教育部门,北京市密云区太师屯镇葡萄园村
密云区,北京市密云区太师屯镇上庄子幼儿园,教育部门,地级教育部门,北京市密云区太师屯镇上庄子村
密云区,北京市密云区太师屯镇桑园幼儿园,教育部门,地级教育部门,太师屯镇桑园幼儿园
密云区,北京市密云区太师屯镇东庄禾幼儿园,教育部门,地级教育部门,北京市密云区太师屯镇东庄禾村
密云区,北京市密云区高岭镇中心幼儿园,教育部门,地级教育部门,高岭镇高岭村
密云区,北京市密云区高岭镇水晶石幼儿园,教育部门,地级教育部门,北京市密云区高岭镇上甸子村
密云区,北京市密云区高岭镇栗榛寨幼儿园,教育部门,地级教育部门,北京市密云县高岭镇栗榛寨村委会
密云区,北京市密云区高岭镇放马峪幼儿园,教育部门,地级教育部门,北京市密云县高岭镇放马峪村委会
密云区,北京市密云区不老屯镇中心幼儿园,教育部门,地级教育部门,北京市密云区不老屯镇不老屯村
密云区,北京市密云区冯家峪镇中心幼儿园,教育部门,地级教育部门,密云区冯家峪镇冯家峪村
密云区,北京市密云区古北口镇中心幼儿园,教育部门,地级教育部门,北京市密云区古北口镇古北口村委会路东南
密云区,北京市密云区大城子镇中心幼儿园,教育部门,地级教育部门,大城子镇高庄子村
密云区,北京市密云区大城子镇墙子路幼儿园,教育部门,地级教育部门,北京市密云县大城子镇墙子路村
密云区,北京市密云区东邵渠镇中心幼儿园,教育部门,地级教育部门,北京市密云区东邵渠镇东邵渠村
密云区,北京市密云区北庄镇中心幼儿园,教育部门,地级教育部门,北庄镇北庄村华盛路68号
密云区,北京市密云区新城子镇中心幼儿园,教育部门,地级教育部门,密云区新城子镇新城子村
密云区,北京市密云区新城子镇曹家路幼儿园,教育部门,地级教育部门,密云县曹家路村
密云区,北京市密云区石城镇中心幼儿园,教育部门,地级教育部门,北京市密云区石城镇南石城村
密云区,北京市密云区穆家峪镇庄头峪幼儿园,教育部门,地级教育部门,北京市密云区穆家峪镇庄头峪村
密云区,北京市密云区馨苗蕾幼儿园,民办,民办,密云区西门外大街16号院5号楼
密云区,北京市密云区河南寨镇两河幼儿园,教育部门,地级教育部门,北京市密云区河南寨镇两河村
密云区,北京市密云区第七幼儿园,教育部门,地级教育部门,北京市密云区新中街38号
密云区,北京市密云区蔡家洼生态幼儿园,事业单位,事业单位,北京市密云区巨各庄镇蔡家洼村
密云区,北京市密云区溪翁庄镇北白岩幼儿园,教育部门,地级教育部门,北京市密云区溪翁庄镇北白岩村
密云区,北京市密云区檀营蓝天幼儿园,地方企业,地方企业,北京市密云区檀营北街1号院9号
密云区,北京市密云区童乐幼儿园,民办,民办,北京市密云区溪翁庄镇走马庄村村南
密云区,北京市密云区伊顿慧智幼儿园,民办,民办,阳光街390号院24号楼
密云区,北京市密云区艾拓幼儿园,民办,民办,北京市密云区十里堡镇双井村友谊街40号
密云区,北京市密云区第十幼儿园,教育部门,地级教育部门,北京市密云区城后街北侧
密云区,北京市密云区华嘉幼儿园,民办,民办,北京市密云区西大桥路9号
密云区,北京市密云区第十一幼儿园,教育部门,县级教育部门,北京市密云区橡树湾一期碧澄环路六号院东侧
密云区,北京市密云区信远福源幼儿园,民办,民办,北京市密云区新北路25号
密云区,北京市密云区绿地德慧幼儿园,民办,民办,北京市密云区新北路30号
密云区,北京市密云区博雅幼儿园,民办,民办,北京市密云区行宫街118号
密云区,北京市密云区幸福树森林幼儿园,民办,民办,新南路52号院
密云区,北京市密云区行知始成幼儿园,民办,民办,北京市密云区檀营小区甲6号楼
密云区,北京市密云区乐巢幼儿园,民办,民办,北京市密云区十里堡镇双井村东（101国道北侧）
密云区,北京市密云区第十四幼儿园,教育部门,地级教育部门,北京市密云区檀营街6号院1号楼
密云区,北京市密云区第十三幼儿园,教育部门,地级教育部门,北京市密云区白云北街与李各庄路交叉口西北侧
延庆区,北京市延庆区第一幼儿园,教育部门,地级教育部门,北京市延庆区延庆镇西街11号
延庆区,北京市延庆区第一幼儿园 - 分园,教育部门,地级教育部门,北京市延庆区延庆镇三清观29号
延庆区,北京市延庆区第六幼儿园,教育部门,地级教育部门,延庆区延庆镇西关村北
延庆区,北京市延庆区第三幼儿园,教育部门,地级教育部门,北京市延庆区新城街133号
延庆区,北京市延庆区五星幼儿园,民办,民办,北京市延庆区延庆镇东屯村东
延庆区,北京市延庆区诚远幼儿园,民办,民办,北京市延庆县延庆镇孟庄村
延庆区,北京市延庆区育才幼儿园,民办,民办,延庆区康庄镇商业街51号
延庆区,北京市延庆区第二幼儿园,教育部门,地级教育部门,北京市延庆区百莲路10号
延庆区,北京市延庆区永宁幼儿园,教育部门,地级教育部门,北京市延庆区永宁幼儿园
延庆区,北京市延庆区永宁幼儿园分园,教育部门,地级教育部门,北京市延庆区永宁镇吴坊营
延庆区,北京市延庆区旧县幼儿园,教育部门,地级教育部门,延庆区旧县镇旧县村北
延庆区,北京市延庆区沈家营幼儿园,教育部门,地级教育部门,北京市延庆区沈家营镇冯庄路口北
延庆区,北京市延庆区第四幼儿园,教育部门,地级教育部门,北京市延庆区高塔街49号
延庆区,北京市延庆区红苹果幼儿园,民办,民办,北京市延庆区新城街10号
延庆区,北京市延庆区第五幼儿园,教育部门,地级教育部门,延庆区第四小学北侧
延庆区,北京市延庆区姚家营幼儿园,教育部门,地级教育部门,北京市延庆区张山营镇姚家营村
延庆区,北京市延庆区三育幼儿园,民办,民办,延庆县延庆镇西街2号
延庆区,北京市延庆区八达岭幼儿园,教育部门,地级教育部门,北京市延庆区八达岭镇西拨子村北
延庆区,北京市延庆区康庄幼儿园,教育部门,地级教育部门,北京市延庆区康庄镇康庄一街文汇街1号
延庆区,北京市延庆区司家营幼儿园,民办,民办,北京市延庆区延庆镇司家营村
延庆区,北京市延庆区第七幼儿园,教育部门,地级教育部门,北京市延庆区庆园街82号院23号楼
延庆区,北京市延庆区博苑幼儿园,民办,民办,延庆区东外大街68号
延庆区,北京市延庆区丫丫幼儿园,民办,民办,北京市延庆区旧县镇旧县商业城C区123号
延庆区,北京市延庆区第九幼儿园,教育部门,地级教育部门,北京市延庆区大榆树镇博园东路4号
延庆区,北京市延庆区博雅世园幼儿园,民办,民办,北京市延庆区延庆镇百泉街道世园村北一街5号院1号楼
延庆区,北京市延庆区博雅万科幼儿园,民办,民办,北京市延庆区沈家营镇天成中路1号院18号
延庆区,北京市延庆区泛美幼儿园,民办,民办,北京市延庆区延庆镇新龙中街6号
延庆区,北京市延庆区园博幼儿园,民办,民办,北京市延庆区康庄镇天庆路287号
延庆区,北京市延庆区第八幼儿园,教育部门,地级教育部门,莲花池村路西第八幼儿园
延庆区,北京市延庆区庆园幼儿园,教育部门,地级教育部门,北京市延庆区庆园街65号
延庆区,北京市延庆区八里庄中心幼儿园,教育部门,地级教育部门,延庆区八里庄村南
延庆区,北京市延庆区小丰营中心小学幼儿园,教育部门,地级教育部门,北京市延庆县康庄镇小丰营村
延庆区,北京市延庆区太平庄幼儿园,教育部门,地级教育部门,北京市延庆区康庄镇马营村东
延庆区,北京市延庆区四海中心幼儿园,教育部门,地级教育部门,北京市延庆区四海镇四海村北街东一区73号
延庆区,北京市延庆区千家店中心幼儿园,教育部门,地级教育部门,延庆区千家店镇后沟村33号
延庆区,北京市延庆区大榆树中心幼儿园,教育部门,地级教育部门,北京市延庆区大榆树镇大榆树村2号
延庆区,北京市延庆区井家庄中心幼儿园,教育部门,地级教育部门,北京市延庆区井庄镇井庄村
延庆区,北京市延庆区西二道河幼儿园,教育部门,地级教育部门,延庆区西二道河中心小学
延庆区,北京市延庆区大庄科中心幼儿园,教育部门,地级教育部门,北京市延庆区大庄科乡政府东
延庆区,北京市延庆区刘斌堡中心幼儿园,教育部门,地级教育部门,北京市延庆区刘斌堡乡刘斌堡村东
延庆区,北京市延庆区珍珠泉中心幼儿园,教育部门,地级教育部门,北京市延庆区珍珠泉乡珍珠泉村村东
延庆区,北京市延庆区中羊坊幼儿园,教育部门,地级教育部门,延庆区张山营镇中羊坊村
延庆区,北京市延庆区香营中心幼儿园,教育部门,地级教育部门,北京市延庆区香营乡后所屯村
延庆区,北京市延庆区张山营中心幼儿园,教育部门,地级教育部门,延庆区张山营镇上板泉村
亦庄开发区,北京经济技术开发区第五幼儿园,教育部门,地级教育部门,北京亦庄经济技术开发区四合路10号院
亦庄开发区,北京经济技术开发区第二幼儿园,教育部门,地级教育部门,北京市大兴区亦庄镇博兴八路东侧
亦庄开发区,北京中芯幼儿园,民办,民办,北京经济技术开发区泰河园四里三区
亦庄开发区,北京经济技术开发区第一幼儿园,教育部门,地级教育部门,北京市大兴区亦庄镇广德中巷三号
亦庄开发区,北京经济技术开发区第三幼儿园,教育部门,地级教育部门,北京市大兴区瀛海镇四合路4号院1号楼、2号楼
亦庄开发区,北京经济技术开发区大地幼儿园,民办,民办,北京市经济技术开发区天华园二里二区25号
亦庄开发区,北京经济技术开发区美格幼儿园,民办,民办,亦庄经济技术开发区天华园三里一栋洋房
亦庄开发区,北京经济技术开发区新世纪幼儿园,民办,民办,北京大兴亦庄亦兴路3号
亦庄开发区,北京经济技术开发区春蕾幼儿园,民办,民办,北京市经济技术开发区天华园一里三区13号楼
亦庄开发区,北京经济技术开发区二十一世纪实验幼儿园,民办,民办,北京市亦庄经济技术开发区天宝中街五号
亦庄开发区,北京经济技术开发区第四幼儿园,教育部门,地级教育部门,北京经济技术开发区鹿海园四里10号楼
亦庄开发区,北京经济技术开发区慧才苑幼儿园,民办,民办,大兴区天华西路林肯公园34号楼
亦庄开发区,北京经济技术开发区金色童真幼儿园,民办,民办,北京市大兴区亦庄镇泰和园一里三区1号楼
亦庄开发区,北京经济技术开发区爱乐恩幼儿园,民办,民办,北京市大兴区经济技术开发区文化园东路6号
亦庄开发区,北京经济技术开发区中芯南海子幼儿园,民办,民办,瀛海镇四海路2号院
亦庄开发区,北京经济技术开发区科创街幼儿园,民办,民办,北京经济技术开发区科创十一街亦城景园小区4号院12号楼
亦庄开发区,北京经济技术开发区鸿誉幼儿园,民办,民办,北京市经济技术开发区荣华中路19号院1号楼B座102、103、208、209、303、305
亦庄开发区,北京经济技术开发区四海幼儿园,民办,民办,北京经济技术开发区四海路20号院
亦庄开发区,北京经济技术开发区经海第一幼儿园,教育部门,地级教育部门,北京经济技术开发区科创十一街二号院一号楼
亦庄开发区,北京经济技术开发区兴海幼儿园,教育部门,地级教育部门,北京经济技术开发区兴海一街宏农路4号院1号楼
亦庄开发区,北京经济技术开发区智爱家幼儿园,民办,民办,北京经济技术开发区西环南路26号院28幢
亦庄开发区,北京经济技术开发区未来荣华幼儿园,民办,民办,北京经济技术开发区荣华南路1号院13号楼101
亦庄开发区,北京经济技术开发区数码庄园幼儿园,民办,民办,北京经济技术开发区地盛西路1号1幢
亦庄开发区,北京经济技术开发区童识幼儿园,民办,民办,北京经济技术开发区科创十三街29号院一区6号楼
亦庄开发区,北京经济技术开发区瑞雪幼儿园,民办,民办,北京经济技术开发区天华园二里三区4幢
亦庄开发区,北京经济技术开发区佰艺林幼儿园,民办,民办,北京经济技术开发区天宝园二里二区33号楼101
亦庄开发区,北京经济技术开发区福娃幼儿园,民办,民办,北京经济技术开发区科创十街5号院8号楼
亦庄开发区,北京经济技术开发区伊童幼儿园,民办,民办,北京经济技术开发区经海三路109号天骥智谷园区57号楼
燕山区,北京市燕山幼儿园,教育部门,县级教育部门,北京市房山区燕山杏花西里32号
燕山区,北京市房山区燕山迎风幼儿园,教育部门,县级教育部门,北京市房山区燕山迎风二里16号
燕山区,北京市房山区燕山东风幼儿园,教育部门,县级教育部门,燕山东风南里6号
燕山区,北京市房山区燕山星城幼儿园,教育部门,县级教育部门,北京市房山区燕化星城健德四里甲25号
燕山区,北京市房山区燕山向阳幼儿园,教育部门,县级教育部门,北京市房山区迎风街道北庄路6号
燕山区,北京市房山区燕山阳光幼儿园,教育部门,县级教育部门,燕山迎风五里26号
燕山区,北京市房山区燕山小天使幼儿园,教育部门,县级教育部门,北京市房山区燕山东风羊耳峪西巷6号
