序号,运营商,充电站点标准名称,服务类型,区县具体地址,快充接口数,慢充接口数,地域范围,所在地类型
1,中石化,广泽桥加油充电站,社会公用,朝阳区望京地区屏翠东路，北五环内环望京出口（地上）,4,0,四环至五环,其他
2,金银建科技,银建黑石头营运基地电动车充电站,社会公用,北京市石景山区石府路甲2号,10,0,五环至六环,其他
3,华商三优,通州区潞城公共充电站,社会公用,通州区通湖路六环桥下武夷花园月季雅园附近,52,102,五环至六环,经营性场所
4,畅的智能,嘉捷恒信,社会公用,西环南路26号院蜜糖门店外,3,4,五环至六环,商业区
5,富电易充,华贸中心公寓充电站,社会公用,华贸16号商务楼B3停车场,7,16,三环至四环,商业区
6,特来电,北京亦城国际充电站,社会公用,北京市经济技术开发区荣华中路10号,4,7,五环至六环,商业区
7,中石油昆仑网电,巨石大厦,社会公用,东城区新中西里13号,3,0,二环至三环,写字楼办公区
8,中石油昆仑网电,北京东方喜庆大酒店,社会公用,朝阳区东四环小武基往北200米南大山子8号 东四环南路小武基桥北前行200米 酒店进门右侧停车场 ,1,3,四环至五环,酒店宾馆
9,中石油昆仑网电,民兵武器装备陈列馆,社会公用,通州区京杭大运河源头，永顺镇焦五庄北口（武器装备陈列馆）,4,3,五环至六环,政府机构
10,依威能源,蜂鸟社区商业楼,社会公用,海淀区万柳中路33号,0,2,三环至四环,商业区
11,特来电,北京亦庄生物医药园地上停车场充电站,社会公用,北京市市辖区通州区经济开发区路东区科创六街88号(地面),2,6,五环至六环,科技园区
12,中石油昆仑网电,加速器一区,社会公用,海淀区北清路99号永丰产业基地,2,0,五环至六环,产业园区
13,依威能源,北方中惠国际大厦,社会公用,石景山区鲁谷大街,0,5,四环至五环,商务办公区
14,中石油昆仑网电,科创基地,社会公用,朝阳区将台路5号首信大厦 国能中心：7快3慢16号楼北停车场：12快5慢,12,5,四环至五环,教育院校
15,中石油昆仑网电,北京西站地下停车场,社会公用,丰台区西三环莲花桥东部 南广场地下停车场F区,2,0,二环至三环,交通枢纽
16,中石油昆仑网电,希尔顿酒店,社会公用,朝阳区东三环北路东方路1号地下停车场 ,1,1,三环至四环,酒店宾馆
17,中石油昆仑网电,万兴家居广场,社会公用,丰台区南三环80号玉泉营桥西万兴家居广场,15,2,四环至五环,商业区
18,中石油昆仑网电,金益大厦,社会公用,西城区金融大街4号,4,0,二环至三环,商业区
19,中石油昆仑网电,强佑集团总部,社会公用,东城区民旺园31号楼 美廉美超市和平新城店门口,3,2,二环至三环,商业区
20,中石油昆仑网电,凯宾斯基酒店,社会公用,怀柔区雁栖湖雁水路甲18号,0,4,二环至三环,酒店宾馆
21,中石油昆仑网电,澳门中心,社会公用,东城区金鱼胡同王府井东街8号地下B2停车场 6快4慢地上停车场 2快,8,4,二环至三环,商业区
22,中石油昆仑网电,汇智大厦,社会公用,海淀区学清路9号汇智大厦进门右转,2,0,四环至五环,写字楼办公区
23,中石油昆仑网电,宋庄美术馆,社会公用,宋庄艺术园区内西北角停车场,2,4,六环外,旅游景点
24,中石油昆仑网电,博雅资源中心,社会公用,昌平区北清路中关村生命科学园路4号院,5,5,五环至六环,商业区
25,中石油昆仑网电,星火科技大厦,社会公用,丰台区富丰路2号,6,2,四环至五环,科技园区
26,首钢充电,首钢机电公司充电点,社会公用,石景山区古城西路183号首钢机电,1,2,五环至六环,商务办公区
27,中石油昆仑网电,永昌工业园,社会公用,大兴区亦庄经济技术开发区永昌北路3号院内7号楼东侧停车场,8,2,五环至六环,工业园区/厂区
28,中石油昆仑网电,加速器二区,社会公用,北京海淀区北清路99号由东门进右转即到,6,0,四环至五环,科技园区
29,中石油昆仑网电,普天大厦,社会公用,海淀北二街6号普天大厦地面停车场,9,0,三环至四环,商务办公区
30,中石油,奥东加油站,社会公用,北京市朝阳区来广营东路奥东加油站,2,0,五环至六环,其他
31,畅的智能,科创三街3号院,社会公用,亦庄科创三街3号院,6,0,五环至六环,工业园区/厂区
32,易卡充电科技,易卡充电(红木街),社会公用,北京市丰台区西三环南路,0,8,三环至四环,商业区
33,北京电力公司,北京市顺义区牛栏山供电所公共充电站,社会公用,北京市顺义区牛栏山镇牛富路牛山段8号先进村北,2,0,六环外,企事业单位
34,北京电力公司,北京市顺义区仁和供电所公共充电站,社会公用,北京市顺义区仁和镇米各庄村北，顺义区南二环路仁和镇米各庄村北仁和供电所,2,0,六环外,企事业单位
35,北京电力公司,北京市顺义区天竺供电所公共充电站,社会公用,北京市顺义区天竺镇小王辛庄南路6号,2,0,五环至六环,企事业单位
36,北京电力公司,北京市大兴区采育供电所公共充电站,社会公用,北京市大兴区采育镇119消防向东500米采育供电所,2,0,六环外,企事业单位
37,北京电力公司,北京市门头沟区龙泉供电所公共充电站,社会公用,北京市门头沟区城子大街3号,2,0,六环外,企事业单位
38,北京电力公司,北京市通州区京田建筑公司公共充电站,社会公用,北京市通州区梨园南街京田建筑公司院外,5,0,五环至六环,工业园区/厂区
39,北京电力公司,北京市门头沟区门头沟供电公司公共充电站,社会公用,北京市门头沟区滨河路66号门头沟供电公司,2,0,六环外,企事业单位
40,北京电力公司,北京市门头沟区妙峰山供电所公共充电站,社会公用,北京市门头沟区陇家庄村坟上268京西酒店对面,2,0,六环外,企事业单位
41,北京电力公司,北京市大兴区念坛公园东门公共充电站,社会公用,北京市大兴区兴源大街念坛公园东门停车场,5,0,五环至六环,城市公园绿地
42,北京电力公司,北京市门头沟区清水供电所公共充电站,社会公用,北京市门头沟区清水镇上清水村892清水镇政府下车,2,0,六环外,企事业单位
43,北京电力公司,北京市大兴区榆垡供电所公共充电站,社会公用,北京市大兴区榆垡镇榆垡开发区榆新路榆垡供电所院内,2,0,六环外,企事业单位
44,北京电力公司,北京市门头沟区雁翅供电所公共充电站,社会公用,北京市门头沟区雁翅镇雁翅供电所院内,2,0,六环外,企事业单位
45,北京电力公司,北京市门头沟区斋堂供电所公共充电站,社会公用,北京市门头沟区斋堂镇斋堂供电所门口,2,0,六环外,企事业单位
46,北京电力公司,北京市密云区不老屯供电所公共充电站,社会公用,北京市密云区不老屯镇不老屯村北（镇政府北150米）,1,0,六环外,企事业单位
47,北京电力公司,北京市密云区黑龙潭公共充电站,社会公用,北京市密云区黑龙潭景区大型车停车场（大关桥北200米）,2,0,六环外,城市公园绿地
48,北京电力公司,北京市平谷区交通局驾校公共充电站,社会公用,北京市平谷区交通局驾校院内,5,0,六环外,政府机构
49,北京电力公司,北京市石景山区朝阳医院附属医院公共充电站,社会公用,北京市石景山区朝阳医院附属医院住院部楼前停车场,3,0,五环至六环,医疗机构
50,北京电力公司,京沪高速马驹桥服务区公共充电站(上海方向),社会公用,北京市通州区马驹桥高速路服务区出京方向,8,0,五环至六环,高速服务区
51,北京电力公司,北京市石景山区苹果园南路物美公共充电站,社会公用,北京市石景山区苹果园南路物美大卖场停车场南门左侧,8,0,五环至六环,商业区
52,北京电力公司,北京市石景山区石景山供电公司公共充电站,社会公用,北京市石景山区鲁谷路59号石景山供电公司门口路北侧停车场,3,0,四环至五环,企事业单位
53,北京电力公司,北京市石景山区中科院高能物理所主楼公共充电站,社会公用,北京市石景山区玉泉路乙19号院中国科学院大学内16号楼东南侧配电室门口停车场,4,0,四环至五环,教育院校
54,北京电力公司,北京市石景山区中科院高能物理所住宅楼公共充电站,社会公用,北京市石景山区玉泉路乙19号院中国科学院大学内19号院27号楼,2,0,四环至五环,教育院校
55,北京电力公司,北京市朝阳区兴隆公园北门公共充电站,社会公用,北京市朝阳区高碑店兴隆公园北门南门涮肉停车场,2,0,四环至五环,城市公园绿地
56,北京电力公司,北京市朝阳区天雅古玩城公共充电站,社会公用,北京市朝阳区华威南路6号停车场,12,0,二环至三环,商业区
57,北京电力公司,北京市西城区人民剧场公共充电站,社会公用,北京市西城区护国寺大街74号人民剧场停车场入口右侧,2,0,二环内,经营性场所
58,北京电力公司,北京市怀柔区后桥梓村公共充电站,社会公用,北京市怀柔区桥梓镇后桥梓村小型停车场,1,4,六环外,村镇
59,北京电力公司,北京市西城区万特商场公共充电站,社会公用,北京市西城区新街口北大街57号停车场地下B3停车场022号车位对面,4,0,二环内,商业区
60,北京电力公司,北京市西城区万通广场公共充电站,社会公用,北京市西城区阜成门外东大街2号万通商城右侧20米（麦当劳对面）,0,10,二环至三环,商业区
61,北京电力公司,北京市怀柔区慕田峪长城公共充电站,社会公用,北京市怀柔区慕田峪村慕田峪长城停车场,8,4,六环外,旅游景点
62,北京电力公司,北京市怀柔区雁栖镇范各庄公共充电站,社会公用,北京市怀柔区京加路雁栖镇范各庄村路口停车场,8,4,六环外,村镇
63,北京电力公司,北京市东城区王府井霞公府公共充电站,社会公用,北京市东城区霞公府街1号北门底下B口（B2259-B2260）,10,0,二环至三环,工业园区/厂区
64,北京电力公司,北京市东城区银河SOHO公共充电站,社会公用,北京市东城区西水井胡同银河soho地下B3A区3196-3204,10,0,二环内,工业园区/厂区
65,北京电力公司,北京市亦庄开发区北工大软件园公共充电站,社会公用,北京市大兴区亦庄开发区地盛北街1号院北工大软件园内部公共停车场,2,0,五环至六环,工业园区/厂区
66,北京电力公司,北京市亦庄开发区汇龙森二园公共充电站,社会公用,北京市大兴区北京经济技术开发区西环南路西环南路18号汇龙森二厂公共停车场,2,0,五环至六环,工业园区/厂区
67,北京电力公司,北京市房山区云居寺公共充电站,社会公用,北京市房山区云居寺停车场（静婉广场西北）,5,0,六环外,城市公园绿地
68,北京电力公司,北京市房山区长阳供电所公共充电站,社会公用,北京市房山区长阳供电所,2,0,五环至六环,企事业单位
69,北京电力公司,京沪高速马驹桥服务区公共充电站(北京方向),社会公用,北京市通州区马驹桥高速路服务区进京方向,4,0,五环至六环,高速服务区
70,北京电力公司,北京市丰台区科技园供电所公共充电站,社会公用,北京市丰台区富锦嘉园二区3号楼东侧，科技园供电所北侧,2,2,四环至五环,科技园区
71,北京电力公司,北京市丰台区庞大驾校公共充电站,社会公用,北京市丰台区大红门南路与嘉禾庄路十字路口向西400米佳乐驾校院内,3,0,四环至五环,经营性场所
72,北京电力公司,北京市丰台区芳古园二区充电站,社会公用,北京市丰台区芳古园二区甲10号楼方庄供电所,2,0,二环至三环,企事业单位
73,北京电力公司,北京市丰台区万丰路万开广场公共充电站,社会公用,北京市丰台区万丰路万开广场（停车场）（梦都酒家对面）,10,26,四环至五环,商业区
74,北京电力公司,北京市昌平区昌平供电公司公共充电站,社会公用,北京市昌平区永安路33号，昌平供电公司营业厅停车场,4,0,六环外,企事业单位
75,北京电力公司,北京市丰台区建委公共充电站,社会公用,北京市丰台区靛厂路12号丰台区建委院内入口左侧,6,0,三环至四环,政府机构
76,北京电力公司,北京市石景山区体育场西侧公共充电站,社会公用,北京市石景山区体育场西街石景山体育局院内停车场西侧灯杆下,2,0,五环至六环,体育场馆
77,北京电力公司,北京市通州区北苑地铁站停车场公共充电站,社会公用,北京市通州区北苑地铁站P+R停车场,5,0,五环至六环,地铁站
78,北京电力公司,北京市通州区漷县供电所公共充电站,社会公用,北京市通州区漷县镇漷兴二街营业厅,1,0,六环外,经营性场所
79,北京电力公司,北京市昌平区文化区供电所公共充电站,社会公用,北京市昌平区育知西路通达园向东，文化区供电所停车场.昌平区风雅园三区,5,0,五环至六环,企事业单位
80,北京电力公司,北京市朝阳区朝阳公园东5门公共充电站,社会公用,北京市朝阳区朝阳公园东五门停车场,6,0,三环至四环,城市公园绿地
81,北京电力公司,北京市海淀区京仪大厦地面公共充电站,社会公用,北京市海淀区大钟寺东路9号京仪宾馆地面停车场,2,0,四环至五环,工业园区/厂区
82,北京电力公司,北京市朝阳区慈云寺住邦五楼公共充电站,社会公用,北京市朝阳区东四环慈云寺桥东南角住邦2000五号楼地下B3停车场,6,6,四环至五环,商业区
83,北京电力公司,北京市海淀区清华大学汽车所公共充电站,社会公用,北京市海淀区清华大学校内汽车工程系停车场,1,4,四环至五环,教育院校
84,北京电力公司,北京市海淀区首都师范大学北1区公共充电站,社会公用,北京市海淀区西三环北洼路首都师范大学北1区文科楼停车场（南门西侧文学院旁）,4,0,三环至四环,教育院校
85,北京电力公司,北京市海淀区首都师范大学东校区学生食堂公共充电站,社会公用,北京市海淀区阜外大街北堆子甲23号院首都师范大学东校区学生食堂外,6,0,二环至三环,教育院校
86,北京电力公司,北京市海淀区腾达大厦地下公共充电站,社会公用,"北京市海淀区西直门外大街168号，腾达大厦地下停车场（B1地下车库015.016.017,021-030)",5,0,二环至三环,工业园区/厂区
87,北京电力公司,北京市怀柔区怀北滑雪场公共充电站,社会公用,北京市怀柔区怀北镇河防口怀北滑雪场内,0,0,六环外,旅游景点
88,北京电力公司,北京市延庆区永宁供电所公共充电站,社会公用,北京市延庆区永宁镇永宁供电所院内停车场,0,0,六环外,经营性场所
89,北京电力公司,北京市怀柔区北宅村委会公共充电站,社会公用,北京市怀柔区桥梓镇北宅村委会大门口,2,0,六环外,政府机构
90,北京电力公司,北京市怀柔区九渡河水长城公共充电站,社会公用,北京市怀柔区九渡河镇西水峪村水长城旅游景点停车场,10,0,六环外,城市公园绿地
91,北京电力公司,北京市大兴区南海子公园南门西公共充电站,社会公用,北京市大兴区瀛海南海子公园西南门停车场,8,0,五环至六环,城市公园绿地
92,北京电力公司,北京市怀柔区城区供电所公共充电站,社会公用,北京市怀柔区怀柔供电公司城区供电所门口北侧,2,0,六环外,公共停车场
93,北京电力公司,北京市门头沟区潭柘寺风景区公共充电站,社会公用,北京市门头沟区潭柘寺风景区潭柘寺停车场内,3,6,六环外,旅游景点
94,北京电力公司,北京市房山区长阳体育公园公共充电站,社会公用,北京市房山区长阳镇体育公园南侧停车场,7,6,五环至六环,城市公园绿地
95,北京电力公司,北京市朝阳区高井传媒文化园停车楼公共充电站,社会公用,北京市朝阳区高碑店乡高井村传媒文化园区8号停车楼地上2，3，4，5层地下1层,5,4,四环至五环,工业园区/厂区
96,北京电力公司,北京市朝阳区高井传媒文化园主楼公共充电站,社会公用,北京市朝阳区高碑店乡高井村传媒文化园区8号主楼地下车库地下1层,5,0,四环至五环,工业园区/厂区
97,北京电力公司,北京市朝阳区华阳奥通汽车销售有限公司公共充电站,社会公用,北京市朝阳区顾家庄桥北奥迪培训中心停车场,2,0,五环至六环,车企4S店
98,北京电力公司,北京市门头沟区永定供电所公共充电站,社会公用,北京市门头沟区永定镇石门营环岛东路1号,4,0,六环外,企事业单位
99,北京电力公司,北京市密云区北京旅游咨询公共充电站,社会公用,北京市密云区北京旅游咨询（密云区水政监察大队西南）,18,0,六环外,企事业单位
100,北京电力公司,北京市丰台区北宫森林公园公共充电站,社会公用,北京市丰台区长辛店镇北宫森林公园停车场,50,0,五环至六环,旅游景点
101,北京电力公司,北京市延庆区岔道村公共充电站,社会公用,北京市延庆区岔道村南侧停车场,52,0,六环外,公共停车场
102,北京电力公司,北京市昌平区生命科学园地铁站停车场公共充电站,社会公用,北京市昌平区地铁生命科学园站停车场,14,0,五环至六环,地铁站
103,北京电力公司,北京市密云区大学生公寓公共充电站,社会公用,北京市密云区检查院东侧停车场,18,0,六环外,公共停车场
104,北京电力公司,北京市房山区六渡公共充电站,社会公用,北京市房山区六渡桥（十渡汽车露营地）,5,0,六环外,城市公园绿地
105,北京电力公司,北京市海淀区翠微商场公共充电站,社会公用,北京市海淀区花园路2号翠微商场西门入口左侧,0,3,三环至四环,商业区
106,北京电力公司,北京市海淀区牡丹电子集团公共充电站,社会公用,北京市海淀区花园路2号牡丹电子集团地面停车场东侧过道内,2,9,三环至四环,工业园区/厂区
107,北京电力公司,北京市平谷区金海湖供电所公共充电站,社会公用,北京市平谷区金海湖坝前广场停车场,5,3,六环外,企事业单位
108,北京电力公司,北京市平谷区马昌营供电所公共充电站,社会公用,北京市平谷区马昌营镇海子村东,2,0,六环外,企事业单位
109,北京电力公司,北京市平谷区山东庄供电所公共充电站,社会公用,北京市平谷区山东庄镇小北关东环路4号（南大街2号）,1,1,六环外,企事业单位
110,北京电力公司,北京市密云区绿地花园公共充电站,社会公用,北京市密云区绿地花园西侧停车场,47,3,六环外,旅游景点
111,北京电力公司,北京市平谷区峪口供电所公共充电站,社会公用,北京市平谷区峪口镇政府西,2,0,六环外,企事业单位
112,北京电力公司,北京市顺义区首都机场公共充电站,社会公用,北京市顺义区机场西路首都机场T3航站楼，出机场高速,50,0,五环至六环,机场
113,北京电力公司,北京市通州区永乐店供电所公共充电站,社会公用,北京市通州区永乐店镇张凤路渠头大街51号永乐店供电所,2,0,六环外,经营性场所
114,北京电力公司,京港澳高速窦店服务区公共充电站(北京方向),社会公用,北京市房山区窦店高速路服务区进京方向,4,0,六环外,高速服务区
115,北京电力公司,京港澳高速窦店服务区公共充电站(港澳方向),社会公用,北京市房山区窦店高速路服务区出京方出,4,0,六环外,高速服务区
116,北京电力公司,北京市西城区景山公园西门公共充电站,社会公用,北京市西城区景山西街44号景山公园西门停车场内入口右侧,8,8,二环内,城市公园绿地
117,北京电力公司,北京市大兴区念坛公园南门公共充电站,社会公用,北京市大兴区兴源大街念坛公园南门停车场,0,10,五环至六环,城市公园绿地
118,北京电力公司,北京市海淀区东升科技园地下公共充电站,社会公用,北京市海淀区西小口路66号科技园创新中心地下B2停车场B区149-155号车位161-166车位,3,10,五环至六环,工业园区/厂区
119,北京电力公司,北京市海淀区清华科技园公共充电站,社会公用,北京市海淀区中关村东路1号谷歌大厦门口,3,22,四环至五环,工业园区/厂区
120,北京电力公司,北京市海淀区北京理工大学公共充电站,社会公用,北京市海淀区中关村南大街5号北京理工大学信息科技实验楼,2,24,二环至三环,教育院校
121,北京电力公司,北京市朝阳区中建国际中心公共充电站,社会公用,北京市朝阳区安定路5号院4号楼地下四层,6,0,三环至四环,工业园区/厂区
122,北京电力公司,北京市大兴区南海子公园南门东公共充电站,社会公用,北京市大兴区瀛海南海子公园东南门停车场,7,0,五环至六环,城市公园绿地
123,北京电力公司,北京市大兴区西红门供电所公共充电站,社会公用,"北京市大兴区西红门镇兴业桥西,南五环辅路北,西红门供电所门口",3,0,四环至五环,企事业单位
124,北京电力公司,北京市房山区南召供电所公共充电站,社会公用,北京市房山区南召供电所,2,0,六环外,企事业单位
125,北京电力公司,北京市房山区首都西南旅游集散中心公共充电站,社会公用,北京市房山区云居寺路首都西南旅游集散中心,13,0,六环外,政府机构
126,北京电力公司,北京市房山区窑上供电所公共充电站,社会公用,北京市房山区窑上供电所,2,0,六环外,企事业单位
127,北京电力公司,北京市大兴区野生动物园公共充电站,社会公用,北京市大兴区榆垡镇野生动物园西门北停车场（106国道辅路）,5,10,六环外,旅游景点
128,北京电力公司,北京市平谷区交通局公共充电站,社会公用,北京市平谷区交通局院内,5,0,六环外,政府机构
129,北京电力公司,北京市丰台区紫峪家园公共充电站,社会公用,北京市丰台区长辛店镇太子峪村紫峪家园小区长兴路5号院西门外路边,2,0,五环至六环,企事业单位
130,北京电力公司,北京市平谷区平谷体育中心公共充电站,社会公用,北京市平谷区体育中心西路东,60,10,六环外,体育场馆
131,北京电力公司,北京市西城区金融街购物中心公共充电站,社会公用,北京市西城区金融街金城坊街2号地下B2停车场D3区076-082号车位,5,4,二环内,商业区
132,北京电力公司,北京市西城区西单老佛爷公共充电站,社会公用,北京市西城区灵境胡同43号院地下B2停车场B038-B043号车位,5,0,二环内,工业园区/厂区
133,北京电力公司,北京市门头沟区北汽凯翔风4S店公共充电站,社会公用,北京市门头沟区双峪路24号北汽4S店院内,3,2,六环外,工业园区/厂区
134,北京电力公司,北京市密云区久润花园东区公共充电站,社会公用,北京市密云区久润东区门面房（檀西路35-5）,2,0,六环外,企事业单位
135,北京电力公司,北京市丰台区花乡供电所公共充电站,社会公用,北京市丰台区丰葆路198号花乡供电所院内,3,0,四环至五环,企事业单位
136,北京电力公司,北京市怀柔区APEC金雁饭店公共充电站,社会公用,北京市怀柔区雁栖湖雁水路甲18号日出东方酒店内,2,3,六环外,酒店宾馆
137,北京电力公司,北京市东城区东环广场公共充电站,社会公用,北京市东城区东中街19号东环广场A座西侧,0,2,二环至三环,商业区
138,北京电力公司,北京市大兴区黄村供电所公共充电站,社会公用,北京市大兴区黄村镇新风街48号孙村卫生服务中心旁南10米黄村供电所,2,0,六环外,企事业单位
139,中石油昆仑网电,纳百川酒楼,社会公用,怀柔区雁栖镇柏崖厂村村委会北1200米（地上）,3,3,六环外,酒店宾馆
140,中石油昆仑网电,房车博览中心,社会公用,房山区长阳大宁山庄北京房车博览中心,2,4,五环至六环,科技园区
141,中石油昆仑网电,乐天玛特（洋桥）店,社会公用,丰台区大红门西路19号,5,3,三环至四环,商业区
142,中石油昆仑网电,利泽汽修公司,社会公用,顺义区马坡镇京密1号线段（利泽修理有限公司院内）,1,4,六环外,车企4S店
143,依威能源,尼奥大厦,社会公用,北京市东城区东花市南里东区,0,4,二环至三环,商务办公区
144,依威能源,万泉商务花园,社会公用,北京市海淀区万柳东路25号,0,5,三环至四环,商务办公区
145,特来电,北京市京燕饭店充电站,社会公用,北京市石景山区石景山路29号,7,0,五环至六环,酒店宾馆
146,特来电,北京三三老栗树合作社充电站,社会公用,北京市怀柔区渤海镇渤海所1099号,4,0,六环外,商务办公区
147,依威能源,国恒基业大厦,社会公用,北京市朝阳区元大都7号,0,3,三环至四环,商务办公区
148,特来电,北京亦庄交通大队二期充电站,社会公用,北京市经济技术开发区东区科创四街1号,0,0,五环至六环,企事业单位
149,依威能源,7天酒店北京三元桥地铁站国展中心店,社会公用,朝阳区西坝河南里3号,0,2,二环至三环,酒店宾馆
150,中石油昆仑网电,嘉铭中心,社会公用,朝阳区朝阳东三环北路27号B座B3停车场,0,8,二环至三环,商业区
151,依威能源,嘉友国际大厦,社会公用,北京市海淀区蓝靛厂南路25号,0,5,三环至四环,商务办公区
152,依威能源,新成文化大厦,社会公用,崇外大街11号新成文化大厦B座(东门),0,2,二环至三环,商务办公区
153,依威能源,蓝谷科技大厦,社会公用,北京市丰台区科技园星火路11号,0,4,四环至五环,商务办公区
154,依威能源,望京科技园,社会公用,北京市朝阳区利泽中二路,2,2,四环至五环,商务办公区
155,依威能源,新裕商务大厦,社会公用,北京市东城区广渠门内大街90号,0,3,二环至三环,商务办公区
156,依威能源,太平洋保险大厦,社会公用,北京市西城区太平桥大街丰盛胡同28号,1,2,二环至三环,公共停车场
157,经开互联,大兴区亦庄北工大软件园荣京道地面充电桩,社会公用,北京市大兴区亦庄地盛北街1号院北工大软件园北面荣京道地面停车场,8,8,五环至六环,科技园区
158,特来电,中科院软件园充电站,社会公用,北京市海淀区中关村南四街4号（地面）,4,5,三环至四环,科技园区
159,特来电,北京亚洲大酒店充电站,社会公用,北京市东城区工体北路新中西街8号,5,4,二环至三环,酒店宾馆
160,ScameTOP,司坎充电站,社会公用,北京丰台久敬庄56号，突破电气总部,0,2,四环至五环,商务办公区
161,中石油昆仑网电,速8酒店开阳桥店,社会公用,丰台区右安门外东滨河路2号院,0,4,二环内,酒店宾馆
162,特来电,北京现代城充电站,社会公用,北京市朝阳区建国路88号建国门外,2,1,三环至四环,商务办公区
163,依威能源,数码大厦,社会公用,北京市海淀区中关村南大街2号院,0,9,二环至三环,商务办公区
164,依威能源,如家快捷酒店(北京苏州桥人民大学店),社会公用,北京市海淀区北三环西路甲49号,0,3,三环至四环,商务办公区
165,特来电,北京温泉村委会充电站,社会公用,北京市海淀区温泉镇温泉村民委员会,2,3,五环至六环,公共停车场
166,特来电,中国人民大学明德楼充电站,社会公用,北京市海淀区中关村大街59号中国人民大学明德楼地下车库二层,0,6,三环至四环,教育院校
167,特来电,北京万达嘉华酒店充电站,社会公用,北京市石景山区石景山路甲18号1号楼,4,0,四环至五环,商业区
168,特来电,北京冠京饭店充电站,社会公用,北京市丰台区丰台北路79号冠京写字楼,4,4,三环至四环,商务办公区
169,中石油昆仑网电,北大国际医院,社会公用,昌平区未来生命科学院北大国际医院西北角,10,0,五环至六环,医疗机构
170,星星充电,回龙观村,社会公用,北京市昌平区回龙观镇西二旗北路回龙观村,6,66,五环至六环,公共停车场
171,星星充电,北京市顺义区北石槽社区卫生服务中心,社会公用,北京市顺义区北石槽社区卫生服务中心,1,4,六环外,医疗机构
172,星星充电,云湖度假村,社会公用,北京市密云县密云水库内湖西侧（近云湖森林公园）,1,31,六环外,旅游景点
173,星星充电,南苑医院,社会公用,北京市丰台区南苑公所胡同5号,14,52,四环至五环,医疗机构
174,星星充电,赛特广场,社会公用,朝阳门建外大街赛特广场地下停车位B3层,0,5,二环至三环,商业区
175,星星充电,王府井百货大楼,社会公用,北京市东城区王府井大街255号王府井百货大楼B3停车场,4,36,二环至三环,商业区
176,星星充电,忘归国际商务酒店,社会公用,北京市朝阳区十八里店老君堂甲6号,0,24,四环至五环,酒店宾馆
177,星星充电,且亭山水,社会公用,北京市昌平区朝凤北路8号,2,24,六环外,酒店宾馆
178,星星充电,德胜凯旋（中国设计研究院）站,社会公用,北京市西城区德胜门外大街36号,1,14,二环至三环,科研院所
179,星星充电,长峰假日酒店,社会公用,北京市海淀区永定路66号地下车库B1停车场、地面停车场,1,4,四环至五环,酒店宾馆
180,星星充电,东方梅地亚中心,社会公用,（特惠场地服务费0.4元）北京市朝阳区光华路4号梅地亚中心B座地下二层停车场B2A01-B2A06,1,5,三环至四环,商务办公区
181,星星充电,金贸大厦,社会公用,西城区西直门外大街18号金贸大厦B3层地下车库,10,30,二环至三环,商务办公区
182,中石油昆仑网电,北辰公寓,社会公用,朝阳区北辰汇园公寓B、C座间,3,0,四环至五环,酒店宾馆
183,特来电,北京庄户台村委会充电站,社会公用,北京市房山区108国道附近,1,4,六环外,写字楼办公区
184,特来电,中国科技会堂北京充电站,社会公用,北京市海淀区复兴路3号,2,2,二环至三环,酒店宾馆
185,特来电,首都体育学院地上充电站,社会公用,北京市海淀北三环西路11,6,3,三环至四环,科研院所
186,特来电,北京中传北广文化传媒基地充电站,社会公用,北京市朝阳区杨闸8号院,8,2,五环至六环,科技园区
187,特来电,北京凯盛兴丰国际充电站,社会公用,北京市顺义区天竺镇天柱东路2号,4,14,五环至六环,酒店宾馆
188,依威能源,大屯1号绿隔产业项目,社会公用,清华大学建筑设计研究院有限公司地下车库B3,1,6,四环至五环,商务办公区
189,依威能源,亚奥观典,社会公用,朝阳区慧忠路3号院,0,4,四环至五环,商业区
190,星星充电,上地国际创业园,社会公用,北京市海淀区上地信息路2号国际创业园3号楼,5,9,五环至六环,写字楼办公区
191,星星充电,陆翔家园,社会公用,北京市朝阳区石门村院2号,0,9,四环至五环,酒店宾馆
192,星星充电,门头沟石龙老年护养中心,社会公用,北京市门头沟区石龙北路27号,1,9,六环外,医疗机构
193,聚电科技,北京花园饭店充电站,社会公用,花园东路30号（10号线牡丹园地铁站旁）,2,6,三环至四环,酒店宾馆
194,聚电科技,北京宜家荟聚超级充电站,社会公用,北京西红门欣宁街15号院英特宜家荟聚B2停车场E区,18,37,四环至五环,商业区
195,智充科技,通用国际,社会公用,建外街道通用国际中心通用时代国际公寓B1停车场西南角,0,3,三环至四环,商务办公区
196,星星充电,盈坤世纪,社会公用,北京市丰台区科技园汽车博物馆东路6号院,8,0,四环至五环,写字楼办公区
197,特来电,北京圣莲山景区山庄充电站,社会公用,北京市房山区史家营乡圣莲山景区,1,4,六环外,旅游景点
198,特来电,北京焱聚鹏充电站,社会公用,北京市怀柔区怀北镇西庄村,4,0,六环外,酒店宾馆
199,特来电,北京密云伴你行分店充电站,社会公用,密云西大桥路38号院内,2,10,六环外,写字楼办公区
200,畅的智能,贞观国际,社会公用,经海路7号,1,9,五环至六环,工业园区/厂区
201,富电易充,东方广场,社会公用,"北京东城东方广场p2,p3停车场",6,0,二环至三环,商业区
202,特来电,北京北京人遗址充电站,社会公用,北京市房山区周口店大街1号,2,8,六环外,旅游景点
203,特来电,北京光联工业园充电站,社会公用,通州光机电一体化产业基地科创东五街2号,4,4,五环至六环,科技园区
204,特来电,北京盈润大厦充电站,社会公用,大兴兴华大街二段13号院地上停车场,7,0,五环至六环,商务办公区
205,特来电,北京市银山汽车宿营地充电站,社会公用,北京市昌平区延寿镇银山塔林景区,8,15,六环外,酒店宾馆
206,特来电,北京怀柔红螺寺景区充电站,社会公用,北京市怀柔区红螺东路2号,4,0,六环外,旅游景点
207,特来电,北京怀柔新渔乐充电站,社会公用,北京市怀柔区北大街49号怀柔环保局东侧,2,1,六环外,写字楼办公区
208,特来电,北京西田各庄卫生院充电站,社会公用,北京市密云区西田各庄镇西田各庄村,2,10,六环外,医疗机构
209,特来电,北京上庄子幼儿园充电站,社会公用,密云区太师屯镇上庄子幼儿园门外,1,4,六环外,教育院校
210,星星充电,钻河中心,社会公用,海淀区交大东路66号院地面及地下车库,3,15,二环至三环,写字楼办公区
211,特来电,北京槐房万达充电站,社会公用,南苑西路39号（万达广场槐房店）,52,34,四环至五环,商业区
212,特来电,北京华联商厦常营店充电站,社会公用,朝阳北路17号楼北京华联常营购物中心B1停车场,40,0,四环至五环,商业区
213,特来电,北京阳光丽城酒店充电站,社会公用,北京市顺义区李桥镇苏庄村龙塘路朝阳街115号北大门进入后左侧停车场,4,8,六环外,酒店宾馆
214,特来电,北京怀柔鱼师傅充电站,社会公用,怀柔区渤苇店村东,4,4,六环外,酒店宾馆
215,特来电,北京建筑大学大兴充电站,社会公用,北京市大兴区黄村镇永源路15号基础教学楼a座地下车库,4,12,五环至六环,教育院校
216,高陆通,成铭大厦站,社会公用,西直门南大街2号成铭大厦地面和B4停车场,6,3,二环内,商务办公区
217,高陆通,亦庄高威科瑞站,社会公用,亦庄经济开发区经海三路138号,28,0,五环至六环,产业园区
218,经开互联,亦庄壹中心园区地面充电桩,社会公用,亦庄路东区科创十二街与经海一路交汇处,5,0,五环至六环,商务办公区
219,富电易充,一木林充电点,社会公用,黄村镇双河南路1号佳驿酒店大兴店,10,10,五环至六环,酒店宾馆
220,畅的智能,蓬莱公寓,社会公用,北七家镇东沙各庄蓬莱公寓西侧停车场,0,12,五环至六环,公共停车场
221,卡丘充电,中国广播电视音像资料馆,社会公用,月坛街道中国广播电视音像资料馆大厦南门路边停车场06车位,0,2,二环至三环,其他
222,畅的智能,富河园碧水明珠,社会公用,通州区富河园碧水明珠停车场,16,0,五环至六环,公共停车场
223,特来电,北京华联商厦天时名苑店充电站,社会公用,北京市通州区京塘路杨庄北里52号华联天时名苑店地下停车场,6,10,五环至六环,商业区
224,特来电,北京华联商厦同成街店充电站,社会公用,北京市昌平区回龙观镇育知东路30号院5号楼北京华联同成街购物中心B1停车场,12,0,五环至六环,商业区
225,特来电,北京北汽园立体车库充电站,社会公用,大兴区采育镇采和路1号,0,72,六环外,公共停车场
226,易达新能,普渡寺充电站,社会公用,北京市东城区普渡寺地下停车场入口处左侧,1,1,二环至三环,商业区
227,特来电,北京龙湾屯卫生院充电站,社会公用,北京市顺义区府南路53号,6,6,六环外,医疗机构
228,高陆通,铭泽生活广场站,社会公用,朝阳区周庄嘉园东里,4,3,三环至四环,商务办公区
229,特来电,北京贯通建徽酒店充电站,社会公用,西城区鸭子桥路6号,1,5,二环至三环,酒店宾馆
230,中石油昆仑网电,中粮万科半岛广场,社会公用,房山区中粮万科半岛广场B2,6,3,五环至六环,商业区
231,中石油昆仑网电,中科院计算机技术研究所,社会公用,海淀区北四环保福寺桥,2,6,三环至四环,科技园区
232,高陆通,瑞城中心站,社会公用,朝阳区亮马桥路48号瑞城中心写字楼地下停车场B3,8,6,三环至四环,商务办公区
233,畅的智能,东尚E园,社会公用,经海六路,4,6,五环至六环,产业园区
234,特来电,北京汉美国门充电站,社会公用,朝阳区静安东里12号院4号楼,2,2,二环至三环,酒店宾馆
235,特来电,北京市大兴区绿康源医院充电站,社会公用,黄村镇霍村霍新街8号,8,8,五环至六环,商务办公区
236,特来电,北京华联顺义金街店充电站,社会公用,北京市顺义区仁和镇新顺南大街8号院北京华联（BHG）顺义金街店B3停车场,32,0,六环外,商业区
237,特来电,北京市子山福缘公寓充电站,社会公用,平谷区山东庄镇鱼子山村北,4,12,六环外,商务办公区
238,特来电,北京大星发—丽湖店充电站,社会公用,怀柔区南华大街21号楼,4,0,六环外,商务办公区
239,富电易充,丰台万达广场B4,社会公用,丰台区丰科路与五圈路交叉口东南角,2,24,三环至四环,商业区
240,畅的智能,北大附中,社会公用,海淀黄庄北京大学附属中学地下停车场,2,28,四环至五环,教育院校
241,中石油昆仑网电,朝阳区马南里公园停车场地上公共充电站,社会公用,朝阳区马南里公园,5,3,五环至六环,旅游景点
242,中石油昆仑网电,海淀区龙芯产业园地上停车场公共充电站,社会公用,海淀区北清路156号龙芯创业园,6,3,五环至六环,公共停车场
243,中石油昆仑网电,海淀区中航广场地下停车场公共充电站,社会公用,海淀区北三环西路43号,3,7,三环至四环,写字楼办公区
244,中石油昆仑网电,顺义区金蝶软件园地下B1停车场公共充电站,社会公用,顺义区马坡镇复兴四街3号金蝶软件园,5,9,六环外,公共停车场
245,高陆通,东玖大厦站,社会公用,东城区夕照寺街东玖大厦B1,2,3,二环内,商务办公区
246,高陆通,古玩城站,社会公用,朝阳区古玩城地上停车场A座,12,6,二环至三环,公共停车场
247,中石油昆仑网电,东城区来福士中心项目,社会公用,东城区东直门南大街1号,2,2,二环内,商业区
248,万马爱充,紫草坞充电站,社会公用,北京市房山区紫码路路程汽车销售服务公司西80米,20,0,六环外,工业园区/厂区
249,特来电,北京大星发—农发地市场充电站,社会公用,北京市怀柔区开放路72号,7,0,六环外,公共停车场
250,特来电,北京雁栖湖P5充电站,社会公用,北京市雁栖湖生态示范区P5停车场,4,6,六环外,医疗机构
251,特来电,北京雁栖湖西路充电站,社会公用,北京市雁栖湖生态示范区P4停车场,4,6,六环外,医疗机构
252,北京电力公司,北京市顺义区南彩镇社区卫生服务站公共充电站,社会公用,北京市顺义区顺平路南彩段3号,8,0,六环外,医疗机构
253,北京电力公司,北京市顺义区乔波国际会议中心公共充电站,社会公用,北京市顺义区顺安路6号,8,0,六环外,企事业单位
254,北京电力公司,北京市顺义区杨镇泊悦酒店公共充电站,社会公用,北京市顺杨镇泊悦酒店,8,0,六环外,工业园区/厂区
255,北京电力公司,北京市顺义区杨镇供电所公共充电站,社会公用,北京市顺义区杨镇工业区内,5,0,六环外,企事业单位
256,北京电力公司,北京市顺义区张镇供电所公共充电站,社会公用,北京市顺义区张镇供电所,2,0,六环外,企事业单位
257,北京电力公司,北京市大兴区碧海公园北门公共充电站,社会公用,北京市大兴区旧宫镇政府南碧海公园北门停车场,8,0,四环至五环,城市公园绿地
258,北京电力公司,北京市大兴区瀛海镇政府公共充电站,社会公用,北京市大兴区瀛海镇政府停车场,8,0,五环至六环,政府机构
259,北京电力公司,北京市门头沟区京浪岛文化体育公园公共充电站,社会公用,北京市门头沟区京浪岛文化体育公园停车场,50,0,六环外,城市公园绿地
260,北京电力公司,北京市门头沟区龙泉宾馆公共充电站,社会公用,北京市门头沟区水闸北路21号门头沟龙泉宾馆对面六环桥下,4,0,六环外,桥下空间
261,北京电力公司,北京市通州区台湖供电所公共充电站,社会公用,北京市通州区次渠大街国家电网营业厅（次渠中学东侧),10,0,五环至六环,企事业单位
262,北京电力公司,北京市通州区台湖镇政府公共充电站,社会公用,北京市通州区台湖大街13号台湖镇政府院外,8,0,五环至六环,政府机构
263,北京电力公司,北京市门头沟区普拉托小镇公共充电站,社会公用,北京市门头沟区妙峰山镇石担路嬉水湾公交车站北侧,20,0,六环外,公共停车场
264,北京电力公司,北京市大兴区庞各庄供电所公共充电站,社会公用,北京市大兴区瓜香路与隆顺路交叉口庞各庄供电所门前,8,0,六环外,企事业单位
265,北京电力公司,北京市大兴区市民公园公共充电站,社会公用,北京市大兴区旧宫镇市民公园停车场,12,0,五环至六环,城市公园绿地
266,北京电力公司,北京市大兴区魏善庄古老月季园公共充电站,社会公用,北京市大兴区南中轴路与庞安路交叉口古老月季园停车场,8,0,六环外,城市公园绿地
267,北京电力公司,北京市密云区人间花海景区公共充电站,社会公用,北京市密云区太师屯镇人间花海景区停车场,8,0,六环外,城市公园绿地
268,北京电力公司,北京市密云区太师屯永安桥公共充电站,社会公用,北京市密云区太师屯镇永安路立交桥东北角（双陆顺酒家右侧）,8,0,六环外,公共停车场
269,北京电力公司,北京市亦庄开发区城乡世纪广场公共充电站,社会公用,北京市亦庄开发区科创五街和经海二路交汇处城乡世纪广场停车场,50,0,五环至六环,商业区
270,北京电力公司,北京市平谷区京东石林峡景区公共充电站,社会公用,北京市平谷区石林峡旅游区东门停车场,8,0,六环外,城市公园绿地
271,北京电力公司,北京市平谷区平谷供电公司公共充电站,社会公用,北京市平谷区供电公司西侧停车场（中国石化滨河加油站东侧）,8,0,六环外,企事业单位
272,北京电力公司,北京市平谷区起亚中德兴旺4S店公共充电站,社会公用,北京市平谷区起亚汽车4S店停车场,8,0,六环外,车企4S店
273,北京电力公司,北京市平谷区夏各庄东桥公共充电站,社会公用,北京市平谷区京平高速南太务收费站出口停车场,8,0,六环外,高速服务区
274,北京电力公司,北京市丰台区北京电力医院B4停车场公共充电站,社会公用,北京市丰台区太平桥西里甲1号北京电力医院地下车库B4层082-092车位,6,4,二环至三环,医疗机构
275,北京电力公司,北京市平谷区新城滨河森林公园北侧公共充电站,社会公用,北京市平谷区平谷新城滨河森林公园北门停车场,8,0,六环外,城市公园绿地
276,北京电力公司,北京市平谷区新城滨河森林公园南侧公共充电站,社会公用,北京市平谷区平谷新城滨河森林公园南门停车场,8,0,六环外,城市公园绿地
277,北京电力公司,北京市平谷区兴旺开闭站公共充电站,社会公用,北京市平谷区兴旺开闭站停车场,8,0,六环外,企事业单位
278,北京电力公司,北京市石景山区射击馆公共充电站,社会公用,北京市石景山区香山南路103号院国家体育总局射击射箭运动管理中心,9,0,五环至六环,政府机构
279,北京电力公司,北京市石景山区石景山医院公共充电站,社会公用,北京市石景山区路24号石景山区医院,8,0,四环至五环,医疗机构
280,北京电力公司,北京市顺义区奥林匹克水上公园公共充电站,社会公用,北京市顺义区北小营镇水上公园正门对面,33,0,六环外,城市公园绿地
281,北京电力公司,北京市顺义区北石槽供电所院内公共充电站,社会公用,北京市顺义区北石槽镇府前西街13号,2,0,六环外,企事业单位
282,北京电力公司,北京市顺义区北石槽镇综合服务中心公共充电站,社会公用,北京市顺义区北石槽镇政府行政办公中心,8,0,六环外,政府机构
283,北京电力公司,北京市顺义区北务供电所公共充电站,社会公用,北京市顺义区北务镇北务村北,10,0,六环外,企事业单位
284,北京电力公司,北京市顺义区北小营供电所公共充电站,社会公用,北京市顺义区北小营镇西乌鸡村南,4,0,六环外,企事业单位
285,北京电力公司,北京市顺义区大孙各庄供电所公共充电站,社会公用,北京市顺义区大孙各庄镇府前东街17号,4,0,六环外,企事业单位
286,北京电力公司,北京市顺义区高丽营供电所公共充电站,社会公用,北京市顺义区高丽营镇政府东侧,8,0,六环外,企事业单位
287,北京电力公司,北京市顺义区后沙峪供电所公共充电站,社会公用,北京市顺义区后沙峪镇裕安路4号,8,0,五环至六环,企事业单位
288,北京电力公司,北京市顺义区李桥供电所公共充电站,社会公用,北京市顺义区李桥镇沿河村西,5,0,六环外,企事业单位
289,北京电力公司,北京市顺义区李遂供电所公共充电站,社会公用,北京市顺义区李遂镇农村商业银行路口向东50米,2,0,六环外,企事业单位
290,北京电力公司,北京市顺义区木林供电所公共充电站,社会公用,北京市顺义区木林镇木林教师楼北,4,0,六环外,企事业单位
291,北京电力公司,北京市顺义区南彩供电所院内公共充电站,社会公用,北京市顺义区南彩供电所院内,6,0,六环外,企事业单位
292,北京电力公司,北京市顺义区南彩供电所院外公共充电站,社会公用,北京市顺义区南彩供电所院外,2,0,六环外,企事业单位
293,北京电力公司,北京市通州区于家务中学公共充电站,社会公用,北京市通州区于家务中学北侧路（中学操场北侧）,12,0,六环外,教育院校
294,北京电力公司,北京市怀柔区幽谷神潭景区公共充电站,社会公用,北京市怀柔区幽谷神潭景区停车场,8,0,六环外,城市公园绿地
295,北京电力公司,北京市丰台区北庙村公共充电站,社会公用,北京市丰台区长辛店镇东河沿大队北庙村村民活动中心,5,0,五环至六环,公共停车场
296,北京电力公司,北京市大兴区朱庄公共充电站,社会公用,北京市大兴区马朱路祥发国际汽车露营伊甸园东,8,0,六环外,城市公园绿地
297,北京电力公司,北京市丰台区东河沿村公共充电站,社会公用,北京市丰台区长辛店镇东河沿村民委员会,5,0,五环至六环,公共停车场
298,北京电力公司,北京市西城区宣武营业所公共充电站,社会公用,"北京市西城区南横东街四平园小区1号楼对面,贾家胡同与南横东街交叉口东北角",2,0,二环内,企事业单位
299,北京电力公司,北京市东城区崇文营业所公共充电站,社会公用,北京市东城区珠市口东大街4-19号崇文营业所门口,2,0,二环内,企事业单位
300,北京电力公司,北京市延庆区八达岭供电所公共充电站,社会公用,北京市延庆区八达岭供电所停车场,4,0,六环外,企事业单位
301,北京电力公司,北京市延庆区大榆树供电所公共充电站,社会公用,北京市延庆区大榆树镇刘家堡村大榆树供电所停车场(大榆树镇刘家堡村委会南侧）,6,0,六环外,企事业单位
302,北京电力公司,北京市延庆区华风温泉大城堡公共充电站,社会公用,北京市延庆区华风温泉大城堡停车场（919总站对面）,8,0,六环外,酒店宾馆
303,北京电力公司,北京市房山区第四国土所公共充电站,社会公用,北京市房山区长沟镇第四国土所院内,8,0,六环外,政府机构
304,北京电力公司,北京市房山区佛子庄公共充电站,社会公用,北京市房山区佛子庄乡陈家台村京昆高速路边,8,0,六环外,公共停车场
305,北京电力公司,北京市延庆区龙庆峡景区公共充电站,社会公用,北京市延庆区龙庆峡风景区停车场大客车泊位区北侧(摆渡车站-售票处附近）,16,0,六环外,城市公园绿地
306,北京电力公司,北京市延庆区旅游局公共充电站,社会公用,北京市延庆区北京京西北旅行社有限公司停车场,6,0,六环外,政府机构
307,北京电力公司,北京市房山区河北镇公共充电站,社会公用,北京市房山区河北镇辛庄公交站对面,4,0,六环外,公共停车场
308,北京电力公司,北京市房山区黄山店村公共充电站,社会公用,北京市房山区周口店地区办事处黄山店村永久避险安置房,8,0,六环外,城市公园绿地
309,北京电力公司,北京市延庆区千家店朝阳寺景区公共充电站,社会公用,北京市延庆区千家店朝阳寺景区停车场,20,0,六环外,城市公园绿地
310,北京电力公司,北京市房山区良乡保良汽修厂公共充电站,社会公用,北京市房山区京周路北侧大石河路口良乡保良汽修厂,4,0,六环外,公共停车场
311,北京电力公司,北京市房山区良乡机动车检测场公共充电站,社会公用,北京市房山区良乡镇南关村机动车检测场院内,8,0,六环外,政府机构
312,北京电力公司,北京市房山区龙门口公共充电站,社会公用,北京市房山区韩村河龙门口旅游区水库南侧,8,0,六环外,城市公园绿地
313,北京电力公司,北京市房山区娄子水村公共充电站,社会公用,北京市房山区周口店地区办事处娄子水村,8,0,六环外,公共停车场
314,北京电力公司,北京市房山区澎湃汽车城公共充电站,社会公用,北京市房山区阎村镇京周公路北澎湃汽车城内,8,0,六环外,车企4S店
315,北京电力公司,北京市延庆区野鸭湖景区公共充电站,社会公用,北京市延庆区野鸭湖湿地博物馆北侧院内,16,0,六环外,城市公园绿地
316,北京电力公司,北京市房山区坡峰岭景区公共充电站,社会公用,北京市房山区周口店镇黄山店村坡峰岭景区停车场,8,0,六环外,城市公园绿地
317,北京电力公司,北京市房山区蒲洼花台公共充电站,社会公用,北京市房山区蒲洼乡东村停车场,4,0,六环外,城市公园绿地
318,北京电力公司,北京市房山区水峪村公共充电站,社会公用,北京市房山区南窖乡水峪民俗旅游村,4,0,六环外,公共停车场
319,北京电力公司,北京市房山区天湖国际酒店公共充电站,社会公用,北京市房山区青龙湖镇天湖会议中心停车场,4,0,六环外,酒店宾馆
320,北京电力公司,北京市房山区万亩梨园园中园公共充电站,社会公用,北京市房山区琉璃河镇万亩梨园园中园绿色生态休闲农庄院内,8,0,六环外,城市公园绿地
321,北京电力公司,北京市房山区霞云岭金水湖景区公共充电站,社会公用,北京市房山区霞云岭乡霞云岭村山水人家停车场,8,0,六环外,城市公园绿地
322,北京电力公司,北京市房山区燕山轻轨站停车场公共充电站,社会公用,北京市房山区吉利石油燕房路加油站北侧停车场,8,0,六环外,地铁站
323,北京电力公司,北京市房山区宜成远兴化工公司公共充电站,社会公用,北京市房山区阎村镇焦庄村宜威远兴化工公司院内,8,0,六环外,工业园区/厂区
324,北京电力公司,北京市房山区张坊镇公共充电站,社会公用,北京市房山区张房镇政府文化广场（国网张坊营业厅北侧）,4,0,六环外,商业区
325,北京电力公司,北京市房山区长安汽车北京公司东侧公共充电站,社会公用,北京市房山区房窑路延伸街18号长安汽车展览中心大门口东侧,12,0,六环外,工业园区/厂区
326,北京电力公司,北京市房山区中华石雕艺术园公共充电站,社会公用,北京市房山区汉白玉文化艺术宫停车场,8,0,六环外,工业园区/厂区
327,北京电力公司,北京市房山区天开寺院外公共充电站,社会公用,北京市房山区韩村河龙门口旅游区水库开天寺停车场,8,0,六环外,旅游景点
328,北京电力公司,京藏高速百葛服务区公共充电站(北京方向),社会公用,北京市昌平区百葛高速路服务区进京方向,8,0,六环外,高速服务区
329,北京电力公司,京哈高速田家府服务区公共充电站(北京方向),社会公用,北京市通州区京哈高速田家府服务区（进京方向）,8,0,五环至六环,高速服务区
330,北京电力公司,京哈高速田家府服务区公共充电站(哈尔滨方向),社会公用,北京市通州区京哈高速田家府服务区（出京方向）,8,0,五环至六环,高速服务区
331,北京电力公司,北京市丰台区郭庄子公共充电站,社会公用,北京市丰台区小屯西路交通执法站院内停车场,8,0,四环至五环,政府机构
332,北京电力公司,北京市昌平区北七家提香源海鲜酒楼公共充电站,社会公用,北京市昌平区北七家镇八仙别墅路北商业停车场,8,0,五环至六环,工业园区/厂区
333,北京电力公司,北京市平谷区马坊供电所公共充电站,社会公用,北京市平谷区马坊供电所东侧,14,0,六环外,经营性场所
334,北京电力公司,北京市昌平区霍营地铁站停车场公共充电站,社会公用,北京市昌平区地铁霍营地铁站停车场,10,0,五环至六环,地铁站
335,北京电力公司,北京市昌平区乐多港奥特莱斯公共充电站,社会公用,北京市昌平区旧县旧西路乐多港奥特莱斯北区停车场,50,0,六环外,商业区
336,北京电力公司,北京市昌平区天通苑供电所公共充电站,社会公用,北京市昌平区太平庄中一街靠近天通中苑第一社区，天通苑供电所停车场,5,0,五环至六环,企事业单位
337,北京电力公司,北京市昌平区未来科技城新世纪商城南区公共充电站,社会公用,北京市昌平区未来科技城新世纪商城南区店停车场,16,0,五环至六环,商业区
338,北京电力公司,北京市海淀区国际关系学院公共充电站,社会公用,北京市海淀区青龙桥街道月华路国际关系学院教工住宅4停车场,6,0,四环至五环,教育院校
339,北京电力公司,北京市海淀区国家图书馆公共充电站,社会公用,北京市海淀区中关村南大街33号,10,0,二环至三环,工业园区/厂区
340,北京电力公司,北京市海淀区金望泽公共充电站,社会公用,北京市海淀区西北旺镇金望泽花卉综合市场停车场,20,0,五环至六环,旅游景点
341,北京电力公司,北京市朝阳区朝阳体育中心公共充电站,社会公用,北京市朝阳区姚家园路77号朝阳体育中心东侧停车场,4,0,四环至五环,城市公园绿地
342,北京电力公司,北京市海淀区看守所院外公共充电站,社会公用,北京市海淀区苏家坨看守所院外停车场,12,0,六环外,政府机构
343,北京电力公司,北京市朝阳区电子城IT产业园公共充电站,社会公用,北京市朝阳区酒仙桥北路甲10号院德信大厦西侧公共停车场,16,0,四环至五环,工业园区/厂区
344,北京电力公司,北京市海淀区顺事嘉业创业园公共充电站,社会公用,北京市海淀区朱房路66号顺事嘉业创业园,4,0,五环至六环,工业园区/厂区
345,北京电力公司,北京市朝阳区国家体育场南侧公共充电站,社会公用,北京市朝阳区北辰东路15号北京奥林匹克公园中心区停车场内（999奥体中心急救站西侧）,50,0,四环至五环,体育场馆
346,北京电力公司,北京市丰台区北京电力医院B3停车场公共充电站,社会公用,北京市丰台区太平桥西里甲1号北京电力医院地下车库B3层197-207车位,0,0,二环至三环,医疗机构
347,北京电力公司,北京市顺义区南法信地铁站停车场充电站,社会公用,北京市顺义区南法信府前街（南法信地铁站北侧）,8,0,五环至六环,地铁站
348,北京电力公司,北京市朝阳区京哈白鹿收费站充电站,社会公用,北京市朝阳区京哈高速白鹿收费站停车场,4,0,五环至六环,高速服务区
349,北京电力公司,北京市密云区古北水镇景区P6公共充电站,社会公用,北京市密云区古北水镇景区6号停车场,16,0,六环外,城市公园绿地
350,北京电力公司,大广高速求贤检查站公共充电站(进京方向),社会公用,北京市大兴区大广高速求贤服务区（进京方向）,4,0,六环外,高速服务区
351,北京电力公司,北京市石景山区石景山路9号充电站,社会公用,北京市石景山区石景山路9号八宝山殡仪馆停车场,9,0,四环至五环,政府机构
352,北京电力公司,北京市朝阳区佳境天城公共充电站,社会公用,北京市朝阳区望京中环南路甲2号鲁能地产佳境天成,14,0,四环至五环,商业区
353,北京电力公司,北京市朝阳区金田公园公共充电站,社会公用,北京市朝阳区金田公园公共停车场（北京朝方供用电安装有限公司西南侧）,28,0,五环至六环,旅游景点
354,北京电力公司,北京市朝阳区蓝调庄园公共充电站,社会公用,北京市朝阳区金盏乡梓庄村南蓝调庄园停车场,16,0,五环至六环,城市公园绿地
355,北京电力公司,北京市朝阳区尚8设计创意产业园公共充电站,社会公用,北京市朝阳区南磨房镇东郊社区教育学校尚8设计创意产业园,8,0,四环至五环,产业园区
356,北京电力公司,北京市朝阳区姚家园达美中心公共充电站,社会公用,北京市朝阳区姚家园路118号达美中心地下停车场,7,0,四环至五环,商业区
357,北京电力公司,北京市海淀区用友软件园公共充电站,社会公用,北京市海淀区中科院光电技术所食堂楼停车场,8,0,五环至六环,工业园区/厂区
358,北京电力公司,北京市朝阳区兆维工业园公共充电站,社会公用,北京市朝阳区酒仙桥路14号兆维工业园区E区-停车场,16,0,四环至五环,工业园区/厂区
359,北京电力公司,北京市朝阳区中科院国家天文台公共充电站,社会公用,北京市朝阳区中国科学院天地科学园区-B座停车场,8,0,四环至五环,城市公园绿地
360,北京电力公司,北京市海淀区中国农业科学院公共充电站,社会公用,北京市海淀区北下关街道中国农科院社区,8,0,二环至三环,教育院校
361,北京电力公司,北京市朝阳区紫檀大厦公共充电站,社会公用,北京市朝阳区建国路27号紫檀大厦地下一层停车场,8,0,四环至五环,工业园区/厂区
362,北京电力公司,北京市怀柔区渤海镇明清栗园公共充电站,社会公用,北京市怀柔区明清栗园停车场,5,0,六环外,公共停车场
363,北京电力公司,北京市怀柔区大屯村公共充电站,社会公用,北京市怀柔区大屯村停车场（北京盛通恒运汽车配件销售中心东侧）,4,0,六环外,公共停车场
364,北京电力公司,北京市怀柔区京北大世界公共充电站,社会公用,北京市怀柔区京北大世界停车场,6,0,六环外,商业区
365,北京电力公司,北京市怀柔区灵慧山景区公共充电站,社会公用,北京市怀柔区灵慧山景区停车场（甘涧峪北侧）,8,0,六环外,城市公园绿地
366,北京电力公司,北京市大兴区留民营公共充电站,社会公用,北京市大兴区留民营路生态科普公园西,8,0,六环外,城市公园绿地
367,北京电力公司,北京市怀柔区青龙峡景区公共充电站,社会公用,北京市怀柔区青龙峡旅游度假区停车场,8,0,六环外,城市公园绿地
368,北京电力公司,北京市大兴区明珠广场公共充电站,社会公用,北京市大兴区宏福东路西红门镇政府南侧明珠广场停车场,8,0,五环至六环,商业区
369,北京电力公司,北京市怀柔区石门山景区公共充电站,社会公用,北京市怀柔区怀北镇石门山景区停车场,8,0,六环外,城市公园绿地
370,北京电力公司,北京市怀柔区雁栖湖游乐园公共充电站,社会公用,北京市怀柔区怀北镇雁西湖东门北侧停车场,8,0,六环外,城市公园绿地
371,北京电力公司,北京市通州区于家务聚富苑公共充电站,社会公用,北京市通州区于家务回族乡聚富苑工业区院内,8,0,六环外,工业园区/厂区
372,北京电力公司,北京市通州区于家务农业服务中心公共充电站,社会公用,北京市通州区于家务乡农业服务中心,4,0,六环外,政府机构
373,北京电力公司,北京市怀柔区杨宋镇供电所公共充电站,社会公用,北京市怀柔区杨宋镇供电所东侧停车场（北京世东凌云汽车饰件有限公司对面）,8,0,六环外,企事业单位
374,北京电力公司,北京市西城区大栅栏北京坊B4停车场公共充电站,社会公用,北京市西城区煤市街东北角北京坊地下四层停车场,50,0,二环内,商业区
375,北京电力公司,北京市房山区中关村前沿技术产品发展公司公共充电站,社会公用,北京市房山区窦店镇中关村新兴产业前沿技术研究院西侧停车场,16,0,六环外,工业园区/厂区
376,北京电力公司,北京市丰台区京辰瑞达大厦公共充电站,社会公用,北京市丰台区五里店北里京辰大厦停车场,10,0,三环至四环,产业园区
377,北京电力公司,北京市通州区运河公园公共充电站,社会公用,北京市通州区大运河文化广场运河公园停车场,5,0,五环至六环,旅游景点
378,北京电力公司,北京市怀柔区圣泉寺景区公共充电站,社会公用,北京市怀柔区圣泉寺景区停车场,8,0,六环外,城市公园绿地
379,北京电力公司,北京市房山区燕山开关厂公共充电站,社会公用,北京市房山区燕山开关厂停车场,24,0,六环外,工业园区/厂区
380,北京电力公司,北京市海淀区铁科嘉苑饭店公共充电站,社会公用,北京市海淀区大柳树路6号铁科嘉苑饭店停车场,3,0,二环至三环,酒店宾馆
381,北京电力公司,北京市石景山区万商大厦公共充电站,社会公用,北京市石景山区石景山路22号华联大厦,24,0,四环至五环,商业区
382,北京电力公司,北京市海淀区中科院自动化所院外公共充电站,社会公用,北京市海淀区中关村东路95号中科院自动化所院外停车场,2,0,三环至四环,教育院校
383,北京电力公司,北京市房山区十渡拒马河漂流公共充电站,社会公用,北京市房山区十渡镇九渡桥东十渡拒马河漂流停车场内,18,0,六环外,城市公园绿地
384,北京电力公司,北京市房山区十渡拒马乐园公共充电站,社会公用,北京市房山区十渡镇八渡村十渡拒马乐园停车场内,8,0,六环外,城市公园绿地
385,北京电力公司,北京市昌平区北七家名佳花园公共充电站,社会公用,北京市昌平区北七家7天酒店停车场,50,0,五环至六环,工业园区/厂区
386,北京电力公司,北京市房山区周口店文化广场公共充电站,社会公用,北京市房山区周口店镇周口店村文化广场,8,0,六环外,旅游景点
387,北京电力公司,北京市密云区冶仙塔景区公共充电站,社会公用,北京市密云区冶仙塔景区南门停车场,36,0,六环外,城市公园绿地
388,北京电力公司,北京市平谷区实利德公司公共充电站,社会公用,北京市平谷区实利德机电公司院内停车场,8,0,六环外,工业园区/厂区
389,北京电力公司,北京市平谷区欣江峰建材公共充电站,社会公用,北京市平谷区欣江峰建材公司院内停车场,8,0,六环外,工业园区/厂区
390,北京电力公司,北京市顺义区北石槽供电所院外公共充电站,社会公用,北京市顺义区北石槽镇府前西街13号,2,0,六环外,企事业单位
391,北京电力公司,北京市顺义区航港大厦北侧公共充电站,社会公用,北京市顺义区中轴路航港国际大厦北侧,25,0,五环至六环,工业园区/厂区
392,北京电力公司,北京市顺义区航港大厦西侧公共充电站,社会公用,北京市顺义区中轴路航港国际大厦西侧,26,0,五环至六环,工业园区/厂区
393,北京电力公司,北京市顺义区张镇浅山香邑公共充电站,社会公用,北京市顺义区张镇张孙路浅山香邑停车场,6,0,六环外,公共停车场
394,北京电力公司,北京市延庆区辉煌国际度假区南门公共充电站,社会公用,北京市延庆区辉煌国际度假区南门停车场,16,0,六环外,工业园区/厂区
395,北京电力公司,北京市海淀区西三旗赏玩城公共充电站,社会公用,北京市海淀区西三旗赏玩城停车场,8,0,五环至六环,商业区
396,北京电力公司,北京市海淀区颐和园西门公共充电站,社会公用,北京市海淀区颐和园西门停车场,96,0,四环至五环,城市公园绿地
397,北京电力公司,北京市海淀区汇通诺尔狂飙运动乐园充电站,社会公用,北京市海淀区永安伟业电力设备安装有限公司（原苏家坨东区供电所）,5,0,五环至六环,工业园区/厂区
398,北京电力公司,北京市顺义区龙湾屯供电所公共充电站,社会公用,北京市顺义区龙湾屯镇焦庄户村南2000米,2,0,六环外,企事业单位
399,北京电力公司,北京市顺义区石家营公共充电站,社会公用,北京市顺义区石家营村东侧,32,0,六环外,工业园区/厂区
400,北京电力公司,北京市通州区第三医院公共充电站,社会公用,北京市通州区次渠医院北侧停车场,8,0,五环至六环,医疗机构
401,北京电力公司,北京市通州区西集安全教育基地公共充电站,社会公用,北京市通州区西集镇政府西南科教楼公交站东北,5,0,六环外,教育院校
402,北京电力公司,北京市通州区西集供电所公共充电站,社会公用,北京市通州区西集镇西集供电所,4,0,六环外,企事业单位
403,北京电力公司,北京市西城区综合行政服务中心公共充电站,社会公用,北京市西城区西直门内大街275号西城区综合行政服务中心停车场内,18,0,二环内,政府机构
404,北京电力公司,北京市西城区天桥演艺中心B3停车场公共充电站,社会公用,北京市西城区天桥市场斜街天桥演艺中心B3停车场,20,0,二环内,商业区
405,北京电力公司,北京市石景山区沃尔玛山姆会员商店公共充电站,社会公用,北京市石景山区阜石路158号沃尔玛山姆会员商店,47,0,五环至六环,商业区
406,北京电力公司,北京市西城区大栅栏北京坊B3停车场公共充电站,社会公用,北京市西城区煤市街东北角北京坊地下三层停车场,38,0,二环内,商业区
407,北京电力公司,北京市房山区长安汽车北京公司西侧公共充电站,社会公用,北京市房山区房窑路与窦庄路交叉口东北150米,10,0,六环外,工业园区/厂区
408,北京电力公司,北京市怀柔区红军庄村公共充电站,社会公用,北京市怀柔区红军庄村水德广场（红军庄公交站南侧）,8,0,六环外,公共停车场
409,北京电力公司,北京市亦庄开发区奔驰汽车公司公共充电站,社会公用,北京市亦庄开发区泰河二街和博兴路交汇处奔驰工厂第二停车场,42,0,五环至六环,科技园区
410,特来电,北京怀柔绿神鹿业充电站,社会公用,怀柔区杨宋镇安乐庄312号鹿世界主题公园停车场,2,4,六环外,旅游景点
411,富电易充,顺义区中关村软件园,社会公用,顺义区白马路中关村顺义园,2,2,六环外,政府机构
412,星星充电,通州万达,社会公用,通州万达广场地下车库B2-H区,10,40,五环至六环,写字楼办公区
413,特来电,北京元亨苑林山庄有限公司充电站,社会公用,北京市怀柔区雁栖镇雁水路4号,2,4,六环外,酒店宾馆
414,特来电,北京市通州区第二医院充电站,社会公用,北京市通州区马驹桥镇兴华大街11号,4,4,五环至六环,医疗机构
415,特来电,北京怀柔华茂公司充电站,社会公用,北京市怀柔区桥梓镇东茶坞村东“四季华贸”,4,12,六环外,商务办公区
416,特来电,北京怀柔绿湖中心充电站,社会公用,怀柔区潘家园村北京绿湖观光采摘园,6,0,六环外,商业区
417,特来电,北京世纪莲花酒店充电站,社会公用,丰台区莲花池南路1号院地上停车场,4,7,三环至四环,酒店宾馆
418,特来电,北京市通州区胸科医院充电站,社会公用,北京市通州区北马厂97号,4,4,六环外,医疗机构
419,北京驿联,北京市东城区居然大厦充电站,社会公用,北京市东城区东直门南大街甲3号居然大厦地下停车场地下三层,4,0,二环内,商务办公区
420,富电易充,上地环宇大厦充电站,社会公用,北京市海淀区东北旺西路8号院28号,2,10,五环至六环,商务办公区
421,北京绿桩,绿桩旧宫,社会公用,旧宫镇迎宾路2号有余庄馨德润酒店门口,2,0,四环至五环,酒店宾馆
422,北京绿桩,绿桩西二旗,社会公用,西二旗桥下,32,0,五环至六环,商务办公区
423,中石油昆仑网电,王府井银泰百货,社会公用,东城区王府井大街88号地下B4,5,5,二环至三环,商业区
424,中石油昆仑网电,泰华龙旗广场,社会公用,昌平区黄平路19号泰华龙旗广场,4,6,五环至六环,商业区
425,中石油昆仑网电,朝阳路苏宁生活广场,社会公用,朝阳路与八里庄路交叉口西北角地下B3,3,0,四环至五环,商业区
426,中石油昆仑网电,鹏景阁大厦,社会公用,湖光中街1号鹏景阁大厦地上停车场,2,2,四环至五环,写字楼办公区
427,中石油昆仑网电,凤凰国际传媒中心,社会公用,朝阳公园南路3号地下B3,2,3,三环至四环,写字楼办公区
428,北京绿桩,绿桩亦庄,社会公用,东渠路6号小羊坊村馨德润酒店停车场,6,0,五环至六环,酒店宾馆
429,中石油昆仑网电,北京城市学院（顺义校区）,社会公用,顺义区木燕路北京城市学院顺义校区院内停车场,10,0,六环外,教育院校
430,特来电,北京市朝阳区孙河乡政府充电站,社会公用,北京市朝阳区顺白路6号,4,0,五环至六环,商务办公区
431,特来电,北京万寿庄宾馆充电站,社会公用,海淀区万寿路西街7号,4,6,三环至四环,酒店宾馆
432,星星充电,华远企业中心,社会公用,北京市西城区北展北街5号楼华远企业中心B3层D区,3,5,二环至三环,写字楼办公区
433,中石油昆仑网电,御园汇,社会公用,红旗路御园商务会馆,0,4,四环至五环,商业区
434,云杉智慧,福建大厦充电点,社会公用,朝阳区安贞西里三区11号福建大厦地面停车场,4,0,三环至四环,酒店宾馆
435,万马爱充,北京市稻香湖景酒店,社会公用,北京市海淀区稻香湖路稻香湖酒店,25,0,五环至六环,酒店宾馆
436,特来电,北京亿城国际中心充电站,社会公用,海淀区马连洼北路168号地下2层停车场,4,2,五环至六环,商务办公区
437,特来电,北京华联商厦天通苑店充电站,社会公用,北京市昌平区东小口镇天通中苑F区北京华联商厦（BHG）天通苑店B2停车场,16,0,五环至六环,商业区
438,特来电,北京市红栌山庄充电站,社会公用,北京市昌平区小汤山镇讲礼村16号,14,24,五环至六环,酒店宾馆
439,畅的智能,马连道家乐福,社会公用,西城区马连道路11号,0,8,二环至三环,公共停车场
440,星星充电,中国自动化西区,社会公用,顺义区安祥街7号院康吉森自动化公司,4,3,六环外,工业园区/厂区
441,中石油昆仑网电,中国铁建梧桐汇,社会公用,永定镇东辛枰中国铁建梧桐汇,3,9,六环外,公共停车场
442,星星充电,首特四区,社会公用,北京市西城区广安门外大街广源小区西区外南停车场,5,60,二环至三环,公共停车场
443,华商三优,广汽传祺京通店服务站,社会公用,朝阳区高碑店乡半壁店村388号,2,0,三环至四环,车企4S店
444,华商三优,广汽传祺嘉金店服务站,社会公用,丰台区青塔西路69号,2,0,三环至四环,车企4S店
445,华商三优,朝阳区工人体育场东路优易充小站,社会公用,朝阳区工人体育场东路道路西侧,2,0,二环至三环,其他
446,华商三优,朝阳区三里屯SOHO优易充小站,社会公用,朝阳区三里屯SOHO马路对面，天桥下,2,0,二环内,其他
447,华商三优,朝阳区健翔桥北创业大厦优易充小站,社会公用,朝阳区北京创业大厦西门,4,0,四环至五环,商业区
448,华商三优,海淀区鹏晟伟业清河优易充小站,社会公用,海淀区八达岭高速清河小营桥北马路西300米,2,0,五环至六环,车企4S店
449,华商三优,朝阳区亮马桥外交公寓（B区）优易充小站,社会公用,朝阳区东三环北路亮马桥外交公寓（B区）南,2,0,三环至四环,其他
450,华商三优,丰台区华尔顿爱华国际优易充小站,社会公用,丰台区广安路1号湾子地铁站西,2,0,二环至三环,其他
451,华商三优,海淀区北京工商大学西校区优易充小站,社会公用,海淀区北京工商大学西校区图书馆附近,2,0,二环至三环,其他
452,华商三优,海淀区大钟寺家居广场优易充小站,社会公用,海淀区北三环西路蓝景丽家大钟寺家居广场南,2,0,三环至四环,其他
453,华商三优,海淀区节能大厦优易充小站,社会公用,海淀区西直门北大街道路东侧节能大厦门前,2,0,二环至三环,其他
454,华商三优,海淀区远大路优易充小站,社会公用,海淀区远大路鲁园上河村,2,0,三环至四环,其他
455,华商三优,通州区漷县客运站优易充小站,社会公用,通州区漷兴西六街北漷县充电站,10,0,六环外,村镇
456,华商三优,海淀区北京邮电大学优易充小站,社会公用,海淀区北太平庄学院南路道路北京邮电大学旁,2,0,二环至三环,其他
457,依威能源,祁家豁子甲2号,社会公用,祁家豁子甲2号(近清香阁)麦当劳(健德桥店),0,6,三环至四环,公共停车场
458,特来电,北京丰台天秀城亿客隆充电站,社会公用,北京市丰台区南三环南路10号楼超市停车场入口岗亭右手边,12,4,二环至三环,商业区
459,富电易充,北京名威致远,社会公用,南四环中路260号,1,4,四环至五环,商业区
460,特来电,北京峰硕汽车维修中心,社会公用,大兴旧宫庑殿路六合庄一号北京峰硕院内,2,3,四环至五环,车企4S店
461,星星充电,北京市水生野生动植物救护中心,社会公用,延庆县大榆树镇西杏园村300号,4,3,六环外,其他
462,星星充电,北京眼镜城,社会公用,北京眼镜城地下停车场地下一层,2,8,三环至四环,写字楼办公区
463,华商三优,通州区比亚迪华鹏优易充小站,社会公用,通州区张采路和京塘路交口南100米（土桥）,1,4,五环至六环,其他
464,依威能源,大观国际,社会公用,北京市西城区南菜园街88号,0,14,二环内,商业区
465,中石油昆仑网电,北京电影学院,社会公用,西土城路4号，立体停车楼前,2,4,三环至四环,教育院校
466,中石油昆仑网电,朝阳区核工业地质研究院北门东侧地上停车场公共充电站,社会公用,朝阳区小关东里10号北门,2,3,三环至四环,科技园区
467,中石油昆仑网电,方圆大厦,社会公用,海淀区中关村南大街甲56号地下停车场,3,3,二环至三环,商务办公区
468,中石油昆仑网电,住总万科广场,社会公用,大兴区小庙路8号,8,0,四环至五环,商业区
469,特来电,北京资和信百货商场充电站,社会公用,北京市丰台区西四环南路,4,6,四环至五环,商业区
470,特来电,北京九樨餐厅充电站,社会公用,北京市怀柔区桥梓镇桥梓村西,2,6,六环外,酒店宾馆
471,特来电,北京联东U谷东区充电站,社会公用,北京通州景胜南西街15号,4,6,六环外,商业区
472,特来电,北京联东U谷中区充电站,社会公用,北京市通州区景盛南四街15号,4,6,六环外,商业区
473,庞大驿联,北京华北电力大学充电站,社会公用,北京市昌平区回龙观北农路2号,5,29,五环至六环,教育院校
474,庞大驿联,北京中国农业大学西校区充电站,社会公用,（北五环）北京市海淀区圆明园西路2号,2,12,五环至六环,教育院校
475,华商三优,平谷四期优易充小站,社会公用,平谷区兴谷路126号,74,66,六环外,其他
476,特来电,北京用友软件园充电站,社会公用,北京市海淀区北清路68号用友软件园西区,6,12,五环至六环,产业园区
477,特来电,北京怀柔长城汽修充电站,社会公用,北京市怀柔区开放东路19号,3,3,六环外,车企4S店
478,特来电,北京中科院遥感所充电站,社会公用,北京市朝阳区大屯路甲20号北,2,6,四环至五环,产业园区
479,特来电,北京市中福丽宫品牌基地充电站,社会公用,北京市丰台区新宫南路8号,4,10,四环至五环,商务办公区
480,特来电,北京亦庄生物医药园地下停车场充电站,社会公用,北京市通州区经济技术开发区科创六街88号地下车库,0,17,五环至六环,产业园区
481,特来电,北京市怀兴旺汽车租赁充电站,社会公用,北京市怀柔区庙城镇庙城加油站东100米,19,0,六环外,出租车场站
482,特来电,北京市怀柔区兴怀大街桥下充电站,社会公用,北京市怀柔区火车站北兴怀大街立交桥下,15,0,六环外,公共停车场
483,特来电,北京星明湖度假村充电站,社会公用,北京市大兴区魏善庄镇刘家杨村南400米,6,2,六环外,酒店宾馆
484,特来电,北京怀柔九九嘉宾馆充电站,社会公用,北京市怀柔区南大街23号,4,3,六环外,酒店宾馆
485,特来电,北京金泰海博酒店充电站,社会公用,北京市海淀区西四环北路136号,2,8,三环至四环,酒店宾馆
486,特来电,北汽采育国际会议中心充电站,社会公用,北京市大兴区采育经济开发区采纬路1号,2,8,六环外,酒店宾馆
487,特来电,北京石景山区玉泉大厦一层111号充电站,社会公用,北京市石景山区玉泉大厦一层111号,4,0,四环至五环,酒店宾馆
488,特来电,北京空港检测厂充电站,社会公用,北京市顺义区李桥镇龙塘路后桥村段北侧,4,0,六环外,企事业单位
489,特来电,北京市锋创科技园充电站,社会公用,北京市通州区经济技术开发区科创13街18号院,1,7,五环至六环,工业园区/厂区
490,特来电,北京京西晨光酒店充电站,社会公用,北京市门头沟区双峪路1号,3,0,六环外,酒店宾馆
491,特来电,北京永外彭庄金泰绿洲酒店充电站,社会公用,北京市东城区永外彭庄甲58号,0,3,二环内,酒店宾馆
492,特来电,北京郁金香温泉花园度假村充电站,社会公用,北京市朝阳区东苇路金盏郁金香花园,2,4,五环至六环,酒店宾馆
493,畅的智能,嘉捷三期,社会公用,经海四路25号院,4,4,五环至六环,工业园区/厂区
494,中石油昆仑网电,益嘉园小区1号楼,社会公用,南四环公益西桥东北角（地上）,6,0,四环至五环,公共停车场
495,中石油昆仑网电,外经贸大厦,社会公用,阜城门外大街22号（从地库出口出来后左前方地上停车场）,4,1,二环至三环,商务办公区
496,星星充电,望京利景名门,社会公用,朝阳区花家地东路5号楼利景名门小区,3,1,四环至五环,旅游景点
497,依威能源,望京SOHO中心T3,社会公用,朝阳区望京街10号,0,2,五环至六环,商务办公区
498,特斯拉,特斯拉海派奥特交流充电桩群,社会公用,姚家园路东方基业汽车城甲1号中区7号店,0,5,四环至五环,车企4S店
499,特斯拉,特斯拉寰宇标特交流充电桩群,社会公用,北京市丰台区张仪村路23号院内甲5号,0,5,三环至四环,车企4S店
500,特斯拉,特斯拉中汽雷日交流充电桩群,社会公用,北京市丰台区南四环中路20号,0,5,四环至五环,车企4S店
501,特斯拉,特斯拉保利汽车交流充电桩群,社会公用,北京市朝阳区新北路临16号-1,0,5,五环至六环,车企4S店
502,依威能源,北京燕莎中心有限公司凯宾斯基饭店,社会公用,朝阳区亮马桥路50号凯宾斯基饭店,0,2,四环至五环,酒店宾馆
503,特瓦特,特瓦特超级充电站,社会公用,汽车博物馆东路6号院盈坤世纪G座,36,0,四环至五环,商务办公区
504,依威能源,北京市朝阳体育馆,社会公用,北京市朝阳区姚家园路朝阳体育馆东门,2,2,四环至五环,公共停车场
505,中石油昆仑网电,北京朝阳毕淘买生活广场充电站,社会公用,朝阳区酒仙桥路12号乐天玛特超市东侧地上停车场,10,0,四环至五环,商业区
506,畅的智能,嘉捷二期,社会公用,科创十四街20号院,4,2,五环至六环,工业园区/厂区
507,特来电,北京高顺云港新能科技园充电站,社会公用,园区道路北门进入,10,10,六环外,科技园区
508,特来电,北京仁和商业大厦充电站,社会公用,石园南大街18号院，大厦楼东侧停车场,5,10,六环外,商业区
509,星星充电,星光影视园,社会公用,北京市大兴区南五环西红门北兴路东段2号星光影视园,6,2,五环至六环,产业园区
510,依威能源,北京运通嘉宝汽车销售服务有限公司,社会公用,赵全营镇昌金路赵全营段231号院6号楼101北京运通嘉宝汽车销售服务有限公司,0,3,五环至六环,商务办公区
511,中石油昆仑网电,丰台区宝泽行地上充电站,社会公用,北京市丰台区三环南路59号,0,3,三环至四环,车企4S店
512,畅的智能,美基充电站,社会公用,北京经济技术开发区兴海二街,3,9,五环至六环,科技园区
513,北京驿联,北京市师范大学充电站,社会公用,新街口外大街19号师范大学校区内,4,0,二环至三环,教育院校
514,中科新能,通州区马驹桥客运站优易充小站,社会公用,通州区辛四路,62,0,六环外,交通枢纽
515,华商三优,朝阳区望京科技园优易充小站,社会公用,朝阳区利泽中二路利泽中园108号,0,4,四环至五环,商务办公区
516,华商三优,丰台区建欣苑优易充小站,社会公用,北京市丰台区建欣苑小区,0,1,二环至三环,经营性场所
517,华商三优,房山区广汽传祺优易充小站,社会公用,房山区阎村镇澎湃汽车城,2,0,五环至六环,车企4S店
518,华商三优,通州区南大化汽车客运充电站,社会公用,通州区南大化村委会旁,14,0,六环外,村镇
519,华商三优,通州区小潞邑汽车客运充电站,社会公用,通州区潞苑南大街与辛疃路交叉口西北角,6,0,六环外,村镇
520,北京电力公司,北京市通州区漷县卫生院公共充电站,社会公用,北京市通州区漷县卫生院北侧停车场,8,0,六环外,医疗机构
521,北京电力公司,北京市大兴区安定镇文化活动中心公共充电站,社会公用,北京市大兴区兴安大街安定镇文化活动中心停车场,16,0,六环外,商业区
522,北京电力公司,北京市大兴区碧海公园东门公共充电站,社会公用,北京市大兴区庑殿路碧海公园东门停车场内,8,0,四环至五环,旅游景点
523,北京电力公司,北京市门头沟区百花山黄塔村公共充电站,社会公用,北京市门头沟区清水镇百花山黄塔村活动中心,4,0,六环外,公共停车场
524,北京电力公司,北京市大兴区国家开放大学魏善庄校区公共充电站,社会公用,北京市大兴区龙江路国家开放大学魏善庄校区北,4,0,六环外,教育院校
525,北京电力公司,北京市门头沟区爨底下景区公共充电站,社会公用,北京市门头沟区斋堂镇爨底下村停车场,8,0,六环外,城市公园绿地
526,北京电力公司,北京市门头沟区丁家滩村公共充电站,社会公用,北京市门头沟区妙峰山镇丁家滩村东侧公共停车场,20,0,六环外,公共停车场
527,北京电力公司,北京市门头沟区戒台寺景区公共充电站,社会公用,北京市门头沟区永定镇戒台寺停车场,8,0,六环外,城市公园绿地
528,北京电力公司,北京市门头沟区妙峰山景区公共充电站,社会公用,北京市门头沟区妙峰山镇涧沟村妙峰山景区停车场,8,0,六环外,城市公园绿地
529,北京电力公司,北京市门头沟区妙峰山炭厂村公共充电站,社会公用,北京市门头沟区妙峰山镇炭厂公交站南侧,4,0,六环外,城市公园绿地
530,北京电力公司,北京市门头沟区十八潭景区公共充电站,社会公用,北京市门头沟区十八潭南侧休息区（龙门清水湾）,8,0,六环外,城市公园绿地
531,北京电力公司,北京市门头沟区雁翅公路服务站公共充电站,社会公用,北京市门头沟区军庄镇西杨陀村军庄镇政府,4,0,六环外,政府机构
532,北京电力公司,北京市门头沟区峪园公共充电站,社会公用,北京市门头沟区峪园小区南侧停车场,24,0,六环外,公共停车场
533,北京电力公司,北京市密云区古北口镇成人学校公共充电站,社会公用,北京市密云区101国道古北口检查站北侧（检查站北侧往东150米路东）,8,0,六环外,教育院校
534,北京电力公司,北京市密云区宏扬讯腾东侧公共充电站,社会公用,北京市密云区宏扬讯腾公司停车场,4,0,六环外,工业园区/厂区
535,北京电力公司,北京市密云区葫芦峪景区公共充电站,社会公用,北京市密云区葫芦峪景区停车场,4,0,六环外,城市公园绿地
536,北京电力公司,北京市密云区华电高培中心公共充电站,社会公用,北京市密云区溪翁庄镇华电高培中心停车场,4,0,六环外,工业园区/厂区
537,北京电力公司,北京市密云区密政土地开发整理中心公共充电站,社会公用,北京市密云区密政土地开发整理中心停车场,4,0,六环外,公共停车场
538,北京电力公司,北京市密云区首发工程监理公司公共充电站,社会公用,北京市密云区首发工程监理公司停车场,4,0,六环外,公共停车场
539,北京电力公司,北京市平谷区丛海逸园公共充电站,社会公用,北京市平谷区大华山镇小峪子村丛海逸园景区停车场,8,0,六环外,城市公园绿地
540,北京电力公司,北京市平谷区大华山电机厂公共充电站,社会公用,北京市平谷区大华山公安局对面（换址）,24,0,六环外,工业园区/厂区
541,北京电力公司,北京市平谷区东高村公共充电站,社会公用,北京市平谷区东高村镇兴业路55号,8,0,六环外,政府机构
542,北京电力公司,北京市平谷区金海湖镇政府公共充电站,社会公用,北京市平谷区韩庄南街111号,8,0,六环外,政府机构
543,北京电力公司,北京市平谷区胜利街村民委员会公共充电站,社会公用,北京市平谷区旧城街三友服装厂外,8,0,六环外,政府机构
544,北京电力公司,北京市平谷区镇罗营村民委员会公共充电站,社会公用,北京市平谷区平关路东150米,8,0,六环外,政府机构
545,北京电力公司,北京市石景山区北京康复医院公共充电站,社会公用,北京市石景山区八大处西下庄首都医科大学附属北京康复医院停车场,9,0,五环至六环,医疗机构
546,北京电力公司,北京市石景山区金隅研究院公共充电站,社会公用,北京市石景山区金隅科技创意园南侧停车场,8,0,五环至六环,科技园区
547,北京电力公司,北京市石景山区石莲变电站公共充电站,社会公用,北京市石景山区老山南路石莲变电站,18,0,四环至五环,企事业单位
548,北京电力公司,北京市石景山区上庄大街6号充电站,社会公用,北京市石景山区老山城市休闲公园东侧停车场,27,0,四环至五环,城市公园绿地
549,北京电力公司,北京市昌平区中国石油科技创新基地北侧充电站,社会公用,北京市昌平区中国石油厂新基地A12地块停车场,7,0,五环至六环,工业园区/厂区
550,北京电力公司,北京市朝阳区金盏嘉园公共充电站,社会公用,北京市朝阳区金盏乡金盏嘉园B区西门北侧,16,0,五环至六环,公共停车场
551,北京电力公司,北京市朝阳区金盏明亮堂公共充电站,社会公用,北京市朝阳区金盏乡金盏南路786号金盏南路明亮堂影棚,50,0,五环至六环,工业园区/厂区
552,北京电力公司,北京市朝阳区昆泰酒店公共充电站,社会公用,北京市朝阳区望京启阳路2号昆泰酒店,4,0,四环至五环,商业区
553,北京电力公司,北京市海淀区永泰绿色生态园公共充电站,社会公用,北京市海淀区永泰庄北路9号永泰绿色生态园,8,0,五环至六环,酒店宾馆
554,北京电力公司,北京市朝阳区望和公园公共充电站,社会公用,北京市朝阳区望和公园东门停车场,8,0,四环至五环,城市公园绿地
555,北京电力公司,北京市怀柔区北房园林基地公共充电站,社会公用,北京市怀柔区北房园林基地,8,0,六环外,公共停车场
556,北京电力公司,北京市怀柔区喇叭沟门白桦林景区公共充电站,社会公用,北京市怀柔区冷水峪景区停车场,8,0,六环外,城市公园绿地
557,北京电力公司,北京市怀柔区琉璃庙供电所公共充电站,社会公用,北京市怀柔区琉璃庙供电局西侧,8,0,六环外,企事业单位
558,北京电力公司,北京市怀柔区汤河口供电所公共充电站,社会公用,北京市怀柔区汤河口供电所,4,0,六环外,企事业单位
559,北京电力公司,北京市通州区阳光国际会议中心公共充电站,社会公用,北京市通州区西集镇北京阳光国际会议中心南侧停车场,8,0,六环外,企事业单位
560,北京电力公司,北京市怀柔区西三村公共充电站,社会公用,北京市怀柔区绿极山庄门口,8,0,六环外,公共停车场
561,北京电力公司,北京市怀柔区长哨营政府公共充电站,社会公用,北京市怀柔区长哨营政府,8,0,六环外,政府机构
562,北京电力公司,北京市大兴区呀路古热带植物园公共充电站,社会公用,北京市大兴区京福路呀路古热带植物园东北,8,0,六环外,旅游景点
563,北京电力公司,京平高速北务服务区公共充电站(平谷方向),社会公用,北京市顺义区京平高速北务服务区（出京方向）,4,0,六环外,高速服务区
564,北京电力公司,北京市西城区国家大剧院公共充电站,社会公用,北京市西城区西长安街2号人民大会堂西侧,16,0,二环内,经营性场所
565,北京电力公司,北京市西城区万丰珠宝交易中心公共充电站,社会公用,北京市西城区新街口北大街59号,2,0,二环内,商业区
566,北京电力公司,北京市东城区北京火车站公共充电站,社会公用,北京市东城区北京火车站西停车场,12,0,二环至三环,商业区
567,北京电力公司,北京市东城区地坛公园南门公共充电站,社会公用,北京市东城区安定门外大街13号地坛公园停车场内西侧,10,20,二环至三环,城市公园绿地
568,北京电力公司,北京市东城区工美大厦公共充电站,社会公用,北京市东城区王府井大街200号工美大厦地下停车场,2,0,二环内,工业园区/厂区
569,北京电力公司,北京市延庆区南湾村公共充电站,社会公用,北京市延庆区延庆南湾村村北停车场,16,0,六环外,城市公园绿地
570,北京电力公司,大广高速密云服务区公共充电站(广州方向),社会公用,北京市密云区京承高速穆家峪服务区（进京方向）,4,0,六环外,高速服务区
571,北京电力公司,大广高速太师屯服务区公共充电站(大庆方向),社会公用,北京市密云区京承高速太师屯服务区（出京方向）,4,0,六环外,高速服务区
572,北京电力公司,大广高速太师屯服务区公共充电站(广州方向),社会公用,北京市密云区京承高速太师屯服务区（进京方向）,4,0,六环外,高速服务区
573,北京电力公司,大广高速土沟服务区公共充电站(广州方向),社会公用,北京市昌平区北京市京承高速土沟服务区（进京方向）,8,0,五环至六环,高速服务区
574,北京电力公司,京昆高速韩村河服务区公共充电站(北京方向),社会公用,北京市房山区京昆高速韩村河服务区（进京方向）,8,0,六环外,高速服务区
575,北京电力公司,京昆高速韩村河服务区公共充电站(昆明方向),社会公用,北京市房山区京昆高速韩村河服务区（出京方向）,8,0,六环外,高速服务区
576,北京电力公司,京平高速北务服务区公共充电站(北京方向),社会公用,北京市顺义区京平高速北务服务区（进京方向）,4,0,六环外,高速服务区
577,北京电力公司,北京市丰台区和义东里五区公共充电站,社会公用,北京市丰台区南苑路和义东里五区院内,10,0,四环至五环,工业园区/厂区
578,北京电力公司,北京市通州区台湖京通水务院外公共充电站,社会公用,北京市通州区台湖镇前营村东北方向京通水务院外,4,0,六环外,企事业单位
579,北京电力公司,北京市昌平区南口镇政府公共充电站,社会公用,北京市昌平区南口镇政府停车场,20,0,五环至六环,政府机构
580,北京电力公司,北京市丰台区园博园公共充电站,社会公用,北京市丰台区园博园公园3号门售票处北侧,25,0,五环至六环,城市公园绿地
581,北京电力公司,北京市昌平区生命科学园创新大厦公共充电站,社会公用,北京市昌平区生命科学园创新大厦北侧停车场,20,0,五环至六环,产业园区
582,北京电力公司,北京市昌平区十三陵定陵风景区公共充电站,社会公用,北京市昌平区十三陵定陵西侧停车场,20,0,六环外,城市公园绿地
583,北京电力公司,北京市昌平区十三陵供电所公共充电站,社会公用,北京市昌平区昭陵路8号，十三陵供电所停车场,2,0,六环外,企事业单位
584,北京电力公司,北京市昌平区未来科技城新世纪商城北区公共充电站,社会公用,北京市昌平区未来科技城新世纪商城北区店停车场,8,0,五环至六环,商业区
585,北京电力公司,北京市昌平区延寿镇政府公共充电站,社会公用,北京市昌平区延寿镇政府后院停车场,4,0,六环外,政府机构
586,北京电力公司,北京市朝阳区北苑大酒店公共充电站,社会公用,北京市朝阳区双营路甲6号院北苑大酒店地下停车场,8,0,五环至六环,酒店宾馆
587,北京电力公司,北京市朝阳区东坝朝新嘉园东里公共充电站,社会公用,北京市朝阳区东坝乡朝新嘉园东里七区东南角新发地菜篮子直销店门口停车场,4,0,五环至六环,公共停车场
588,北京电力公司,北京市海淀区宋庆龄基金会北侧公共充电站,社会公用,北京市海淀区玉渊潭南路11号院宋庆龄儿童科技馆,27,0,二环至三环,政府机构
589,北京电力公司,北京市西城区白云观公共充电站,社会公用,北京市西城区白云观地下停车场,6,0,二环至三环,商业区
590,北京电力公司,北京市密云区溪翁庄镇马头山桥公共充电站,社会公用,北京市密云区溪翁庄镇西智站东,45,0,六环外,公共停车场
591,北京电力公司,北京市延庆区张山营供电所公共充电站,社会公用,北京市延庆区张山营镇张山营供电所门前停车场,5,0,六环外,经营性场所
592,北京电力公司,北京市昌平区八达岭奥特莱斯公共充电站,社会公用,北京市昌平区八达岭奥特莱斯停车场(京藏高速陈庄收费站北侧),20,0,六环外,商业区
593,北京电力公司,北京市昌平区川府菜缘南侧公共充电站,社会公用,北京市昌平区兴寿镇南庄路南庄营村,4,0,六环外,工业园区/厂区
594,北京电力公司,北京市大兴区进伟生态农业科技发展有限公司公共充电站,社会公用,北京市大兴区进伟生态农业科技发展有限公司院内,8,0,六环外,工业园区/厂区
595,北京电力公司,北京市大兴区龙熙顺景公共充电站,社会公用,北京市大兴区龙熙温泉度假酒店停车场,16,0,六环外,商业区
596,北京电力公司,北京市大兴区西红门体育公园公共充电站,社会公用,北京市大兴区西红门体育公园,16,0,五环至六环,城市公园绿地
597,北京电力公司,北京市大兴区航天科普教育基地公共充电站,社会公用,北京市大兴区东赵路北京航天科普教育基地东侧停车场,8,0,六环外,工业园区/厂区
598,北京电力公司,北京市丰台区国元通国际商务大厦公共充电站,社会公用,北京市丰台区双林东路1号国元通国际商务大厦,20,0,四环至五环,工业园区/厂区
599,北京电力公司,北京市密云区便民服务中心公共充电站,社会公用,北京市密云区果园街道便民服务中心,8,0,六环外,公共停车场
600,北京电力公司,北京市平谷区湖洞水景区公共充电站,社会公用,北京市平谷区石林峡景区停车场,8,0,六环外,城市公园绿地
601,北京电力公司,北京市延庆区八达岭特区办事处公共充电站,社会公用,北京市延庆区八达岭特区办事处院内,8,0,六环外,城市公园绿地
602,北京电力公司,北京市延庆区古崖居风景名胜区旅游中心公共充电站,社会公用,北京市延庆区古崖居风景名胜区旅游中心停车场,16,0,六环外,城市公园绿地
603,北京电力公司,北京市延庆区龙聚山庄公共充电站,社会公用,北京市延庆区龙聚山庄停车场南侧,8,0,六环外,工业园区/厂区
604,北京电力公司,北京市通州区西集沙古堆加油站公共充电站,社会公用,北京市通州区西集镇沙古堆远东加油站南侧,8,0,六环外,村镇
605,北京电力公司,北京市延庆区柳沟村公共充电站,社会公用,北京市延庆区井庄镇柳沟村东门入口,7,0,六环外,村镇
606,北京电力公司,北京市延庆区石京龙滑雪场公共充电站,社会公用,北京市延庆区石京龙滑雪场停车场,16,0,六环外,体育场馆
607,北京电力公司,北京市延庆区松山国家级自然保护区公共充电站,社会公用,北京市延庆区松山国家级自然保护区管理处停车场,16,0,六环外,城市公园绿地
608,北京电力公司,北京市延庆区乌龙峡谷景区公共充电站,社会公用,北京市延庆区乌龙峡谷停车场,15,0,六环外,城市公园绿地
609,北京电力公司,北京市亦庄开发区荣昌街地铁站停车场公共充电站,社会公用,北京市亦庄开发区宏达北路与荣昌街路口荣昌街地铁站西北侧P+R公共停车场,14,4,五环至六环,地铁站
610,北京电力公司,北京市门头沟区下苇甸公路服务站公共充电站,社会公用,北京市门头沟区下苇甸公路服务站（下苇甸客运站西北侧）,8,6,六环外,公共停车场
611,北京电力公司,北京市石景山区瑞达大厦公共充电站,社会公用,北京市石景山区中电瑞达物业有限公司南侧停车场,8,2,四环至五环,商业区
612,北京电力公司,北京市昌平区北京人家公共充电站,社会公用,北京市昌平区回龙观北京人家物业停车场,20,0,五环至六环,工业园区/厂区
613,北京电力公司,北京市昌平区川府菜缘北侧公共充电站,社会公用,北京市昌平区兴寿镇南庄路南庄营村,4,0,六环外,工业园区/厂区
614,北京电力公司,北京市延庆区康庄收费站公共充电站,社会公用,北京市延庆区京新高速姜家台服务区出京方向,4,0,六环外,高速服务区
615,北京电力公司,北京市亦庄开发区亦庄文化园地铁站停车场公共充电站,社会公用,北京市亦庄开发区文化园西路亦庄文化园地铁站东侧桥下P+R公共停车场,17,4,五环至六环,地铁站
616,北京电力公司,北京市亦庄开发区万源街地铁站停车场公共充电站,社会公用,北京市亦庄开发区宏达北路与万源街路口西北侧P+R公共停车场,16,4,五环至六环,地铁站
617,北京电力公司,北京市亦庄开发区荣京街地铁站停车场公共充电站,社会公用,北京市亦庄开发区宏达北路与荣京街路口荣京街地铁站西北侧P+R公共停车场,13,4,五环至六环,地铁站
618,北京电力公司,北京市昌平区水务局公共充电站,社会公用,北京市昌平区水务局停车场,12,0,六环外,政府机构
619,北京电力公司,北京市怀柔区北房镇梨园庄村公共充电站,社会公用,北京市怀柔区怀密路北房梨园庄村西加油站西侧,18,0,六环外,公共停车场
620,北京电力公司,北京市石景山区宏坤盛通大厦公共充电站,社会公用,北京市石景山区宏坤盛通大厦院内停车场,40,0,五环至六环,商业区
621,北京电力公司,北京市延庆区世界葡萄博览园公共充电站,社会公用,北京市延庆区八达岭世界葡萄博览中心北侧停车场,9,0,六环外,旅游景点
622,北京电力公司,京津高速永乐店服务区公共充电站(北京方向),社会公用,北京市通州区永乐店高速路服务区进京方向,8,0,六环外,高速服务区
623,北京电力公司,京津高速永乐店服务区公共充电站(天津方向),社会公用,北京市通州区永乐店高速路服务区出京方向,8,0,六环外,高速服务区
624,经开互联,北京经开·壹中心,社会公用,北京经济技术开发区经海三路123号,0,5,五环至六环,科技园区
625,经开互联,宏达工业园,社会公用,北京经济技术开发区宏达北路8号院,0,7,五环至六环,科技园区
626,经开互联,经开大厦,社会公用,北京经济技术开发区荣京西街15号,0,8,五环至六环,科技园区
627,庞大驿联,北京庞大驿联新能源科技有限公司充电站,社会公用,地址经海四路35号院3号楼,1,12,五环至六环,商务办公区
628,隆瑞三优,通州区土桥星颐家园地下二层充电站,社会公用,通州区九棵树东路土桥地铁站南侧50米,10,0,五环至六环,商业区
629,中石油昆仑网电,北京指挥学院院外公共充电站,社会公用,昌平区马池口镇土楼村温南北路97号,6,0,六环外,教育院校
630,智充科技,国家无线电监测中心检测中心,社会公用,中关村街道双榆树北路28号,2,3,五环至六环,科技园区
631,国翰能源,北京盛世路骐汽车销售有限公司,社会公用,东四环南路56号D座,2,9,三环至四环,商业区
632,特来电,北京通州服务站充电站,社会公用,宋庄镇邢各庄村南,9,0,六环外,其他
633,星星充电,环洋经典,社会公用,大兴区生物医药基地天荣街22号院,4,3,六环外,产业园区
634,星星充电,北京绿思维葡萄专业合作社,社会公用,北京市大兴区采育镇包头营村,5,3,六环外,村镇
635,星星充电,中国矿业大学（北京）,社会公用,学院路丁号11号3号办公楼323室,10,3,四环至五环,教育院校
636,星星充电,中航资本大厦,社会公用,朝阳区望京中航资本大厦B2层,10,10,四环至五环,商务办公区
637,星星充电,蝴蝶来野,社会公用,采育镇东庄小荒8号,1,3,五环至六环,旅游景点
638,星星充电,融青生态,社会公用,北京市大兴区采育镇沙窝营村村委会东1000米,5,3,五环至六环,产业园区
639,星星充电,【顺义区传染病医院】北京市顺义区传染病医院,社会公用,北京市顺义区张镇赵四路侯庄段四号,4,3,六环外,医疗机构
640,昊瑞昌,昊瑞昌超前路园区充电站,社会公用,昌平区超前路23号院内,2,3,六环外,科技园区
641,鑫新通达,密云区太师屯镇涝洼村委会鑫新通达充电站,社会公用,密云区太师屯镇涝洼村委会鑫新通达充电站,4,0,六环外,村镇
642,鑫新通达,密云区新城子镇大角峪村鑫新通达充电站,社会公用,密云区新城子镇大角峪村鑫新通达充电站,6,0,六环外,村镇
643,鑫新通达,密云区穆家峪镇新农村鑫新通达充电站,社会公用,密云区穆家峪镇新农村鑫新通达充电站,10,0,六环外,村镇
644,万马爱充,北京市金宝大厦,社会公用,北京市东城区金宝街89号,20,0,二环内,商业区
645,易充得,艾弘充电站,社会公用,赵全营镇火寺路77号,22,0,六环外,工业园区/厂区
646,北京驿联,北京市房山区金桥国际酒店充电站点,社会公用,长阳镇昊天北大街48号金桥国际公寓酒店,4,2,五环至六环,酒店宾馆
647,北京驿联,北京航天城二桥充电站点,社会公用,京新高速公路航天城二桥桥,9,0,五环至六环,桥下空间
648,北京驿联,北京市大石河充电站点,社会公用,大石河京昆高速桥下（京昆高速与京周路交叉口北侧京昆高速桥下）,10,0,六环外,桥下空间
649,北京驿联,北京中国石油大学充电站点,社会公用,府学路18号留学生公寓,2,6,六环外,教育院校
650,北京驿联,北京清华科技园充电站点,社会公用,"中关村东路1号院地下B2,B3",7,6,四环至五环,科技园区
651,北京驿联,北京海淀区东升科技园充电站点,社会公用,西小口路66号中关村 东升科技园,2,0,五环至六环,科技园区
652,特来电,北京东风元通汽车销售公司充电站,社会公用,北京市市辖区朝阳区^南四环东路92号东风元通汽车销售公司,6,1,四环至五环,经营性场所
653,特来电,北京路远达汽车充电站,社会公用,北京市市辖区通州区^通顺路辅路,2,8,五环至六环,城市公园绿地
654,特来电,北京阜外大街42号充电站,社会公用,北京市市辖区西城区^阜成门外大街42号院,2,4,二环至三环,商务办公区
655,特来电,北京市京棉新城309楼充电站,社会公用,北京市市辖区朝阳区^八里庄路,1,2,三环至四环,城市公园绿地
656,特来电,北京市大屯街道社区便民慢充充电站,社会公用,北京市市辖区朝阳区^平安北里雅园1号楼大屯街道办事处大门右侧地上停车场,0,2,四环至五环,企事业单位
657,特来电,北京新发地充电站,社会公用,北京市市辖区丰台区^东风小康(京良路店)西北413米,9,0,四环至五环,工业园区/厂区
658,特来电,焦奥中心地上充电站,社会公用,北京市市辖区朝阳区^焦奥中心4号楼南侧,10,8,四环至五环,产业园区
659,特来电,红星美凯龙东四环店充电站,社会公用,北京市市辖区朝阳区东四环中路193号,14,0,三环至四环,商业区
660,特来电,北京通盈中心一期充电站,社会公用,南三里屯路,4,0,二环至三环,商业区
661,特来电,北京阳光100国际公寓充电站,社会公用,北京市朝阳区光华路2号^光华路2号,6,0,三环至四环,酒店宾馆
662,特来电,北京宽沟招待所充电站,社会公用,北京市市辖区怀柔区^宽沟路1号,4,2,六环外,酒店宾馆
663,特来电,北京光和空间产业园充电站,社会公用,北京市市辖区朝阳区^双桥东路10号院,4,2,五环至六环,产业园区
664,特来电,焦奥中心B2充电站,社会公用,化工路59号,2,10,四环至五环,产业园区
665,特来电,北京环球金融中心充电站,社会公用,北京市市辖区朝阳区^北京市朝阳区东三环中路一号环球金融中心,22,28,二环至三环,商业区
666,特来电,北京九华山庄充电站,社会公用,九华国际会展中心-A座西南135米,8,4,六环外,旅游景点
667,特来电,北京城乡文化创意产业园充电站,社会公用,狼垡东路大兴城乡文化科技园,6,4,四环至五环,产业园区
668,特来电,中关村雍和航星园充电站,社会公用,北京市市辖区东城区东城区和平里东街11号创新楼A座,16,0,三环至四环,产业园区
669,特来电,北京密云区东邵渠政府充电站,社会公用,北京市市辖区密云区^东邵渠政府院内停车场,2,6,六环外,企事业单位
670,特来电,火箭军总医院充电站,社会公用,北京市市辖区西城区^北京市西城区新街口外大街16号,8,2,二环至三环,医疗机构
671,特来电,北京市大屯街道社区便民快充充电站,社会公用,北京市市辖区朝阳区^平安北里雅园1号楼大屯街道办事处大门右侧地上停车场,2,0,四环至五环,企事业单位
672,特来电,北京仁和镇政府充电站,社会公用,北京市顺义区顺平路辅路^顺平路辅路,2,0,六环外,产业园区
673,特来电,中国石化会议中心充电站,社会公用,北京市市辖区昌平区^水库路21号,3,3,六环外,企事业单位
674,特来电,北京渤海镇龙泉庄充电站,社会公用,北京市市辖区怀柔区^北京市怀柔区渤海镇龙泉庄村委会北侧停车位,1,4,六环外,企事业单位
675,特来电,北京密云前八家庄充电站,社会公用,北京市市辖区密云区^太师屯镇前八家庄村民委员会,1,6,六环外,村镇
676,特来电,北京银座充电站,社会公用,万丰路68号院,30,18,三环至四环,商业区
677,特来电,北京顺义居然之家充电站,社会公用,北京市市辖区顺义区^顺西路24号,17,8,六环外,商业区
678,特来电,北京龙湖时代天街充电站,社会公用,北京市市辖区大兴区^永兴路龙湖时代天街地下一层停车位,18,25,六环外,商业区
679,特来电,北京鱼子山包装制品充电站,社会公用,北京市市辖区平谷区^夏鱼路,2,8,六环外,企事业单位
680,特来电,北京京仪大厦充电站,社会公用,北京市市辖区海淀区^大钟寺东路9号-a座-1-～4楼,6,6,三环至四环,商务办公区
681,特来电,北京空港机动车交易中心充电站,社会公用,北京市市辖区顺义区^南法信镇顺畅大道1号,3,0,五环至六环,产业园区
682,特来电,北京翰昂汽车零部件公司充电站,社会公用,北京市市辖区顺义区^彩祥西路临时6号,4,7,六环外,车企4S店
683,特来电,北京凯盛兴丰酒店充电站,社会公用,北京市市辖区顺义区^北京市顺义区天竺镇天柱东路2号,2,0,五环至六环,酒店宾馆
684,特来电,北京密云穆家峪镇人民政府充电站,社会公用,北京市市辖区密云区^穆家峪镇政府停车场,0,0,六环外,政府机构
685,特来电,北京市丰台集美日新充电站,社会公用,北京市市辖区丰台区^南四环西马场甲14号（公益东桥北）,0,0,三环至四环,商业区
686,特来电,北京市海淀国际学校充电站,社会公用,北京市市辖区海淀区^行集寺路,3,0,四环至五环,教育院校
687,星星充电,绿思维二期,社会公用,大兴区采育镇包头营村,2,0,六环外,旅游景点
688,星星充电,希尔顿欢朋酒店,社会公用,北京市房山区阎村镇阎富路66号院北京新融大厦,14,11,六环外,酒店宾馆
689,星星充电,融青二期,社会公用,采育镇沙窝营村村委会东100米,4,0,六环外,旅游景点
690,星星充电,环铁桥停车场,社会公用,将台乡环铁桥停车场,8,0,五环至六环,企事业单位
691,星星充电,利泽汽修,社会公用,马坡地区京密路段1号,5,0,五环至六环,经营性场所
692,高陆通,长庚医院站,社会公用,天通苑北街道北京清华长庚医院综合楼北京清华长庚医院,14,14,五环至六环,医疗机构
693,协鑫瑞通,西集,社会公用,北京市西集镇王上村纪西路开发区客运站,18,0,五环至六环,公交车场站
694,中石油昆仑网电,银达物业(东环广场),社会公用,北京市东城区东中街29号,2,0,二环至三环,商业区
695,中石油昆仑网电,丰台区凯德Mall大峡谷店地下公共充电站,社会公用,北京市丰台区南三环西路16号地下B3,0,3,三环至四环,商业区
696,中石油昆仑网电,瑞麒湾温泉度假酒店,社会公用,顺义区南彩镇顺平辅线39号,1,3,六环外,酒店宾馆
697,中石油昆仑网电,亚太花园酒店,社会公用,北京市通州区玉桥西路103号（亚太花园酒店）,6,0,五环至六环,酒店宾馆
698,EC动力,北京市顺义区后沙峪镇前沙峪村南侧公共充电桩项目,社会公用,北京市顺义区空港街道火沙路,18,0,五环至六环,公共停车场
699,协鑫瑞通,京东顺义分拣中心充电桩项目,社会公用,北京市顺义区X010(顺白路),78,0,六环外,产业园区
700,星星充电,融青三期,社会公用,大兴区采育镇沙窝营村村委会东100米,8,0,六环外,酒店宾馆
701,EC动力,北京市顺义区塔河新能源车充电场站建设项目,社会公用,北京市顺义区东六环西150米(北京顺力成电力设备安装维修有限公司),54,0,五环至六环,产业园区
702,梦充电,房山梦充电充电站,社会公用,北京市房山区阎村镇阎村东站西,8,0,六环外,村镇
703,星星充电,房山区燃气开发中心,社会公用,房山区良乡拱辰北大街43号,3,2,五环至六环,企事业单位
704,星星充电,北京菜篮子配送股份有限公司,社会公用,丰台区银地西路9号院,10,0,四环至五环,工业园区/厂区
705,日盛天宇,密云区云西开发区日盛天宇公共充电站,社会公用,北京市密云区西统路38号,20,0,六环外,公交车场站
706,日盛天宇,密云区上河湾日盛天宇公共充电站,社会公用,北京市密云区上河湾白云街北侧,20,0,六环外,公交车场站
707,日盛天宇,密云区河南寨日盛天宇公共充电站,社会公用,北京市密云区河南寨公交总站院内,20,0,六环外,公交车场站
708,日盛天宇,密云区新南路31号日盛天宇公共充电站,社会公用,北京市密云区新南路31号,34,0,六环外,交通枢纽
709,日盛天宇,密云区穆家峪村日盛天宇公共充电站,社会公用,北京市密云区穆家峪村,4,0,六环外,交通枢纽
710,日盛天宇,密云区石马峪村日盛天宇公共充电站,社会公用,北京市密云区溪翁庄镇石马峪村,4,0,六环外,交通枢纽
711,小桔充电,北京尚东数字山谷充电站,社会公用,海淀区东北旺西路8号院28号,2,0,五环至六环,科技园区
712,高陆通,外企大厦站,社会公用,朝阳区西大望路15号,19,0,三环至四环,商务办公区
713,阿斯乐能源,北京茶贸中心充电站,社会公用,茶马北街1号院,4,0,二环至三环,商业区
714,阿斯乐能源,北京燕莎盛世充电站,社会公用,北三环中路23号,1,0,三环至四环,商务办公区
715,阿斯乐能源,北京今日草桥充电站,社会公用,镇国寺北街今日草桥商贸中心,2,0,三环至四环,商业区
716,阿斯乐能源,北京宋家庄充电站,社会公用,苇子坑125号,1,0,三环至四环,公共停车场
717,阿斯乐能源,北京金盏万意嘉充电站,社会公用,金盏路万意嘉家居装饰精品厅超市,2,0,五环至六环,商业区
718,阿斯乐能源,北京静芯园（直流）充电站,社会公用,北坞村路甲25号院,2,0,四环至五环,科技园区
719,阿斯乐能源,北京和平里医院充电站,社会公用,和平里医院,1,2,二环至三环,医疗机构
720,阿斯乐能源,北京静芯园（交流）充电站,社会公用,北坞村路甲25号院,0,4,四环至五环,科技园区
721,阿斯乐能源,北京庄子企业充电站,社会公用,苇子坑149号,1,0,三环至四环,科技园区
722,中石油昆仑网电,海淀区京宝行地上公共充电站,社会公用,北京市海淀区学院路34号,0,1,四环至五环,车企4S店
723,特来电,北京怀柔金汇宇公司充电站,社会公用,东关一区88号,1,4,六环外,工业园区/厂区
724,特来电,北京微尚生活广场充电站,社会公用,裕龙花园三区27号,5,0,六环外,商业区
725,华盛万程充电,北京房地首华大厦充电站,社会公用,朝阳区干杨树甲16号院9号楼地面停车场,8,0,三环至四环,公共停车场
726,环铁汽服,酒仙桥北路1号充电站,社会公用,酒仙桥北路1号,18,0,五环至六环,公共停车场
727,华商信联,鸿业兴园一区优易充小站,社会公用,丰台南路鸿业兴园一区,2,9,四环至五环,公共停车场
728,华商信联,丰台区鸿业兴园小区二期新能源车充电桩,社会公用,丰台区丰台南路鸿业兴园二区,0,12,三环至四环,其他
729,华商信联,友谊医院充电桩（门诊楼地下车库）,社会公用,西城区永安路95号友谊医院,2,3,二环内,其他
730,华商信联,友谊医院充电桩（安保楼地下车库）,社会公用,西城区永安路95号友谊医院,2,4,二环内,其他
731,华商信联,北京市丰台区靛厂锦园充电桩建设项目,社会公用,丰台区靛厂村44号,2,16,三环至四环,其他
732,华商信联,北京市丰台区晓月苑五里南停车场充电桩建设项目,社会公用,丰台区卢沟桥晓月中路5号院,6,1,四环至五环,公共停车场
733,金冠华电,金冠华电通州充电站,社会公用,区马驹桥镇金桥产业园联东U谷科技园锅炉房院（金桥派出所向东50米）,120,0,六环外,产业园区
734,万城万充,博雅国际中心充电站,社会公用,利泽中一路1号博雅国际中心B2停车场,10,0,五环至六环,商务办公区
735,北京电力公司,北京市门头沟区承泽苑公共充电站,社会公用,北京市门头沟区承泽苑小区院外（7号楼西侧）,4,5,六环外,公共停车场
736,北京电力公司,北京市门头沟区马致远故居公共充电站,社会公用,北京市门头沟区王平镇马致远故居西侧停车场,8,2,六环外,城市公园绿地
737,北京电力公司,北京市门头沟区龙泉小学东侧公共充电站,社会公用,北京市门头沟区龙泉镇龙泉小学东侧停车场,30,0,六环外,公共停车场
738,北京电力公司,北京市密云区北庄供电所充电站,社会公用,北京市密云区北庄供电所院外停车场,1,1,六环外,企事业单位
739,北京电力公司,北京市密云区不老屯镇政府充电站,社会公用,北京市密云区不老屯镇政府院外停车场,1,1,六环外,政府机构
740,北京电力公司,北京市密云区大城子供电所充电站,社会公用,北京市密云区大城子供电所（新所）院内停车场,1,1,六环外,企事业单位
741,北京电力公司,北京市密云区东邵渠供电所公共充电站,社会公用,北京市密云区东邵渠镇东邵渠供电所南侧,0,4,六环外,企事业单位
742,北京电力公司,北京市密云区东邵渠镇廉政文化广场充电站,社会公用,北京市密云区东邵渠镇廉政文化广场停车场,4,4,六环外,城市公园绿地
743,北京电力公司,北京市密云区高岭供电所充电站,社会公用,北京市密云区高岭供电所院外停车场,2,2,六环外,企事业单位
744,北京电力公司,北京市密云区古北口健身公园充电站,社会公用,北京市密云区古北口镇政府南侧健身公园停车场,1,1,六环外,政府机构
745,北京电力公司,北京市密云区华润万象汇商城充电站,社会公用,北京市密云区华润万象汇商城南侧停车场,8,4,六环外,商业区
746,北京电力公司,北京市密云区锦绣饭庄采摘园公共充电站,社会公用,北京市密云区穆家峪镇北穆家峪村（山水田园农家院西侧）,8,0,六环外,酒店宾馆
747,北京电力公司,北京市密云区劳动仲裁委员会充电站,社会公用,北京市密云区劳动仲裁委员会院内停车场,8,0,六环外,政府机构
748,北京电力公司,北京市密云区海怡庄园格林豪泰酒店公共充电站,社会公用,北京市密云区京密路31号格林豪泰酒店停车场,8,0,六环外,酒店宾馆
749,北京电力公司,北京市密云区河南寨供电所充电站,社会公用,北京市密云区河南寨供电所门口停车场,1,1,六环外,企事业单位
750,北京电力公司,北京市密云区巨各庄供电所充电站,社会公用,北京市密云区巨各庄供电所院内停车场,2,2,六环外,企事业单位
751,北京电力公司,北京市密云区山里寒舍公共充电站,社会公用,北京市密云区北庄镇干峪沟村山里寒舍停车场,8,0,六环外,酒店宾馆
752,北京电力公司,北京市密云区石城镇社区卫生服务中心院内充电站,社会公用,北京市密云区石城镇社区卫生服务中心院内停车场,2,2,六环外,医疗机构
753,北京电力公司,北京市密云区太师屯供电所充电站,社会公用,北京市密云区太师屯供电所院外停车场,3,3,六环外,企事业单位
754,北京电力公司,北京市密云区雾灵山庄充电站,社会公用,北京市密云区雾灵山庄康乐中心西侧停车场,8,0,六环外,城市公园绿地
755,北京电力公司,北京市密云区溪翁庄供电所充电站,社会公用,北京市密云区溪翁庄供电所门口停车场,2,2,六环外,企事业单位
756,北京电力公司,北京市密云区新城子供电所充电站,社会公用,北京市密云区新城子供电所院内停车场,1,1,六环外,企事业单位
757,北京电力公司,北京市密云区排山汽车城公共充电站,社会公用,北京市密云区十里堡镇排山汽车城南侧停车场,8,0,六环外,车企4S店
758,北京电力公司,北京市密云区石城镇社区卫生服务中心院外充电站,社会公用,北京市密云区石城镇社区卫生服务中心院外停车场,2,2,六环外,医疗机构
759,北京电力公司,北京市密云区穆家峪供电所充电站,社会公用,北京市密云区穆家峪供电所门口停车场,1,1,六环外,企事业单位
760,北京电力公司,北京市密云区西田各庄供电所充电站,社会公用,北京市密云区西田各庄供电所院内停车场,1,1,六环外,企事业单位
761,北京电力公司,北京市平谷区北京渔阳国际滑雪场充电站,社会公用,北京市平谷区东高村镇北京渔阳国际滑雪场停车场北侧,18,0,六环外,城市公园绿地
762,北京电力公司,北京市平谷区乐政务乡斋各庄村北充电站,社会公用,北京市平谷区殡仪馆院内东侧停车场,8,0,六环外,政府机构
763,北京电力公司,北京市密云区张裕爱斐堡国际酒庄公共充电站,社会公用,北京市密云区巨各庄镇北京张裕爱斐堡国际酒庄北侧停车场,8,0,六环外,城市公园绿地
764,北京电力公司,北京市平谷区大兴庄镇政府公共充电站,社会公用,北京市平谷区顺福街81号大兴庄镇政府南侧停车场,8,0,六环外,政府机构
765,北京电力公司,北京市平谷区马坊开发区东区充电站,社会公用,北京市平谷区马坊开发东区永丰余家纸公司南侧公共停车场,8,0,六环外,公共停车场
766,北京电力公司,北京市平谷区马坊开发区西区充电站,社会公用,北京市平谷区马坊开发西区真金昌汽车科技公司东侧公共停车场,8,0,六环外,公共停车场
767,北京电力公司,北京市平谷区黑水湾桃花大舞台公共充电站,社会公用,北京市平谷区黑水湾桃花大舞台停车场,8,0,六环外,城市公园绿地
768,北京电力公司,北京市平谷区华晨金鼎4S店公共充电站,社会公用,北京市平谷区谷峰路98号院华晨金鼎汽车销售服务有限公司,8,0,六环外,车企4S店
769,北京电力公司,北京市平谷区前台头村公共充电站,社会公用,北京市平谷区东高村镇前台头村公共停车场,8,0,六环外,公共停车场
770,北京电力公司,北京市平谷区天子谷一线天景区公共充电站,社会公用,北京市平谷区镇罗营镇天子谷一线天景区停车场,8,0,六环外,城市公园绿地
771,北京电力公司,北京市平谷区峪口禽业孵化场充电站,社会公用,北京市平谷区大官庄村峪口禽业孵化场院内停车场,6,0,六环外,工业园区/厂区
772,北京电力公司,北京市平谷区夏各庄桃园仙居民俗饭店公共充电站,社会公用,北京市平谷区纪太务大北街185号桃园仙居民俗饭店停车场,8,0,六环外,酒店宾馆
773,北京电力公司,北京市平谷区熊儿寨老泉公园公共充电站,社会公用,北京市平谷区熊儿寨乡老泉公园停车场,8,0,六环外,城市公园绿地
774,北京电力公司,北京市石景山区北方工业大学图书馆公共充电站,社会公用,北京市石景山区晋元庄路5号北方工业大学图书馆停车场,9,0,五环至六环,教育院校
775,北京电力公司,北京市石景山区北方工业大学校卫生服务中心公共充电站,社会公用,北京市石景山区晋元庄路5号北方工业大学卫生服务中心停车场,9,0,五环至六环,教育院校
776,北京电力公司,北京市石景山区古城金融中心B3停车场公共充电站,社会公用,北京市石景山区古城金融中心B3停车场,6,0,五环至六环,科技园区
777,北京电力公司,北京市石景山区北京大公馆公共充电站,社会公用,北京市石景山区北京大公馆西侧停车场,10,0,四环至五环,酒店宾馆
778,北京电力公司,北京市石景山区青少年活动中心公共充电站,社会公用,北京市石景山区青少年活动中心内部停车场,2,2,四环至五环,城市公园绿地
779,北京电力公司,北京市石景山区人民法制杂志社公共充电站,社会公用,北京市石景山区人民法制法制杂志社停车场,8,0,四环至五环,工业园区/厂区
780,北京电力公司,北京市石景山区金顶山路停车场东公共充电站,社会公用,北京市石景山区八大路3号停车场,16,8,五环至六环,公共停车场
781,北京电力公司,北京市石景山区金顶山路停车场西公共充电站,社会公用,北京市石景山区八大路3号停车场西侧,14,1,五环至六环,商业区
782,北京电力公司,北京市石景山区模式口东里公共充电站,社会公用,北京市石景山区模式口东里14号楼北侧停车场,24,0,五环至六环,公共停车场
783,北京电力公司,北京市石景山区眼科医院公共充电站,社会公用,北京市石景山区鲁谷路33号中国中医科学院眼科医院停车场,9,0,四环至五环,医疗机构
784,北京电力公司,北京市石景山区中础大厦公共充电站,社会公用,北京市石景山区石景山路23号,7,0,四环至五环,工业园区/厂区
785,北京电力公司,北京市顺义区北孙各庄村充电站,社会公用,北京市顺义区牛栏山镇北孙各庄村南侧路边停车场,8,0,六环外,城市公园绿地
786,北京电力公司,北京市顺义区春晖园温泉酒店公共充电站,社会公用,北京市顺义区高丽营镇春晖园温泉度假酒店南门停车场,8,0,六环外,酒店宾馆
787,北京电力公司,北京市顺义区张镇龙凤路西侧充电站,社会公用,北京市顺义区殡仪馆南侧停车场,9,0,六环外,工业园区/厂区
788,北京电力公司,北京市顺义区国际鲜花港南门公共充电站,社会公用,北京市顺义区区南路北京国际鲜花港南侧停车场,39,0,六环外,城市公园绿地
789,北京电力公司,北京市顺义区汉石桥湿地公园公共充电站,社会公用,北京市顺义区木燕路汉石桥湿地公园停车场,16,0,六环外,城市公园绿地
790,北京电力公司,北京市顺义区九干桥北公共充电站,社会公用,北京市顺义区高丽营镇九干桥北200米停车场内,8,0,六环外,公共停车场
791,北京电力公司,北京市顺义区九重汇充电站,社会公用,北京市顺义区后沙峪镇九重汇购物中心南侧停车场,16,0,六环外,科技园区
792,北京电力公司,北京市顺义区南彩镇顺义汽车总站西侧公共充电站,社会公用,北京市顺义区南彩镇顺平辅路公交总站西侧,14,0,六环外,公共停车场
793,北京电力公司,北京市顺义区牛栏山镇北京中医院公共充电站,社会公用,北京市顺义区牛栏山镇北京中医院东侧公共停车场,10,0,六环外,医疗机构
794,北京电力公司,北京市顺义区李桥时代艺术园区充电站,社会公用,北京市顺义区李桥时代艺术园区南侧停车场,8,0,六环外,城市公园绿地
795,北京电力公司,北京市顺义区生源恒业办公楼充电站,社会公用,北京市顺义区富力湾小区西侧生源恒业办公楼停车场,16,0,五环至六环,工业园区/厂区
796,北京电力公司,北京市通州区大运河森林公园充电站,社会公用,北京市通州区张家湾镇大运河森林公园西二门停车场,8,0,六环外,城市公园绿地
797,北京电力公司,北京市通州区甘棠中学公共充电站,社会公用,北京市通州区甘棠中学东200米,8,0,五环至六环,教育院校
798,北京电力公司,北京市通州区华远好天地公共充电站,社会公用,北京市通州区华远好天地D座南侧停车场,8,0,五环至六环,科技园区
799,北京电力公司,北京市通州区济德商城公共充电站,社会公用,北京市通州区张家湾镇北大化116号院济德商城公共停车场,8,0,五环至六环,商业区
800,北京电力公司,北京市通州区京高园林工程有限公司北京分公司充电站,社会公用,北京市通州区西集镇京高园林工程有限公司北京分公司停车场,8,0,六环外,城市公园绿地
801,北京电力公司,北京市通州区精诚联合汽车维修公司充电站,社会公用,北京市通州区张家湾镇精诚联合汽车维修公司西侧停车场,8,0,六环外,工业园区/厂区
802,北京电力公司,北京市通州区蓝呗呗生态园充电站,社会公用,北京市通州区马驹桥镇马朱路与朱大路交叉口东侧,8,0,六环外,城市公园绿地
803,北京电力公司,北京市通州区绿蜻蜓专业合作社充电站,社会公用,北京市通州区绿蜻蜓特色果蔬产销专业合作社北侧停车场,8,0,六环外,工业园区/厂区
804,北京电力公司,北京市通州区马驹桥联东U谷公共充电站,社会公用,北京市通州区马驹桥镇景盛南二街15号联东U谷北区8B楼前,8,0,五环至六环,科技园区
805,北京电力公司,北京市通州区名仕生态农业园充电站,社会公用,北京市通州区南马庄村西侧200米名仕生态园院内,8,0,六环外,城市公园绿地
806,北京电力公司,北京市通州区月亮河温泉假日酒店公共充电站,社会公用,北京市通州区滨河路1号月亮河温泉假日酒店公共停车场,8,0,五环至六环,酒店宾馆
807,北京电力公司,北京市西城区北京基督教会瓦岗市堂充电站,社会公用,北京市西城区西四南大街基督教会瓦岗市堂南侧停车场,0,7,二环内,公共停车场
808,北京电力公司,北京市西城区景山西街公共充电站,社会公用,北京市西城区景山西街与景山后街交叉口南侧公共停车场,8,0,二环内,公共停车场
809,北京电力公司,北京市延庆区八达岭国际会展中心东侧公共充电站,社会公用,北京市延庆区八达岭国际会展中心东侧停车场,30,0,六环外,企事业单位
810,北京电力公司,北京市延庆区八达岭国际会展中心西侧公共充电站,社会公用,北京市延庆区八达岭国际会展中心西侧停车场,30,0,六环外,企事业单位
811,北京电力公司,北京市延庆区八达岭国家森林公园公共充电站,社会公用,北京市延庆区北京八达岭深林公园青龙谷景区停车场,8,0,六环外,城市公园绿地
812,北京电力公司,北京市延庆区八达岭水关长城景区公共充电站,社会公用,北京市延庆区八达岭镇水关长城游客服务中心停车场,16,0,六环外,城市公园绿地
813,北京电力公司,北京市延庆区北京大成众信贸易有限公司公共充电站,社会公用,北京市延庆区北京大成众信贸易有限公司停车场（东风悦达·起亚延庆售后服务店北侧）,8,0,六环外,车企4S店
814,北京电力公司,北京市延庆区旧县镇文体活动中心公共充电站,社会公用,北京市延庆区旧县镇文体活动中心停车场（旧县镇人民政府东侧）,8,0,六环外,公共停车场
815,北京电力公司,北京市延庆区延庆火车南站充电站,社会公用,北京市延庆区延庆火车站南广场停车场,8,0,六环外,火车站
816,北京电力公司,北京市亦庄开发区朝林大厦西侧公共充电站,社会公用,北京市亦庄经济技术开发区荣华中路19号朝林大厦西侧公共停车场,50,40,五环至六环,公共停车场
817,北京电力公司,北京市延庆区延庆镇世界园艺博览会P4停车场充电站,社会公用,北京市延庆区世界园艺博览会P4停车场,16,0,六环外,城市公园绿地
818,北京电力公司,北京市亦庄开发区汇龙森三园东门公共充电站,社会公用,北京市亦庄开发区汇龙森科技园三园7号楼北侧,26,0,五环至六环,工业园区/厂区
819,北京电力公司,北京市亦庄开发区汇龙森三园南门公共充电站,社会公用,北京市亦庄开发区汇龙森科技园三园1号楼西侧,21,0,五环至六环,工业园区/厂区
820,北京电力公司,北京市亦庄开发区通泰国际公馆公共充电站,社会公用,北京市亦庄开发区通泰国际公馆北侧停车场,53,0,五环至六环,科技园区
821,北京电力公司,北京市昌平区常青藤教育小镇充电站,社会公用,北京市昌平区定泗路与回昌东路路口东北侧常青藤教育小镇停车场,0,3,六环外,教育院校
822,北京电力公司,北京市昌平区城南中心旧县小学北侧公共充电站,社会公用,北京市昌平区旧县村城南中心旧县小学北侧停车场,16,0,六环外,公共停车场
823,北京电力公司,北京市昌平区百善镇政府公共充电站,社会公用,北京市昌平区百善镇政府南侧停车场,5,1,六环外,政府机构
824,北京电力公司,北京市昌平区凤麓山庄公共充电站,社会公用,北京市昌平区流村镇凤麓山庄停车场,4,0,六环外,酒店宾馆
825,北京电力公司,北京市昌平区流村供电所公共充电站,社会公用,北京市昌平区流村供电所院外停车场（流村镇政府西侧200米）,4,1,六环外,企事业单位
826,北京电力公司,北京市昌平区流村镇政府公共充电站,社会公用,北京市昌平区流村镇政府路边停车场,8,0,五环至六环,公共停车场
827,北京电力公司,北京市昌平区马池口供电所公共充电站,社会公用,北京市昌平区马池口镇北京钢铁集团建材专卖场西侧,4,0,六环外,企事业单位
828,北京电力公司,北京市昌平区马池口新世纪商城公共充电站,社会公用,北京市昌平区新世纪商城（马池口店）门前停车场,8,0,六环外,商业区
829,北京电力公司,北京市昌平区马池口镇政府院外公共充电站,社会公用,北京市昌平区马池口镇综合政务中心停车场,6,0,六环外,政府机构
830,北京电力公司,北京市昌平区龙泽种植园公共充电站,社会公用,北京市昌平区十三陵镇龙泽种植园停车场,16,0,六环外,城市公园绿地
831,北京电力公司,北京市昌平区西城看守所公共充电站,社会公用,北京市昌平区沙河镇豆各庄路西城看守所停车场,3,0,六环外,政府机构
832,北京电力公司,北京市昌平区南口供电所公共充电站,社会公用,北京市昌平区南雁路南口供电所停车场,1,0,六环外,企事业单位
833,北京电力公司,北京市昌平区天寿陵园公共充电站,社会公用,北京市昌平区南口镇马兴路999号天寿陵园东侧停车场,8,0,六环外,政府机构
834,北京电力公司,北京市昌平区未来科技城路大桥桥下公共充电站,社会公用,北京市昌平区未来科技城路未来科技城大桥下南侧停车场,4,0,五环至六环,公共停车场
835,北京电力公司,北京市昌平区南邵供电所公共充电站,社会公用,北京市昌平区南邵供电所南侧,4,1,六环外,企事业单位
836,北京电力公司,北京市昌平区兴寿供电所公共充电站,社会公用,北京市昌平区兴寿镇邮局北侧150米,4,0,六环外,企事业单位
837,北京电力公司,北京市昌平区燕子湖水乐园南侧公共充电站,社会公用,北京市昌平区燕子湖水乐园票亭东侧停车场,8,0,六环外,城市公园绿地
838,北京电力公司,北京市昌平区中国疾病预防控制中心公共充电站,社会公用,北京市昌平区中国疾病预防控制中心南侧停车场,20,1,六环外,医疗机构
839,北京电力公司,北京市朝阳区朝阳公园东6门公共充电站,社会公用,北京市朝阳区朝阳公园东6门停车场北侧,2,0,三环至四环,城市公园绿地
840,北京电力公司,北京市昌平区中国石油科技创新基地南侧充电站,社会公用,北京市昌平区中国石油科技创新基地东侧停车场,4,2,六环外,工业园区/厂区
841,北京电力公司,北京市朝阳区朝阳公园东7门公共充电站,社会公用,北京市朝阳区朝阳公园东7门停车场北侧,14,0,三环至四环,城市公园绿地
842,北京电力公司,北京市朝阳区欢乐谷公共充电站,社会公用,北京市朝阳区窑洼湖公园北侧（司法局南磨房司法所西侧）停车场,50,0,三环至四环,城市公园绿地
843,北京电力公司,北京市朝阳区恒通国际创新园充电站,社会公用,北京市朝阳区恒通国际创新园北门停车场,17,0,四环至五环,工业园区/厂区
844,北京电力公司,北京市朝阳区呼家楼北里公共充电站,社会公用,北京市朝阳区呼家楼北里社区服务站东侧,4,0,三环至四环,政府机构
845,北京电力公司,北京市朝阳区京物大厦公共充电站,社会公用,北京市朝阳区酒仙桥北路5号京物大厦停车场,16,0,四环至五环,工业园区/厂区
846,北京电力公司,北京市朝阳区英皇集团中心公共充电站,社会公用,北京市朝阳区建国门外大街丙12号宝钢大厦(凯特大厦)地下一层至四层停车场。,8,0,二环至三环,工业园区/厂区
847,北京电力公司,北京市朝阳区人济大厦公共充电站,社会公用,北京市朝阳区人济大厦A座西侧停车场,0,5,四环至五环,工业园区/厂区
848,北京电力公司,北京市朝阳区晓景国际花园酒店公共充电站,社会公用,北京市朝阳区晓景国际花园酒店停车场,16,0,四环至五环,酒店宾馆
849,北京电力公司,北京市朝阳区仰山公园北门公共充电站,社会公用,北京市朝阳区北五环仰山桥南侧仰山公园北门,50,0,四环至五环,城市公园绿地
850,北京电力公司,北京市朝阳区仰山公园西门公共充电站,社会公用,北京市朝阳区北五环仰山桥西侧仰山公园西门,50,0,四环至五环,城市公园绿地
851,北京电力公司,北京市大兴区采育文体中心充电站,社会公用,北京市大兴区采育文体中心停车场,8,0,六环外,城市公园绿地
852,北京电力公司,北京市大兴区安海花卉园艺中心公共充电站,社会公用,北京市大兴区安定镇安海花卉园艺中心院内,0,2,六环外,城市公园绿地
853,北京电力公司,北京市大兴区黄村镇派出所公共充电站,社会公用,北京市大兴区黄村镇派出所南侧停车场,16,0,六环外,政府机构
854,北京电力公司,北京市大兴区绿得金生态园公共充电站,社会公用,北京市大兴区绿得生态园南侧停车场,0,5,五环至六环,城市公园绿地
855,北京电力公司,北京市大兴区青云店文化活动中心公共充电站,社会公用,北京市大兴区青云店文化活动中心停车场,8,0,六环外,城市公园绿地
856,北京电力公司,北京市大兴区长子营湿地公园充电站,社会公用,北京市大兴区长子营湿地公园南侧停车场,8,0,六环外,城市公园绿地
857,北京电力公司,北京市大兴区兴华公园公共充电站,社会公用,北京市大兴区西红门北环路与欣海北街交叉口兴华公园停车场内,24,0,四环至五环,城市公园绿地
858,北京电力公司,北京市大兴区小黄垡村公共充电站,社会公用,北京市大兴区榆垡镇小黄垡村村民委员会停车场,4,0,六环外,政府机构
859,北京电力公司,北京市大兴区新机场建设指挥部公共充电站,社会公用,北京市大兴区福顺街与106国道交叉口东北侧北京新机场建设指挥部门前停车场,4,0,六环外,政府机构
860,北京电力公司,北京市大兴区长子营镇文化活动中心公共充电站,社会公用,北京市大兴区马朱路长子营镇文化活动中心北侧停车场,8,0,六环外,体育场馆
861,北京电力公司,北京市东城区地坛体育中心东侧公共充电站,社会公用,北京市东城区地坛体育中心地坛综合馆西侧停车场,6,0,二环至三环,体育场馆
862,北京电力公司,北京市东城区红桥商业楼充电站,社会公用,北京市东城区红桥商业楼地下二层停车场,0,9,二环内,工业园区/厂区
863,北京电力公司,北京市东城区天坛体育中心东侧公共充电站,社会公用,北京市东城区天坛体育中心体育社团办理中心停车场,6,0,二环内,体育场馆
864,北京电力公司,北京市东城区天坛体育中心西侧公共充电站,社会公用,北京市东城区天坛体育中心羽毛球馆停车场,3,0,二环内,体育场馆
865,北京电力公司,北京市房山区八渡高山漂流充电站,社会公用,北京市房山区十渡镇八渡村高山漂流东南门停车场,4,0,六环外,城市公园绿地
866,北京电力公司,北京市大兴区长子营镇政府公共充电站,社会公用,北京市大兴区青采路长子营镇政府院内,8,0,六环外,公共停车场
867,北京电力公司,北京市房山区百草畔自然风景区充电站,社会公用,北京市房山区杏林苑观光采摘园南侧路边停车场,4,0,六环外,公共停车场
868,北京电力公司,北京市房山区北京高端制造业基地充电站,社会公用,北京市房山区北北京高端制造业基地院内东侧停车场,4,0,六环外,政府机构
869,北京电力公司,北京市房山区窦店民族文化宫公共充电站,社会公用,北京市房山区窦店镇窦店文化宫停车场,8,0,六环外,教育院校
870,北京电力公司,北京市房山区窦店汽车城充电站,社会公用,北京市房山区窦店汽车城院内北侧停车场,8,0,六环外,车企4S店
871,北京电力公司,北京市房山区国网冀北电力检修分公司充电站,社会公用,北京市房山区国网冀北电力检修分公司院内东侧停车场,4,0,六环外,企事业单位
872,北京电力公司,北京市房山区三八石英厂公共充电站,社会公用,北京市房山区阎村镇阎河路西三八石英厂停车场,8,0,六环外,工业园区/厂区
873,北京电力公司,北京市房山区良乡大学城西地铁站停车场充电站,社会公用,北京市房山区良乡大学城西地铁站东北侧P+R停车场,5,0,六环外,交通枢纽
874,北京电力公司,北京市房山区三渡乐谷银滩充电站,社会公用,北京市房山区张坊镇三渡乐谷银滩东门停车场,4,0,六环外,城市公园绿地
875,北京电力公司,北京市房山区十渡笔架山庄充电站,社会公用,北京市房山区十渡笔架山庄4号楼西侧停车场,4,0,六环外,酒店宾馆
876,北京电力公司,北京市房山区十渡东湖港景区公共充电站,社会公用,北京市房山区十渡镇东湖港酒店停车场,16,0,六环外,城市公园绿地
877,北京电力公司,北京市房山区十渡孤山寨大峡谷公共充电站,社会公用,北京市房山区十渡镇孤山寨大峡谷景区停车场,16,0,六环外,城市公园绿地
878,北京电力公司,北京市房山区天开寺院内北侧充电站,社会公用,北京市房山区韩村河镇天开寺北侧停车场,4,0,六环外,城市公园绿地
879,北京电力公司,北京市房山区天开寺院内南侧充电站,社会公用,北京市房山区韩村河镇兴隆禅寺院内停车场,4,0,六环外,城市公园绿地
880,北京电力公司,北京市房山区霞云岭供电所充电站,社会公用,北京市房山区霞云岭供电所停车场,4,0,六环外,企事业单位
881,北京电力公司,北京市房山区云居滑雪场充电站,社会公用,北京市房山区云居滑雪场西北门停车场,4,0,六环外,城市公园绿地
882,北京电力公司,北京市房山区珍华金属结构厂公共充电站,社会公用,北京市房山区阎村镇阎河路北珍华金属结构厂停车场,8,0,六环外,工业园区/厂区
883,北京电力公司,北京市房山区中山寺遗址充电站,社会公用,北京市房山区云居寺路与云房路交叉口东侧,4,0,六环外,公共停车场
884,北京电力公司,北京市丰台区北京丰新电气工程有限公司公共充电站,社会公用,北京市丰台区卢沟桥路丰新电气工程公司院外停车场,6,0,五环至六环,企事业单位
885,北京电力公司,北京市丰台区北京南站公共充电站,社会公用,北京市丰台区北京南站西停车场地下M夹层E区106-127车位，F区104-115车位,36,0,二环至三环,火车站
886,北京电力公司,北京市丰台区北京西站P1地下停车场公共充电站,社会公用,北京市丰台区北京西站P1地下停车场128-136车位,18,0,二环至三环,火车站
887,北京电力公司,北京市丰台区北京西站P3地下停车场公共充电站,社会公用,北京市丰台区北京西站P3地下停车场066-077车位,27,0,二环至三环,火车站
888,北京电力公司,北京市丰台区方庄环岛红剑停车楼三层公共充电站,社会公用,北京市丰台区方庄体育公园西侧红剑停车楼,8,0,二环至三环,城市公园绿地
889,北京电力公司,北京市丰台区华沿酒店公共充电站,社会公用,北京市丰台区纪家庙8号华沿酒店停车场,8,0,三环至四环,酒店宾馆
890,北京电力公司,北京市丰台区千灵山风景区南口公共充电站,社会公用,北京市丰台区千灵山怪坡北侧,5,0,六环外,公共停车场
891,北京电力公司,北京市丰台区西庄店小店村公共充电站,社会公用,北京市丰台区王佐镇小店村西侧（沙羊路与后甫营路交汇处）,5,0,六环外,公共停车场
892,北京电力公司,北京市丰台区佑安医院公共充电站,社会公用,北京市丰台区右安门外西头条8号佑安医院北门停车场,4,0,二环至三环,医疗机构
893,北京电力公司,北京市丰台区赵辛店村社区卫生服务站公共充电站,社会公用,北京市丰台区长辛店街道赵辛店社区卫生服务站南侧,10,0,五环至六环,医疗机构
894,北京电力公司,北京市丰台区赵辛店村委会院内公共充电站,社会公用,北京市丰台区赵辛店村委员院内,7,0,五环至六环,公共停车场
895,北京电力公司,北京市丰台区赵辛店村委会院外公共充电站,社会公用,北京市丰台区赵辛店村委员院内,3,0,五环至六环,政府机构
896,北京电力公司,北京市海淀区百望山森林公园北门公共充电站,社会公用,北京市海淀区百望山森林公园北门停车场,8,0,五环至六环,城市公园绿地
897,北京电力公司,北京市海淀区国防教育基地公共充电站,社会公用,北京市海淀区四季青桥东北角国防教育基地,8,0,三环至四环,教育院校
898,北京电力公司,北京市海淀区上地西街东大停车场公共充电站,社会公用,北京市海淀区后厂村路北侧东大停车场,40,12,五环至六环,公共停车场
899,北京电力公司,北京市海淀区玉泉慧谷二期南侧公共充电站,社会公用,北京市海淀区邓庄路玉泉慧谷2期中国民生银行北京香山支行南侧停车场,24,0,五环至六环,工业园区/厂区
900,北京电力公司,北京市海淀区振东科技大厦公共充电站,社会公用,北京市海淀区北京振东五和生物科技有限公司内部停车场,3,2,五环至六环,工业园区/厂区
901,北京电力公司,北京市海淀区中国林业科学院公共充电站,社会公用,北京市海淀区青龙桥街道中国林业科学研究院院内停车场,8,0,四环至五环,政府机构
902,北京电力公司,北京市海淀区中科院物理所北院公共充电站,社会公用,北京市海淀区中关村南三街8号中科院物理所北院停车场,14,2,三环至四环,教育院校
903,北京电力公司,北京市怀柔区宝山镇文化活动中心公共充电站,社会公用,北京市怀柔区宝山镇转年村东侧停车场,6,0,六环外,公共停车场
904,北京电力公司,北京市海淀区中关村军民融合产业园公共充电站,社会公用,北京市海淀区中关村军民融合产业园地下停车场,16,0,三环至四环,工业园区/厂区
905,北京电力公司,北京市海淀区中科院物理所南院公共充电站,社会公用,北京市海淀区中关村南三街8号中科院基础科学园区M楼东侧,12,4,三环至四环,教育院校
906,北京电力公司,北京市海淀区中航工业勘察设计研究院公共充电站,社会公用,北京海淀区中关村东路中航工业勘察设计研究院对面拓中航市场停车场,2,4,三环至四环,公共停车场
907,北京电力公司,北京市怀柔区东关汽车修理厂充电站,社会公用,北京市怀柔区迎宾路东东关汽车修理厂停车场,2,0,六环外,工业园区/厂区
908,北京电力公司,北京市怀柔区怀西庄园充电站,社会公用,北京市怀柔区西三村怀西庄园停车场,9,0,六环外,酒店宾馆
909,北京电力公司,北京市怀柔区江淮森竹4S店公共充电站,社会公用,北京市怀柔区南华市场西侧停车场,4,2,六环外,车企4S店
910,北京电力公司,北京市怀柔区京密引水管理处公共充电站,社会公用,北京市怀柔区怀柔京密引水管理处西侧,1,1,六环外,政府机构
911,北京电力公司,北京市怀柔区喇叭沟原始森林风景区公共充电站,社会公用,北京市怀柔区喇叭沟原始森林风景区停车场,9,0,六环外,城市公园绿地
912,北京电力公司,北京市怀柔区冷水峪桥公共充电站,社会公用,北京市怀柔区怀北镇冷水峪桥停车场,8,0,六环外,公共停车场
913,北京电力公司,北京市怀柔区琉璃庙白河峡谷度假村公共充电站,社会公用,北京市怀柔区琉璃庙镇白河北村白河峡谷度假村停车场,6,2,六环外,酒店宾馆
914,北京电力公司,北京市怀柔区三亩园烧烤城充电站,社会公用,北京市怀柔区三亩园烧烤城停车场,9,0,六环外,酒店宾馆
915,北京电力公司,北京市怀柔区卧佛山庄充电站,社会公用,北京市怀柔区卧佛山庄院内停车场,9,2,六环外,酒店宾馆
916,北京电力公司,北京市怀柔区卧龙湾庄园充电站,社会公用,北京市怀柔区卧龙湾庄园北侧,7,2,六环外,城市公园绿地
917,北京电力公司,北京市怀柔区薰衣草庄园充电站,社会公用,北京市怀柔区琉璃庙镇薰衣草庄园南侧,9,0,六环外,城市公园绿地
918,北京电力公司,北京市西城区华滨国际大酒店公共充电站,社会公用,北京市东城区华滨国际大酒店B4停车场,4,0,二环内,工业园区/厂区
919,福威斯储能充电,集美家居大红门店直流光储充一体化充电桩项目,社会公用,西马场甲14号,94,0,三环至四环,商业区
920,北京电力公司,北京市石景山区古城金融中心B2停车场公共充电站,社会公用,北京市石景山区古城金融中心B2停车场,4,2,五环至六环,公共停车场
921,北京电力公司,北京市延庆区北老君堂村公共充电站,社会公用,北京市延庆区沈家营镇北老君堂村西200米,6,0,六环外,公共停车场
922,北京电力公司,北京市延庆区延庆体育馆公共充电站,社会公用,北京市延庆区延庆镇体育管北侧停车场,16,0,六环外,公共停车场
923,北京电力公司,北京市延庆区原乡美利坚别墅区东侧公共充电站,社会公用,北京市延庆区奥伦达部落东侧公共停车场,16,6,六环外,公共停车场
924,北京电力公司,北京市延庆区珍珠泉乡公共充电站,社会公用,北京市延庆区珍珠泉乡政府北侧公共停车场,7,0,六环外,公共停车场
925,万城万充,中航科技商务园充电站,社会公用,经济技术开发区经海二路29号中航工业科技商务园,20,0,五环至六环,科技园区
926,万城万充,嘉悦广场充电站,社会公用,宏业路9号嘉悦广场,34,0,四环至五环,商业区
927,万城万充,盈都大厦充电站,社会公用,知春路甲48号盈都大厦,14,0,三环至四环,商务办公区
928,万城万充,华声国际大厦充电站,社会公用,雅宝路12号华声国际大厦,20,0,二环至三环,商务办公区
929,北京驿联,北京师范大学昌平校区充电站,社会公用,昌平区沙河镇满井路甲2号北京师范大学,6,0,五环至六环,教育院校
930,北京驿联,北京市天地邻枫充电站,社会公用,永泰庄北路1号天地邻枫产业园,4,0,五环至六环,科技园区
931,华商三优,顺义区泗上优易充小站,社会公用,顺义区火沙路后沙峪段28号（银建公司）,27,0,六环外,产业园区
932,华商三优,昌平区朝凤庵优易充小站,社会公用,昌平区朝凤庵汽车站东南角,5,0,六环外,交通枢纽
933,华商三优,通州区岗子充电站,社会公用,通州区岗子村东北（京承西线）,10,0,六环外,村镇
934,德仕安,盘古大观,社会公用,盘古大观,1,2,三环至四环,商务办公区
935,德仕安,BJ.0008果乐乐项目,社会公用,新发地汉龙货运中心南一门正对道路东侧,2,0,四环至五环,商业区
936,特来电,红星美凯龙东五环店充电站,社会公用,高井村甲八号,12,0,四环至五环,商业区
937,特来电,红星美凯龙北五环店充电站,社会公用,朝阳来广营西路59号,14,0,五环至六环,商业区
938,特来电,北京市麦德龙比如世界购物中心充电站,社会公用,京顺路111号比如世界购物中心,0,5,三环至四环,商业区
939,特来电,北京三里屯太古里北区宝马即时充电站,社会公用,三里屯路18号,5,5,二环至三环,车企4S店
940,特来电,北京晨德宝汽车销售服务有限公司充电站,社会公用,东苇路辅路,2,2,五环至六环,车企4S店
941,特来电,北京华德宝汽车销售服务有限公司充电站,社会公用,建国路50号,1,1,四环至五环,车企4S店
942,特来电,北京福泰中心充电站,社会公用,广顺北大街33号院,0,0,四环至五环,产业园区
943,特来电,北京亦城科技中心快充站,社会公用,北京市经济技术开发区荣华南路9号4号院B2,4,0,五环至六环,产业园区
944,特来电,北京宝泽行汽车销售服务有限公司充电站,社会公用,西三环南路59号,2,2,三环至四环,车企4S店
945,特来电,北京市京宝行汽车销售服务有限公司充电站,社会公用,闵庄路19号,2,2,四环至五环,车企4S店
946,特来电,北京弘赫国际科创五街充电站,社会公用,光机电产业一体化基地科创东五街9号,6,4,五环至六环,经营性场所
947,特来电,北京联东U谷北务产业园充电站,社会公用,顺义区Y465,4,2,六环外,产业园区
948,特来电,北京航城广场充电站,社会公用,宏远航城广场A座北侧停车位,4,2,五环至六环,商业区
949,特来电,北京宏远临空总部港充电站,社会公用,信中街12号,4,2,五环至六环,产业园区
950,特来电,北京凯盛兴丰国际二期充电站,社会公用,天柱东路,5,0,五环至六环,酒店宾馆
951,特来电,北京燕德宝汽车销售服务有限公司充电站,社会公用,宏达北路26号,2,8,五环至六环,车企4S店
952,特来电,北京通州金创发达充电站,社会公用,通州区S331(嘉创二路),0,0,五环至六环,产业园区
953,北京电力公司,北京市通州区黎明家具总部基地充电站,社会公用,北京市通州区镇黎明家具总部基地北侧停车场,8,0,六环外,产业园区
954,依威能源,学清嘉创大厦,社会公用,学清路与银泉路交叉口东南角学清嘉创大厦,5,1,四环至五环,商务办公区
955,依威能源,北京星德宝汽车销售服务有限公司,社会公用,高碑店乡白家楼8号北京星德宝汽车销售服务有限公司宝马汽车充电站(北京星德宝BMW5S经销商),0,7,四环至五环,公共停车场
956,依威能源,上东十号,社会公用,朝阳区上东10号3号楼,0,6,三环至四环,商业区
957,依威能源,浪潮大厦(正门),社会公用,软件园南街与软件园西一路交叉口西北100米进门右手边10米,0,2,五环至六环,商务办公区
958,依威能源,爱立信大厦南区地下停车场,社会公用,利泽东街5号爱立信大厦南区地下停车场,1,10,五环至六环,商务办公区
959,依威能源,草桥智慧社区停车场,社会公用,花乡草桥东路16-9号工商银行门口,0,6,三环至四环,公共停车场
960,依威能源,锐庭中心,社会公用,石佛营东里甲135号院锐庭中心,3,6,三环至四环,商业区
961,依威能源,大兴绿地启航国际,社会公用,天河西路大兴区天华大街5号绿地启航国际地面西侧停车场,0,16,五环至六环,商务办公区
962,依威能源,中门寺小区商业停车楼,社会公用,门头沟区中门寺南坡回迁安置小区立体停车场小区西侧停车楼4楼,0,18,六环外,公共停车场
963,依威能源,康莱德酒店,社会公用,东三环北路29号北京康莱德酒店,0,5,二环至三环,公共停车场
964,依威能源,文水家园(南门),社会公用,政通西路与民丰街交叉口东南150米文水家园(南门)4号楼,0,6,五环至六环,公共停车场
965,依威能源,荣鹏花园商业停车场,社会公用,良乡拱辰南大街44号门口停车场,0,6,五环至六环,公共停车场
966,依威能源,西单明珠高登大厦,社会公用,横二条西单明珠高登大厦B1,0,6,二环内,商业区
967,依威能源,尚8国际广告园,社会公用,百子湾路尚8国际广告园地面,1,4,三环至四环,商务办公区
968,依威能源,华典家园院外底商地面停车场,社会公用,良乡体育场路28号院2号楼底商华典家园院外底商地面停车场,0,3,五环至六环,商业区
969,依威能源,盈智大厦地下车库B1,社会公用,苏州街49号院3号楼盈智大厦盈智大厦地下车库B1,0,6,三环至四环,商务办公区
970,依威能源,方恒东景商业街,社会公用,临河里路西50米方恒东景商街地面停车场,0,6,五环至六环,商业区
971,依威能源,曦景长安停车场(入口),社会公用,古城大街金融商住区东南广场曦景长安停车场(入口)救援队东侧,0,6,五环至六环,公共停车场
972,依威能源,财富西环大厦停车场,社会公用,菜户营东街58号财富西环大厦停车场,0,6,二环至三环,商务办公区
973,依威能源,环宇大厦,社会公用,通惠河南街1081号环宇大厦,0,8,五环至六环,商务办公区
974,依威能源,金三角购物商城,社会公用,103国道金三角购物商城地面,0,6,六环外,商业区
975,依威能源,梨园农副产品交易中心,社会公用,五所南路与玉桥西路南延交叉口东北50米梨园农副产品市场,0,6,五环至六环,大型商业购物中心
976,依威能源,怡升园商务公寓,社会公用,拱辰街道昊天北大街55号,0,6,二环至三环,公共停车场
977,依威能源,当代MOMA,社会公用,香河园路1号(近奥克伍德公寓)当代MOMA26号楼旁边,0,2,二环至三环,商业区
978,依威能源,海淀四十七中,社会公用,苏家坨镇北安河五街291号地面停车场,0,10,六环外,公共停车场
979,依威能源,金隅红石座南区,社会公用,城北街道昌崔路8-198号,0,6,五环至六环,公共停车场
980,依威能源,金隅红石座北区,社会公用,城北街道昌崔路198号,0,6,五环至六环,公共停车场
981,依威能源,金隅水晶屿B1停车场,社会公用,城南街道振兴路35号院,0,6,五环至六环,公共停车场
982,依威能源,梨园市场停车场,社会公用,梨园镇云景南大街324号院内地面,0,6,五环至六环,公共停车场
983,依威能源,晶城秀府,社会公用,东铁匠营街道方庄南路58院,0,6,四环至五环,公共停车场
984,依威能源,体育小镇,社会公用,中关村国家自主创新示范区大兴生物医药产业基地永大路32号,0,4,六环外,商务办公区
985,依威能源,绿地新都汇,社会公用,拱辰街道昊天北大街55号,0,6,五环至六环,商务办公区
986,依威能源,园景国际大厦,社会公用,梨园镇云景东路29号园景西区院外南侧,0,6,五环至六环,公共停车场
987,依威能源,华胜写字楼,社会公用,卢沟桥乡丰台北路32号院A座北侧,0,6,三环至四环,商业区
988,依威能源,众乐创-双创基地,社会公用,赵全营镇园盈路1号众乐创商务楼门前车场,0,6,六环外,公共停车场
989,依威能源,自由筑140号楼,社会公用,玉桥街道土桥中街140号楼,0,6,五环至六环,商务办公区
990,北京中联锐,丰台区杜家坎中联锐充电站,社会公用,杜家坎南路12号院,3,0,五环至六环,商业区
991,用电无忧,福安顺新能源充电站,社会公用,北京市北京昌平区白各庄新村大酒店南100米,12,0,五环至六环,村镇
992,星星充电,北京印刷学院,社会公用,兴华大街二段1号院内,10,0,五环至六环,教育院校
993,星星充电,马驹桥鸿坤智谷,社会公用,马驹桥鸿坤智谷地下,2,0,六环外,教育院校
994,星星充电,亮马桥燕莎友谊商城,社会公用,燕莎友谊商城停车场,4,0,三环至四环,商业区
995,星星充电,西红门云狐产业园,社会公用,西红门镇鼎利路10号院,4,0,五环至六环,科技园区
996,星星充电,鸿坤云时代,社会公用,北京市通州区台湖镇经惠东路鸿坤云时代,4,0,五环至六环,商务办公区
997,华商信联,丰台区靛厂绣园小区优易充小站,社会公用,北京西丰台区靛厂绣园小区6号楼后,0,6,四环至五环,公共停车场
998,华商信联,丰台区玉泉物业管理中心大成路24号院公共充电站,社会公用,大成路24号院,0,5,四环至五环,公共停车场
999,华商信联,丰台区玉泉物业管理中心吴家村2号院公共充电站,社会公用,吴家村路2号院,0,20,四环至五环,公共停车场
1000,富电易充,加州水郡光伏充电站,社会公用,房山区长阳松园西路加州水郡商业广场,14,9,五环至六环,商业区
1001,富电易充,万丰小吃城充电站,社会公用,万丰路306号万丰小吃城,12,0,三环至四环,商业区
1002,富电易充,望京鹿港嘉苑充电站,社会公用,朝阳区花家地鹿港嘉苑旁,3,3,四环至五环,商业区
1003,一充科技,北京望京文化产业园充电站,社会公用,望京街与阜安西路交叉口东南200米北京文化产业园,4,0,四环至五环,科技园区
1004,万城万充,华睦大厦充电站,社会公用,马连道南街6号院,2,0,二环至三环,商业区
1005,万城万充,翔达大厦充电站,社会公用,广安门内街道广安门内大街167号翔达大厦,6,0,二环内,酒店宾馆
1006,富电易充,万柳公寓三区外围光伏充电站,社会公用,北京市海淀区万柳中路29号院,6,0,三环至四环,教育院校
1007,依威能源,清华科技园·创业大厦,社会公用,清华园街道中关村东路1-3号,8,0,四环至五环,商务办公区
1008,特来电,北京三里屯太古里南区宝马即时充电站,社会公用,三里屯路18号,5,5,二环至三环,车企4S店
1009,特来电,北京市石楼镇成教学校充电站,社会公用,石楼镇,1,6,六环外,教育院校
1010,特来电,北京七彩佳合充电站,社会公用,北石槽镇东石槽村安妮农庄,3,9,六环外,经营性场所
1011,特来电,中关村集成电路设计园充电站,社会公用,丰豪东路,0,0,五环至六环,工业园区/厂区
1012,特来电,乐家中恒超能充电站,社会公用,京良路10号乐家购物中心,11,0,四环至五环,商业区
1013,宇乾能源,中粮置地广场B2层,社会公用,北京市东城区安定门外大街208号,2,3,二环至三环,商业区
1014,宇乾能源,中粮置地广场B3层,社会公用,北京市东城区安定门外大街208号,2,3,二环至三环,商业区
1015,万城万充,中关村展示中心充电站,社会公用,北京市海淀区新建宫门路2号院4号门内侧,6,0,四环至五环,企事业单位
1016,万城万充,北京东方华瑞文化产业中心充电站,社会公用,北京市朝阳区常营乡管庄路150号地面停车场,26,0,五环至六环,产业园区
1017,万城万充,腾讯众创空间充电站,社会公用,北京市昌平区回龙观东大街338号,14,0,五环至六环,商业区
1018,一充科技,北京唐人街购物广场充电站,社会公用,民族园路2号唐人街购物广场地下B1,20,0,三环至四环,商业区
1019,一充科技,北京博雅西园充电站,社会公用,农大南路博雅西园小区3号楼地下一层停车场,6,0,五环至六环,商业区
1020,北京驿联,北京航空航天大学沙河校区充电站,社会公用,沙河高教园南三街9号,2,3,五环至六环,教育院校
1021,智电速能,西二旗桥下充电站,社会公用,上地东路/西二旗桥交叉路口桥下,20,0,五环至六环,桥下空间
1022,合众融通,通州区马驹桥镇物流基地恒日电动汽车公共充电站,社会公用,北京市通州区马驹桥镇物流基地兴贸二街15号南侧停车场,18,0,五环至六环,产业园区
1023,依威能源,北方中惠国际中心华夏银行地下停车场,社会公用,北京市石景山区政达路,0,6,四环至五环,商业区
1024,牛充,金隅国际地面充电站直流快充,社会公用,望京街道望京西路48-6号,8,0,四环至五环,大型商业购物中心
1025,万城万充,辉煌国际广场充电站,社会公用,北京市海淀区上地十街1号院地下二层停车场,10,0,五环至六环,商业区
1026,智电速能,顺义京密路后沙峪段8号2号院充电站,社会公用,后沙峪镇京密路后沙峪段8号（铁匠营村西北侧）2号院,36,0,五环至六环,村镇
1027,华商信联,丰台区广济医院公共充电站,社会公用,花乡纪家庙丰台区东路169号,0,8,四环至五环,医疗机构
1028,华商信联,丰台区岳各庄批发市场公共充电站,社会公用,丰台西四环中路126号,4,15,四环至五环,经营性场所
1029,易充得,新国展充电站,社会公用,顺义区天竺镇裕丰路西侧（中国联通对面）,40,0,五环至六环,公共停车场
1030,依威能源,融新科技中心C区B1停车场出口,社会公用,来广营镇广顺北大街36号院,2,6,四环至五环,商务办公区
1031,依威能源,信然庭（摩根中心）,社会公用,天桥街道太平街6号,0,12,二环至三环,商业区
1032,依威能源,东领鉴筑停车场,社会公用,三间房镇定福庄北街23号院,0,6,五环至六环,公共停车场
1033,依威能源,大唐高新技术创业园,社会公用,北苑街道八里桥南街15,0,8,五环至六环,商业区
1034,依威能源,北京鑫华鑫星商场,社会公用,西罗园街道角门北路甲8,0,6,三环至四环,公共停车场
1035,依威能源,化工大楼,社会公用,东铁匠营街道顺八条1号,2,6,三环至四环,公共停车场
1036,依威能源,长阳半岛金街（北京房山印象城项目金街停车场）,社会公用,长阳镇长阳路38,0,24,五环至六环,商务办公区
1037,依威能源,华冠欢乐城,社会公用,城关街道矿机南路1号院,0,6,六环外,公共停车场
1038,依威能源,肖庄福源宾馆,社会公用,阎村镇凯旋大街70号,0,6,五环至六环,公共停车场
1039,依威能源,绿城雅居商铺,社会公用,沙河镇百沙路8,0,6,五环至六环,公共停车场
1040,万城万充,尚街购物中心充电站,社会公用,北京市朝阳区甘露园南里25号朝阳园8号楼地下一层停车场,8,0,四环至五环,商业区
1041,万城万充,北京市丰台区总部基地（二区）充电站,社会公用,北京丰台区南四环西路188号总部基地二区,4,0,四环至五环,科技园区
1042,万城万充,北京市丰台区总部基地（三区）充电站,社会公用,北京丰台区南四环西路188号总部基地三区,4,0,四环至五环,科技园区
1043,万城万充,北京市丰台区总部基地（六区）充电站,社会公用,北京丰台区南四环西路188号总部基地六区,6,0,四环至五环,科技园区
1044,万城万充,北京市丰台区总部基地（七区）充电站,社会公用,北京丰台区南四环西路188号总部基地七区,4,0,四环至五环,科技园区
1045,万城万充,北京市丰台区总部基地（十一区）充电站,社会公用,北京丰台区南四环西路188号总部基地十一区,4,0,四环至五环,科技园区
1046,万城万充,北京市丰台区总部基地（十五区）充电站,社会公用,北京丰台区南四环西路188号总部基地十五区,8,0,四环至五环,科技园区
1047,万城万充,北京市丰台区总部基地（十六区）充电站,社会公用,北京丰台区南四环西路188号总部基地十六区,6,0,四环至五环,科技园区
1048,万城万充,北京市丰台区总部基地（八区）充电站,社会公用,北京丰台区南四环西路1188号总部基地八区,4,0,四环至五环,科技园区
1049,优盛智控,创客小镇充电站,社会公用,北京市海淀区向山路辅路中关村创客小镇,4,0,五环至六环,公共停车场
1050,EC动力,北京市顺义区航港新能源车充电场站,社会公用,北京市顺义区南法信镇南岗路航港物流园,48,0,五环至六环,公共停车场
1051,云快充,平谷区普洛斯平谷物流园充电站,社会公用,北京市北京市平谷区北京市平谷区马坊规划六路东150米普洛斯平谷物流园,4,0,六环外,工业园区/厂区
1052,云快充,顺义空港普洛斯充电站,社会公用,北京市北京市顺义区顺畅大道15号空港普洛斯物流园西区,8,0,六环外,工业园区/厂区
1053,易充得,艾弘充电站三期,社会公用,顺义区火寺路赵全营段77号,6,0,六环外,公共停车场
1054,易达新能,数字传媒大厦,社会公用,北京市海淀区信息路7号数字传媒大厦,0,2,五环至六环,商业区
1055,易达新能,檀香府电站,社会公用,北京市门头沟区潭拓寺镇京潭东一路檀香府9号院,0,6,六环外,商业区
1056,易达新能,渡业大厦,社会公用,北京市丰台区园博园南路1号渡业大厦,1,4,五环至六环,商业区
1057,特瓦特,特瓦特宝隆超级充电站,社会公用,北京市丰台区南三环西路91号院宝隆大厦西院,40,12,二环至三环,商务办公区
1058,一充科技,北京朝阳华纺新天地充电站,社会公用,青年路27号院华纺新天地地下B3停车场,16,0,四环至五环,商业区
1059,万马爱充,万马爱充泊安飞环宇停车场站,社会公用,北京市顺义区李天路寰宇科技园西侧,16,0,五环至六环,公共停车场
1060,万马爱充,万马爱充东大停车场（南区）,社会公用,北京市海淀区上地西路与G7京新高速出口交叉口西南50米东大停车场内,40,0,五环至六环,公共停车场
1061,万马爱充,万马爱充东大停车场站（北区）,社会公用,北京市海淀区上地西路与G7京新高速出口交叉口西南50米东大停车场内,72,0,五环至六环,公共停车场
1062,云快充,通州区马驹桥普洛斯充电站,社会公用,通州区马驹桥物流基地兴贸一街道15号,4,0,五环至六环,物流园
1063,特瓦特,特瓦特回龙观超级充电站,社会公用,回龙观镇二拨子路时代文具公司,30,0,五环至六环,大型商业购物中心
1064,北京驿联,北京海淀区航空航天大学本校IRC大楼南侧充电站,社会公用,北京市海淀区学院路37号,6,7,三环至四环,教育院校
1065,北京驿联,北京海淀区航空航天大学本校校医院西侧充电站,社会公用,北京市海淀区学院路37号,0,7,三环至四环,教育院校
1066,北京驿联,北京市东北旺百旺绿荫停车场充电站,社会公用,北京市海淀区东北旺南路33号,22,0,五环至六环,公共停车场
1067,北京驿联,北京语言大学充电站,社会公用,北京市海淀区学院路15号,2,6,四环至五环,教育院校
1068,北京驿联,北京市海淀区师范大学科技楼西侧停车场,社会公用,北京市海淀区新街口外大街19号科技楼西侧,2,6,二环至三环,教育院校
1069,星星充电,鸿坤金融谷,社会公用,西红门镇寿宝庄鸿坤金融谷,10,0,五环至六环,产业园区
1070,星星充电,国盛科技园,社会公用,经济技术开发区康定街1号,8,0,五环至六环,产业园区
1071,星星充电,军民融合创新工场,社会公用,南三环西路88-1号,16,0,四环至五环,科技园区
1072,星星充电,万达广场（北京CBD店）,社会公用,建国路93号院,4,0,三环至四环,商业区
1073,星星充电,天润财富中心,社会公用,天润财富中心B2层停车场2073车位,2,0,二环内,商业区
1074,星星充电,红星美凯龙（西四环店）,社会公用,北京市丰台区西四环中路113号红星美凯龙,16,0,三环至四环,大型商业购物中心
1075,一充科技,北京海淀银网中心充电站,社会公用,知春路113号银网中心地下二层停车场,8,0,三环至四环,商务办公区
1076,一充科技,北京亦庄鸿坤生物医药园充电站,社会公用,鸿坤智谷生物医药园地下停车场,12,0,五环至六环,商业区
1077,万城万充,歌华大厦充电站,社会公用,青龙胡同1号,10,0,二环内,商务办公区
1078,万城万充,京纸大厦充电站,社会公用,广渠路39号,14,0,三环至四环,商务办公区
1079,万城万充,京纸大厦充电站交流充电区,社会公用,广渠路39号,0,2,三环至四环,商务办公区
1080,星星充电,陶然中海地产广场,社会公用,东城区北京市东城区中海地产广场,6,0,二环至三环,商业区
1081,高陆通,唐家岭站,社会公用,北京市海淀区西北旺镇友谊路81号,32,0,六环外,村镇
1082,万城万充,茂华大厦充电站,社会公用,八角街道时代花园南路17号,6,0,五环至六环,商务办公区
1083,万城万充,东联大厦充电站,社会公用,德胜门东大街8号,10,0,二环内,商务办公区
1084,星星充电,武警特警学院,社会公用,小汤山白马路甲1号,18,0,六环外,教育院校
1085,星星充电,汇航桃园,社会公用,兴寿真怀昌路6号,10,30,五环至六环,经营性场所
1086,特瓦特,特瓦特居然之家超级充电站,社会公用,北京市朝阳区南四环东路1号居然之家(餐厨酒店用品MALL店)停车场内,40,0,三环至四环,大型商业购物中心
1087,突破雪花,突破科技园快速充电站,社会公用,大红门久敬庄56号,8,0,四环至五环,科技园区
1088,华商三优,海淀区城建大厦优易充小站,社会公用,海淀区北太平庄路18号,3,0,三环至四环,商务办公区
1089,华商三优,通州区永乐店卫生院优易充小站,社会公用,通州区永乐大街20号,1,9,六环外,医疗机构
1090,亚胜置业,亚胜铂第公馆充电站,社会公用,方庄南路2号亚胜铂第公馆,12,7,二环至三环,其他
1091,智电速能,后沙峪段8号1号院充电站,社会公用,后沙峪镇京密路后沙峪段8号（铁匠营村西北侧）2号院,24,0,五环至六环,村镇
1092,雁泉科技,顺义区法医院优易充小站,社会公用,顺义区法医街3号,10,0,六环外,医疗机构
1093,智电速能,经海二路5号北量充电站,社会公用,北京市通州区经海二路5号,28,0,五环至六环,产业园区
1094,山海间科技,北京朝阳汇佳大厦充电站,社会公用,北京市朝阳区东三环北路6号汇佳大厦地下二层,10,0,三环至四环,商务办公区
1095,山海间科技,北京朝阳林达海渔广场充电站,社会公用,北京市朝阳区东四环南路53号院林达海渔广场院内地面停车场,20,0,三环至四环,商业区
1096,星创蔚蓝,蔚蓝环铁电动汽车充电项目,社会公用,南皋路518号（环行试验线外侧）,20,0,五环至六环,其他
1097,万芳顺通,丰台区万芳亭公园优易充小站,社会公用,丰台区南三环西路甲3号,8,0,三环至四环,公共停车场
1098,泰然创业,石景山区古城创业大厦充电站,社会公用,石景山区田顺庄北路1号院,2,39,五环至六环,商务办公区
1099,特来电,通厦新奥广场充电站,社会公用,安立路3通厦新奥广场,20,0,五环至六环,商业区
1100,日盛天宇,云北日盛天宇公共充电站,社会公用,北京市密云区云秀路1号院云北小区,6,0,六环外,公交车场站
1101,一充科技,北京朝阳卜蜂莲花充电站,社会公用,北苑路42号地下一层停车场,8,0,五环至六环,公共停车场
1102,海绿运,北京海绿运运输有限公司充电站,社会公用,苏家坨苏家坨南安河路5号,12,0,五环至六环,其他
1103,特来电,上东双子座充电站,社会公用,东四环北路2号上东双子座地下停车场P3层,12,0,四环至五环,商务办公区
1104,万城万充,国际财源中心充电站,社会公用,北京市朝阳区建国门外大街8号楼国际财源中心下三层停车场,10,0,二环至三环,商务办公区
1105,星星充电,红星美凯龙北五环店,社会公用,来广营西路59号,16,0,五环至六环,商业区
1106,星星充电,天道联合大厦,社会公用,经海四路35号院1号楼,16,6,五环至六环,商务办公区
1107,星星充电,常楹大厦,社会公用,朝阳北路与管庄路交界处东南500米,10,0,五环至六环,商务办公区
1108,星星充电,北京房山中粮集团一期充电站,社会公用,琉璃河镇沙岗街6号院中粮健康科技园综合楼5楼前边,4,0,六环外,产业园区
1109,牛充,北京朝阳世茂工三充电站,社会公用,工人体育场北路13号院,20,0,二环至三环,大型商业购物中心
1110,牛充,褡裢坡地铁北侧充电站,社会公用,定福庄路变电站北院,4,0,五环至六环,产业园区
1111,京南兴海育福,魏善庄充电站,社会公用,北京兴达信金属制品有限公司院内,10,0,六环外,村镇
1112,京南兴海育福,大兴采育充电站,社会公用,大兴采育福源路口公交站,20,0,六环外,村镇
1113,北京兴行新能源,房山区田各庄村北京兴行充电站,社会公用,房山区城关街道田各庄村村委会北200米,12,0,六环外,企事业单位
1114,北京驿联,北京市天地邻枫地下停车场充电站,社会公用,北京市海淀区永泰庄北路1号天地邻枫产业园地下停车场,0,6,五环至六环,商务办公区
1115,亚电新能源,北京市顺义区府右街6号西南停车场充电站(交流充电站）,社会公用,顺义区天竺镇政府停车场,0,30,五环至六环,公共停车场
1116,亚电新能源,北京市顺义区马坡千亩森林公园停车场,社会公用,马坡千亩森林公园停车场,0,20,六环外,公共停车场
1117,特瓦特,特瓦特财满街超级充电站,社会公用,北京市朝阳区朝阳路69号院东北侧地面停车场（平安银行对面）,26,0,四环至五环,商务办公区
1118,特瓦特,特瓦特刘家窑超级充电站,社会公用,北京市丰台区南三环东路辅路23号天创盛方中心地面停车场,24,0,二环至三环,商务办公区
1119,特瓦特,特瓦特京食写字楼超级充电站,社会公用,北京市大兴区黄村东大街1-12号瑞程奥特莱斯地面停车场,24,0,五环至六环,商业区
1120,依威能源,富力双子座B座,社会公用,朝阳区东三环中路55号院,0,5,二环至三环,商务办公区
1121,依威能源,振东138快捷酒店(欢乐谷店),社会公用,朝阳区垡头金蝉北里14号楼（厚金路与金蝉北路交汇处东北角）,1,2,四环至五环,商业区
1122,特来电,北京恒泉俱乐部充电站,社会公用,雁栖不夜谷莲花池138号,1,4,六环外,旅游景点
1123,万城万充,风度柏林充电站,社会公用,西大望路59号地面停车场,0,9,三环至四环,其他
1124,富电易充,怡和阳光大厦充电站,社会公用,怡和阳光大厦C座地下三层(东土城路12号),0,6,二环至三环,商务办公区
1125,钰瑞祥,丽泽桥居然之家充电站,社会公用,北京市丰台区西三环南路甲27号,14,0,三环至四环,大型商业购物中心
1126,万城万充,恒祥大厦充电站,社会公用,团结湖南里15号恒祥大厦,8,0,三环至四环,商务办公区
1127,北京电力公司,北京市海淀区五棵松体育中心充电站,社会公用,北京市海淀区复兴路69号华熙liveB2停车场A区,80,120,三环至四环,大型商业购物中心
1128,云普创想,北京顺义蓝海苑社区充电站,社会公用,蓝海苑社区1号楼前侧临停车位,6,0,六环外,公共停车场
1129,新巢智能,益园文化创意产业基地,社会公用,北京市海淀区杏石口路80号益园文化产业基地,10,5,四环至五环,产业园区
1130,万城万充,环球创意广场充电站,社会公用,阜荣街10号环球创意广场地下二层停车场,4,0,四环至五环,商务办公区
1131,牛充,光华荣昌充电站,社会公用,北京市昌平区流村镇工业区,12,0,六环外,其他
1132,智电速能,航天二桥充电站,社会公用,西北旺航天城二桥桥下,18,0,五环至六环,桥下空间
1133,易充得,科创停车场充电站,社会公用,顺义区仁和镇双河路北（杜杨南街与顺兴路交叉路口向东100米路北）,20,0,六环外,其他
1134,新巢智能,国能大厦,社会公用,丰台区丰葆路17号,4,0,四环至五环,其他
1135,京能电力,北京市海淀区大运村立体停车设施充储站,社会公用,知春路与新村路交叉口西北角,40,0,三环至四环,公共停车场
1136,新源恒远,新源恒远公共站015-汇海停车场充电站,社会公用,北京市大兴区康庄路52号14号楼汇海停车场,0,5,五环至六环,公共停车场
1137,一充科技,北京丰台宝隆充电站,社会公用,南三环万柳桥宝隆大厦地下停车场,20,0,二环至三环,商业区
1138,一充科技,北京海淀沁春汇充电站,社会公用,建材城西路62号北京沁春家园北门外地面停车场,6,0,五环至六环,商业区
1139,吉事能源,北科大体育馆地上充电站,社会公用,北京市海淀区学院路30号,6,14,四环至五环,教育院校
1140,新巢智能,金园国际中心,社会公用,北京市海淀区东冉北街9号,6,12,四环至五环,产业园区
1141,北京绿桩,西二旗充电站,社会公用,西二旗桥下,32,0,二环至三环,商业区
1142,北京电力公司,北京市房山区阎村镇南梨园村充电站,社会公用,北京市房山区阎村镇南梨园村停车场,4,0,六环外,村镇
1143,北京电力公司,北京市房山区青龙湖镇水峪村充电站,社会公用,北京市房山区青龙湖镇水峪村停车场,8,0,六环外,村镇
1144,北京电力公司,北京市房山区韩村河旅游景村充电站,社会公用,北京市房山区韩村河旅游景村,5,0,六环外,村镇
1145,北京电力公司,北京市房山区韩村河附属门诊楼充电站,社会公用,北京市房山区韩村河附属门诊楼停车场,8,0,六环外,村镇
1146,北京电力公司,北京市房山区周口店镇大韩继村充电站,社会公用,北京市房山区周口店镇大韩继村菜市场停车场,4,0,六环外,村镇
1147,北京电力公司,北京市房山区篱笆房轻轨站停车场公共充电站2019,社会公用,北京市房山区轻轨房山线篱笆房站东侧停车场内,8,0,六环外,村镇
1148,优速程式,和美购物广场充电站,社会公用,北京市平谷区文化北街7号院和美购物广场,0,5,六环外,大型商业购物中心
1149,惠车充,自主创新大厦,社会公用,上地创业路6号,0,6,二环内,科研院所
1150,丰汇物业,丰融国际大厦充电站,社会公用,金融街街道太平桥大街18号,2,2,二环内,商务办公区
1151,丰汇物业,丰铭国际大厦充电站,社会公用,金融街街道丰盛胡同22号,2,1,二环内,商务办公区
1152,今电能源,双清大厦新增站点,社会公用,双清路77号院,0,13,四环至五环,商务办公区
1153,今电能源,泰豪智能大厦,社会公用,大兴区运成街2号,0,8,五环至六环,商务办公区
1154,以电航空,首都机场1号停车场充电场站,社会公用,首都机场T1航站楼P1号停车场内,6,2,六环外,机场
1155,以电航空,首都机场2号停车楼B1层充电场站,社会公用,首都机场T2航站楼2号停车场B1层,32,0,六环外,机场
1156,以电航空,首都机场GTC停车楼E区充电场站,社会公用,首都机场T3航站楼GTC-E区,16,0,五环至六环,公共停车场
1157,以电航空,首都机场GTC停车楼C区充电场站,社会公用,首都机场T3航站楼GTC-C区,10,0,五环至六环,公共停车场
1158,优速程式,怀柔区汤河口公路服务站充电站,社会公用,汤河口镇汤河口大街69号,0,2,六环外,其他
1159,以电航空,首都机场航安北路充电场站,社会公用,首都机场航安北路1号,4,7,五环至六环,公共停车场
1160,优智桩,优智华远好天地充电站,社会公用,北京市通州区九棵树东路446号华远好天地中心(通州区砖厂南里46号）,47,0,五环至六环,大型商业购物中心
1161,以电航空,首都机场T3停车场充电场站,社会公用,顺义区四经路P7大巴停车场内,20,0,五环至六环,公交车场站
1162,北京碧辟新能源,朝阳区国家体育场南路停车场,社会公用,北京市朝阳区北辰东路15号北京奥林匹克公园中心区停车场,30,0,四环至五环,旅游景点
1163,北京碧辟新能源,海淀区中华世纪坛停车场,社会公用,北京市海淀区复兴路甲9号,4,0,二环至三环,旅游景点
1164,以电航空,首都机场国门健身馆充电场站,社会公用,首都机场六经路北侧尽头,40,0,五环至六环,公共停车场
1165,以电航空,首都机场西区停车场充电场站,社会公用,首都机场1号航站楼丽豪酒店北侧,32,0,五环至六环,公共停车场
1166,以电航空,首都机场西区3号停车场充电场站,社会公用,首都机场1号航站楼3号停车场,50,0,五环至六环,公共停车场
1167,民益科技,北京河北村民俗文化园充电站,社会公用,北京市顺义区河北村东路12号,20,0,六环外,旅游景点
1168,众充新能源,众充-地坛医院顺义分院,社会公用,李遂镇南孙路李遂段799号,0,1,六环外,医疗机构
1169,众充新能源,众充-北京地坛医院朝阳分院,社会公用,京顺东街8号,0,6,四环至五环,医疗机构
1170,众充新能源,众充-中关村科技发展大厦A座,社会公用,中关村南大街32号,0,1,二环至三环,商业区
1171,北京碧辟新能源,海淀区中关村资本大厦,社会公用,北京市海淀区学院路62号,4,0,二环至三环,商务办公区
1172,云快充,北京市顺义区普洛斯（北京）顺航物流园区,社会公用,顺义区顺航路8号院,20,0,五环至六环,物流园
1173,吉事能源,北京中关村西区地下充电站,社会公用,北京市海淀区彩和坊路8号地下车库B3层H区,0,30,三环至四环,商务办公区
1174,新源恒远,新源恒远公共站022-万丰路充电站,社会公用,北京市丰台区万丰路300号万丰商务楼停车场,0,5,三环至四环,公共停车场
1175,新源恒远,东明文化产业园A区充电站,社会公用,北京市通州区环科中路9号,0,5,六环外,产业园区
1176,新源恒远,东明文化产业园B区充电站,社会公用,北京市通州区环宇东四路149号,0,5,六环外,产业园区
1177,新源恒远,新源恒远公共站036-摩码大厦充电站,社会公用,北京市朝阳区朝阳北路199号,0,5,三环至四环,商务办公区
1178,众星汇聚,新未来北京瑞荣大厦充电站,社会公用,南苑北里2区6号楼,23,0,四环至五环,公共停车场
1179,星星充电,千方大厦,社会公用,软件园2号路千方大厦,16,1,五环至六环,产业园区
1180,北京电力公司,京礼高速阪泉服务区充电站(崇礼方向),社会公用,京礼高速阪泉服务区充电站(崇礼方向),16,0,六环外,高速服务区
1181,北京电力公司,京礼高速阪泉服务区充电站(北京方向),社会公用,北京市延庆区京礼高速阪泉服务区（北京方向）,16,0,六环外,高速服务区
1182,北京电力公司,北京市通州区环球影城主题公园停车楼地上充电站,社会公用,北京市通州区环球影城主题公园地上一层停车场,6,0,五环至六环,商业区
1183,北京电力公司,北京市通州区环球影城主题公园城市大道充电站,社会公用,北京市通州区张家湾镇张彩路,0,21,五环至六环,商业区
1184,北京电力公司,北京市通州区环球影城主题公园1B酒店充电站,社会公用,北京市通州区环球影城1B酒店停车场,0,48,五环至六环,商业区
1185,北京电力公司,北京市通州区环球影城主题公园1A酒店充电站,社会公用,北京市通州区环球影城1A酒店地下一层停车场,0,6,五环至六环,商业区
1186,北京电力公司,北京市石景山区新安公园充电站,社会公用,北京市石景山区新安路首钢办公大院西侧,6,0,五环至六环,城市公园绿地
1187,北京电力公司,北京市石景山区首钢制氧厂南充电站,社会公用,北京市石景山区首钢氧气厂石景山路68号,0,20,五环至六环,企事业单位
1188,北京电力公司,北京市石景山区首钢脱硫车间充电站,社会公用,北京市石景山区首钢新厂东门广场,2,2,五环至六环,工业园区/厂区
1189,北京电力公司,北京市石景山区首钢电厂酒店B2地下停车场充电站,社会公用,北京市石景山区金顶西街5号,0,20,五环至六环,酒店宾馆
1190,北京电力公司,北京市石景山区北京银行产业园公共充电站,社会公用,北京市石景山区金府路32号院3号楼,0,13,五环至六环,企事业单位
1191,北京电力公司,北京市石景山区八角游乐园西南门停车场充电站,社会公用,北京市石景山区八角东街石景山路25号,12,0,五环至六环,旅游景点
1192,北京电力公司,北京市密云区邑仕庄园公共充电站,社会公用,北京市密云区邑仕庄园太师屯镇流河峪村,4,0,六环外,旅游景点
1193,北京电力公司,北京市密云区雾灵西峰充电站,社会公用,北京市密云区雾灵西峰景区停车场,6,0,六环外,旅游景点
1194,北京电力公司,北京市密云区石城镇云蒙山风景区公共充电站,社会公用,北京市密云区分水岭梁路,4,0,六环外,旅游景点
1195,北京电力公司,北京市密云区十里堡供电所充电站,社会公用,北京市密云县十里堡镇程家庄村北,5,0,六环外,企事业单位
1196,北京电力公司,北京市密云区不老屯镇政府充电站,社会公用,北京市密云区不老屯镇政府院外停车场,4,0,六环外,政府机构
1197,北京电力公司,北京市门头沟区南港村委会充电站,社会公用,北京市门头沟区南港村村委会,2,1,六环外,企事业单位
1198,北京电力公司,北京市海淀区中间艺术区城市充电站,社会公用,北京市海淀区杏石口路南,3,6,四环至五环,商业区
1199,北京电力公司,北京市海淀区玉泉商业中心停车场充电站,社会公用,北京市海淀区玉泉路6号院,8,0,四环至五环,商业区
1200,北京电力公司,北京市海淀区友谊宾馆充电站,社会公用,北京市海淀区中关村南大街1号,4,2,二环至三环,酒店宾馆
1201,北京电力公司,北京市海淀区首都师范大学东1区公共充电站,社会公用,北京市海淀区白锥子甲23号院,8,0,二环至三环,教育院校
1202,北京电力公司,北京市石景山区金顶山停车场西侧充电站,社会公用,北京市石景山区八角派出所西侧路,0,8,五环至六环,公共停车场
1203,北京电力公司,北京市门头沟区石厂地铁站停车场充电站,社会公用,北京市门头沟区S1线石门营站停车场,9,9,六环外,地铁站
1204,北京电力公司,北京市丰台区紫谷依甸园充电站,社会公用,北京市丰台区农场路9号停车场,6,0,五环至六环,旅游景点
1205,北京电力公司,北京市丰台区中都大厦充电站,社会公用,北京市丰台区西四环南路18号地上停车场,17,0,三环至四环,企事业单位
1206,北京电力公司,北京市丰台区丰台体育中心东侧充电站,社会公用,北京市丰台区西四环南路55号,18,0,四环至五环,体育场馆
1207,北京电力公司,北京市房山区北潞园农商银行充电站,社会公用,北京市房山区良乡北潞园小区农商银行门前停车场,8,0,五环至六环,企事业单位
1208,北京电力公司,北京市大兴区义和庄停车场充电站,社会公用,北京市大兴区黄村镇义和庄西路义和庄停车场,8,0,五环至六环,产业园区
1209,北京电力公司,北京市大兴区黄村镇西庄路18号充电站,社会公用,北京市大兴区天堂公墓停车场,8,0,六环外,其他
1210,北京电力公司,北京市大兴区临空经济区自贸区公共充电站,社会公用,北京市大兴区礼贤镇礼柏路,22,15,六环外,机场
1211,北京电力公司,大兴机场高速礼贤服务区充电站（机场方向）,社会公用,北京市大兴区礼贤服务区（机场方向）停车场,24,0,六环外,高速服务区
1212,特瓦特,特瓦特果园环岛超级充电站,社会公用,果园大街28号果园环岛停车楼1层东侧,24,0,五环至六环,公共停车场
1213,北京电力公司,北京市大兴区大兴国际机场1号充电站,社会公用,北京市大兴区礼贤镇天兴一街北京大兴国际机场工作区,59,47,六环外,机场
1214,北京电力公司,京礼高速上店服务区充电站（崇礼方向）,社会公用,北京市昌平区上店服务区（崇礼方向）,12,0,六环外,高速服务区
1215,北京电力公司,京礼高速上店服务区充电站（北京方向）,社会公用,北京市昌平区上店服务区停车场（北京方向）,12,0,六环外,高速服务区
1216,润诚达,北京舞蹈学院,社会公用,北京市海淀区万寿寺路1号,6,0,二环至三环,教育院校
1217,利嘉新能源,华海田园度假村充电站,社会公用,旧县镇北张庄村西-北京华海田园度假村,0,3,六环外,商业区
1218,利嘉新能源,客顺利隆农家院充电站,社会公用,张山营镇靳家堡村-客顺利隆农家饭庄,0,3,六环外,商业区
1219,首中停车,大兴国际机场驿停车充电站,社会公用,直流：北京大兴国际场P2停车楼1M层07通道，08通道；交流：北京大兴国际场P3停车楼21通道，22通道,42,10,六环外,机场
1220,海悦明宇,北京海淀依斯特大厦充电站,社会公用,北京市海淀区四季青镇东冉北街依斯特大厦,10,0,四环至五环,公共停车场
1221,国电亿能,亦庄大族广场公共充电站,社会公用,北京市大兴区荣华南路与荣京东街交汇处大族广场B1,4,6,五环至六环,大型商业购物中心
1222,星星充电,新华国际广场,社会公用,新华国际广场B1和B2地下停车场,26,5,三环至四环,商业区
1223,牛充,北京南站首农双创中心快充站,社会公用,草桥东路2号新华创新产业园B1层,20,0,三环至四环,科技园区
1224,牛充,朝阳区来广营充电站,社会公用,北京市朝阳区来广营北路1号,28,0,五环至六环,产业园区
1225,智电速能,铁科院充电站,社会公用,北京市酒仙桥环形铁路东南侧东坝停车场,22,0,五环至六环,村镇
1226,瞬卜,快卜北京垡头永辉充电站,社会公用,北京市朝阳区垡头街道垡头翠成馨园垡头翠成馨园南区,8,0,四环至五环,大型商业购物中心
1227,瞬卜,快卜北京鲁谷永辉充电站,社会公用,北京市石景山区八宝山街道永辉超市(鲁谷店)永辉广场,8,0,四环至五环,大型商业购物中心
1228,北京电力公司,北京市通州区环球影城主题公园停车楼地下充电站,社会公用,北京市通州区环球影城主题公园停车楼地下一层,0,11,五环至六环,商业区
1229,开迈斯,北京市京荟文化广场产业园地下直流站,社会公用,梅市口路133号京荟文化广场,16,0,四环至五环,产业园区
1230,一充科技,北京石景山京汉大厦充电站,社会公用,实业东街8号京汉大厦地面停车场,6,0,五环至六环,产业园区
1231,一充科技,北京朝阳新源里充电站,社会公用,格纳斯大厦地面停车场,6,0,二环至三环,商业区
1232,一充科技,北京朝阳蓝堡北区充电站,社会公用,北京市朝阳区蓝堡国际公寓-北区地下停车场,6,0,三环至四环,公共停车场
1233,一充科技,北京朝阳蓝堡南区充电站,社会公用,北京市朝阳区蓝堡国际公寓-南区地下停车场,12,0,三环至四环,公共停车场
1234,一充科技,北京朝阳锐创国际充电站,社会公用,锐创国际中心-B座地面停车场,8,0,四环至五环,产业园区
1235,一充科技,北京大兴中福大厦充电站,社会公用,中福大厦地面停车场,12,0,五环至六环,商务办公区
1236,一充科技,北京朝阳金隅嘉品充电站,社会公用,金隅嘉品Mall地下停车场,8,0,五环至六环,商业区
1237,一充科技,北京亦庄贞观国际充电站,社会公用,贞观国际大厦地面停车场,6,0,五环至六环,商务办公区
1238,一充科技,北京丰台合生广场充电站,社会公用,合生广场地下B3停车场,12,0,二环至三环,商业区
1239,一充科技,北京朝阳苹果社区充电站,社会公用,苹果社区-北区地下停车场,20,0,三环至四环,商业区
1240,一充科技,北京朝阳金盟大厦充电站,社会公用,金盟大厦地面停车场,8,0,四环至五环,商务办公区
1241,北京碧辟新能源,丰台区金隅大成时代充电站,社会公用,北京市丰台区卢沟桥街道西四环中路87号,14,0,四环至五环,商务办公区
1242,一充科技,北京朝阳日坛充电站,社会公用,北京市朝阳区日坛国际贸易中心-B2停车场,30,0,二环至三环,商业区
1243,山海间科技,北京大兴富力盛悦居充电站,社会公用,北京市大兴区旧桥路10号院10号楼富力盛悦居商业楼地下一层,12,0,四环至五环,商业区
1244,山海间科技,北京朝阳服仓文创园充电站,社会公用,北京市朝阳区高碑店乡北花园村3-1号（金卫路9号）服仓文创园,6,0,五环至六环,产业园区
1245,山海间科技,北京亦庄耐威科技充电站,社会公用,北京经济技术开发区科创十三街1号院耐威科技产业园,28,0,五环至六环,产业园区
1246,畅的智能,北京房山中润通充电站,社会公用,房山长阳中润通院内,20,0,五环至六环,工业园区/厂区
1247,新源恒远,新源恒远公共站065-亦庄7天酒店充电站,社会公用,北京市大兴区亦庄科创三街7天酒店院内小南房楼侧车位,0,5,五环至六环,酒店宾馆
1248,新源恒远,新源恒远公共站074-静之湖休闲山庄充电站,社会公用,北京市昌平区兴寿镇桃峪口桃下路静之湖休闲山庄大门东侧停车场左侧前五个车位,0,5,六环外,旅游景点
1249,开迈斯,北京市朝阳西奥中心地下直流站,社会公用,风林绿洲I甲、乙号楼西奥中心B1停车场,12,0,四环至五环,大型商业购物中心
1250,开迈斯,北京市建外SOHO西区地下直流站,社会公用,东三环中路建外SOHO西区B2,12,0,三环至四环,商务办公区
1251,开迈斯,北京市西单大悦城直流站,社会公用,西单大悦城B3层,4,0,二环内,大型商业购物中心
1252,开迈斯,北京市天元港地下直流站,社会公用,东三环北路丙2号天元港中心停车场B2层，新能源车牌可进入,8,0,三环至四环,商务办公区
1253,开迈斯,北京市东盛明发直流站,社会公用,大兴区纪百户街18号院8号楼前停车场,14,0,五环至六环,大型商业购物中心
1254,开迈斯,北京市金辉大厦地下直流站,社会公用,金辉大厦进入B2临时停车层后，第一个路口左转，到路尽头再左转，之后岔路口右转，再左转即到,6,0,四环至五环,商务办公区
1255,开迈斯,北京市朝阳区东风南路一号院交直流站,社会公用,星火西路与东风南路交叉口东南方向东风南路一号院,4,3,四环至五环,工业园区/厂区
1256,德仕安,北京富力广场,社会公用,双井街道东三环中路65号楼,0,2,二环至三环,大型商业购物中心
1257,德仕安,中铁桥梁,社会公用,大件路1号,1,6,六环外,产业园区
1258,利嘉新能源,双信便利店充电站,社会公用,香营乡双信便利店,0,12,六环外,商业区
1259,利嘉新能源,香营乡政府篮球场停车场充电站,社会公用,香营乡镇府篮球场停车场,0,6,六环外,村镇
1260,北京电力公司,北京市朝阳区凯迪拉克4S店充电站,社会公用,北京市朝阳区王四营乡五方桥西南角北京方润物业E6区03号1层,6,0,四环至五环,车企4S店
1261,北京电力公司,北京市丰台区丰台体育中心西侧充电站,社会公用,北京市丰台区西四环南路55号,1,1,四环至五环,体育场馆
1262,北京电力公司,北京市大兴区全民健身中心充电站,社会公用,北京市大兴区双高路大兴新城北区全民健身中心停车场,8,0,六环外,城市公园绿地
1263,华商信联,丰台区晓月中路1号充电站,社会公用,晓月中路3号（卢沟桥二小对面）且停酒店门口,5,0,四环至五环,公共停车场
1264,北京电力公司,北京市昌平区奤夿屯新区院外充电站,社会公用,北京市昌平区奤夿屯新区院外上奤路东侧,6,0,六环外,公共停车场
1265,北京电力公司,北京市朝阳区永辉超市（垡头店）充电站,社会公用,北京市朝阳区南杨庄路永辉超市（垡头店）停车场内,2,0,四环至五环,大型商业购物中心
1266,北京电力公司,北京市丰台区怪村亲子动物园充电站,社会公用,北京市丰台区山湖路魏各庄路西怪村亲子动物园停车场,9,0,五环至六环,城市公园绿地
1267,北京电力公司,北京市门头沟区琉璃渠充电站,社会公用,北京市门头沟区石担路琉璃渠村后街停车场,8,0,六环外,公共停车场
1268,惠车充,中黑公共充电站,社会公用,北京市大兴区京南物流基地狼大路与庆丰路交汇口东500米路北,120,0,六环外,物流园
1269,燕房电力,中铁吉盛物流园充电站,社会公用,大兴区天河北路5号中铁吉盛大厦户外停车场,14,0,六环外,物流园
1270,易充得,科创二期充电站,社会公用,北京市顺义区仁和镇顺兴路与杜杨南街交叉楼口向东150米路北,18,0,六环外,公共停车场
1271,零网盛世,朝阳区十里河集团十八里停车场,社会公用,北京市朝阳区大洋坊路10号,0,20,三环至四环,公共停车场
1272,零网盛世,朝阳区十八里店横街子3号停车场B区,社会公用,北京市朝阳区横街子227号,0,13,四环至五环,公共停车场
1273,零网盛世,顺义区李桥村充电站,社会公用,北京市顺义区育才东路24号,0,10,六环外,村镇
1274,零网盛世,朝阳区左家庄南里优易充小站,社会公用,北京市朝阳区左家庄西街6号楼,1,0,二环至三环,物流园
1275,北京壳牌,壳牌蔚云府充电站,社会公用,北京市昌平区满井胡同与西环路交叉路口往东北约90米,10,0,六环外,商业区
1276,国网英大,大兴区鸿坤广场购物中心充电站,社会公用,北京市大兴区宏福路与欣旺北大街交叉口鸿坤广场,10,9,四环至五环,大型商业购物中心
1277,北京碧辟新能源,东城区百荣嘉园大厦充电站,社会公用,北京市东城区西革新里116号院,6,4,二环至三环,商务办公区
1278,零网盛世,朝阳区十八里店横街子3号停车场,社会公用,北京市朝阳区横街子227号,0,14,四环至五环,公共停车场
1279,零网盛世,朝阳区金盏乡东窑村优易充小站,社会公用,北京市朝阳区东窑乡东窑村,0,4,五环至六环,工业园区/厂区
1280,北京电力公司,北京市朝阳区朝阳三建第一建设公司院外充电站,社会公用,朝阳区朝阳三建第一建设工程公司院外,5,0,五环至六环,企事业单位
1281,利嘉新能源,小河屯村小隐轻奢民宿充电站,社会公用,张山营镇小河屯村小隐轻奢民宿,0,4,六环外,酒店宾馆
1282,牛充,通州区韵达总部充电站,社会公用,北京通州区北京市通州区张彩路北大化五木服装厂,10,0,五环至六环,物流园
1283,未来动力,新未来北京伊莎充电站,社会公用,四惠伊莎文心广场,22,0,四环至五环,产业园区
1284,众星汇聚,新未来北京三元桥充电站,社会公用,霞光里1号院,24,0,三环至四环,公共停车场
1285,北京壳牌,壳牌南站立体停车楼充电站,社会公用,北京市丰台区开阳路东侧，北京南站北广场西侧站外立体停车楼,20,0,二环至三环,商业区
1286,特瓦特,特瓦特学院国际超级充电站,社会公用,知春路1号学院国际大厦地面停车场,24,0,三环至四环,商务办公区
1287,特瓦特,特瓦特北沙滩超级充电站,社会公用,北沙滩1号红星美凯龙北四环商场地面停车场,38,0,四环至五环,大型商业购物中心
1288,智通充电,北关清真寺,社会公用,通州区新华北街19号北关清真寺,0,4,五环至六环,公共停车场
1289,智通充电,华纺星海家园,社会公用,朝阳区东坝乡南红松园6号,0,10,五环至六环,公共停车场
1290,智通充电,格调小区,社会公用,西城区马连道路6号院,0,6,二环至三环,公共停车场
1291,智通充电,CBD名车服务中心,社会公用,北京市朝阳区通惠河北路31号,0,3,三环至四环,公共停车场
1292,智通充电,红狮家园（南园）,社会公用,北京市丰台区东铁匠营宋庄路38号,0,6,三环至四环,公共停车场
1293,智通充电,东湖湾商业街,社会公用,"北京市朝阳区利泽西街8号院1号楼119,120,121号",0,6,四环至五环,公共停车场
1294,智通充电,八家嘉园园区地面停车位,社会公用,海淀区月泉路八家嘉园园区地面停车场,0,6,四环至五环,公共停车场
1295,智通充电,燕清源,社会公用,海淀区清河毛纺路26号,0,6,四环至五环,公共停车场
1296,智通充电,永丰嘉园四期,社会公用,北京市海淀区永泽北路6号,0,11,五环至六环,公共停车场
1297,智通充电,翠福园小区充电站,社会公用,北京市通州区源盛东街翠福源小区34号楼前,0,15,五环至六环,公共停车场
1298,智通充电,新华联家园南区充电站,社会公用,北京市通州区梨园翠屏西路新华联家园南区,0,10,五环至六环,公共停车场
1299,智通充电,马连店家园,社会公用,北京市昌平区东小口镇马连店家园,0,10,五环至六环,公共停车场
1300,智通充电,北京洋房,社会公用,北京市昌平区北七家镇七星路216号,0,6,五环至六环,公共停车场
1301,智通充电,金科王府,社会公用,北京市昌平区顺沙路68号,0,1,五环至六环,公共停车场
1302,智通充电,八家嘉园地下停车场,社会公用,海淀区月泉路八家嘉园地下停车场,0,7,四环至五环,公共停车场
1303,智通充电,天创世缘,社会公用,北京市朝阳区大屯路甲21号,0,6,四环至五环,公共停车场
1304,智通充电,八家东升小学停车场,社会公用,月泉路八家嘉园停车场东升小学门口,0,6,五环至六环,公共停车场
1305,智通充电,明天第一城,社会公用,朝阳区立清路明天第一城7号院,0,9,五环至六环,公共停车场
1306,协鑫瑞通,主语国际中心地下停车场充电站,社会公用,北京市海淀区首体南路主语国际7座B3层,2,2,二环至三环,商务办公区
1307,恒通万家,住二充电站,社会公用,安华路17号院停车楼,6,6,二环至三环,公共停车场
1308,新源恒远,新源恒远公共站078-机车检测场充电站,社会公用,大兴区团桂路东17号,4,0,五环至六环,企事业单位
1309,新源恒远,新源恒远公共站089-兴亦兴充电站,社会公用,北京市大兴区兴亦兴区域电动小客车出租有限公司,8,0,五环至六环,企事业单位
1310,特瓦特,二十一世纪超级充电站,社会公用,亮马桥路甲40号,16,0,三环至四环,商务办公区
1311,利嘉新能源,石河营建材城停车场充电站,社会公用,石河营建材城综合楼停车场,0,5,六环外,公共停车场
1312,北京壳牌,壳牌中央新闻纪录电影制片厂充电站,社会公用,中央新闻纪录电影制片厂内,4,0,三环至四环,商业区
1313,开迈斯,北京市昌平区体育活动中心直流站,社会公用,西环路31号体育活动中心地面停车场,4,0,六环外,体育场馆
1314,开迈斯,北京市宏昌商务园直流站,社会公用,双园路1号宏昌商务园地面停车场,4,0,五环至六环,工业园区/厂区
1315,开迈斯,北京市金泰大厦直流站,社会公用,金泰大厦北广场停车场,4,0,二环至三环,商业区
1316,开迈斯,北京市丰台凯德MALL直流站,社会公用,南三环西路16号凯德MALL大峡谷B3,12,0,三环至四环,大型商业购物中心
1317,开迈斯,北京市乐华仕健康产业园直流站,社会公用,城南街道昌盛路12号乐华仕健康产业园地面停车场,12,0,六环外,工业园区/厂区
1318,开迈斯,北京市丰台区丽泽龙湖天街直流站,社会公用,丽泽路16号院1号楼首创丽泽龙湖天街地下B2停车场,8,0,二环至三环,大型商业购物中心
1319,开迈斯,北京市两岸共盈产业园直流站,社会公用,马池口镇横桥村顺沙路两岸共赢产业园地面停车场,8,0,六环外,工业园区/厂区
1320,开迈斯,北京市鲁能美丽汇直流站,社会公用,乾安路与顺恒大街交叉口西176米,12,0,六环外,大型商业购物中心
1321,开迈斯,北京市长楹天街购物中心直流站,社会公用,常通路1号院长楹天街购物中心B3,12,0,五环至六环,大型商业购物中心
1322,开迈斯,北京市半壁店1号文化产业园直流站,社会公用,北京市朝阳区高碑店镇财经会客厅嘉诚半壁店1号文化产业园,3,0,四环至五环,产业园区
1323,开迈斯,北京市斯普瑞斯奥特莱斯直流站,社会公用,金盏乡森林公园东1号奥特莱地面停车场,6,0,五环至六环,大型商业购物中心
1324,开迈斯,北京市西店记忆funstown一期直流站,社会公用,北京市朝阳区百子湾方家村甲18号一期,2,0,四环至五环,产业园区
1325,开迈斯,北京市西店记忆直流站（Funstown）,社会公用,北京市朝阳区百子湾方家村甲18号西店记忆招商中心对面停车场,8,0,四环至五环,产业园区
1326,开迈斯,北京市丰台区新业广场直流站,社会公用,成寿寺路2号新业广场地面停车场,48,0,三环至四环,大型商业购物中心
1327,飞览高科,大兴资源传媒大厦充电站,社会公用,广茂大街38号院1号楼,0,6,五环至六环,商务办公区
1328,利嘉新能源,平谷京东大溶洞充电站,社会公用,黄松峪乡京东大溶洞停车场,0,10,六环外,公共停车场
1329,北京壳牌,壳牌国华充电站直流区,社会公用,北京市昌平区沙河镇壳牌国华加油站出口,14,0,五环至六环,经营性场所
1330,零网盛世,朝阳区大屯地铁站停车场充电站,社会公用,北京市朝阳区大屯地铁站停车场,4,0,四环至五环,公共停车场
1331,利嘉新能源,天云山景区充电站,社会公用,天云山景区路边停车场,0,10,六环外,公共停车场
1332,吉事能源,北京金五星科技园充电站,社会公用,北京市海淀区中关村东路118号南门停车场,24,0,三环至四环,科技园区
1333,吉事能源,北京联东U谷科创中心充电站,社会公用,兴贸一街7号院4号楼,6,6,五环至六环,产业园区
1334,吉事能源,北京珺悦国际充电站,社会公用,北京市大兴区天华大街9号院东侧地面停车场,6,18,六环外,产业园区
1335,开迈斯,北京市石榴中心斯坦福广场地下直流站,社会公用,榴乡路88号石榴中心,8,0,三环至四环,商务办公区
1336,开迈斯,北京市龙湖房山天街地下直流站,社会公用,北京市房山区政通南路2号院1号楼,8,0,五环至六环,大型商业购物中心
1337,开迈斯,北京市宜家家居（四元桥商场）地下交直流站,社会公用,北京市朝阳区阜通东大街59号,8,3,三环至四环,大型商业购物中心
1338,开迈斯,北京市鸿坤广场B座地下直流站,社会公用,G45大广高速27号附近鸿坤广场B座B1层,6,0,四环至五环,大型商业购物中心
1339,开迈斯,北京市人济庄园交直流站,社会公用,桥梓镇人济高尔夫俱乐部人济庄园台关路与郭卧路交叉口北侧953米,4,3,六环外,经营性场所
1340,开迈斯,北京市金城建国5号直流站,社会公用,北京市东城区建国门北大街5号B3,4,2,二环内,商务办公区
1341,开迈斯,北京市远洋未来汇地下直流站,社会公用,北京市朝阳区慈云寺北里210号,12,0,四环至五环,大型商业购物中心
1342,开迈斯,北京市日坛国际中心直流站,社会公用,北京市朝阳区日坛北路17号日坛国际中心,20,0,二环至三环,大型商业购物中心
1343,开迈斯,北京市横琴人寿大厦地下直流站,社会公用,北京市朝阳区建国路108号,6,0,三环至四环,商务办公区
1344,开迈斯,北京市大兴龙湖天街地下直流站（北区）,社会公用,北京市大兴区永兴路7号院,4,0,六环外,大型商业购物中心
1345,开迈斯,北京市大兴龙湖天街地下直流站（南区）,社会公用,北京市大兴区永兴路7号院,16,0,六环外,大型商业购物中心
1346,北京壳牌,壳牌兴怀大街桥下充电站,社会公用,北京市怀柔区车站路兴怀大街立交桥下,26,0,六环外,桥下空间
1347,开迈斯,北京市金宝汇购物中心地下直流站,社会公用,北京市东城区金宝街88号,8,0,二环内,大型商业购物中心
1348,开迈斯,北京市西城区朗琴国际直流站,社会公用,北京市西城区广安门外大街168号,8,0,二环至三环,商务办公区
1349,开迈斯,北京市石景山泰禾新天地直流站（长安中心B4）,社会公用,北京市石景山区鲁谷路泰禾新天地B4,16,0,四环至五环,大型商业购物中心
1350,开迈斯,北京市石景山泰禾新天地直流站（长安中心B3）,社会公用,北京市石景山区鲁谷路泰禾新天地B3,4,0,四环至五环,大型商业购物中心
1351,开迈斯,北京市丰台衡水大厦直流站,社会公用,北京市丰台区角门北路6号院1号楼衡水大厦,8,0,三环至四环,商务办公区
1352,开迈斯,北京市丰台区平安幸福中心直流站,社会公用,北京市丰台区丽泽路24号院,10,0,二环至三环,商务办公区
1353,开迈斯,北京市芳圆里IDMALL交直流站,社会公用,北京市朝阳区东四环中路189号,8,4,三环至四环,大型商业购物中心
1354,开迈斯,北京市顺义万科28街区直流站,社会公用,北京市顺义区天竺镇天北路明豪戴斯酒店对面,12,0,五环至六环,大型商业购物中心
1355,开迈斯,北京市嘉友国际大厦直流充电站,社会公用,北京市海淀区蓝靛厂南路25号嘉友国际大厦,2,0,三环至四环,商务办公区
1356,开迈斯,北京市嘉友国际大厦目的地充电站,社会公用,北京市海淀区蓝靛厂南路25号嘉友国际大厦,2,0,三环至四环,商务办公区
1357,开迈斯,北京市鑫港汇众一汽-大众4S店交直流站,社会公用,北京市朝阳区金盏乡小店村西东苇路02号,2,2,五环至六环,车企4S店
1358,燕房电力,813文创园充电站,社会公用,北京朝阳区广化大街,0,3,四环至五环,产业园区
1359,燕房电力,乐地文创园充电站,社会公用,王四营官庄村地铁化工站C口南200米,0,10,四环至五环,产业园区
1360,优智桩,优智庑殿路充电站,社会公用,北京市大兴区旧宫镇庑殿路128号,30,0,四环至五环,产业园区
1361,北京壳牌,壳牌美克洞学馆充电站直流区,社会公用,北京市朝阳区朝阳门外大街99号美克洞学馆B2停车场,14,0,二环至三环,商业区
1362,优智桩,优智诺德充电站,社会公用,北京市丰台区汽车博物馆东路1号,20,0,四环至五环,产业园区
1363,云杉智慧,优智数码港充电站,社会公用,北京市朝阳区望京北路1号,12,0,四环至五环,科技园区
1364,海汇德,中国出版创意产业基地A区停车场充电站,社会公用,化工路中国出版创意产业基地A区,38,0,四环至五环,产业园区
1365,北京碧辟新能源,丰台区新业广场充电站,社会公用,北京市丰台区成寿寺路2号,8,0,三环至四环,大型商业购物中心
1366,北京碧辟新能源,大兴区大兴体育中心充电站,社会公用,北京市大兴区兴华大街二段15号,24,0,五环至六环,体育场馆
1367,北京碧辟新能源,朝阳区卷石天地大厦极速充电站,社会公用,北京市朝阳区望京街道望京西路甲50号院,28,0,四环至五环,其他
1368,北京碧辟新能源,丰台区小屯新能源汽车充换电站,社会公用,北京市丰台区兴源路8号附近,54,0,四环至五环,其他
1369,京电光华,京电西山商业大厦充电站,社会公用,北京市海淀区杏石口路69号,2,0,四环至五环,大型商业购物中心
1370,吉事能源,北京东舍CBD充电站,社会公用,北京市朝阳区兴隆西街2号东舍CBD地面停车场,4,0,四环至五环,产业园区
1371,吉事能源,北京东舍CBD二期充电站,社会公用,北京市朝阳区兴隆西街2号东舍CBD地面停车场,0,9,四环至五环,产业园区
1372,星星充电,大宁山庄主路,社会公用,长阳镇大宁山庄,3,44,五环至六环,产业园区
1373,星星充电,大宁山庄西门网球场,社会公用,长阳镇大宁山庄,5,0,五环至六环,产业园区
1374,国网电动,北京市东城区环球贸易中心E座B2停车场公共充电站,社会公用,北三环东路36号环球贸易中心,8,1,二环至三环,商业区
1375,国网电动,北京市东城区环球贸易中心D座B2停车场公共充电站,社会公用,北三环东路36号环球贸易中心,8,1,二环至三环,商业区
1376,国网电动,北京市东城区环球贸易中心C座B3停车场公共充电站,社会公用,北三环东路36号环球贸易中心C座B3停车场,4,0,二环至三环,商业区
1377,国网电动,北京市东城区环球贸易中心C座B2停车场公共充电站,社会公用,北三环东路36号,4,0,二环至三环,商业区
1378,国网电动,北京市丰台区卢沟桥郭庄子地铁站A口-丰通金安停车场公共充电站,社会公用,卢沟桥郭庄子地铁站A西北口北50米,4,0,三环至四环,地铁站
1379,国网电动,北京市房山区文化广场公共充电站,社会公用,苏庄大街6号,0,9,五环至六环,旅游景点
1380,国网电动,北京市房山区共创大厦公共充电站,社会公用,苏庄大街与翠柳大街交叉口西北100米,0,15,五环至六环,商业区
1381,国网电动,北京市丰台区马家堡东路71号院-1号公共充电站,社会公用,丽华饭店,2,4,二环至三环,商业区
1382,国网电动,北京市朝阳区半截塔村53号郎园Station公共充电站,社会公用,半截塔路53号,2,0,四环至五环,产业园区
1383,国网电动,北京市丰台区和义西里五金市场公共充电站,社会公用,和义西里五金市场,2,6,三环至四环,商业区
1384,国网电动,北京市顺义区国家对外文化贸易基地北京公共充电站,社会公用,金航东路3号,0,9,五环至六环,产业园区
1385,国网电动,北京市顺义区国家对外文化贸易基地北京东区公共充电站,社会公用,金航东路3号,0,10,五环至六环,产业园区
1386,智电速能,世界公园充电站,社会公用,北京市丰台区花乡丰葆路158号,40,0,四环至五环,旅游景点
1387,宽湾能源,北京石景山中诚大厦充电站,社会公用,八角西街36号,4,0,五环至六环,商务办公区
1388,宽湾能源,北京房山交管局停车场充电站,社会公用,北京市房山区京深路,0,2,六环外,经营性场所
1389,蓝谷极狐,ARCFOX极狐超充站-锦湖中心站-公测,社会公用,白家庄东里23号,4,0,三环至四环,商务办公区
1390,蓝谷极狐,极狐鲁班大厦充电站,社会公用,定福庄北里1号院,1,4,五环至六环,商务办公区
1391,开迈斯,北京市大兴区世界之花假日广场直流站,社会公用,旧宫镇久敬庄路世界之花假日广场地下2层D停车区;靠近盒马会员店入口处,12,0,四环至五环,大型商业购物中心
1392,开迈斯,北京市塞隆国际文化创意园交流站,社会公用,黑庄户乡双桥东路272号北京塞隆国际文化创意园双桥中路与郭家场路交叉口西侧160米,0,4,五环至六环,产业园区
1393,开迈斯,北京市塞隆国际文化创意园直流站,社会公用,黑庄户乡双桥东路272号北京塞隆国际文化创意园双桥中路与郭家场路交叉口西侧160米,8,0,五环至六环,产业园区
1394,北京碧辟新能源,海淀区远大路充电站,社会公用,北京市海淀区曙光街道昆明湖南路12号,20,0,三环至四环,商业区
1395,利嘉新能源,北京骏隆文化中心充电站,社会公用,东高村镇东高村军民共建路18号,0,4,六环外,经营性场所
1396,利嘉新能源,民主村村委会充电站,社会公用,民主村,0,2,六环外,村镇
1397,万城万充,北京东方华瑞文化产业中心二期充电站交流区,社会公用,北京市朝阳区常营乡管庄路150号地面停车场,0,6,五环至六环,产业园区
1398,智远优充,怀柔开放环岛充电站,社会公用,怀柔区开放东路1号,10,0,六环外,公共停车场
1399,用电无忧,福安顺马池口充电站,社会公用,北京市昌平区昌流路738号,12,0,六环外,村镇
1400,用电无忧,福安顺马池口慢充充电站,社会公用,北京市昌平区昌流路738号,0,16,六环外,村镇
1401,开迈斯,北京市正大中心直流站,社会公用,北京市朝阳区光华路10号正大中心地下停车场B2层,4,0,三环至四环,商务办公区
1402,开迈斯,北京市海淀高科岭直流站,社会公用,北京市海淀区东北旺西路8号中关村软件园17号楼B1层,3,0,五环至六环,产业园区
1403,开迈斯,北京市海淀区领展购物广场直流站,社会公用,领展购物广场&middot;中关村丹棱街与榆树林北路交叉口东北方向48米,10,0,三环至四环,大型商业购物中心
1404,北京壳牌,壳牌安河桥北商业楼充电站,社会公用,北京市海淀区龙背村路安河桥北物美大卖场地下停车场,22,0,五环至六环,大型商业购物中心
1405,特瓦特,城南大道超级充电站,社会公用,北京市丰台区马家堡西路城南大道,24,0,三环至四环,商业区
1406,EC动力,EC动力青龙湖公园充电站,社会公用,北京市丰台区王佐镇北京青龙湖郊野休闲区北京青龙湖公园停车场,2,10,六环外,旅游景点
1407,开迈斯,北京市TBD云集中心直流站,社会公用,北京市昌平区北七家镇七北路42号院写字楼商业B2地下停车场2247号至2256号车位,10,0,五环至六环,商务办公区
1408,开迈斯,北京市圣宇大厦直流站,社会公用,北京市顺义区圣宇大厦地上停车场,4,0,五环至六环,商务办公区
1409,开迈斯,北京市启迪香山中心直流站,社会公用,北京市石景山区香山南路105号,8,0,五环至六环,商务办公区
1410,宽湾能源,房山天瑞嘉园充电站,社会公用,中铁二十二局天瑞嘉园,10,8,六环外,公共停车场
1411,北京壳牌,壳牌大运河便民服务中心充电站,社会公用,北京市通州区滨河中路京东运桥建材城东北侧180米,20,0,五环至六环,大型商业购物中心
1412,北京壳牌,壳牌东亿传媒充电站,社会公用,北京市朝阳区东亿传媒国际产业园C16号停车楼地上四层西侧,24,0,四环至五环,产业园区
1413,鲲鹏祥瑞,鲲鹏祥瑞万西路充电站,社会公用,北京市北京昌平区十三陵镇万西路西山口村村西,2,0,六环外,公共停车场
1414,鲲鹏祥瑞,鲲鹏祥瑞流村卫生院充电站,社会公用,北京市北京昌平区流村镇流村卫生院东门南侧,4,0,六环外,公共停车场
1415,鲲鹏祥瑞,鲲鹏祥瑞南农家园充电站,社会公用,北京市北京昌平区南口镇南农家园东门南侧,14,0,六环外,公共停车场
1416,开迈斯,北京市昌平区气象科技园站直流站,社会公用,北京市昌平区振兴路2号,10,0,六环外,产业园区
1417,开迈斯,北京市总部基地5区直流站,社会公用,北京市丰台区南四环西路188号总部基地5区,10,0,四环至五环,产业园区
1418,开迈斯,北京市总部基地10区直流站,社会公用,北京市丰台区南四环西路188号总部基地10区,12,0,四环至五环,产业园区
1419,开迈斯,北京市总部基地12区直流站,社会公用,北京市丰台区南四环西路188号总部基地12区,8,0,四环至五环,产业园区
1420,开迈斯,北京市总部基地17区直流站,社会公用,北京市丰台区南四环西路188号总部基地17区,2,0,四环至五环,产业园区
1421,开迈斯,北京市西西友谊商场直流站,社会公用,北京市西城区金融街街道西西友谊写字楼辟才胡同与华远北街交叉口南侧55米,6,0,二环内,商业区
1422,鲲鹏祥瑞,鲲鹏祥瑞流村卫生院交流充电站,社会公用,北京市北京昌平区流村镇流村卫生院院内,0,2,六环外,公共停车场
1423,鲲鹏祥瑞,鲲鹏祥瑞南农家园交流充电站,社会公用,北京市北京昌平区南农家园,0,8,六环外,公共停车场
1424,鲲鹏祥瑞,鲲鹏祥瑞北郝庄充电站,社会公用,北京市北京昌平区城南街道办事处北郝庄村西,14,0,六环外,公共停车场
1425,鲲鹏祥瑞,鲲鹏祥瑞西马坊充电站,社会公用,北京市昌平区阳坊镇西马坊村委会西侧,6,0,六环外,公共停车场
1426,鲲鹏祥瑞,鲲鹏祥瑞西马坊交流充电站,社会公用,北京市北京昌平区阳坊镇西马坊村委会西侧,0,2,六环外,公共停车场
1427,鲲鹏祥瑞,鲲鹏祥瑞北京警察学院充电站,社会公用,北京昌平区南涧路11号,4,15,六环外,公共停车场
1428,利嘉新能源,张山营阳光假日酒店充电站,社会公用,快乐假日大酒店,0,6,六环外,酒店宾馆
1429,北京壳牌,壳牌菓岭假日广场充电站,社会公用,昌崔路203号菓岭假日广场地面停车场,20,0,六环外,大型商业购物中心
1430,日盛天宇,密云区北庄日盛天宇充电站,社会公用,北京市北京密云区立平农家院对面,4,0,六环外,公交车场站
1431,日盛天宇,密云区巨各庄日盛天宇公共充电站,社会公用,北京市北京密云区北京市密云区空港兴达混凝土有限公司南200米,4,0,六环外,公交车场站
1432,北京电力公司,北京市丰台区天坛医院地上公共充电站,社会公用,北京市丰台区新村街道天坛医院门诊地上停车场,6,0,三环至四环,医疗机构
1433,北京电力公司,北京市丰台区樊家村公共充电站,社会公用,北京市丰台区新村街道樊家村商业楼地下停车场,12,0,四环至五环,商业区
1434,北京电力公司,北京市昌平区小汤山文化广场公共充电站,社会公用,北京市昌平区小汤山镇小汤山文化广场停车场,5,0,六环外,商业区
1435,北京电力公司,北京市昌平区阳坊镇西贯市村公共充电站,社会公用,北京市昌平区阳坊镇温南路38号,8,0,六环外,公共停车场
1436,北京电力公司,北京市门头沟区永定镇小园村公共充电站,社会公用,北京市门头沟区永定镇小园(地铁站)云泽嘉苑,2,0,六环外,地铁站
1437,北京电力公司,北京市门头沟区龙泉务社区居委会公共充电站,社会公用,北京市门头沟区龙泉镇龙泉务居委会,4,0,六环外,企事业单位
1438,北京电力公司,北京市石景山区重聚园小区公共充电站,社会公用,北京市石景山区鲁谷街道重聚路重聚园小区(重聚路),9,0,四环至五环,公共停车场
1439,北京电力公司,北京市密云区大城子镇政府公共充电站,社会公用,北京市密云区大城子镇密兴旧路大城子镇人民政府,2,0,六环外,企事业单位
1440,北京电力公司,北京市密云区庄头村委会公共充电站,社会公用,北京市密云区大城子镇王达路,2,0,六环外,企事业单位
1441,北京电力公司,北京市密云区云佛山滑雪场公共充电站,社会公用,北京市密云区溪翁庄镇环南线云佛山滑雪场,8,0,六环外,旅游景点
1442,北京电力公司,北京市密云区巨各庄镇文体公园公共充电站,社会公用,北京市密云区巨各庄镇密兴路,4,0,六环外,公共停车场
1443,北京电力公司,北京市丰台区天坛医院地下公共充电站,社会公用,北京市丰台区新村街道北京天坛医院国际部地下停车场,6,0,三环至四环,医疗机构
1444,北京电力公司,北京市大兴区黄村镇三间房村公共充电站,社会公用,北京市大兴区黄村镇三间房村委会,16,0,六环外,企事业单位
1445,北京电力公司,北京市大兴区长子营镇赵县营村公共充电站,社会公用,北京市大兴区长子营镇赵县营村委会,8,0,六环外,企事业单位
1446,北京电力公司,北京市大兴区长子营镇潞城营二村公共充电站,社会公用,北京市大兴区长子营镇潞城营二村村委会,8,0,六环外,企事业单位
1447,中石油昆仑网电,北京市大兴区凯德MALL地下公共充电站,社会公用,北京市大兴区华佗路与新源大街交汇处凯德MALL地下停车场,6,0,五环至六环,大型商业购物中心
1448,惠车充,北京国际大厦,社会公用,北京市海淀区北下关街道中关村南大街甲18号北京·国际大厦北侧,8,0,二环至三环,商务办公区
1449,一充科技,北京房山苏宁充电站,社会公用,北京市房山区拱辰大街99号苏宁易购地面停车场,14,0,五环至六环,商业区
1450,一充科技,北京朝阳世欣东方充电站,社会公用,北京市朝阳区创意总社1949传媒产业基地地面停车场,4,0,五环至六环,产业园区
1451,一充科技,北京亦庄国融国际充电站,社会公用,北京市大兴区国融国际地下停车场B3层,14,0,五环至六环,商务办公区
1452,一充科技,北京海淀嘉豪国际充电站,社会公用,北京市海淀区嘉豪国际大厦地面停车场,8,0,三环至四环,商务办公区
1453,一充科技,北京海淀今日家园充电站,社会公用,北京市海淀区今日家园商业中心地下B1停车场,8,0,四环至五环,商业区
1454,山海间科技,北京亦庄中航国际充电站,社会公用,北京市北京经济技术开发区宏达北路16号中航国际北京工业园地面停车场,8,0,五环至六环,产业园区
1455,山海间科技,北京大兴亦庄星岛假日充电站,社会公用,北京市经济技术开发区西环北路18号星岛假日商务中心地面停车场,10,0,五环至六环,商业区
1456,云杉智慧,北京丰台银建充电站,社会公用,丰台区西红泰庄路98号北京银建五里店运行基地东门,52,0,四环至五环,企事业单位
1457,星星充电,新华国际中心,社会公用,北京市丰台区花乡高立庄村丰园路西侧,0,60,四环至五环,商务办公区
1458,星星充电,新华未来城,社会公用,北京市昌平区立汤路175号,16,0,五环至六环,商务办公区
1459,星星充电,中国农业大学教授小楼,社会公用,北北京市海淀区圆明园西路3号院教授小楼西侧停车场,0,15,五环至六环,教育院校
1460,中能慧通,北京市海淀区中能慧通四季青镇西冉村委会兴业新村西区充电站,社会公用,四季青镇旱河路35号,10,0,四环至五环,其他
1461,中石油昆仑网电,永丰基地总部,社会公用,永丰北清路11号办公区1号办公楼右侧（永丰基地总部）,0,2,五环至六环,产业园区
1462,中能慧通,中能慧通公主坟新兴宾馆充电站,社会公用,北京市海淀区三环中路17号公主坟新兴宾馆停车场,2,5,三环至四环,其他
1463,华商信联,兆丰园三区停车场充电站,社会公用,兆丰园三区停车场,0,24,四环至五环,其他
1464,蓝谷极狐,极狐-南沙滩快充站,社会公用,奥运村街道南沙滩8号院停车场,3,0,四环至五环,酒店宾馆
1465,蓝谷极狐,极狐-西单更新场快充站,社会公用,西单北大街180号B3停车场,3,0,二环内,大型商业购物中心
1466,蓝谷极狐,极狐-亦庄交付中心超充站,社会公用,经济技术开发区科创三街15号,2,0,五环至六环,车企4S店
1467,蓝谷极狐,极狐-新丰驾校超充站,社会公用,北京市丰台区兴源路8号新丰驾校院内,4,0,三环至四环,其他
1468,蓝谷极狐,极狐-姚家园万象汇超充站,社会公用,青年路姚家园万象汇B2停车场,7,6,三环至四环,大型商业购物中心
1469,蓝谷极狐,极狐-锦什坊充电站,社会公用,锦什坊街叁拾伍号B2停车场,5,5,二环内,商业区
1470,蓝谷极狐,极狐-大兴机场快充站,社会公用,大兴机场P1停车楼2层,3,2,六环外,机场
1471,利嘉新能源,平谷金海湖碧波花园岛充电站,社会公用,金海湖镇罗汉石村西一号停车场,0,10,六环外,旅游景点
1472,利嘉新能源,平谷金海湖山田心农场充电站,社会公用,金海湖山田心农场,0,8,六环外,旅游景点
1473,畅的智能,北京朝阳SOHO现代城停车楼充电站,社会公用,建国路88号,40,0,三环至四环,公共停车场
1474,畅的智能,北京大兴高米店物美充电站,社会公用,黄村新城高米店北站郁花园三里,10,0,四环至五环,商业区
1475,EC动力,EC动力航港二期充电站,社会公用,北京市顺义区南法信镇南岗路航港物流园,16,6,五环至六环,产业园区
1476,特来电,北京市石景山区紫玉时代广场充电站,社会公用,石景山区鲁谷街道鲁谷路紫玉时代中心,2,3,四环至五环,商业区
1477,特来电,红星美凯龙东四环夜间充电站,社会公用,北京市朝阳区东四环中路193号,10,0,三环至四环,大型商业购物中心
1478,特来电,北京市通州区马驹桥四季悦城充电站,社会公用,马驹桥镇珠江四季悦城珠江四季广场,20,0,五环至六环,公共停车场
1479,特来电,北京西单更新场充电站,社会公用,北京市西城区西单北大街180号B3停车场,6,0,二环内,大型商业购物中心
1480,特来电,北京国雅大厦充电站,社会公用,北京市朝阳区雅宝路1号国雅大厦,2,9,三环至四环,商务办公区
1481,特来电,北京梦秀商城充电站,社会公用,北京市朝阳区望京西路41号,4,0,四环至五环,大型商业购物中心
1482,特来电,北京市丰台集美日新二期充电站,社会公用,北京市丰台区南四环西马场甲14号,7,0,四环至五环,大型商业购物中心
1483,特来电,北京首汇广场充电站,社会公用,北京市丰台区西四环中路78号首汇广场B1东南角,5,0,三环至四环,商务办公区
1484,特来电,北京市海淀区西四环北路119号充电站,社会公用,北京市海淀区四季青镇爱家家居(西四环商城店)金四季购物中心,8,0,三环至四环,产业园区
1485,特来电,北京市通州区华东电气园充电站,社会公用,北京市通州区景盛北三街12号,5,0,五环至六环,产业园区
1486,特来电,北京市丰台区银泰百货充电站,社会公用,北京市丰台区银泰百货地下停车场,6,0,三环至四环,大型商业购物中心
1487,特来电,北京西铁营万达广场充电站,社会公用,北京市丰台区西铁营中路1号B3地下停车场,12,0,二环至三环,大型商业购物中心
1488,特来电,北京酒仙桥语言文化中心充电站,社会公用,北京市朝阳区将台西路2号,5,5,四环至五环,商务办公区
1489,特来电,北京盈之宝汽车销售服务有限公司充电站,社会公用,北京市朝阳区利泽东二路2号,1,3,三环至四环,车企4S店
1490,特来电,北京千鹤家园三角地充电站,社会公用,北京市朝阳区小关街道惠新北里街惠新北里,3,0,三环至四环,公共停车场
1491,特来电,北京市朝阳区双桥万达充电站,社会公用,北京市朝阳区双桥路3号北京双桥万达广场地上停车场,6,0,五环至六环,大型商业购物中心
1492,特来电,北京市东城区美惠大厦,社会公用,北京市东城区东直门街道王家园胡同美惠大厦,2,2,二环内,商务办公区
1493,特来电,北京星德宝汽车销售服务有限公司充电站,社会公用,北京市朝阳区姚家园南路,1,1,三环至四环,车企4S店
1494,特来电,华堂亚运村充电站,社会公用,北京市朝阳区北四环东路108号伊藤洋华堂(亚运村店)B3层,12,0,三环至四环,大型商业购物中心
1495,特来电,北京西单更新场二期充电站,社会公用,北京市西城区西单文化广场,6,4,二环内,大型商业购物中心
1496,特来电,北京市朝阳区天鹅湾充电站,社会公用,北京市朝阳区朝阳北路101号天鹅湾,4,4,三环至四环,公共停车场
1497,特来电,北京西红门鸿坤智谷充电站,社会公用,北京市大兴区西红门镇中鼎北路西红门鸿坤·智谷,5,21,五环至六环,商务办公区
1498,特来电,北京怀柔北大街1号充电站,社会公用,北京市怀柔区北大街1号北京市怀柔区泉河街道金泰苑小区,3,0,六环外,产业园区
1499,特来电,北京华联商厦（BHG）平谷店充电站,社会公用,北京市平谷区渔阳地区办事处悦宝园早教托育中心(北京平谷华联旗舰店)BHGMall北京华联平谷购物中心,2,6,六环外,大型商业购物中心
1500,特来电,北京华润华亭嘉园停车场公共充电站,社会公用,北京市朝阳区亚运村街道德和资(北京)人工环境技术有限公司华亭嘉园,15,0,五环至六环,公共停车场
1501,特来电,北京科技路网约车充电站,社会公用,北京市大兴区科技路临1号,24,0,五环至六环,公共停车场
1502,特来电,昌平区路劲世界广场充电站,社会公用,北京市昌平区双营中路南邵镇景荣街4号路劲世界城3期,10,0,五环至六环,大型商业购物中心
1503,特来电,北京通厦公元99充电站,社会公用,北京市海淀区西三旗街道G6辅路通厦·公元99地上停车场西南侧,15,0,五环至六环,大型商业购物中心
1504,特来电,北京联东U谷生物医药科技园充电站,社会公用,北京市大兴区北臧村镇联东U谷·生物医药科技园,2,12,六环外,产业园区
1505,特来电,北京西红门荟聚购物中心充电站,社会公用,西红门镇北京荟聚西红门购物中心,40,47,五环至六环,商务办公区
1506,智通充电,东恒时代1期,社会公用,力源里北街2号院3号东恒时代一期-北门,0,6,四环至五环,公共停车场
1507,智通充电,三里河五号院充电站,社会公用,北京市海淀区进口社区三里河路5号院,0,6,二环至三环,公共停车场
1508,智通充电,铭科苑小区,社会公用,北京市海淀区西二旗中路与西二旗大街交叉口南50米西二旗铭科苑(东北2门),0,9,五环至六环,公共停车场
1509,智通充电,永丰嘉园一期,社会公用,北京市海淀区永泽北路6号,0,6,五环至六环,公共停车场
1510,智通充电,永丰嘉园三期,社会公用,北京市海淀区永泽北路6号,0,6,五环至六环,公共停车场
1511,智通充电,永丰嘉园五期,社会公用,北京市海淀区永泽北路6号,0,6,五环至六环,公共停车场
1512,智通充电,明天生活馆,社会公用,朝阳区立水桥立汤路220号,0,6,五环至六环,公共停车场
1513,智通充电,景秀园小区,社会公用,北京市石景山区景阳东街67号,0,6,五环至六环,公共停车场
1514,智通充电,景秀园小区6号楼,社会公用,北京市石景山区景阳东街67号,0,6,五环至六环,公共停车场
1515,智通充电,天润福熙大道北区,社会公用,北京市朝阳区清河营东路1号,0,15,五环至六环,公共停车场
1516,智通充电,金色漫香苑小区,社会公用,北京市昌平区天权路2号,0,6,五环至六环,公共停车场
1517,智通充电,明天第一城5号院,社会公用,朝阳区立清路明天第一城5号院,0,6,五环至六环,公共停车场
1518,智通充电,西三环北路23号,社会公用,北京市海淀区西三环北路23号院,0,12,三环至四环,公共停车场
1519,中能慧通,东方时尚驾校南门西侧社会公共充电站,社会公用,北京市大兴区金星路19号,12,82,五环至六环,其他
1520,鲲鹏祥瑞,鲲鹏祥瑞东沙各庄交流充电站,社会公用,北京北京市昌平区北七家镇东沙各庄小学东侧,0,12,六环外,公共停车场
1521,鲲鹏祥瑞,鲲鹏祥瑞东沙各庄充电站,社会公用,北京北京市昌平区北七家镇东沙各庄小学东侧,18,0,六环外,公共停车场
1522,蓝谷极狐,极狐-龙湖熙悦天街超充站,社会公用,首开龙湖北京熙悦天街地下停车场,4,0,五环至六环,大型商业购物中心
1523,万城万充,怀柔万达广场充电站,社会公用,府前西街1号院1号楼,3,2,六环外,大型商业购物中心
1524,北京驿联,北京沙河师范大学地下一层充电站,社会公用,西三路与高教园南三街交汇处师范大学新校区,2,0,六环外,教育院校
1525,亦利和,北京市亦庄经济技术开发区荣华南路15号（57号地块）,社会公用,北京市亦庄经济开发区荣华南路15号中航技广场10号楼,16,24,五环至六环,公共停车场
1526,亦利和,北京市亦庄经济技术开发区荣华南路15号（57号地块）公共充电桩（二期）,社会公用,北京市大兴区荣昌西街北京格兰云天国际酒店南侧停车场,16,0,五环至六环,公共停车场
1527,亦利和,(公共站)北京市亦庄开发区河西区X69(三盈联合)充电站,社会公用,地址：北京市大兴区兴海二街,4,30,五环至六环,公共停车场
1528,亦利和,北京市亦庄开发区京东总部二期停车场充电站,社会公用,北京市亦庄经济开发区经海四路与科创12街交叉口西北角,10,90,五环至六环,公共停车场
1529,亦利和,北京市亦庄开发区路南区N11充电站,社会公用,大兴区荣华街道办事处亦庄开发区荣华工作区亦庄开发区路路南区N11公交场站,8,0,五环至六环,公共停车场
1530,亦利和,（公共站）北京市亦庄开发区河西区X69(畅的）充电站,社会公用,地址：北京市大兴区博兴路,8,0,五环至六环,公共停车场
1531,亦利和,（公共站）北京市亦庄开发区路东区A16充电站,社会公用,北京市大兴区（亦庄）经海三路29号,16,24,五环至六环,公共停车场
1532,亦利和,（公共站）北京市大兴区河西区X23地块充电站,社会公用,北京市大兴区泰河一街,16,24,五环至六环,公共停车场
1533,亦利和,（公共站）北京市大兴区瑞森国际产业园充电站,社会公用,经海三路与科创四节街交叉口静态停车场,16,24,五环至六环,公共停车场
1534,亦利和,（公共站）北京市大兴区百度电动车充电示范站,社会公用,亦庄创意生活广场（大兴区北环东路11号）,4,4,五环至六环,公共停车场
1535,北京碧辟新能源,亦庄创意生活广场充电站,社会公用,北京市经济开发区亦庄瀛海镇文化园东路甲6号,30,0,五环至六环,大型商业购物中心
1536,丰供,时代风帆大厦充电站,社会公用,北京市丰台区马家堡西路15号时代风帆大厦B2,4,6,三环至四环,大型商业购物中心
1537,丰供,搜宝商务中心充电站,社会公用,北京市丰台区南三环西路16号-2搜宝商务中心B2,6,5,三环至四环,商业区
1538,丰供,北京市丰台区北京中医药大学东方医院（二七院区）充电站,社会公用,北京市丰台区陈庄大街5号东方医院院内,2,8,五环至六环,医疗机构
1539,丰供,丰台区杜家坎充电站,社会公用,北京市丰台区杜家坎1号，福特汽车4S点对面,6,4,五环至六环,车企4S店
1540,丰供,北京市丰台区航天三院充电站,社会公用,北京市丰台区云岗街道办事处西侧停车场院内,8,12,五环至六环,商业区
1541,丰供,北京市丰台区新发地农产品批发市场充电站,社会公用,北京市丰台区黄陈路辅路新发地农产品批发市场（强农门）内,12,12,四环至五环,农贸批发市场
1542,丰供,北京市丰台区万隆汇洋灯饰时代广场充电站,社会公用,丰台路甲215号（万隆汇洋灯饰城停车场）,4,6,三环至四环,大型商业购物中心
1543,德仕安,中国五矿大厦,社会公用,北京朝阳区安慧里四区15号,0,3,四环至五环,公共停车场
1544,燕房电力,大苑村小村96号充电站,社会公用,北京市房山区青龙湖镇大苑村小村96号,24,0,六环外,产业园区
1545,富电易充,崇文门新怡商务楼,社会公用,崇文门新怡商务楼地下三层，临停车位,0,3,二环内,公共停车场
1546,山海间科技,北京大兴富力非常HAOS充电站,社会公用,北京市大兴区团结路20号富力非常HAOS地下一层停车场,12,0,六环外,商业区
1547,潞电电力建设,（公共站）北京市通州区台湖公园充电站,社会公用,北京市通州区X010(铺大路),6,10,五环至六环,旅游景点
1548,燕房电力,中国信息大学北侧停车场充电站,社会公用,北京市房山区窦店镇下坡店村中国信息大学北侧停车场,24,0,六环外,公共停车场
1549,特来电,北京市通州区漷县公共充电站,社会公用,北京市市辖区通州区漷县镇漷兴西四南街,20,0,六环外,公交车场站
1550,特来电,天作创造中心充电站,社会公用,北京市顺义区林河工业开发区顺仁路54号,4,12,六环外,商务办公区
1551,亚电新能源,北京市顺义区府右街6号西南停车场充电站（希望家园一期）,社会公用,天竺镇政府停车场,8,0,六环外,公共停车场
1552,亚电新能源,顺义区马坡镇马坡桥东停车场充电站,社会公用,北京市顺义区泰武姚村京密路临9号,20,0,六环外,公共停车场
1553,亚电新能源,鼎成时代广场停车场充电站(交流充电站）,社会公用,北京市朝阳区小营北路15号院1号鼎成中心-东门,0,96,六环外,大型商业购物中心
1554,亚电新能源,顺义区马坡镇南陈路充电站,社会公用,顺义区南陈路77号院附近,10,0,六环外,公共停车场
1555,优智新能源,优智·顺迈金钻充电站,社会公用,东三环南路甲52号,43,0,三环至四环,商业区
1556,丰供,丽泽远洋锐中心充电站,社会公用,北京市丰台区丽泽商务区骆驼湾南路锐中心B2、B3、B4层,24,55,三环至四环,商务办公区
1557,京南兴海育福,庞各庄充电站,社会公用,北京市大兴区庞各庄镇团结村团结路北侧,10,0,六环外,村镇
1558,潞电电力建设,潞能超充（首环西集服务区南区站）,社会公用,北京北京市通州区西集服务区,7,0,五环至六环,高速服务区
1559,新源恒远,新源恒远公共站095-华商创意中心充电站,社会公用,北京华商创意中心,2,4,五环至六环,工业园区/厂区
1560,北京电力公司,北京市密云区古北水镇景区P5公共充电站,社会公用,北京市密云区古北水镇景区P5停车场内,24,4,六环外,旅游景点
1561,北京电力公司,北京市怀柔区鹿世界主题公园公共充电站,社会公用,北京市怀柔区鹿世界主题公园停车场,2,8,六环外,旅游景点
1562,北京电力公司,北京市顺义区俸伯地铁站充电站,社会公用,北京市顺义区俸伯地铁站停车场,10,0,六环外,地铁站
1563,北京电力公司,北京市海淀区香山公园2号停车场充电站,社会公用,北京市海淀区香山公园2号停车场（香泉环岛西北角）,15,0,五环至六环,旅游景点
1564,北京电力公司,北京市丰台区新里程肿瘤医院充电站,社会公用,北京市丰台区万丰路69号新里程肿瘤医院院内停车场,9,1,四环至五环,医疗机构
1565,北京电力公司,北京市朝阳区北京音乐产业园北侧公共充电站,社会公用,北京市朝阳区北京音乐产业园院内停车场,8,0,五环至六环,旅游景点
1566,北京电力公司,北京市石景山区刘娘府充电站,社会公用,北京市石景山区刘娘府变电站停车场,7,0,三环至四环,企事业单位
1567,北京电力公司,北京市延庆区玻钢厂充电站,社会公用,北京市延庆区康庄镇二五一玻璃钢厂停车场,7,0,六环外,企事业单位
1568,北京电力公司,北京市亦庄开发区荣昌西街西侧充电站,社会公用,北京市亦庄开发区同仁医院西侧停车场内,7,0,五环至六环,公共停车场
1569,北京电力公司,北京市东城区北京人民艺术剧院充电站,社会公用,北京市东城区王府井大街22号,6,0,二环内,旅游景点
1570,北京电力公司,北京市石景山区杏石口变电站充电站,社会公用,北京市石景山区杏石口变电站停车场,5,0,三环至四环,企事业单位
1571,北京电力公司,北京市亦庄开发区融兴北二街充电站,社会公用,北京市亦庄开发区亦柏路与融兴北二街交叉口,3,0,五环至六环,公共停车场
1572,北京电力公司,北京市亦庄开发区融兴南二街充电站,社会公用,北京市亦庄开发区瑞合西二路与融兴南二街交叉口,3,0,五环至六环,公共停车场
1573,北京电力公司,北京市海淀区温泉人家公共充电站,社会公用,北京市海淀区白家瞳东路9号温泉体育中心院内正东方向160米,2,0,五环至六环,公共停车场
1574,北京电力公司,北京市亦庄开发区融兴北三街充电站,社会公用,北京市亦庄开发区瑞合路与融兴北三街交叉口,2,0,五环至六环,公共停车场
1575,北京电力公司,北京市东城区国家移民管理局充电站,社会公用,北京市西城区新街口北大街3号楼地下B3停车场B037、B051、B053、B056停车位,4,0,二环内,企事业单位
1576,北京电力公司,北京市延庆区大榆树镇政府公共充电站,社会公用,北京市延庆区大榆树镇政府院内停车场,6,0,六环外,企事业单位
1577,北京电力公司,北京市东城区泡子河充电站,社会公用,北京市东城区泡子河东巷54号,3,0,二环内,公共停车场
1578,北京电力公司,北京市海淀区香山公园3号停车场充电站,社会公用,北京市海淀区香山路香山公园3号停车场（香泉环岛西南角）,5,0,五环至六环,旅游景点
1579,北京电力公司,北京市西城区常青藤希尔顿酒店公共充电站,社会公用,北京市西城区马连道东街2号北京丽泽商务区希尔顿欢朋酒店停车场,2,0,二环内,商业区
1580,北京电力公司,北京市石景山区喜隆多新国际购物中心充电站,社会公用,北京市石景山区喜隆多新国际购物中心停车场,18,0,三环至四环,大型商业购物中心
1581,北京电力公司,北京市密云区新城关供电所公共充电站,社会公用,北京市密云区沿湖社区北区西侧公共停车场,1,1,六环外,企事业单位
1582,北京电力公司,北京市大兴区旺兴湖文化活动中心公共充电站,社会公用,北京市大兴区旺兴湖公园停车场,0,10,六环外,机场
1583,北京壳牌,壳牌华远西红世充电站,社会公用,春和路50号院,54,0,五环至六环,公共停车场
1584,北京壳牌,壳牌首开万科中心充电站,社会公用,新源大街29号院B2停车场,16,0,五环至六环,商务办公区
1585,云旗电行,北京北五环居然之家充电站,社会公用,来广营西路55号,24,0,五环至六环,大型商业购物中心
1586,星星充电,定慧产业园充电站,社会公用,北京市海淀区西四环中路6号停车场二层西侧,48,0,四环至五环,商务办公区
1587,星星充电,凯晨大厦充电站,社会公用,北京市西城区金融街街道凯晨世贸中心,3,0,三环至四环,商务办公区
1588,星星充电,白家疃尚品园充电站,社会公用,温泉镇阳坊大都涮羊肉(尚品园店)白家疃尚品园,30,20,三环至四环,其他
1589,星星充电,土桥村停车场充电站,社会公用,通州区梨园镇颐瑞中二路dbc加州小镇-B区北侧,54,25,四环至五环,公共停车场
1590,星星充电,泰康研修院充电站,社会公用,昌平区史各庄街道生命科学园西路12号中关村生命科学园地下停车场B2,10,8,四环至五环,其他
1591,星星充电,京贸新干线充电站,社会公用,通州区京贸新干线地上停车场,4,6,四环至五环,商务办公区
1592,桩大夫,北京艾迪公园充电站,社会公用,北京市顺义区仁和镇杜杨南街10号院5号楼东侧停车场,20,0,六环外,公共停车场
1593,北京壳牌,壳牌天坛生活广场充电站,社会公用,辛庄路88号天坛生活广场,12,0,三环至四环,商业区
1594,北京电力公司,北京市延庆区永宁镇政府公共充电站,社会公用,北京市延庆区永宁镇政府旁停车场,6,0,六环外,公共停车场
1595,北京电力公司,北京市昌平区温榆河公园充电站,社会公用,北京市昌平区温榆河公园未来智谷60号门停车场,8,0,六环外,旅游景点
1596,北京电力公司,北京市密云区规划委员会密云分局院外充电站,社会公用,北京市密云区规划委员会密云分局院外,2,0,六环外,政府机构
1597,北京电力公司,北京市延庆区永宁供电所公共充电站（2022）,社会公用,北京市延庆区永宁镇永宁供电所院内停车场,2,0,六环外,经营性场所
1598,智远优充,北京智远优充开放环岛充电站,社会公用,怀柔区开放东路1号,24,0,六环外,公共停车场
1599,智远优充,北京智远优充科学城公共充电站,社会公用,怀柔科学城乐园南一街五号,12,2,六环外,公共停车场
1600,重友新能源,(公共站)中关村国防科技园充电站,社会公用,北京市海淀区西三环北路甲2号,0,14,二环至三环,商务办公区
1601,隆瑞三优,（公共站）北京市大兴区桂村电动汽车充电站,社会公用,大兴区贵达路,0,12,六环外,产业园区
1602,隆瑞三优,朝阳区安慧里社区场站,社会公用,朝阳区安慧里社区公交场站,15,0,四环至五环,其他
1603,隆瑞三优,(公共站)海淀区水科院南院瑞智充小站,社会公用,海淀区水科院大厦玉渊潭南路1号,20,4,二环至三环,科研院所
1604,隆瑞三优,北京市东城区隆瑞三优桃园东里瑞智充小站,社会公用,东城区桃园东里1号,1,2,二环至三环,公共停车场
1605,隆瑞三优,北京市东城区左安门西街瑞智充小站,社会公用,东城区左安门西街道路两侧,1,19,二环内,商业区
1606,隆瑞三优,（公共站）丰台区辛庄路口停车场瑞智充小站,社会公用,北京市丰台区镇岗塔路,14,50,五环至六环,村镇
1607,隆瑞三优,昌平区龙锦苑公共充电站,社会公用,龙锦苑公交场站,11,0,五环至六环,其他
1608,隆瑞三优,北京市丰台区北岗洼村停车场瑞智充小站,社会公用,丰台区石油库路北岗洼社区停车场,0,14,五环至六环,公共停车场
1609,隆瑞三优,北京市丰台区朱家坟村停车场瑞智充小站,社会公用,北京市丰台区朱家坟村1号停车场,0,24,五环至六环,公共停车场
1610,隆瑞三优,北京市丰台区淮杨村停车场瑞智充小站,社会公用,丰台区云岗路商业街C座170号,0,10,五环至六环,公共停车场
1611,隆瑞三优,北京市丰台区赵辛店村内停车场瑞智充小站,社会公用,北京市丰台区长辛店大街260号,0,12,五环至六环,公共停车场
1612,隆瑞三优,北京市丰台区佃起村委会地上停车场瑞智充小站,社会公用,丰台区云岗路商业街140号,0,10,五环至六环,公共停车场
1613,隆瑞三优,（公共站）朝阳区奥林匹克森林公园北园西门瑞智充小站,社会公用,北京市朝阳区奥林匹克森林公园北园西门停车场地上车位,1,6,四环至五环,城市公园绿地
1614,隆瑞三优,（公共站）朝阳区奥林匹克森林公园北园东门瑞智充小站,社会公用,北京市朝阳区奥林匹克森林公园北园东门停车场地上车位,4,3,四环至五环,城市公园绿地
1615,隆瑞三优,（公共站）朝阳区奥林匹克森林公园南园西门瑞智充小站,社会公用,北京市朝阳区奥林匹克森林公园南园西门停车场地上车位,1,3,四环至五环,城市公园绿地
1616,隆瑞三优,隆瑞三优国门智慧城充电站（快充站）,社会公用,北京市顺义区安平北街与裕曦路交叉路口往东约110米,10,0,五环至六环,公共停车场
1617,隆瑞三优,北京市昌平区羊台子村停车场瑞智充小站,社会公用,昌平区羊台子村,0,10,六环外,公共停车场
1618,隆瑞三优,北京市亦庄锋创科技园地上停车场瑞智充小站,社会公用,大兴区亦庄科创十三18号院锋创科技园,4,35,五环至六环,公共停车场
1619,华商三优,大兴区亦庄三江华晨公共充电站,社会公用,大兴区亦庄三江华晨,2,0,五环至六环,车企4S店
1620,华商三优,丰台区丰仪汽车园公共充电站,社会公用,丰台区张仪村鑫鹏天奥汽车店,10,0,四环至五环,交通枢纽
1621,华商三优,石景山区首钢园区公共充电站,社会公用,石景山区首钢园区小西门停车场,0,3,五环至六环,企事业单位
1622,华商三优,昌平区公园悦府公共充电站,社会公用,昌平区科星西路与龙锦一街交叉口北,1,2,五环至六环,其他
1623,华商三优,丰台区银地家园公共充电站,社会公用,北京市丰台区银地西路,1,3,四环至五环,其他
1624,北京电力公司,北京市东城区哈德门广场B2停车场公共充电站（2022）,社会公用,北京市东城区哈德门广场地下四层停车场,8,0,二环内,商业区
1625,北京电力公司,北京市丰台区工人俱乐部充电站,社会公用,北京市丰台区文体路58号工人俱乐部停车场,8,0,三环至四环,体育场馆
1626,北京电力公司,北京市丰台区江西大酒店充电站,社会公用,北京市丰台区南三环东铁匠营横一条8号,6,0,二环至三环,酒店宾馆
1627,北京电力公司,北京市丰台区北京电力医院B3停车场公共充电站.,社会公用,北京市丰台区太平桥西里甲1号北京电力医院地下车库B3层197-207车位,4,0,二环至三环,医疗机构
1628,北京壳牌,壳牌漷县充电站,社会公用,漷县镇杨堤村壳牌加油站内,12,0,六环外,其他
1629,首兴安成电力,（公共站）北京首兴安成电力工程有限公司北院充电站,社会公用,北京市大兴区黄马路北京首兴安成电力工程有限公司,6,8,五环至六环,企事业单位
1630,首兴安成电力,（公共站）大兴区科技路汉庭酒店充电站,社会公用,北京市大兴区科技路16号,12,0,五环至六环,酒店宾馆
1631,首兴安成电力,（公共站）大兴区百联清城购物中心充电站,社会公用,北京市大兴区兴华大街三段27号,12,0,五环至六环,商业区
1632,特瓦特,大中电器超级充电站,社会公用,回龙观西大街与回龙观北桥交叉口东南约80米,36,0,五环至六环,大型商业购物中心
1633,北京壳牌,壳牌四元桥购物中心充电站,社会公用,宜居南路2号,80,0,四环至五环,大型商业购物中心
1634,星星充电,富兴国际充电站,社会公用,大兴区富兴国际地下车库B2层,0,30,五环至六环,科技园区
1635,碧辟北京,BP快速充电站（北京朝阳苏宁易购生活广场）,社会公用,北京市朝阳区朝阳路167号,16,0,四环至五环,大型商业购物中心
1636,北京壳牌,壳牌大运河森林公园充电站,社会公用,北京市通州区通怀路大运河森林公园果园停车场,28,0,六环外,城市公园绿地
1637,北京壳牌,壳牌城市绿心森林公园P12充电站,社会公用,北京市通州区城市绿心公园P12停车场,24,0,六环外,城市公园绿地
1638,碧辟北京,BP快速充电站（北京亦庄亦花园）,社会公用,北京市大兴区东渠路6号亦花园北2门,20,0,五环至六环,商业区
1639,牛充,门头沟Pus365地下充电站,社会公用,门头沟Plus365购物中心地下1层,8,6,六环外,大型商业购物中心
1640,中能慧通,兴光三街5号院充电站,社会公用,北京市通州区兴光三街5号院（北京市通州兴光三街与嘉创二路交叉口北行10米处路东）,48,0,五环至六环,工业园区/厂区
1641,蓝谷极狐,极狐-中关村创业大厦超充站,社会公用,信息路中关村创业大厦内部停车场,2,0,五环至六环,科技园区
1642,蓝谷极狐,极狐-居然之家超充站,社会公用,北京市北京市朝阳区居然之家北五环店停车场(出入口),4,0,五环至六环,大型商业购物中心
1643,蓝谷极狐,极狐-亦庄龙湖天街超充站,社会公用,亦庄龙湖天街停车场B3西南角,4,0,五环至六环,大型商业购物中心
1644,蓝谷极狐,极狐-中关村发展大厦充电站,社会公用,海淀区中关村发展大厦,0,5,五环至六环,科技园区
1645,蓝谷极狐,极狐-大悦春风里快充站,社会公用,林校路街道黄村东大街38号,6,0,五环至六环,大型商业购物中心
1646,蓝谷极狐,极狐-环球贸易中心快充站,社会公用,东城区北三环中路36号环球贸易中心A座B2层、B3层,10,0,二环至三环,大型商业购物中心
1647,EC动力,EC动力久敬家园充电站,社会公用,北京市丰台区久敬庄路丙66号,2,8,三环至四环,公共停车场
1648,云杉智慧,大兴区香海园充电站,社会公用,北京市大兴区香园路57号智慧云杉香园路充电站,20,0,五环至六环,商业区
1649,星星充电,青海金融大厦充电站,社会公用,北京市丰台区太平桥街道金丽南路青海金融大厦,6,25,四环至五环,商务办公区
1650,天开快充,北京市朝阳区张家店3号充电站,社会公用,十八里店乡张家店3号停车场,0,42,四环至五环,公共停车场
1651,天开快充,丰台区大红门康泽园交流慢充充电站,社会公用,大红门康泽园小区,0,8,三环至四环,公共停车场
1652,天开快充,天开快充康泽园直流充电站,社会公用,大红门康泽园小区,6,0,三环至四环,公共停车场
1653,吉事能源,吉事充果园环岛充电站,社会公用,北京市通州区北苑街道果园小区,12,0,六环外,公共停车场
1654,智通充电,八家底商西区,社会公用,月泉路八家嘉园南门底商停车场西侧,0,6,五环至六环,公共停车场
1655,畅的智能,北京房山区核原科电充电站,社会公用,良乡工业区白杨路3号,6,0,五环至六环,公共停车场
1656,泛充科技,超级饭电银泰百货站,社会公用,北京市丰台区马家堡东路101号院10号楼地下三层停车场,6,0,三环至四环,大型商业购物中心
1657,泛充科技,超级饭电五棵松华熙站,社会公用,北京北京市海淀区复兴路69号院12号地下二层停车场,6,0,三环至四环,大型商业购物中心
1658,天开快充,北京市朝阳区十八里店乡横街子村6号停车场,社会公用,十八里店乡横街子6号停车场,0,27,四环至五环,公共停车场
1659,天开快充,北京市朝阳区金蝉北里充电站,社会公用,垡头街道金蝉北里,0,6,四环至五环,公共停车场
1660,天开快充,北京市朝阳区将府家园充电站,社会公用,将府家园小区,2,14,四环至五环,公共停车场
1661,天开快充,北京市朝阳区十八里店乡横街子村2号停车场,社会公用,北京市朝阳区十八里店乡横街子村2号停车场,0,27,四环至五环,公共停车场
1662,泛充科技,超级饭电大兴绿地缤纷城站,社会公用,北京市大兴区高米店街道绿地中央广场兴贸中心地下二层停车场,12,0,五环至六环,大型商业购物中心
1663,依威能源,红石座10号楼,社会公用,昌崔路198院,0,12,五环至六环,商务办公区
1664,依威能源,红石座2号楼,社会公用,昌崔路198号院,0,12,五环至六环,商务办公区
1665,依威能源,路庄村北停车场,社会公用,百沙路163号,0,12,五环至六环,公共停车场
1666,依威能源,文成国际综合商务中心-B1停车场,社会公用,东外大街49号,0,20,六环外,商务办公区
1667,依威能源,北京昌乐庄园,社会公用,丈头村,0,12,五环至六环,公共停车场
1668,依威能源,北京弘颐生态园南门,社会公用,无,0,12,五环至六环,商务办公区
1669,依威能源,联东U谷平谷科技园A1,社会公用,平和街39号院,0,12,六环外,商务办公区
1670,依威能源,路庄村南停车场,社会公用,百沙路121号,0,12,五环至六环,公共停车场
1671,依威能源,北京弘颐生态园,社会公用,无,0,12,五环至六环,商务办公区
1672,依威能源,联东U谷平谷科技园C,社会公用,王辛庄镇平和街39号院,0,6,六环外,商务办公区
1673,依威能源,联东U谷平谷科技园B1,社会公用,平和街39号,0,12,六环外,商务办公区
1674,依威能源,联东U谷平谷科技园B2,社会公用,平和街39号,0,12,六环外,商务办公区
1675,依威能源,宏大伟业物流园停车场,社会公用,天宫院街道天河北路18号,0,12,五环至六环,公共停车场
1676,依威能源,联东U谷平谷科技园A2,社会公用,王辛庄镇平和街39号院,0,12,六环外,商务办公区
1677,依威能源,国家人类遗传资源中心停车位北侧,社会公用,科学园路14号,0,12,五环至六环,商务办公区
1678,依威能源,梨花渡北区,社会公用,镜盒厂路013县,0,12,五环至六环,商务办公区
1679,依威能源,梨花渡西区,社会公用,镜盒厂路013县,0,12,五环至六环,商务办公区
1680,依威能源,梨花渡东区,社会公用,镜盒厂路013县,0,12,五环至六环,商务办公区
1681,依威能源,北京双益发文化发展有限公司,社会公用,铺外路020号,0,12,五环至六环,商务办公区
1682,依威能源,梨花渡南区,社会公用,镜盒厂路013县,0,12,五环至六环,商务办公区
1683,依威能源,侨商中心6号地地下一层,社会公用,东关大道013县,0,12,五环至六环,商务办公区
1684,依威能源,侨商中心6号地地下三层,社会公用,东关大道013县,0,12,五环至六环,商务办公区
1685,依威能源,侨商中心6号地地下二层,社会公用,新华街道东关大道013县,0,12,五环至六环,企事业单位
1686,依威能源,天隆惠发建材市场,社会公用,旧宫镇旧忠路甲8号,0,6,五环至六环,公共停车场
1687,依威能源,三利产业园,社会公用,盛坊路4号,0,10,五环至六环,产业园区
1688,依威能源,方庄南路29号西侧停车场,社会公用,方庄南路29号,0,6,四环至五环,公共停车场
1689,依威能源,广益大厦B座,社会公用,广义街5号,0,12,二环至三环,商务办公区
1690,依威能源,好运农庄,社会公用,范崎路004县,0,12,六环外,公共停车场
1691,星星充电,星光创意中心充电站,社会公用,北京市大兴区国家新媒体产业基地星光视界中心1号楼B座星光·视界中心,0,20,五环至六环,商务办公区
1692,北京壳牌,壳牌瀛亨街1号院充电站,社会公用,北京市大兴区瀛亨街1号院,20,0,五环至六环,体育场馆
1693,亚电新能源,北京市石景山区八角立体停车楼充电站,社会公用,北京市石景山区八角南里小区停车场,20,0,六环外,公共停车场
1694,亚电新能源,北京丰台区西站商业广场充电站,社会公用,"北京市丰台区北京西站南路2号,北京西站南广场-停车场",32,0,二环至三环,公共停车场
1695,碧辟北京,BP快速充电站（北京大兴仁和医院）,社会公用,北京市大兴区兴丰大街1号仁和医院停车场,6,0,五环至六环,医疗机构
1696,山海间科技,北京西城富力摩根中心充电站,社会公用,北京市西城区太平街6号摩根中心地下三层停车场,28,0,二环内,商业区
1697,天开快充,天开快充零点特区充电站,社会公用,双桥零点特区停车场,8,0,四环至五环,公共停车场
1698,以电航空,西平里充电场站,社会公用,西平街甲9号西平里内,0,2,五环至六环,公共停车场
1699,以电航空,燕翔西里充电场站,社会公用,学校路燕翔西里六号楼前,0,2,五环至六环,公共停车场
1700,以电航空,东平里充电场站,社会公用,北京市朝阳区体育馆路东平里10号楼,0,2,五环至六环,公共停车场
1701,以电航空,北平里充电场站,社会公用,北京市朝阳区西平街北平里内,0,2,五环至六环,公共停车场
1702,以电航空,南平东里充电场站,社会公用,北京市朝阳区南平街南平东里内,0,2,五环至六环,公共停车场
1703,开迈斯,北京市海淀区京果商厦直流站,社会公用,四道口路2号,3,0,二环内,商务办公区
1704,星星充电,上德中心充电站,社会公用,工业开发区黄亦路与金星桥交叉口东北角上德中心,24,15,五环至六环,商业区
1705,泛充科技,超级饭电梨园站,社会公用,北京北京市通州区梨园南街辅路与九棵树东路辅路交叉口东60米,12,0,五环至六环,公共停车场
1706,开迈斯,北京雍贵中心直流站,社会公用,广渠门內大街45号,6,0,二环内,商务办公区
1707,开迈斯,北京市海淀文化艺术大厦直流站,社会公用,北京市海淀区中关村街道知春路海淀剧院中关村大街与知春路交叉口东侧108米,16,0,二环内,商务办公区
1708,蓝谷极狐,极狐-新发地客运站超充站,社会公用,丰台区新发地客运站,4,0,四环至五环,公交车场站
1709,特来电,中国人民大学立德楼地库充电站,社会公用,北京市市辖区海淀区海淀街道中国人民大学,2,6,三环至四环,教育院校
1710,特来电,凯迪拉克IQ尊享超充北京凯德mall望京站,社会公用,北京市市辖区朝阳区望京街道华联商厦(望京店),2,0,四环至五环,大型商业购物中心
1711,特来电,北京市朝阳区凤凰汇购物中心充电站,社会公用,北京市市辖区朝阳区左家庄街道凤凰环路凤凰汇购物中心,4,0,三环至四环,大型商业购物中心
1712,特来电,北京市通州区孙王场充电站,社会公用,北京市市辖区通州区孙王场村委会门前停车场,14,0,五环至六环,公共停车场
1713,特来电,北京四季青医院充电站,社会公用,北京市市辖区海淀区远大路32号,3,0,三环至四环,医疗机构
1714,碧辟北京,BP快速充电站（北京门头沟金融街融悦中心）,社会公用,紫金路地铁S1号线小园站西侧,8,0,六环外,大型商业购物中心
1715,星星充电,中关村医疗器械园,社会公用,天宫院街道永旺西路中关村医疗器械园,26,18,五环至六环,科技园区
1716,星星充电,顺义李桥充电站,社会公用,北京市顺义区李桥镇外环路,126,0,五环至六环,其他
1717,合众融通,恒日二期充电站,社会公用,兴贸二街北京恒日事业园内,10,0,五环至六环,物流园
1718,星星充电,昌平硅谷SOHO充电站,社会公用,中兴路21号院,46,0,五环至六环,其他
1719,吉事能源,吉事充五道口嘉园充电站,社会公用,北京市海淀区学院路街道暂安处2号院五道口嘉园,6,0,四环至五环,公共停车场
1720,云电电气,（公共站）北京市密云区穆家峪镇碱厂村村西停车场充电站,社会公用,北京市密云区穆家峪镇碱厂村村西停车场,0,5,六环外,村镇
1721,天开快充,北京市怀柔区育龙铭居充电站,社会公用,育龙铭居停车场,0,24,六环外,公共停车场
1722,EC动力,EC动力和院文创园充电站,社会公用,北京市朝阳区平房乡青年路50号和院文创园,10,0,四环至五环,产业园区
1723,京怀电力,（公共站）北京市怀柔红星酒厂南侧停车场充电站,社会公用,北京市怀柔区G101(京密路),5,5,六环外,企事业单位
1724,华商信联,(公共站）北京市大兴区龙和大道公共充电站,社会公用,大兴区龙河街113号,0,10,五环至六环,其他
1725,华商信联,晓月苑八里东侧停车场充电站,社会公用,北京市丰台区晓月苑八里东侧停车场,0,20,四环至五环,公共停车场
1726,蓝谷极狐,极狐-丽泽龙湖天街超充站,社会公用,首创龙湖北京丽泽天街地下停车场B2层,4,0,二环至三环,大型商业购物中心
1727,汐歌儿,（公共站）通州区马驹桥联东U谷汐歌儿优易充小站,社会公用,通州区景盛南四街15号院25A,20,0,六环外,商务办公区
1728,中石油昆仑网电,北京市海淀区玲珑天地充电站,社会公用,北京市海淀区金隅大成玲珑天地停车场,9,0,三环至四环,商务办公区
1729,一充科技,北京朝阳海尔智家充电站,社会公用,北京市朝阳区海尔智家北京001体验中心地面停车场,8,0,四环至五环,商业区
1730,一充科技,北京通州东六元充电站,社会公用,北京市通州区东六元园区东门外地面停车场,4,0,五环至六环,商业区
1731,一充科技,北京朝阳秀水国潮充电站,社会公用,北京市朝阳区新秀水街商厦B3停车场,14,0,二环内,商务办公区
1732,一充科技,北京丰台广泽中心充电站,社会公用,北京市丰台区北京广泽中心地面停车场,12,0,三环至四环,商业区
1733,一充科技,北京西城明日五洲充电站,社会公用,北京市西城区北京明日五洲酒店地面停车场,8,0,二环至三环,酒店宾馆
1734,一充科技,北京朝阳中康酒店充电站,社会公用,北京市朝阳区北京中康国际酒店B2停车场,12,0,四环至五环,酒店宾馆
1735,一充科技,北京石景山金安环宇荟充电站,社会公用,北京市石景山区北京金安环宇荟地下B1和B2停车场,24,0,五环至六环,商务办公区
1736,一充科技,北京丰台百纳充电站,社会公用,北京市丰台区百纳烟台山酒店地面停车场(北京万丰路店),8,0,四环至五环,酒店宾馆
1737,一充科技,北京朝阳佳隆国际充电站,社会公用,北京市朝阳区佳隆国际大厦B2停车场,8,0,三环至四环,商务办公区
1738,一充科技,北京大兴融汇充电站,社会公用,北京市大兴区金融街融汇底商地面停车场,4,0,五环至六环,商务办公区
1739,一充科技,北京石景山泽洋大厦充电站,社会公用,北京市石景山区泽洋大厦地面停车场,12,0,四环至五环,商务办公区
1740,一充科技,北京朝阳常营充电站,社会公用,北京市朝阳区常营北路12号地面停车场,6,0,五环至六环,商业区
1741,一充科技,北京丰台鸿禧阁充电站,社会公用,北京市丰台区鸿禧阁地下B2停车场,20,0,三环至四环,商业区
1742,一充科技,北京昌平融泽嘉园充电站,社会公用,北京市昌平区融泽嘉园1号院底商地面停车场,24,0,五环至六环,商业区
1743,一充科技,北京朝阳阳光100充电站,社会公用,北京市朝阳区阳光100公寓地下B2停车场,6,0,三环至四环,商业区
1744,一充科技,北京通州鸿坤智谷充电站,社会公用,北京市通州区马驹桥智谷地下B1停车场,10,0,五环至六环,商业区
1745,鲲鹏祥瑞,鲲鹏祥瑞三街裕祥社区交流充电站,社会公用,北京市昌平区三街裕祥小区3号楼北侧停车场（北门进向南直走100米马路右转即到）,0,12,六环外,公共停车场
1746,易通时代,（公共站）北京市丰台区大红门南路易通时代充电站,社会公用,大红门南路易通时代停车场,40,0,四环至五环,其他
1747,海悦明宇,北京大兴区西红门交流充电站,社会公用,北京市大兴区欣旺大街381总站北侧停车场,0,10,四环至五环,公共停车场
1748,海悦明宇,北京东城区雍和宫桥停车场充电站,社会公用,北京市东城区雍和宫桥下停车场,0,6,四环至五环,公共停车场
1749,海悦明宇,北京大兴西红门宏都路充电站,社会公用,北京市大兴区欣旺大街381总站北侧停车场,10,0,四环至五环,公共停车场
1750,汐歌儿,（慢充站）汐歌儿马驹桥联东U谷优易充小站,社会公用,通州区景盛南四街15号院25A,0,20,六环外,商务办公区
1751,碧辟北京,BP快速充电站（北京昌平科教中心）,社会公用,北京市昌平区回龙观东大街195号,20,0,五环至六环,商务办公区
1752,特来电,北京市通州区史家小学充电站,社会公用,北京市市辖区通州区玉桥街道梨园南街史家小学通州分校,20,0,五环至六环,公共停车场
1753,特来电,北京市通州区土桥充电站,社会公用,北京市市辖区通州区玉桥街道临河里小区方恒东景商街停车场,20,0,五环至六环,公共停车场
1754,京电博源,北京市昌平区京电博源邓庄村公共充电站,社会公用,北京市昌平区昌平区邓庄村卫生院旁停车场,1,8,六环外,村镇
1755,高平安,北京海淀百旺绿荫充电站,社会公用,北京海淀区东北旺南路33号百旺绿茵停车场东南角,18,0,五环至六环,公共停车场
1756,高平安,北京通州城市绿心森林公园P12停车场充电站,社会公用,北京市通州区滨河南路城市绿心森林公园P12停车场,36,0,五环至六环,公共停车场
1757,高平安,北京大兴菊园商厦停车场充电站,社会公用,北京市大兴区旧宫镇西广德村菊园北侧50米,8,0,四环至五环,公共停车场
1758,京西速电,北京通州永顺北马庄充电站,社会公用,北京通州区北马庄村北京春昇文壹文化传媒有限公司体育园院内停车场,12,0,五环至六环,公共停车场
1759,开迈斯,北京市国家体育场3号停车场直流站,社会公用,北京市朝阳区天辰东路9号,84,0,四环至五环,体育场馆
1760,开迈斯,北京市东枫泊停车楼直流站,社会公用,北京市朝阳区黄寺大街5号东枫泊停车楼2层,20,0,二环至三环,其他
1761,星星充电,光华产业园,社会公用,北京市顺义区Y813与九厂路交叉口西南方向,55,0,五环至六环,物流园
1762,开迈斯,北京市海淀区大钟寺怡和8号院直流站,社会公用,北京市海淀区四道口北街大钟寺8号,8,0,二环至三环,商务办公区
1763,开迈斯,北京市融中心直流站,社会公用,北京市朝阳区七圣北路融中心地下B3层停车场,8,0,三环至四环,商务办公区
1764,开迈斯,北京市房山区文化活动中心直流站,社会公用,北京市房山区良乡昊天大街18号,6,0,五环至六环,其他
1765,开迈斯,北京市骏豪中央公园广场直流站,社会公用,北京市朝阳区朝阳公园南路10号院,10,0,三环至四环,商务办公区
1766,开迈斯,北京市金海湖国际会展中心直流站,社会公用,北京市平谷区金海湖镇金海湖国际会展中心,6,0,六环外,其他
1767,开迈斯,北京市鸿坤国际生物医药园直流站,社会公用,北京市开发区凉水河一街七号院,4,0,五环至六环,其他
1768,星星充电,韬盛科技停车场充电站,社会公用,北京市通州区张家湾镇京塘路辅路森工大厦,10,1,五环至六环,其他
1769,星星充电,海兰丝充电站,社会公用,北京市大兴区西红门镇鼎业路15号,2,18,五环至六环,产业园区
1770,易充得,杨镇开发区充电站,社会公用,杨镇开发区北京现代汽车第三工厂南门对面,20,0,六环外,工业园区/厂区
1771,星星充电,星星充电-信息大学充电站,社会公用,北京市房山区中国信息大学北侧停车场,26,0,五环至六环,公共停车场
1772,世纪云安,万国城MOMA淘淘充充电站,社会公用,香河园路1号万国城MOMA8号楼北1门外停车场,6,0,二环至三环,商务办公区
1773,世纪云安,华侨大厦淘淘充充电站,社会公用,华侨大厦淘淘充充电站,2,0,二环内,酒店宾馆
1774,牛充,朝阳区世茂工三充电站二期,社会公用,北京市朝阳区世茂工三B3层,10,0,二环至三环,物流园
1775,星星充电,BDA国际广场充电站,社会公用,地盛北街10号BDA国际广场,16,17,五环至六环,商务办公区
1776,亚电新能源,鼎成时代广场停车场充电站（B2直流站）,社会公用,北京市朝阳区小营北路15号院1号鼎成中心-东门,24,0,六环外,大型商业购物中心
1777,京西速电,北京朝阳区来广营地上停车场充电站,社会公用,北京朝阳区来广营北路1号,24,0,五环至六环,公共停车场
1778,燕房电力,华英园9号商业楼充电站,社会公用,北京市顺义区南法信地区办事处华英园社区居委会华英园小区顺于路北100米华英园九号商业楼停车场,12,0,五环至六环,商业区
1779,蓝谷极狐,极狐-丽枫酒店超充站,社会公用,丽枫酒店(北京亦庄开发区东区店)停车场,4,0,五环至六环,酒店宾馆
1780,蓝谷极狐,极狐-五棵松冰上中心超充站,社会公用,海淀区复兴路69号,12,0,三环至四环,体育场馆
1781,京供华商,京供华商港龙商业中心充电站,社会公用,北京市昌平区龙泽园街道港龙商业中心,16,0,五环至六环,大型商业购物中心
1782,京供华商,京供华商百泉庄充电站,社会公用,北京市昌平区马池口镇百泉庄村,50,0,六环外,村镇
1783,京供华商,京供华商百泉庄交流桩充电站,社会公用,北京市昌平区马池口镇百泉庄村,0,44,六环外,村镇
1784,泛充科技,超级饭电绿海大厦充电站,社会公用,北京市海淀区永澄北路2号院停车场北侧,8,0,五环至六环,产业园区
1785,京供华商,京供华商润杰商业楼充电站,社会公用,北京市昌平区城北街道润杰商业楼,0,6,六环外,商业区
1786,云电电气,（公共站）北京市密云区穆家峪镇穆湖渔村充电站,社会公用,北京市密云区穆家峪镇穆湖渔村停车场,0,4,六环外,村镇
1787,牛充,朝阳区世通国际大厦西侧停车场充电站,社会公用,北京市朝阳区双桥地铁站东侧世通国际大厦西侧停车场,24,0,五环至六环,科技园区
1788,京电博源,北京市昌平区京电博源老峪沟电管站公共充电站,社会公用,北京市昌平区老峪沟电管站旁停车场,2,2,六环外,村镇
1789,亚电新能源,马坡镇千亩健身步道森林公园停车场充电站（直流充电站）,社会公用,马坡千亩森林公园停车场,24,0,六环外,公共停车场
1790,亚电新能源,北京市顺义区府右街6号西南停车场充电站（希望家园二期）,社会公用,顺义区天竺镇政府停车场,36,0,六环外,公共停车场
1791,碧辟北京,BP快速充电站（北京大兴中建大兴之星）,社会公用,北京市大兴区北兴路30号中建大兴之星地下停车场,12,0,五环至六环,商务办公区
1792,星星充电,宇达创意中心充电站,社会公用,北京市朝阳区豆各庄乡绿丰路宇达创意中心,20,2,三环至四环,产业园区
1793,开迈斯,北京市正大中心交流站,社会公用,北京市朝阳区光华路10号正大中心地下B3层停车场,0,19,三环至四环,商务办公区
1794,万城万充,合创产业中心充电站,社会公用,环景路19号,0,6,六环外,商务办公区
1795,万城万充,合生财富广场,社会公用,北京市朝阳区劲松街道西大望路甲23号,0,12,三环至四环,商务办公区
1796,开迈斯,北京市回龙观全季酒店地下交流站,社会公用,北京市昌平区回龙观西大街行知路77号院B1停车场,0,6,五环至六环,酒店宾馆
1797,开迈斯,北京市回龙观全季酒店地下直流站,社会公用,北京市昌平区龙泽园街道美森伊人健康管理全季酒店(北京回龙观店)回龙观西大街与行知路交叉口西北方向223米B1直流站,6,0,五环至六环,酒店宾馆
1798,万城万充,木樨园合生广场充电站,社会公用,永外果园8号,0,6,三环至四环,商务办公区
1799,亚电新能源,鼎成时代广场停车场充电站（B3直流站）,社会公用,北京市朝阳区小营北路15号院1号鼎成中心-东门,24,0,六环外,大型商业购物中心
1800,开迈斯,北京市招商局大厦直流站,社会公用,北京市朝阳区建国路118号西停车场入口,6,0,三环至四环,商务办公区
1801,鲲鹏祥瑞,鲲鹏祥瑞东沙（中联万家）充电站,社会公用,北京市昌平区东沙各庄村村东中联万家超市停车场,24,0,六环外,公共停车场
1802,鲲鹏祥瑞,鲲鹏祥瑞三街裕祥社区充电站,社会公用,北京市昌平区三街裕祥小区3号楼北侧停车场（北门进向南直走100米马路右转即到）,10,0,六环外,公共停车场
1803,开迈斯,北京市合景魔方直流站,社会公用,北京市东城区崇文门外大街1号B3直流站,8,0,二环内,商业区
1804,汐歌儿,（公共站）汐歌儿宋庄工业园优易充小站,社会公用,北京市通州区Y024(邢各庄路),14,5,六环外,产业园区
1805,一充科技,北京朝阳珐琅厂充电站,社会公用,北京市朝阳区成寿寺珐琅厂南厂地面停车场,6,0,三环至四环,产业园区
1806,一充科技,北京昌平林溪充电站,社会公用,北京市昌平区林溪别墅社区地面停车场,10,0,五环至六环,商务办公区
1807,一充科技,北京昌平京都充电站,社会公用,北京市昌平区京都儿童医院南侧地下B1停车场,8,0,五环至六环,公共停车场
1808,一充科技,北京房山希尔顿充电站,社会公用,北京市房山区阎富路66号院希尔顿欢朋酒店地下停车场,16,0,五环至六环,产业园区
1809,碧辟北京,BP快速充电站（北京西城万特珠宝城）,社会公用,北京市西城区新街口北大街61号,6,0,二环内,商业区
1810,碧辟北京,BP快速充电站（北京朝阳华贸城9号院）,社会公用,北京市朝阳区清河营南街华贸城西区西南2门西北侧约40米,12,0,五环至六环,大型商业购物中心
1811,碧辟北京,BP快速充电站（北京东城东方花园饭店）,社会公用,北京市东城区东直门南大街6号东方花园饭店楼后停车场,6,0,二环至三环,酒店宾馆
1812,蓝谷极狐,极狐-小瓦窑超充站,社会公用,丰台区吴家村3号停车场,4,0,四环至五环,公共停车场
1813,牛充,洋桥大中电器停车场充电站,社会公用,北京市丰台区南三环海户西里甲1号,12,0,三环至四环,大型商业购物中心
1814,蓝谷极狐,极狐-中德大厦超充站,社会公用,北京中德产业园,4,0,五环至六环,产业园区
1815,蓝谷极狐,极狐-中德大厦充电站,社会公用,北京中德产业园,0,6,五环至六环,产业园区
1816,星星充电,艾瑟顿国际公寓,社会公用,中关村海淀南路34号艾瑟顿国际公寓B1停车场,6,6,五环至六环,商务办公区
1817,北京壳牌,壳牌溪翁庄充电站,社会公用,北京市密云区东智路口（密溪路东50米）,10,0,六环外,经营性场所
1818,华商信联,亿朋苑一区充电站,社会公用,丰台区亿朋苑一区,0,6,三环至四环,其他
1819,利嘉新能源,平谷区岳协医院充电站,社会公用,新开西街8号北京市平谷岳协医院内,0,10,六环外,医疗机构
1820,利嘉新能源,平谷区刘店乡丫髻山风景区充电站,社会公用,"北京市平谷区丫髻山专用路丫髻山风景区内,文化墙南308米",0,10,六环外,旅游景点
1821,利嘉新能源,平谷区金海湖景区充电站,社会公用,北京市平谷区韩海路金海湖景区内,0,20,六环外,旅游景点
1822,利嘉新能源,延庆区都市花园酒店充电站,社会公用,都市花园酒店,0,6,六环外,商业区
1823,利嘉新能源,北京市延庆区珍珠泉乡文化大院充电站,社会公用,北京市延庆县X211(四宝路)中国邮政(邮局)西南175米珍珠泉乡文化大院,1,3,六环外,公共停车场
1824,利嘉新能源,北京市房山区绿地缤纷城快充站,社会公用,"北京市房山区长阳路绿地新都会内,绿地缤纷城(房山店)南124米",10,0,六环外,公共停车场
1825,利嘉新能源,杨庄北区充电站,社会公用,北京市石景山区杨庄北区中街雅居新天地附近20米,8,0,三环至四环,公共停车场
1826,利嘉新能源,怀柔区台关路宽沟八号充电站,社会公用,北京市怀柔区X005(台关路)凯甲庄村北529米,4,4,六环外,公共停车场
1827,利嘉新能源,朝阳区青年路星河湾快充站,社会公用,"北京市朝阳区四季星河中街星河湾内,四季星河中街-1号院东南120米",8,0,六环外,公共停车场
1828,利嘉新能源,延庆区沈家营镇北老君堂宏盛斌鹏充电站,社会公用,北京市延庆县X006(北西路)北老君堂村南157米,0,6,六环外,商业区
1829,利嘉新能源,大庄科乡政府充电站,社会公用,北京市延庆区大庄科乡人民政府外面停车处,2,2,六环外,公共停车场
1830,高平安,北京丰台平安幸福中心充电站,社会公用,北京市丰台区丽泽路24号院,12,0,二环至三环,商业区
1831,高平安,北京海淀东软研发中心充电站,社会公用,北京市海淀区西北旺东路10号院东区22号楼,8,0,五环至六环,商务办公区
1832,吉事能源,吉事充狼垡麦当劳充电站,社会公用,北京市大兴区黄村镇麦当劳(北京芦花路DT餐厅)后停车场,12,0,四环至五环,其他
1833,龙禹新能源,优智·天骥智谷充电站,社会公用,通州区经海三路109号,28,0,五环至六环,商务办公区
1834,潞电电力建设,潞能超充（首环西集服务区北区站）,社会公用,北京北京市通州区西集服务区,7,0,五环至六环,高速服务区
1835,开迈斯,北京市张家湾文化艺术博览苑直流站,社会公用,北京市通州区云杉路1号地面停车场,12,0,六环外,产业园区
1836,星星充电,荟萃园充电站,社会公用,北京市通州区梨园镇万盛南街434号,24,0,五环至六环,产业园区
1837,开迈斯,北京市建外环宇荟直流站,社会公用,北京市朝阳区光华东里8号地下停车入口B3层停车场,6,0,二环至三环,商务办公区
1838,汐歌儿,（公共站）汐歌儿阳坊村西大街优易充小站,社会公用,北京市昌平区阳坊村西大街6号,6,0,六环外,农贸批发市场
1839,牛充,通州易代储7号院充电站,社会公用,北京市通州区景盛南二街12号,16,0,六环外,物流园
1840,天开快充,北京市朝阳区驼房营西里充电站,社会公用,驼房营西里社区停车场,0,22,四环至五环,公共停车场
1841,海实电力,北京市海淀区中国共产主义青年团中央团校充电站,社会公用,北京市海淀区西三环北路25号,0,36,三环至四环,教育院校
1842,海实电力,北京市海淀区闵庄南路9号玉泉馨园生活广场充电站,社会公用,北京市海淀区闵庄南路9号,4,5,四环至五环,商业区
1843,优智桩,云杉燕保大厦充电站,社会公用,石景山区玉泉西里一区(玉泉路地铁站D2西南口步行480米),20,0,四环至五环,商业区
1844,用电无忧,用电无忧店上充电站,社会公用,北京市昌平区东小口镇店上村太平郊野公园西100米路南,6,0,五环至六环,村镇
1845,用电无忧,北京昌平区店上东充电站,社会公用,北京市昌平区东小口镇店上村太平郊野公园西100米路南,12,0,五环至六环,村镇
1846,用电无忧,用电无忧店上交流充电站,社会公用,北京市昌平区东小口镇店上村太平郊野公园西100米路南,0,20,五环至六环,村镇
1847,用电无忧,北京庆银充电站,社会公用,昌平区东小口镇店上村76号,0,202,五环至六环,村镇
1848,用电无忧,北京店上村充电站,社会公用,昌平区东小口镇店上村76号,26,0,五环至六环,村镇
1849,京供华商,京供华商昌平区医院直流充电站,社会公用,北京市昌平区区医院,2,0,六环外,医疗机构
1850,京供华商,京供华商昌平区医院交流充电站,社会公用,北京市昌平区区医院,0,6,六环外,医疗机构
1851,北京壳牌,壳牌潞城充电站,社会公用,北京市通州区潞城地铁站D口西侧停车场,40,0,六环外,交通枢纽
1852,隆瑞三优,隆瑞三优南梨园充电站（快充站）,社会公用,北京市房山区紫园南路30号,4,0,六环外,公共停车场
1853,隆瑞三优,通州区科学技术委员会瑞智充小站,社会公用,通州区永安大厦地下一层停车场,0,3,五环至六环,科研院所
1854,隆瑞三优,北京市朝阳区立根大厦瑞智充小站,社会公用,北京市朝阳区北苑东路350号立根大厦地上停车场,0,5,四环至五环,公共停车场
1855,隆瑞三优,北京市密云区捧河岩村瑞智充小站,社会公用,北京市密云区Y002(横捧路),0,6,六环外,公共停车场
1856,隆瑞三优,北京市大兴区中国药谷CBP科技创新中心瑞智充小站,社会公用,大兴区中国药谷CBP科技创新中心,0,20,五环至六环,公共停车场
1857,隆瑞三优,北京市密云区卢苑文佳旅游文化发展有限公司瑞智充小站,社会公用,北京市密云区溪翁庄镇北京水利水电工程安装公司东库,1,3,六环外,公共停车场
1858,隆瑞三优,北京市延庆区金宸大厦瑞智充小站,社会公用,北京市延庆区东外大街89号金宸大厦停车场,0,20,六环外,公共停车场
1859,隆瑞三优,（公共站）顺义荣和商业中心瑞智充小站,社会公用,北京市顺义区丽苑街19,0,8,五环至六环,大型商业购物中心
1860,隆瑞三优,北京市丰台区西王佐村委会地上停车场瑞智充小站,社会公用,北京市丰台区王佐路,0,12,五环至六环,公共停车场
1861,隆瑞三优,（公共站）昌平区云智中心瑞智充小站,社会公用,北京市昌平区回龙观东大街81号院1号楼云智中心B2停车场,2,9,五环至六环,商务办公区
1862,隆瑞三优,北京市平谷区育新苑宾馆瑞智充小站,社会公用,北京市平谷区金海湖镇韩庄北街3号位置,4,12,六环外,公共停车场
1863,隆瑞三优,北京市密云区蜜蜂大世界瑞智充小站,社会公用,北京市密云区太师屯镇龙潭沟村北京蜜蜂大世界,1,6,六环外,公共停车场
1864,隆瑞三优,北京市丰台区西国贸汽服基地瑞智充小站,社会公用,北京市丰台区丰管路16号西国贸汽服基地地上停车场,4,16,三环至四环,公共停车场
1865,隆瑞三优,北京市朝阳区人卫大厦地下B4停车场瑞智充小站,社会公用,北京市朝阳区潘家园南里19号,2,10,二环至三环,公共停车场
1866,隆瑞三优,北京市大兴区公交驾校瑞智充小站,社会公用,大兴区芦花路26号（北京公交驾校）,0,15,五环至六环,公共停车场
1867,EC动力,EC动力星德宝宝马充电站,社会公用,北京市朝阳区高碑店乡北京星德宝汽车销售服务有限公司,6,0,四环至五环,产业园区
1868,星星充电,金地威新国际中心,社会公用,北京市大兴区盛坊路5号院金地威新国际中心南区,6,52,五环至六环,商务办公区
1869,星星充电,九号公寓,社会公用,朝阳公园西路9号,6,0,三环至四环,商务办公区
1870,天开快充,北京市昌平区新悦家园北区充电站,社会公用,新悦家园北区停车场,0,20,六环外,公共停车场
1871,特斯拉上海,北京远洋未来广场,社会公用,北四环东路73号地下停车场B2层E区1185车位旁,4,0,四环至五环,大型商业购物中心
1872,特斯拉上海,北京万科时代中心·十里,社会公用,朝阳路十里堡甲3号院万科时代中心·十里地下停车场B3层,6,0,四环至五环,商务办公区
1873,特斯拉上海,北京管庄特斯拉服务中心,社会公用,管庄乡1号特斯拉管庄服务中心地上停车场,6,0,五环至六环,车企4S店
1874,特斯拉上海,北京天安天地大厦（地下）,社会公用,西绒线胡同28号天安天地大厦-地下B2层（入口：油坊胡同）,2,0,二环内,商务办公区
1875,特斯拉上海,北京云间COFFEE,社会公用,夏各庄镇夏各庄内环南路99号院1号-(南山路云间COFFEE),2,0,六环外,酒店宾馆
1876,特斯拉上海,北京学清嘉创大厦,社会公用,学清路银泉路交叉口东南地下B2-B区021~037入口：银泉路,6,0,四环至五环,商务办公区
1877,特斯拉上海,北京世园璞燊酒店,社会公用,百康路1-66号(务必从世园公园7号门进入）,2,0,六环外,酒店宾馆
1878,特斯拉上海,北京顺义特斯拉直营钣喷中心,社会公用,林河大街18号tesla钣喷中心院内地上车位,4,0,六环外,车企4S店
1879,特斯拉上海,北京市永新铂勒,社会公用,亦庄经济技术开发区-经海三路11号地上停车位（入口：经海三路）,2,0,五环至六环,车企4S店
1880,特斯拉上海,北京智慧谷悦界,社会公用,永润路18号院智慧谷悦界地下停车场B2层B2-248车位旁,2,0,五环至六环,大型商业购物中心
1881,特斯拉上海,一渡假日酒店,社会公用,十渡风景区一渡青青小镇一渡假日酒店楼后停车场,10,0,六环外,酒店宾馆
1882,特斯拉上海,北京旧宫爱琴海购物公园,社会公用,久敬庄路（大红门锦苑-A区东侧约250米）地下B2_M区,20,0,四环至五环,大型商业购物中心
1883,特斯拉上海,北京鸿坤广场,社会公用,西红门欣旺北大街8号地下B2B区立柱号85,6,0,四环至五环,大型商业购物中心
1884,特斯拉上海,北京国海广场,社会公用,复兴路17号-地上车位4号楼公寓旁,12,0,二环至三环,商务办公区
1885,特斯拉上海,四惠桥东南角,社会公用,建国路70号四惠桥东南角地上停车场,6,0,四环至五环,车企4S店
1886,特斯拉上海,北京启迪香山,社会公用,香山南路105号院地下B3充电车位区域,6,0,五环至六环,大型商业购物中心
1887,特斯拉上海,北京斯普瑞斯奥特莱斯,社会公用,金盏乡森林公园东1号地上停车场B7区,12,0,五环至六环,大型商业购物中心
1888,特斯拉上海,北京华腾新天地,社会公用,东四环中路195号华腾新天地南侧地上停车场,10,0,三环至四环,大型商业购物中心
1889,特斯拉上海,北京大兴区金地威新国际中心,社会公用,春和路52号院金地威新国际中心北区地下停车场北2区,8,0,五环至六环,商务办公区
1890,特斯拉上海,北京居然之家八角店,社会公用,阜石路168号，地上停车场北侧/入口处右转,8,0,五环至六环,大型商业购物中心
1891,特斯拉上海,北京市张仪村丰仪汽车园,社会公用,张仪村路23号院甲5号北京寰宇标特特斯拉授权钣喷中心,6,0,四环至五环,车企4S店
1892,特斯拉上海,八达岭滑雪场,社会公用,八达岭镇八达岭滑雪场,4,0,六环外,旅游景点
1893,特斯拉上海,北京盈科中心,社会公用,工人体育场北路甲2号地下B2层,16,0,二环至三环,商务办公区
1894,特斯拉上海,北京大兴国际机场,社会公用,大兴国际机场P1停车楼1F10区495-502车位,8,0,六环外,机场
1895,特斯拉上海,北京颐堤港,社会公用,酒仙桥路18号地下P1_B区,20,0,四环至五环,大型商业购物中心
1896,特斯拉上海,北京丽泽天街,社会公用,丽泽路300号（4号地库入口）地下B3层J区,8,0,二环至三环,大型商业购物中心
1897,特斯拉上海,姚家园特斯拉中心,社会公用,姚家园路东口甲1号东方基业汽车城7号，入口：容盛路,4,0,四环至五环,车企4S店
1898,特斯拉上海,北京北广大厦,社会公用,黄寺大街甲23号院北广大厦南侧地上停车场,4,0,二环至三环,商务办公区
1899,特斯拉上海,北京通厦康达广场,社会公用,朝阳北路56号通厦康达广场地上停车场,6,0,五环至六环,大型商业购物中心
1900,特斯拉上海,北京碧桂园九华山庄,社会公用,顺沙路75号九华山庄16区九华山庄国际会展中心大酒店东侧,8,0,六环外,酒店宾馆
1901,特斯拉上海,北京千禧商业街,社会公用,靛厂路11号千禧购物中心停车场D区,4,0,三环至四环,大型商业购物中心
1902,特斯拉上海,丽枫酒店北京首都机场国展店,社会公用,S321顺沙路丽枫酒店,6,0,六环外,酒店宾馆
1903,特斯拉上海,北京天博中心,社会公用,南焦路龙湖天街地下停车场B2层E区203车位,8,0,五环至六环,商务办公区
1904,特斯拉上海,北京房山太阳圣火广场,社会公用,京良路太阳圣火广场,10,0,五环至六环,大型商业购物中心
1905,特斯拉上海,北京红星美凯龙,社会公用,来广营西路59号（北苑东路与北苑南街交叉口）,12,0,四环至五环,大型商业购物中心
1906,特斯拉上海,北京北苑华贸天地,社会公用,清河营中街7号院华贸城东区地下停车场B3A区112-118,4,0,五环至六环,大型商业购物中心
1907,特斯拉上海,北京长楹龙湖天街,社会公用,常通路1号院1号楼长楹天街购物中心B2层G区,12,0,五环至六环,大型商业购物中心
1908,特斯拉上海,龙湖北京大兴天街,社会公用,永兴路龙湖天街地下停车场B2层E5区,12,0,六环外,大型商业购物中心
1909,特斯拉上海,北京房山龙湖天街,社会公用,拱辰北大街龙湖天街地下停车场B2层C区,8,0,五环至六环,大型商业购物中心
1910,特斯拉上海,北京长安天街,社会公用,新城大街北京长安天街地下停车场B3-K区,8,0,六环外,大型商业购物中心
1911,特斯拉上海,北京住总万科广场,社会公用,忠凉路1号住总万科广场B2层B20069-B2075,6,0,五环至六环,大型商业购物中心
1912,特斯拉上海,北京合景摩方购物中心,社会公用,崇文门外大街1号合景摩方购物中心B3层62-70,6,0,二环内,大型商业购物中心
1913,特斯拉上海,北京网信大厦,社会公用,霄云路28号网信大厦地下停车场B1层（入口：霄云路）,6,0,三环至四环,商务办公区
1914,特斯拉上海,北京领展购物广场·京通,社会公用,九棵树西路76号罗斯福B2层B2层B1区B-059车位,6,0,五环至六环,大型商业购物中心
1915,特斯拉上海,北京欧陆广场,社会公用,天竺镇裕祥路99号欧陆广场地上停车位,6,0,五环至六环,大型商业购物中心
1916,特斯拉上海,大兴国超钧恒,社会公用,清源西路1号院,4,0,五环至六环,车企4S店
1917,特斯拉上海,北京中关村资本大厦,社会公用,学院南路62号地上，入口进入后绕至大厦南侧,6,0,二环至三环,商务办公区
1918,特斯拉上海,北京来福士中心,社会公用,东直门南大街来福士中心地下停车场B3层C区,10,0,二环内,大型商业购物中心
1919,特斯拉上海,北京龙湖星悦荟,社会公用,颐和园路208号龙湖星悦荟地下停车场B1/08-19车位,8,0,四环至五环,大型商业购物中心
1920,特斯拉上海,北京君太百货,社会公用,西单北大街133号君太百货B2层B08-B16,6,0,二环内,大型商业购物中心
1921,特斯拉上海,北京金地中心,社会公用,建国路91号B2层B区B2-053车位,8,0,三环至四环,大型商业购物中心
1922,特斯拉上海,北京梦秀欢乐广场,社会公用,望京西路41号地下停车场B2层B-058车位,8,0,四环至五环,大型商业购物中心
1923,特斯拉上海,北京亚洲金融大厦,社会公用,科荟南路与天辰东路交汇处东北角B2层P3区/入口：科荟南路,10,0,四环至五环,商务办公区
1924,特斯拉上海,北京罗红摄影艺术馆,社会公用,天竺竺林路杨林收费站出口罗红摄影艺术馆,4,0,五环至六环,旅游景点
1925,特斯拉上海,北京华贸中心（地下）,社会公用,建国路77号华贸购物中心地下B3层B3482车位,10,0,三环至四环,大型商业购物中心
1926,特斯拉上海,北京市金融街购物中心,社会公用,金城坊街2号楼金融街购物中心B3层F3区655-662,6,0,二环内,大型商业购物中心
1927,特斯拉上海,北京三间房音乐文化广场,社会公用,朝阳北路财经路252号,10,0,五环至六环,其他
1928,特斯拉上海,北京亦庄嘉德长实科技园,社会公用,亦庄隆庆街18号院安快创业谷,12,0,五环至六环,商务办公区
1929,特斯拉上海,北京市海润大厦,社会公用,海淀南路36号美华海润大厦地上停车场（入口：海淀南路-西北1门）,50,0,三环至四环,商务办公区
1930,特斯拉上海,北京卷石天地大厦,社会公用,望京西路甲50号卷石天地大厦地面停车场,12,0,四环至五环,商务办公区
1931,特斯拉上海,北京市新荟城购物中心,社会公用,望京东园一区120号楼新荟城地上停车场,10,0,四环至五环,大型商业购物中心
1932,特斯拉上海,北京市密云华润万象汇,社会公用,滨河路178号华润万象汇B1层C区（2通道C061车位）,6,0,六环外,大型商业购物中心
1933,特斯拉上海,北京市蓝色港湾,社会公用,朝阳公园路6号蓝色港湾购物中心地下二层停车场E8区,6,0,三环至四环,大型商业购物中心
1934,特斯拉上海,北京清河万象汇,社会公用,清河中街68号五彩城购物中心B2层东区G0628-G0631,6,0,五环至六环,大型商业购物中心
1935,特斯拉上海,北京市东方广场,社会公用,东长安街1号院东方广场P3停车场W3区,6,0,二环内,大型商业购物中心
1936,特斯拉上海,北京市唐拉雅秀酒店,社会公用,复兴门外大街19号唐拉雅秀酒店B3停车场F12-F13,6,0,二环至三环,酒店宾馆
1937,特斯拉上海,北京市宝隆大厦,社会公用,南三环西路万柳桥甲3号,44,0,二环至三环,商务办公区
1938,特斯拉上海,南四环中路特斯拉中心,社会公用,南四环中路20号,8,0,四环至五环,车企4S店
1939,特斯拉上海,北京市万开中心,社会公用,万丰路316号地面停车场,6,0,三环至四环,商务办公区
1940,宇充新能源,北京朝阳顺峰充电站,社会公用,北京市朝阳区北四环东路2号顺峰顺景店地面停车场,12,0,三环至四环,商业区
1941,宇充新能源,北京丰台华夏幸福创新中心充电站,社会公用,北京市丰台区汽车博物馆西路8号院华夏幸福创新中心地下B3停车场,16,0,四环至五环,商务办公区
1942,特瓦特,中基大厦超级充电站,社会公用,北京市西城区茶源路与茶马南街交叉口东100m（中基大厦西北角）,20,0,二环内,大型商业购物中心
1943,特斯拉上海,北京中关村领展,社会公用,丹棱街甲1号地下停车场b2层d区3020-3022车位（入口：丹棱街）,2,0,三环至四环,大型商业购物中心
1944,蓝谷极狐,极狐-王四营大柳树超充站,社会公用,朝阳区王四营路1号,4,0,四环至五环,其他
1945,汐歌儿,（公共站）汐歌儿密云山水大厦优易充小站,社会公用,北京市密云区鼓楼东大街3号,4,0,六环外,产业园区
1946,民益科技,（内部站）北京市顺义区动物星世界充电站,社会公用,北京市顺义区高丽营镇西马各庄村建军街丁91号动物星世界停车场西侧,12,0,六环外,旅游景点
1947,碧辟北京,BP快速充电站（北京顺义国翼中心）,社会公用,北京市顺义区李桥镇临空经济核心区汇海南路1号院国翼中心地下1层,28,0,五环至六环,产业园区
1948,鲸悦能源,北京燕山东风社区充电站,社会公用,东风街道羊耳峪西区住宅小区,0,11,六环外,公共停车场
1949,鲸悦能源,碧桂园中心小学北侧停车场,社会公用,碧桂园中心小学北侧停车场,4,6,五环至六环,公共停车场
1950,鲸悦能源,北京房山区中央城惠民停车场充电站,社会公用,长政北街FCC中央城,24,0,五环至六环,公共停车场
1951,山海间科技,北京朝阳金长安大厦充电站,社会公用,北京市朝阳区东四环中路82号,25,0,四环至五环,商业区
1952,云和桥,云和桥龙湖冠寓生命科学园充电站,社会公用,北京市昌平区龙城花园北二区26号龙湖冠寓（生命科学园店）院内,14,0,五环至六环,公共停车场
1953,天开快充,北京市昌平区新悦家园南区充电站,社会公用,新悦家园南区停车场,0,8,六环外,公共停车场
1954,天开快充,北京市丰台区大成郡充电站,社会公用,大成路大成南里三区四区,0,12,四环至五环,公共停车场
1955,利嘉新能源,北京市延庆高铁站充电站,社会公用,延庆区高铁站东侧停车场,10,0,六环外,火车站
1956,利嘉新能源,延庆区医院北侧停车场充电站,社会公用,北京市延庆区医院内北侧停车场,12,0,六环外,公共停车场
1957,京西速电,枣园玫瑰城购物中心充电站,社会公用,北京大兴玫瑰城商业中心地面停车场,30,0,五环至六环,公共停车场
1958,汐歌儿,（公共站）汐歌儿马驹桥小周易优易充小站,社会公用,北京市通州区马驹桥镇小周易村西口,24,0,六环外,产业园区
1959,优智新能源,安华路停车楼充电站,社会公用,朝阳区安华路17号,16,0,二环至三环,商业区
1960,首狮昌泰,首钢园六工汇购物中心PD停车场B1充电站,社会公用,六工汇PD停车场B1,11,42,五环至六环,科技园区
1961,首狮昌泰,首钢园六工汇PE停车场充电站,社会公用,六工汇PE停车场充电站,3,22,五环至六环,科技园区
1962,首狮昌泰,首钢园六工汇PB停车场充电站,社会公用,六工汇PB停车场,12,45,五环至六环,科技园区
1963,首狮昌泰,首钢园六工汇PA停车场充电站,社会公用,六工汇PA停车场,12,51,五环至六环,科技园区
1964,首狮昌泰,首钢园六工汇购物中心PD停车场B2充电站,社会公用,六工汇PD停车场B2,10,43,五环至六环,科技园区
1965,首狮昌泰,首钢园六工汇PF停车场充电站,社会公用,六工汇PF停车场,9,34,五环至六环,科技园区
1966,环铁汽服,中国电影博物馆充电站,社会公用,崔各庄乡南影路9号,14,0,五环至六环,公共停车场
1967,天开快充,北京市朝阳区横街子3号充电站,社会公用,十八里店乡横街子3号停车场,0,24,四环至五环,公共停车场
1968,开迈斯,北京市金辉大厦直流站,社会公用,北京市朝阳区望京东园4区6号地下停车入口进入地下负二层,6,0,四环至五环,商务办公区
1969,开迈斯,北京市延庆区万达广场地下直流站,社会公用,北京市延庆区庆园街59号新城街西入口地下负二层停车场,6,0,六环外,商业区
1970,华商信联,港澳中心瑞士酒店,社会公用,东城区朝阳门北大街2号东门,0,5,二环至三环,其他
1971,利嘉新能源,延庆区希尔顿酒店停车场充电站,社会公用,延庆区希尔顿酒店地下停车场,1,40,六环外,酒店宾馆
1972,特来电,北京市丰台集美日新三期充电站,社会公用,大红门街道南四环中路辅路集美家居,4,0,三环至四环,商业区
1973,特来电,奥迪充电站北京中海环宇荟,社会公用,安定路5号院6号楼B3层068、069、070,2,0,三环至四环,车企4S店
1974,特来电,奥迪充电站北京富力广场,社会公用,广渠门外大街180号B2层A285、A286、A287,2,0,三环至四环,大型商业购物中心
1975,特来电,凯迪拉克IQ尊享超充站（太阳宫广场站）,社会公用,太阳宫中路太阳宫广场B3层07~10车位,4,0,三环至四环,大型商业购物中心
1976,特来电,奥迪充电站北京SKP-S,社会公用,建国路86号B3-北059-061,2,0,三环至四环,产业园区
1977,特来电,奥迪充电站北京亦庄山姆,社会公用,亦庄文化园东路6号亦庄创意生活广场,4,0,五环至六环,商业区
1978,特来电,奥迪充电站北京水魔方,社会公用,吴家村路小瓦窑西路停车场西路鑫苑充电站地面014-015-016号（3个）车位,2,0,五环至六环,商业区
1979,特来电,北京中海国际中心充电站,社会公用,新街口街道中海国际中心B2层,10,0,二环内,商业区
1980,海悦明宇,北京房山区饶乐府村充电站,社会公用,北京市房山区城关街道饶乐府新村万利广场,24,0,六环外,公共停车场
1981,睿科普盛,睿科普盛防震减灾教育公园充电桩,社会公用,紫竹院路正福寺76号(四季青桥东),12,0,四环至五环,商务办公区
1982,国网北京新能源,方庄社区（通润商务会馆地上停车场）,社会公用,丰台区方庄芳古园一区29号,2,6,二环至三环,公共停车场
1983,国网北京新能源,北京市大兴区北京经济技术开发区经海四路亦城时代广场城市公共充电站,社会公用,大兴区经海四路22号院,6,0,五环至六环,大型商业购物中心
1984,国网北京新能源,北京市丰台区吴家场路1号院悦邻百姓广场城市公共充电站,社会公用,丰台区吴家场路1号院悦邻百姓广场,4,0,三环至四环,大型商业购物中心
1985,国网北京新能源,北京市朝阳区华润时代中心A座B2城市公共充电站,社会公用,朝阳区建国路35号,2,4,四环至五环,大型商业购物中心
1986,国网北京新能源,大兴新机场高速礼贤服务区充电站（机场方向）,社会公用,大兴区礼贤服务区,39,0,六环外,公共停车场
1987,国网北京新能源,北京市东城区金宝街首开千方停车场充电站,社会公用,东城区金宝街首开千方停车场,2,22,二环至三环,公共停车场
1988,京鑫清洁,北京亦庄中冀斯巴鲁超充,社会公用,荣华南路16号中冀斯巴鲁大厦,16,0,五环至六环,产业园区
1989,国网北京新能源,顺义区地上铁顺义李桥站,社会公用,顺义区1号路,40,0,五环至六环,物流园
1990,北京壳牌,壳牌漕运码头充电站,社会公用,北京市通州区云帆路漕运码头停车场,24,0,六环外,其他
1991,特来电,少城科技园,社会公用,马驹桥镇少城科技园少城大厦,6,2,六环外,物流园
1992,开迈斯,北京市怀柔区青春万达广场地下直流站,社会公用,北京市怀柔区府前西街1号院1号楼（青春路驶入地下负三层停车场）,3,0,六环外,商业区
1993,鲲鹏祥瑞,鲲鹏祥瑞天通苑充电站,社会公用,北京市昌平区太平庄北街与中滩村路交叉口北侧,36,0,六环外,公共停车场
1994,吉事能源,吉事充北京站充电站,社会公用,北京市东城区建国门街道北京站东街华通北京站停车场b2,8,0,二环内,公共停车场
1995,高平安,北京朝阳财满街锐城国际充电站,社会公用,北京市朝阳区朝阳路71号,24,0,四环至五环,商务办公区
1996,高平安,北京顺义易行佳盛停车场充电站,社会公用,北京市顺义区通顺路20号,22,0,六环外,其他
1997,高平安,北京通州九棵树东路（当代 名筑）充电站,社会公用,北京市通州区当代名筑家园南侧地面底商停车场,4,0,五环至六环,商务办公区
1998,燕房电力,鑫兆佳园综合楼充电站,社会公用,北京市朝阳区常营地区办事处鑫兆佳园社区居委会东苇路无东苇路9号鑫兆佳园综合楼地上停车场,12,0,五环至六环,大型商业购物中心
1999,零网盛世,顺义区李桥镇育才东路充电站,社会公用,北京市顺义区李桥镇育才东路,0,2,六环外,公共停车场
2000,燕房电力,燕房金海洋商业中心充电站,社会公用,北京市石景山区五里坨街道金海洋商业中心地面停车场西南侧,12,0,五环至六环,大型商业购物中心
2001,宇充新能源,北京朝阳国药集团北区充电站,社会公用,北京市朝阳区小关街道唱吧麦颂(惠新东桥店)富盛大厦地面停车场,4,0,三环至四环,商业区
2002,宇充新能源,北京朝阳国药集团南区充电站,社会公用,北京市朝阳区小关街道惠新东街4号富盛大厦地下B4停车场,4,0,三环至四环,商业区
2003,宇充新能源,北京朝阳东方郁金香充电站,社会公用,北京市朝阳区来广营乡东方郁金香地下B1停车场,12,0,五环至六环,其他
2004,北京壳牌,壳牌货运路充电站,社会公用,北京市顺义区府前二街1号院14幢停车场,20,0,五环至六环,公共停车场
2005,特斯拉上海,东方绿洲露营庄园,社会公用,北京市密云区河南寨镇山口庄村东方绿洲地面停车场,0,2,六环外,酒店宾馆
2006,特斯拉上海,中关村东升国际科学园,社会公用,北京市海淀区永泰庄北路1号东升科技园B-6号楼地下二层05-06,0,2,三环至四环,科技园区
2007,特斯拉上海,北京昌平歇歇脚儿营地,社会公用,北京市昌平区沙河镇北踩河新村157号地面停车场,0,2,六环外,酒店宾馆
2008,特斯拉上海,瓦厂酒店,社会公用,北京市怀柔渤海镇北沟村村南100米渤海镇北沟村村南100米,0,2,六环外,酒店宾馆
2009,特斯拉上海,北京壹隅千寻民宿,社会公用,北京市平谷区马昌营镇王各庄东大寺西街291号,0,2,六环外,酒店宾馆
2010,特斯拉上海,丽都皇冠假日酒店,社会公用,北京市将台路6号,0,2,四环至五环,酒店宾馆
2011,特斯拉上海,北京新云南皇冠假日酒店,社会公用,北京市朝阳区东北三环七圣中街12号地面停车场,0,2,三环至四环,酒店宾馆
2012,特斯拉上海,密云文化馆,社会公用,北京市密云区南更大街193号地面停车场,0,4,六环外,其他
2013,特斯拉上海,北京突破科技园,社会公用,北京市丰台区大红门久敬庄56号地面停车场,0,2,五环至六环,科技园区
2014,特斯拉上海,姚家园万象汇,社会公用,北京市朝阳区青年北路35号院1号楼姚家园万象汇B2层313、314、315、316、317,0,5,四环至五环,大型商业购物中心
2015,特斯拉上海,野金工厂,社会公用,北京怀柔区八西路,0,2,六环外,酒店宾馆
2016,特斯拉上海,北京一川温泉特色民宿,社会公用,北京市密云区太师屯镇东庄禾村13号院,0,2,六环外,酒店宾馆
2017,特斯拉上海,北京龙庆峡志勇民宿,社会公用,北京市延庆区北外大街26号地面停车场,0,2,六环外,酒店宾馆
2018,特斯拉上海,北京呢喃民宿,社会公用,北京市门头沟区赵家台老村8号地面停车场,0,2,六环外,酒店宾馆
2019,特斯拉上海,迈西卡威固后沙峪店,社会公用,北京市顺义区裕华路空港段24号朗姿购物中心地面停车场,0,4,六环外,大型商业购物中心
2020,特斯拉上海,野鸭部落,社会公用,北京市密云县北庄镇北庄村,0,2,六环外,酒店宾馆
2021,特斯拉上海,北京鹅和鸭农庄,社会公用,北京市怀柔区桥梓镇北宅村南,0,2,六环外,酒店宾馆
2022,特斯拉上海,北京嘉度度假酒店,社会公用,北京市怀柔区渤海镇渤海所村八渡河岭73号,0,2,六环外,酒店宾馆
2023,特斯拉上海,云水遥山居,社会公用,北京市昌平区十三陵镇碓臼村70号,0,2,六环外,酒店宾馆
2024,利嘉新能源,平谷区黄松峪农商银行充电站,社会公用,北京市平谷区黄松峪东街275北京农商银行(黄松峪分理处)附近7米,0,6,六环外,金融机构
2025,利嘉新能源,北京市平谷区中医院充电站,社会公用,"北京市平谷区S305(新平北路)北京市平谷区医院内,平谷区医院住院部-1号楼内0米",2,10,六环外,公共停车场
2026,天开快充,北京市大兴区天堂河北区充电站,社会公用,天堂河北区停车场,0,9,六环外,公共停车场
2027,天开快充,北京市大兴区天堂河东区充电站,社会公用,天堂河东区停车场,0,9,六环外,公共停车场
2028,碧辟北京,BP快速充电站（北京海淀田村路23号院）,社会公用,田村路23号院,12,0,四环至五环,公共停车场
2029,碧辟北京,BP快速充电站（北京昌平枫树家园）,社会公用,北七家镇立汤路温哥华森林塔街6号,22,0,五环至六环,公共停车场
2030,天开快充,北京市万子营东村南侧充电站,社会公用,万子营东村南侧停车场,0,22,五环至六环,公共停车场
2031,天开快充,北京市大兴区天堂河南区充电站,社会公用,天堂河南区停车场,0,9,六环外,公共停车场
2032,北京碧辟新能源,朝阳区中交隧道充电站,社会公用,北京市朝阳区东湖街道利泽东街2号院,20,0,四环至五环,商业区
2033,北京碧辟新能源,亦庄青春梦影视产业园充电站,社会公用,北京经济技术开发区地盛南街1号1幢2幢,10,0,五环至六环,产业园区
2034,北京碧辟新能源,海淀区蓝景丽家大钟寺充电站,社会公用,中关村街道北三环西路219号,18,0,五环至六环,商业区
2035,北京碧辟新能源,海淀区中关村公园南门充电站,社会公用,西北旺镇唐家岭路中关村公园南门,36,0,五环至六环,体育场馆
2036,民益科技,北京市顺义区道仙庄充电站二站,社会公用,北京市顺义区南彩镇道仙庄村（吕少江家北侧）,0,2,五环至六环,公共停车场
2037,民益科技,北京市顺义区道仙庄充电站三站,社会公用,北京市顺义区南彩镇道仙庄村（王春英房后）,0,4,五环至六环,公共停车场
2038,民益科技,北京市顺义区道仙庄充电站一站,社会公用,北京市顺义区南彩镇道仙庄村村西北口（苏福章门口）,0,3,五环至六环,公共停车场
2039,北京碧辟新能源,通州区潞城地铁充电站,社会公用,潞城地铁西侧停车场,20,0,五环至六环,公共停车场
2040,北京碧辟新能源,丰台区丰台丽泽平安幸福中心充电站,社会公用,北京市丰台区丽泽路24号院5幢-5至1层-101B3,12,0,二环至三环,商业区
2041,北京碧辟新能源,丰台区丰台丽泽平安金融中心B座充电站,社会公用,北京市丰台区金泽西路4号院1号楼B2,12,36,二环至三环,商业区
2042,北京碧辟新能源,丰台区丰台丽泽平安金融中心A座充电站,社会公用,北京市丰台区金泽西路2号院1号楼B2,12,36,二环至三环,商业区
2043,北京碧辟新能源,大兴区旧宫镇政府充电站,社会公用,北京市大兴区旧宫红星派出所南,20,0,五环至六环,其他
2044,北京碧辟新能源,大兴区旧宫地铁站充电站,社会公用,北京市大兴区旧宫地铁站,20,0,五环至六环,其他
2045,北京碧辟新能源,丰台区康辛路充电站,社会公用,北京市丰台区康辛路,20,0,五环至六环,其他
2046,北京碧辟新能源,海淀区西山商业大厦充电站,社会公用,北京市海淀区杏石口路69号停车场西侧小车场,34,0,三环至四环,商业区
2047,北京碧辟新能源,朝阳区五方天雅汽服园充电站,社会公用,北京市朝阳区东五环五方天雅汽服园C8,8,0,五环至六环,工业园区/厂区
2048,蓝谷极狐,极狐-万兴家居广场超充站,社会公用,南三环路78号,4,0,三环至四环,大型商业购物中心
2049,易充得,科创停车场充电站项目三期,社会公用,仁和镇杜杨南街与顺兴路交叉路口向东150米路北云快充科创停车场充电站,20,0,六环外,物流园
2050,易充得,空港物流园充电站,社会公用,高丽营镇火寺路与順于路交叉路口向东50米路南,28,0,五环至六环,物流园
2051,鲲鹏祥瑞,鲲鹏祥瑞南口大厂交流充电站,社会公用,北京市昌平区南口镇南响路,0,6,六环外,公共停车场
2052,优智桩,爱家商业大厦充电站,社会公用,朝阳区将台乡于桥村爱家国际商业中心进门直行200米右拐直行左侧,44,0,三环至四环,产业园区
2053,云杉智慧,瑞安大厦充电站,社会公用,朝阳区十八里店乡东三环南路102-12号强强北京国际商务酒店入口直行50米,22,0,三环至四环,商业区
2054,首兴安成电力,（公共站）大兴区榆垡健身广场公共充电站,社会公用,北京市大兴区榆垡镇榆盛路与祥瑞街交叉口南侧,16,21,六环外,公共停车场
2055,宇充新能源,北京朝阳中国第一商城充电站,社会公用,北京市朝阳区小庄6号院中国第一商城B1停车场,6,0,二环至三环,商业区
2056,海实电力,上地信息产业基地实创商服中心充电站,社会公用,上地信息产业基地实创商服中心,3,0,五环至六环,商务办公区
2057,优智新能源,优智·安德信充电站,社会公用,顺义区仁和镇南白路21号,30,0,六环外,工业园区/厂区
2058,星星充电,中关村前沿研究院充电站,社会公用,中关村新兴产业前沿技术研究院(二期,8,6,五环至六环,科技园区
2059,云和桥,云和桥北京凡家村加油站充电站,社会公用,丰台区樊家村丰台南路中段南侧凡家村加油站西侧,6,0,三环至四环,村镇
2060,鲸悦能源,北京房山区琉璃河充电站,社会公用,琉璃河水泥厂医院,4,0,六环外,医疗机构
2061,天开快充,北京市朝阳区周庄嘉园B区充电站,社会公用,周庄嘉园B区,2,5,三环至四环,公共停车场
2062,天开快充,北京市朝阳区周庄嘉园C区充电站,社会公用,周庄嘉园C区,2,10,三环至四环,公共停车场
2063,天开快充,北京市朝阳区周庄嘉园南里充电站,社会公用,周庄嘉园南里,2,5,三环至四环,公共停车场
2064,龙禹新能源,优智·东旭国际充电站,社会公用,丰台区南四环花乡桥西南角,16,0,四环至五环,商务办公区
2065,乾华利和,海淀区北坞创新园超级充电站,社会公用,北京市海淀区四季青镇北坞创新园南区3号园区西侧,10,0,四环至五环,科技园区
2066,乾华利和,北京工业锅炉集团超级充电站,社会公用,北京市海淀区北京工业锅炉集团东一门,4,0,四环至五环,公共停车场
2067,乾华利和,北京金四季购物中心充电站,社会公用,北京市海淀区四季青镇金四季购物中心停车场东侧,18,0,四环至五环,大型商业购物中心
2068,京鑫清洁,北京丰台赵辛店超充站,社会公用,长辛店镇赵辛店村周口店路与长辛店大街交叉口东北200米,12,0,四环至五环,公共停车场
2069,充之源,北京市大兴区奥宇充电站,社会公用,大兴区金星路12号院2号楼1层东侧,10,0,五环至六环,产业园区
2070,特来电,北京沙河北大桥超级充电站,社会公用,沙河镇京铁家园未来科学城,14,0,五环至六环,物流园
2071,特来电,北京市朝阳区万象汇购物中心充电站,社会公用,平房乡北京姚家园万象汇,11,8,四环至五环,大型商业购物中心
2072,特来电,北京市九渡河卫生院充电站,社会公用,九渡河镇黄花城村217号,2,4,六环外,医疗机构
2073,星星充电,花涧溪充电站,社会公用,云景南大街花间溪启明星苑商业停车场,8,2,五环至六环,公共停车场
2074,智电时代,智电时代天博中心充电站,社会公用,南法信镇天博中心西南侧,10,0,五环至六环,商务办公区
2075,高平安,北京丰台安富停车场充电站充电站,社会公用,北京市丰台区左安门外南方庄1号院,38,0,三环至四环,其他
2076,桩大夫,京林大厦充电站,社会公用,南平东里乙1号,20,0,五环至六环,机场
2077,桩大夫,世纪全营充电站,社会公用,北京市顺义区赵全营镇西陈各庄村南街7号,24,0,六环外,工业园区/厂区
2078,用电无忧,北京昌平区宏福充电站,社会公用,北京市昌平区北七家镇郑各庄平西府中心小学对面停车场,12,10,五环至六环,村镇
2079,宽湾能源,龙冠和谐大厦充电站,社会公用,北京市昌平区回龙观东大街296/298号,20,0,五环至六环,公共停车场
2080,开迈斯,北京市东城区神华国华投资大厦地上直流站,社会公用,北京市东城区东直门南大街3号投资大厦地面停车场,8,0,二环内,商务办公区
2081,泛充科技,超级饭电兴隆公园南门站,社会公用,建国路兴隆公园南门,12,0,四环至五环,旅游景点
2082,智电时代,智电时代南站幸福路充电站,社会公用,永定门外街道彭庄甲58号全季酒店北京南站北广场店停车场,6,0,二环至三环,经营性场所
2083,开迈斯,北京市昌平区首开LONG街商业街区地下交直流站,社会公用,北京市昌平区首开LONG街商业街区地下负一层停车场（家家悦超市方向下停车场）,6,3,五环至六环,商业区
2084,开迈斯,北京市中国航油科技信息基地交直流站,社会公用,北京市顺义区吉祥中路25号（安宁大街右转进入地下负一层停车场）,6,12,五环至六环,其他
2085,龙禹新能源,中石化龙禹九二时间充电站,社会公用,南磨房乡广泰西路1号院九二时间园区,23,0,四环至五环,产业园区
2086,龙禹新能源,中石化龙禹E9创新工厂充电站,社会公用,黑庄户乡康中街32号E9创新工场,20,0,五环至六环,产业园区
2087,龙禹新能源,中石化龙禹新发地充电站,社会公用,泉营街道右安路北京隆晟华盾文化有限公司地面停车场,14,0,四环至五环,经营性场所
2088,潞电电力建设,潞能超充（京杭大运河2号站）,社会公用,北京北京市通州区通州区纪检委北50米（运河园路东）,12,0,五环至六环,公共停车场
2089,潞电电力建设,潞能超充（焦王庄站）,社会公用,北京北京市通州区陈列馆路475,8,0,五环至六环,其他
2090,潞电电力建设,潞能超充（徐双路站）,社会公用,北京北京市通州区徐双路,4,0,五环至六环,村镇
2091,潞电电力建设,潞能超充（垡头路站）,社会公用,北京北京市通州区菲亿频电气集团有限公司东100米,4,0,五环至六环,村镇
2092,高平安,北京海淀唐家岭红英小学南充电站,社会公用,海淀区唐家岭红英小学南侧空场内,36,0,五环至六环,公共停车场
2093,天开快充,北京市金泰先锋北区充电站,社会公用,金泰先锋北区停车场,0,6,四环至五环,公共停车场
2094,云和桥,云和桥窦店金鑫苑小区停车场充电站,社会公用,大窦路西金鑫苑小区大门北侧停车场,24,0,六环外,公共停车场
2095,云和桥,云和桥草寺村悦邻商厦充电站,社会公用,宋庄镇草寺村悦邻商厦,12,0,五环至六环,公共停车场
2096,全来电,潞通加油站,社会公用,北京市通州区潞苑南大街三号院办公区南侧临时停车场,2,20,五环至六环,经营性场所
2097,全来电,军干四所,社会公用,北京市丰台区干休所,0,7,四环至五环,政府机构
2098,全来电,人艺剧场,社会公用,北京市东城区王府井大街22号,0,30,二环至三环,经营性场所
2099,全来电,丰台程庄路16号军干四所,社会公用,北京市丰台区五里店街道程庄路程庄北里,0,3,四环至五环,政府机构
2100,全来电,HD永定路派出所,社会公用,万寿路街道永定路派出所,0,1,四环至五环,政府机构
2101,全来电,朝阳朝外派出所,社会公用,北京市朝阳区朝外大街三丰里甲11号,0,3,二环至三环,政府机构
2102,全来电,住总地产大厦,社会公用,北京市朝阳区惠新东街甲2号,0,5,三环至四环,商务办公区
2103,全来电,玖明物流,社会公用,北京市通州区马驹桥镇漷马路马驹桥湿地公园2期,1,0,六环外,工业园区/厂区
2104,全来电,朝阳团结湖派出所,社会公用,北京市朝阳区团结湖路19号,0,1,三环至四环,政府机构
2105,全来电,朝阳分局特巡大队,社会公用,北京市朝阳区广渠路66号院,0,2,三环至四环,政府机构
2106,全来电,朝阳金盏派出所,社会公用,北京市朝阳区金盏乡金盏大街金盏派出所附近,0,3,五环至六环,政府机构
2107,全来电,昌平区城管执法局,社会公用,北京市昌平区城管执法局,0,3,五环至六环,政府机构
2108,全来电,玉泉营派出所（汽车桩）,社会公用,北京市丰台区玉泉营派出所,0,3,三环至四环,政府机构
2109,全来电,国防大学汽车桩,社会公用,国防大学东门南侧停车场（国防大学公交站路西-停车场）,1,9,五环至六环,教育院校
2110,全来电,房山韩建大厦汽车桩,社会公用,北京市房山区阳光北大街与多宝路交口,3,0,五环至六环,商务办公区
2111,全来电,宇培北京通州物流园充电站,社会公用,北京市通州区永乐店镇永乐大街7号,4,0,五环至六环,货运枢纽
2112,全来电,石榴园派出所,社会公用,北京市丰台区石榴庄街道石榴庄大街石榴园派出所,1,2,三环至四环,政府机构
2113,全来电,顺义嘟嘟农场,社会公用,杨镇国际鲜花港南门东200米,0,3,五环至六环,经营性场所
2114,全来电,于家务乡政府停车场,社会公用,京市通州区于家务回族乡于家务西里3号院,0,12,五环至六环,政府机构
2115,全来电,通州区西集镇文体活动中心,社会公用,西集镇文体活动中心,0,3,五环至六环,政府机构
2116,全来电,中都大厦,社会公用,西三环南路55号院,1,2,三环至四环,商务办公区
2117,全来电,国电投大厦大门内北侧,社会公用,北三环中路29号1号楼，马甸桥北,1,3,三环至四环,企事业单位
2118,全来电,丰台-程庄路16号院五所食堂停车场,社会公用,北京市丰台区程庄路16号院,0,6,四环至五环,政府机构
2119,全来电,于家务环境卫生所,社会公用,于家务环卫所,0,12,五环至六环,政府机构
2120,全来电,丰台区新发地派出所（新增汽车桩）,社会公用,北京市丰台区新发地派出所,0,3,四环至五环,政府机构
2121,全来电,CY-望京街道办事处,社会公用,朝阳区望京东园615号,0,3,四环至五环,政府机构
2122,全来电,海淀镇功德寺社区居委会楼后停车区,社会公用,海淀镇功德寺社区居委会楼后停车区,0,1,四环至五环,旅游景点
2123,全来电,北京京盾恒安消防科技有限公司停车场,社会公用,北京市通州区经济技术开发区环景路19号院,0,4,五环至六环,经营性场所
2124,全来电,世界地质公园,社会公用,北京市房山区云居寺路与线道906交叉口(北京基金小镇国际会议中心西),0,6,五环至六环,旅游景点
2125,依威能源,富兴国际,社会公用,天华北街富兴国际B2,0,10,四环至五环,企事业单位
2126,京开绿能,北京朝阳和颐至尊酒店超充站,社会公用,酒仙桥街道荧屏里北京望京798和颐酒店,14,0,四环至五环,产业园区
2127,天开快充,北京市金泰先锋南区充电站,社会公用,金泰先锋南区停车场,0,6,四环至五环,公共停车场
2128,天开快充,北京市万子营东村东侧充电站,社会公用,万子营东村东侧停车场,2,14,五环至六环,公共停车场
2129,高平安,北京朝阳区凯德MALL充电站,社会公用,朝阳区太阳宫中路12号凯德mall地下三层,6,0,三环至四环,大型商业购物中心
2130,理想汽车,理想5C超充站京港澳高速窦店服务区（北京方向）,社会公用,窦店镇丁各庄村西窦店服务区,4,0,六环外,高速服务区
2131,理想汽车,理想5C超充站大广高速密云服务区,社会公用,巨各庄镇密云服务区,4,0,六环外,高速服务区
2132,理想汽车,理想5C超充站大广高速土沟服务区（北京方向）,社会公用,未来城北一街与科技城东路交叉口南100米土沟服务区内,4,0,五环至六环,高速服务区
2133,天开快充,北京市海淀区金玉府充电站,社会公用,上庄大街金玉府23号楼B3,0,22,五环至六环,公共停车场
2134,隆瑞三优,隆瑞三优燕丹示范站,社会公用,北京市昌平区回南路35号院,8,75,五环至六环,公共停车场
2135,隆瑞三优,北京市西城区新动力金融科技中心地下二层车库瑞智充小站,社会公用,北京市西城区西直门外大街136号,0,10,二环至三环,商务办公区
2136,隆瑞三优,怀柔区巴克公舍瑞智充小站,社会公用,北京市怀柔区雁栖镇莲花池村158号巴克公舍,0,6,五环至六环,旅游景点
2137,隆瑞三优,北京市昌平区兴寿镇桃林村村委会瑞智充小站,社会公用,北京市昌平区兴寿镇桃林村村委会前停车场,0,6,六环外,物流园
2138,隆瑞三优,北京市昌平区兴寿镇桃林村村北瑞智充小站,社会公用,北京市昌平区兴寿镇桃林村村北桃树林路1号柱变北侧停车场,0,6,六环外,公共停车场
2139,隆瑞三优,北京市密云区云龙涧自然风景区瑞智充小站,社会公用,北京市密云区溪翁庄镇北白岩村北800米,2,6,五环至六环,公共停车场
2140,隆瑞三优,北京市丰台区中阳大厦停车场瑞智充小站,社会公用,北京市丰台区菜户营南路139号院中阳大厦北门地面停车场,2,15,三环至四环,公共停车场
2141,隆瑞三优,密云区映山红生态园瑞智充小站,社会公用,北京市密云区琉辛路71号映山红生态园内,0,3,五环至六环,科技园区
2142,隆瑞三优,北京市密云区圣水渔村瑞智充小站,社会公用,北京市密云区穆家峪镇碱厂村北京圣水渔村餐厅大门西侧,2,6,五环至六环,公共停车场
2143,隆瑞三优,北京市房山区草根堂瑞智充小站,社会公用,北京市房山区石楼镇大次落村二南路（北京草根堂种养殖专业合作社）,0,6,四环至五环,公共停车场
2144,龙禹新能源,中石化龙禹首建金融中心充电站,社会公用,展览路街道首建金融中心,6,0,二环至三环,经营性场所
2145,蓝谷极狐,极狐-中联万家超充站,社会公用,东沙各庄村东中联万家超市停车场,4,0,五环至六环,大型商业购物中心
2146,智电时代,智电时代博泰嘉华大厦充电站,社会公用,望京利泽东园308号望京创业科技园内,36,0,四环至五环,商务办公区
2147,驿充科技,星星充电站（凯工大厦站）,社会公用,北京经济技术开发区经海五路77号院（凯工大厦）,10,8,五环至六环,产业园区
2148,乾华利和,安家Iwork科技文创园超级充电站,社会公用,北京市朝阳区醉公坟甲5号停车场中心位置,10,0,四环至五环,科技园区
2149,京西速电,京西速电超充站·城关九洲,社会公用,北京房山区城关九州兴达家园地上停车场,28,0,六环外,公共停车场
2150,蓝谷极狐,极狐-北京西站希尔顿酒店超充站,社会公用,北京西站南路2号希尔顿慧庭酒店停车场,4,0,二环至三环,酒店宾馆
2151,易充得,杨镇开发区充电站二期,社会公用,杨镇开发区京东杨镇分拣中心院内南侧,10,0,六环外,工业园区/厂区
2152,利嘉新能源,北京市延庆玉渡山风景区充电站,社会公用,北京市延庆区玉渡山风景区停车场,6,0,六环外,公共停车场
2153,驿充科技,佳汇中心充电站,社会公用,北京市朝阳区吉庆里14号,8,0,二环至三环,商务办公区
2154,驿充科技,北京朝阳区布莱迪充电站,社会公用,北京朝阳区南三环成寿寺路甲135号,4,0,三环至四环,产业园区
2155,驿充科技,宝能慧谷充电站,社会公用,北京市顺义区仁和林河大街22号,8,0,六环外,商务办公区
2156,优智桩,北京通州柳岸方园东侧充电站,社会公用,通州区玉桥街道玉桥西里中街柳岸方园入口直行100米,44,0,五环至六环,商业区
2157,北京壳牌,壳牌城市绿心森林公园P6充电站,社会公用,北京市通州区城市绿心森林公园P6停车场,28,0,六环外,城市公园绿地
2158,开迈斯,北京市观音堂文化园直流站,社会公用,北京市朝阳区文化大道甲1号,4,0,四环至五环,产业园区
2159,开迈斯,北京市顺义能源中心（首都机场李天路）地上直流站,社会公用,北京市顺义区南半壁店中心一街2号地面停车场,40,0,五环至六环,其他
2160,楚楚源泉,（公共站）观唐酒店公共充电站,社会公用,北京市朝阳区广善路,6,2,四环至五环,酒店宾馆
2161,重友新能源,(公共站)北京市丰台区西博园文化创意产业园充电站,社会公用,丰台区长辛店镇东河沿村西博园文化创意产业园,4,6,五环至六环,产业园区
2162,重友新能源,(公共站)海淀万枫酒店充电站,社会公用,北京市海淀区翠湖北环路2号院,2,6,五环至六环,产业园区
2163,汐歌儿,（公共站）汐歌儿海之月公寓优易充小站,社会公用,北京市丰台区X001(卢沟桥北路),12,0,四环至五环,工业园区/厂区
2164,京鑫清洁,北京亦庄中冀斯巴鲁二期超充站,社会公用,荣华南路16号中冀斯巴鲁大厦,8,0,五环至六环,公共停车场
2165,利嘉新能源,延庆区万达广场快充电站,社会公用,香水园街道万达广场地下B2停车场,6,0,六环外,公共停车场
2166,利嘉新能源,延庆区政务服务中心快充站,社会公用,延庆区政务服务中心后院停车场,6,0,六环外,政府机构
2167,京鑫清洁,大兴西红门京客隆停车场超充站,社会公用,京客隆（西红门店）,20,0,四环至五环,公共停车场
2168,京鑫清洁,北京房山裕恒通家具广场停车场超充站,社会公用,裕恒通家居广场停车场,36,0,五环至六环,公共停车场
2169,开迈斯,北京市朝阳区金地启汇中心地下交直流站,社会公用,北京市朝阳区楼梓庄路36号院（地下负二层停车场）,16,21,五环至六环,商务办公区
2170,开迈斯,北京市小瓦窑西路直流站,社会公用,北京市丰台区吴家村路8号院地面停车场,26,0,二环至三环,其他
2171,易充得,空港物流园充电站二期,社会公用,高丽营镇火寺路与順于路交叉路口向东50米路南,12,0,五环至六环,物流园
2172,京电广通,星星充电-河南寨政府后街充电站,社会公用,北京市密云区河南寨镇兴企三路,4,1,六环外,工业园区/厂区
2173,环铁汽服,环铁汽服八里庄北里充电站,社会公用,八里庄北里107楼,2,7,五环至六环,公共停车场
2174,环铁汽服,环铁汽服顺义潮白水悦充电站,社会公用,潮白水悦,2,15,六环外,公共停车场
2175,环铁汽服,环铁密云小口村充电站,社会公用,新城子镇小口村村委会门口,0,4,六环外,公共停车场
2176,环铁汽服,中国电影博物馆交流充电站,社会公用,崔各庄乡南影路9号,0,3,五环至六环,公共停车场
2177,环铁汽服,环铁汽服将台东路蓝睿养车充电站,社会公用,将台东路自如寓高品质服务式青年公寓,8,0,五环至六环,公共停车场
2178,高平安,北京丰台欢乐水魔方充电站,社会公用,丰台区欢乐水魔方东侧停车场,24,0,四环至五环,城市公园绿地
2179,特瓦特,海德酒店超级充电站,社会公用,北京市朝阳区青年路西里1号（海德温泉酒店院内）,24,0,四环至五环,酒店宾馆
2180,小桔智电,北京门头沟龙泉宾馆充电站,社会公用,龙泉宾馆停车场,24,0,六环外,酒店宾馆
2181,天开快充,北京市朝阳区迎曦园充电站,社会公用,石佛营迎曦园131号院西墙外,0,5,四环至五环,公共停车场
2182,顺泰恒远,北京市顺义区北小营商业街充电站,社会公用,顺义区北小营镇府西路18号,2,0,六环外,商业区
2183,顺泰恒远,北京市顺义区北小营商业街充电站3号充电桩,社会公用,顺义区北小营镇s203（大金中央空调北）,2,0,六环外,商业区
2184,顺泰恒远,北京市顺义区北小营商业街充电站4号充电桩,社会公用,顺义区北小营镇顺营通五金建材南,2,0,六环外,商业区
2185,用电无忧,北京昌平麦庄充电站,社会公用,兴寿镇麦庄村小桔充电站,14,8,六环外,村镇
2186,环铁汽服,环铁汽服朝阳区酒仙桥北路1号超充站,社会公用,朝阳区酒仙桥北路1号,10,0,五环至六环,产业园区
2187,京电博源,北京市昌平区京电博源奥北森林公园东侧充电站,社会公用,北京市昌平区京电博源奥北森林公园东侧充电站,16,0,五环至六环,村镇
2188,京电博源,北京市昌平区京电博源奥北森林公园北侧充电站,社会公用,北京市昌平区奥北森林公园北侧,16,0,五环至六环,村镇
2189,汐歌儿,（公共站）汐歌儿密云法制公园优易充小站,社会公用,北京市密云区行宫街与城后街交叉口东南60米,2,6,六环外,城市公园绿地
2190,云和桥,云和桥垡头文化馆西侧停车场充电站,社会公用,北京市朝阳区垡头街道垡头路垡头地区文化中心西侧停车场,12,0,四环至五环,公共停车场
2191,京电博源,北京市昌平区京电博源未来中心B座B2停车场充电站,社会公用,北京市昌平区京电博源未来中心B座B2停车场充电站,4,5,五环至六环,村镇
2192,京西速电,京西速电超充站·燕山原香嘉苑,社会公用,城关镇洪寺村原香嘉苑东区东南侧地上停车场,28,0,六环外,公共停车场
2193,中恒国盛,北京太阳圣火广场中恒超能充电站,社会公用,北京市房山区长阳镇太阳圣火广场院内停车场,10,0,五环至六环,商业区
2194,顺力成,顺义区市政路桥养护集团公共充电站（顺力成）,社会公用,俸伯地铁站-A口北侧养护集团俸伯停车场院内,8,0,六环外,公共停车场
2195,顺力成,顺义区马坡交通执法站公共充电站（顺力成）,社会公用,北京市顺义区马坡镇白马路辅路与乾安路交口西100米,8,10,六环外,公共停车场
2196,京电博源,北京市昌平区京电博源未来中心G座B2停车场充电站,社会公用,北京市昌平区京电博源未来中心G座B2停车场充电站,4,4,五环至六环,村镇
2197,鲸悦能源,北京房山区吴店停车场充电站,社会公用,北京市房山区拱辰街道昊天大街16号,24,0,五环至六环,公共停车场
2198,房供电力,山区黄山店村东3号停车场充电站,社会公用,北京市房山区周口店镇黄山店村村东3号停车场,4,6,六环外,旅游景点
2199,房供电力,大学城西停车场充电站,社会公用,拱辰街道地铁大学城西站北侧,10,0,五环至六环,公共停车场
2200,房供电力,篱笆房P+R停车场充电站,社会公用,篱笆房东侧P+R停车场,12,0,五环至六环,公共停车场
2201,富电易充,希尔顿欢朋酒店充电站,社会公用,北京新国展希尔顿欢朋酒店(顺于路南),3,3,五环至六环,酒店宾馆
2202,极氪能源,北京房山区财富广场超充站,社会公用,北京市房山区拱辰大街98号财富广场地面停车场001-006号车位,6,0,四环至五环,公共停车场
2203,极氪能源,北京锦荟港超充站,社会公用,北京市顺义区站前街13号锦荟港地下停车场负二层C区B2-237车位对面,6,0,四环至五环,公共停车场
2204,极氪能源,北京老山城市休闲公园极充站,社会公用,老山西街(北京老山公园)8-6号地面停车位,8,0,四环至五环,公共停车场
2205,极氪能源,北京蓝堡国际中心南区超充站,社会公用,北京市朝阳区西大望路3号院2号地下停车场负三层001号-008号车位,8,0,四环至五环,公共停车场
2206,极氪能源,北京中关村公园南门停车场极充站,社会公用,北京市海淀区唐家岭土井村路45号中关村公园（东南角）地面停车位,10,0,四环至五环,公共停车场
2207,极氪能源,北京望京科创大厦超充站,社会公用,北京市市辖区朝阳区东湖街道望京科创园地面停车位022号-028号车位,6,0,四环至五环,公共停车场
2208,极氪能源,北京通州丽柏酒店超充站,社会公用,北京市通州区万盛南街群芳二园69号楼西门丽柏酒店地面停车位,8,0,四环至五环,公共停车场
2209, 云来电 ,云来电大胜岭充电站,社会公用,四海镇大胜岭村,0,1,六环外,酒店宾馆
2210, 云来电 ,云来电大水河畔充电站,社会公用,永宁镇大水河畔民宿,0,2,六环外,酒店宾馆
2211, 云来电 ,云来电石峡宿充电站,社会公用,八达岭镇石峡村,0,1,六环外,酒店宾馆
2212, 云来电 ,云来电山吧度假村充电站,社会公用,北京市怀柔区范崎路山吧度假村,0,2,六环外,酒店宾馆
2213, 云来电 ,云来电汇金元民宿充电站,社会公用,延庆镇王泉营村汇金元农家乐,0,1,六环外,酒店宾馆
2214, 云来电 ,云来电福瀾民宿充电站,社会公用,旧县镇北张庄福瀾民宿,0,2,六环外,酒店宾馆
2215, 云来电 ,云来电黄花城水长城充电站,社会公用,九渡河长城遇见老友记饭店,0,2,六环外,酒店宾馆
2216, 云来电 ,云来电一棵树民宿充电站,社会公用,沈家营镇后吕庄村,0,4,六环外,酒店宾馆
2217, 云来电 ,云来电八达岭丽枫酒店充电站,社会公用,八达岭镇西拨子丽枫酒店,0,3,六环外,酒店宾馆
2218, 云来电 ,云来电龙聚山庄鱼池充电站,社会公用,张山营镇龙聚山庄,0,2,六环外,经营性场所
2219, 云来电 ,云来电盘山居民宿充电站,社会公用,南山村东罗庄83号,0,2,六环外,酒店宾馆
2220, 云来电 ,云来电那一方酒店充电站,社会公用,那一方酒店,0,3,六环外,酒店宾馆
2221, 云来电 ,云来电牧阳山谷充电站接待中心东侧充电站,社会公用,流村镇牧阳山谷接待中心东侧烧烤区,0,4,六环外,酒店宾馆
2222, 云来电 ,云来电小大丰营花筑民宿充电站,社会公用,康庄镇小大丰营花筑民宿门外,0,1,六环外,酒店宾馆
2223, 云来电 ,云来电南山美庐民宿充电站,社会公用,南独乐河南山村东罗庄21号院,0,2,六环外,酒店宾馆
2224, 云来电 ,云来电大兴桔子酒店充电站,社会公用,天宫院永旺路1号院1号楼,0,2,六环外,酒店宾馆
2225,电掌柜,（公共站）电掌柜大兴首邑上城充电站,社会公用,北京市大兴区康庄路28号首邑上城小区北门东侧地上停车场,28,0,五环至六环,经营性场所
2226,北京电力公司,北京市亦庄开发区科创九街南侧公共充电站,社会公用,北京市亦庄开发区科创九街与经海7路交叉口东侧公共停车场,8,0,五环至六环,公共停车场
2227,北京电力公司,北京市亦庄开发区科创十二街北侧公共充电站,社会公用,北京市亦庄开发区科创十二街与经海6路交叉口北侧公共停车场,8,0,五环至六环,公共停车场
2228,燕房电力,原香漫谷.燕房电力充电站,社会公用,城关街道办事处城北社区居委会圣水嘉名东侧路原香曼谷社会停车场,24,0,六环外,公共停车场
2229,梅芳寻语,西三旗快速充电站,社会公用,北京市海淀区西三旗育新花园南50米（后屯路西）,36,0,五环至六环,公共停车场
2230,梅芳寻语,马连道快速充电站,社会公用,北京市丰台区太平桥街道深港高尔夫俱乐部马连道欣园小区,24,0,二环至三环,公共停车场
2231,梅芳寻语,望春北充电站,社会公用,北京市朝阳区来广营乡北苑家园秋实街天九共享控股集团北50米文化墙内停车场,15,0,五环至六环,公共停车场
2232,梅芳寻语,北苑充电站,社会公用,北苑家园秋实街天就共享控股集团北50米文化墙内停车场,24,0,五环至六环,公共停车场
2233,开迈斯,北京市老山公园直流站,社会公用,北京市石景山区老山西街15号地面停车场,16,0,四环至五环,公共停车场
2234,智电时代,智电时代万荷文创园充电站,社会公用,顺白路8号院万荷文创园,12,0,五环至六环,产业园区
2235,泛充科技,超级饭电康得思酒店站,社会公用,北京市顺义区首都机场T3航站楼旁东海康得思酒店地下一层停车场,8,16,五环至六环,机场
2236,世纪云安,万国城MOMA二期淘淘充充电站,社会公用,香河园路1号万国城MOMA8号楼北1门外停车场,12,0,二环至三环,商务办公区
2237,易充得,物流车之家充电站,社会公用,高丽营镇西马各庄村（火寺路与順于路交叉路口向南230米路东150米）,34,0,五环至六环,货运枢纽
2238,特斯拉上海,北京鸿坤·七星长安,社会公用,门头沟区石龙北路15号鸿坤七星长安地下停车场B2层015车位对面（入口：新桥大街）,2,0,六环外,其他
2239,一充科技,北京石景山通景大厦充电站,社会公用,北京市石景山区通景大厦地下B3停车场,8,0,五环至六环,产业园区
2240,一充科技,北京西城宣武门酒店充电站,社会公用,北京市西城区宣武门商务酒店地面停车场,4,0,二环内,酒店宾馆
2241,一充科技,北京朝阳世贸充电站,社会公用,北京市朝阳区世贸国际公寓地下B2停车场,8,0,二环至三环,商业区
2242,一充科技,北京朝阳工大充电站,社会公用,北京市朝阳区北工大科技大厦地面停车场,4,0,三环至四环,产业园区
2243,一充科技,北京大兴凯德茂充电站,社会公用,北京市大兴区凯德茂地下B2停车场,20,0,五环至六环,商业区
2244,一充科技,北京顺义金宝天阶充电站,社会公用,北京市顺义区金宝天阶商场地下B2停车场,8,0,六环外,商业区
2245,特斯拉上海,北京市罗红摄影艺术馆目的地充电站,社会公用,北京市顺义区天竺竺林路杨林收费站出口罗红摄影艺术馆地上停车位,0,4,六环外,其他
2246,特斯拉上海,北京雁栖16号营地目的地充电站,社会公用,北京市怀柔区雁栖湖西路16号雁栖16号营地P1-P3车位,0,3,六环外,酒店宾馆
2247,特斯拉上海,北京晋商联合大厦目的地充电站,社会公用,北京市丰台区金泽西路8号院1号楼地下停车场B4层-B4-049至B4-053停车位,0,5,三环至四环,科技园区
2248,特斯拉上海,北京石京龙滑雪场,社会公用,北京市延庆区张山营镇中羊坊村北,0,6,六环外,其他
2249,特斯拉上海,北京平谷万达锦华酒店目的地充电站,社会公用,北京市平谷区体育中心西路3号院3号楼地面停车场,0,6,六环外,酒店宾馆
2250,特斯拉上海,王府中环,社会公用,北京市东城区王府井大街269号B4层4246-4249停车位,0,4,二环至三环,大型商业购物中心
2251,绿多邦,景海时代停车场超级充电站,社会公用,经海七路22号院,12,0,五环至六环,大型商业购物中心
2252,特来电,通州区张采路充电站,社会公用,张家湾镇202省道北大化118号北侧（牛堡屯派出所对面）,14,0,六环外,物流园
2253,牛充,积水潭医院（新龙泽院区）充电站,社会公用,北京北京市昌平区龙域西二路6号院临街底商附近,10,0,五环至六环,物流园
2254,云和桥,云和桥燕山轻轨站停车场充电站,社会公用,北京市房山区向阳街道办事处向阳里社区居委会杏花东路中化石油吉利燕房路加油站北侧公共停车场,12,0,六环外,公共停车场
2255,特来电,北京市朝阳区慈云寺充电站,社会公用,八里庄街道住邦2000商务楼3号楼B3层,12,0,四环至五环,产业园区
2256,智电时代,智电时代果园环岛充电站,社会公用,果园大街达富苑小区南侧停车场,24,0,五环至六环,村镇
2257,特来电,一汽奥迪创享站北京奥吉通4S店充电站,社会公用,三间房乡北京奥吉通奥迪中心,2,0,五环至六环,车企4S店
2258,五彩飞扬,五彩飞扬海淀区蓝靛厂西路11号世纪华天大酒店停车场充电站,社会公用,北京市海淀区蓝靛厂西路11号世纪华天大酒店停车场,20,0,三环至四环,酒店宾馆
2259,理想汽车,理想超充站G45大广太师屯服务区出京方向,社会公用,北京市密云区太师屯服务区,4,0,六环外,高速服务区
2260,汐歌儿,（公共站）汐歌儿密云农机公司优易充小站,社会公用,北京市密云区新南路42-7号,4,3,六环外,城市公园绿地
2261,星星充电,星星充电中海电动,社会公用,朝阳区广渠路388号,3,0,四环至五环,工业园区/厂区
2262,鲲鹏祥瑞,鲲鹏祥瑞三街裕祥社区慢充充电站,社会公用,北京市昌平区三街裕祥小区3号楼北侧停车场（北门进向南直走100米马路右转即到）,0,10,六环外,公共停车场
2263,天开快充,北京市朝阳区朝阳雅筑充电站,社会公用,朝阳北路辅路朝阳雅筑1号楼北侧,0,7,四环至五环,公共停车场
2264,天开快充,北京市西城区有研大厦充电站,社会公用,北太平庄有研大厦（北大平桥南50米）,2,11,四环至五环,公共停车场
2265,鲲鹏祥瑞,鲲鹏祥瑞东沙（中联万家）交流充电站,社会公用,北京市昌平区东沙各庄村村东中联万家超市停车场,0,53,六环外,公共停车场
2266,蔚来,蔚来超充站G2京沪高速马驹桥服务区（北京方向）,社会公用,北京市通州区马驹桥服务区（进京方向）东北角,2,0,五环至六环,高速服务区
2267,蔚来,蔚来超充站北京中科镓英,社会公用,北京市通州区台湖镇光机电一体化产业基地嘉创二路57号,2,0,五环至六环,公共停车场
2268,蔚来,蔚来超充站北京通州漕运码头,社会公用,北京市通州区大运河森林公园漕运码头停车场内,4,0,六环外,公共停车场
2269,蔚来,蔚来超充站北京环球影城国网光伏示范站,社会公用,北京市通州区颐瑞东路公交站,4,0,五环至六环,公共停车场
2270,蔚来,蔚来目充站北京保利大都汇,社会公用,北京市通州区新华北街156号,0,5,五环至六环,商务办公区
2271,蔚来,蔚来超充站G1京哈高速田家府服务区,社会公用,北京市通州区京哈高速田家府服务区进京方向蔚来换电站,2,0,六环外,高速服务区
2272,极氪能源,北京华睦大厦超充站,社会公用,北京市西城区马连道南街6号华睦大厦地下停车场负一层,6,0,四环至五环,公共停车场
2273,极氪能源,北京西路鑫苑超充站,社会公用,北京市丰台区小瓦窑西路与吴家村路交叉口南140米地面停车位,6,0,四环至五环,公共停车场
2274,极氪能源,北京写字公园极充站,社会公用,北京市丰台区星火路与外环西路交叉口东80米北京富丰桥龙湖蓝海引擎地面停车位,4,0,四环至五环,公共停车场
2275,极氪能源,北京融达国际超充站,社会公用,北京市丰台区西三环南路201号融达国际大厦地面停车位,9,0,四环至五环,公共停车场
2276,极氪能源,北京歌华开元酒店轻充站,社会公用,北京市朝阳区鼓楼外大街19号地面停车位,6,0,四环至五环,公共停车场
2277,极氪能源,北京天润财富极充站,社会公用,北京市东城区东总布胡同58号天润财富中心地下停车场负三层,8,0,四环至五环,公共停车场
2278,极氪能源,北京安贞中海环宇荟极充站,社会公用,北京市朝阳区安定路5号院(安贞门地铁站B东北口旁)安贞环宇荟地下停车场负三层,4,0,四环至五环,公共停车场
2279,极氪能源,北京中联万家超市(昌平店)极充站,社会公用,北京市昌平区北七家镇东沙各庄村东北路5号中联万家超市地面停车位,4,0,四环至五环,公共停车场
2280,极氪能源,北京达美中心极充站,社会公用,北京市朝阳区青年路7号达美中心地下停车场负三层,8,0,四环至五环,公共停车场
2281,极氪能源,北京九台半塔极充站,社会公用,北京市昌平区九台路3号九台半塔商贸有限公司地面停车位,4,0,四环至五环,公共停车场
2282,极氪能源,北京国融国际超充站,社会公用,北京市大兴区荣华中路7号国融国际大厦地面停车位,18,0,四环至五环,公共停车场
2283,极氪能源,北京海淀悦界主题街区极充站,社会公用,北京市海淀区大牛房一巷与大牛房二环路交叉口南60米悦界主题街区地下停车场负二层,4,0,四环至五环,公共停车场
2284,极氪能源,北京紫光科技园极充站,社会公用,北京市通州区滨榆东路与源盛东街交叉口北140米地下停车场负一层,4,0,四环至五环,公共停车场
2285,极氪能源,北京万达广场(乐多港店)超充站,社会公用,北京市昌平区城南街道南口路29号万达广场地下停车场负二层E区,6,0,四环至五环,公共停车场
2286,极氪能源,北京红旗小区轻充站,社会公用,北京市通州区新华南路34号红旗小区地面停车位,6,0,四环至五环,公共停车场
2287,极氪能源,北京房山启航国际极充站,社会公用,北京市房山区辰光东路16号院启航国际3期地下停车场负二层,8,0,四环至五环,公共停车场
2288,京供华商,京供华商回龙观街道南充电站,社会公用,北京北京市昌平区昌平区回龙观金燕龙大厦北50米（京藏高速公路东）,36,0,五环至六环,公共停车场
2289,京供华商,京供华商金燕龙大厦充电站,社会公用,北京北京市昌平区金燕龙大厦,12,0,五环至六环,商务办公区
2290,海实电力,长峰假日酒店充电站,社会公用,北京市海淀区永定路66号院内,4,2,四环至五环,酒店宾馆
2291,鲲鹏祥瑞,鲲鹏祥瑞天通苑交流充电站,社会公用,北京市昌平区太平庄北街与中滩村路交叉口北侧,0,31,六环外,公共停车场
2292,鲲鹏祥瑞,鲲鹏祥瑞西马坊充电站二期,社会公用,北京市北京昌平区阳坊镇西马坊村委会西侧,4,0,六环外,公共停车场
2293,鲲鹏祥瑞,鲲鹏祥瑞北郝庄交流充电站,社会公用,北京市昌平区城南街道办事处北郝庄村西（邓庄桥G6辅路进京方向）,0,2,六环外,公共停车场
2294,特来电,奥迪充电站北京CBD万达,社会公用,建国路93号北京CBD万达广场B3层-3075、3076、3077、3078,3,0,三环至四环,商业区
2295,特来电,奥迪充电站北京长楹龙湖天街,社会公用,常通路1号院B2层G069、G070、G071、G072、G073、G074,4,0,五环至六环,商业区
2296,特来电,北京市北京工业大学充电站,社会公用,南磨房乡北京工业大学第三教学楼,6,63,三环至四环,教育院校
2297,特来电,北京市石景山区万达广场充电站,社会公用,鲁谷街道万达广场C座B2层,8,0,四环至五环,商业区
2298,特来电,北京市石景山区古城中海大厦充电站,社会公用,古城街道中海大厦B1层1-152，1-153，1-154，1-155，1-156，1-157号车位,6,0,五环至六环,产业园区
2299,燕房电力,绿地启航.燕房电力充电站,社会公用,拱辰街道高教园十八号路东侧,24,0,五环至六环,公共停车场
2300,亚电新能源,北京市朝阳区东风公园停车场充电站（一期）,社会公用,北京市朝阳区东风乡青年北路东风公园,32,0,四环至五环,公共停车场
2301,高平安,北京顺义天竺万科中心充电站,社会公用,北京市顺义区金航中路3号院南侧地面停车场,12,0,五环至六环,其他
2302,开迈斯,北京市安贞环宇荟直流站,社会公用,北京市朝阳区安定路5号,6,0,三环至四环,商务办公区
2303,龙禹新能源,中石化龙禹宋庄小堡充电站,社会公用,北京市通州区小堡村委会南侧,24,0,六环外,公共停车场
2304,国亿通,国亿通泰仕登酒店充电站,社会公用,西红门镇团河路1号,12,0,四环至五环,酒店宾馆
2305,智充新能源,HiZOOM充电站（国家网球中心）,社会公用,奥运村街道林萃路2号国家网球中心C区北侧停车场,30,0,四环至五环,体育场馆
2306,智充新能源,HiZOOM充电站（朝阳宾馆）,社会公用,金台西路8号朝阳宾馆地面停车场,2,0,三环至四环,酒店宾馆
2307,智充新能源,HiZOOM充电站（世界侨商中心）,社会公用,世界侨商中心7号楼地下2层停车场,20,0,五环至六环,商务办公区
2308,充之源,北京市朝阳区超级蜂巢充电站,社会公用,北京市朝阳区北花园路1号,38,0,五环至六环,商业区
2309,龙禹新能源,中国石化汽车充电站(龙禹北京太阳宫),社会公用,太阳宫中路4号,4,0,三环至四环,其他
2310,宝盈通发,漷马天乐充电站,社会公用,史村89号,10,0,六环外,产业园区
2311,宝盈通发,漷马天乐充电站云快充,社会公用,史村89号,24,0,六环外,产业园区
2312,京电博源,北京市昌平区京电博源未来中心F座B2停车场充电站,社会公用,北京市昌平区未来中心4号楼,2,6,六环外,村镇
2313,燕房电力,中铁吉盛物流园充电站二期,社会公用,北京市大兴区天宫院街道办事处天堂河社区居委会天河北路5号,36,0,六环外,物流园
2314,星星充电,朝阳工体充电站,社会公用,北京市朝阳区三里屯工人体育场,50,248,二环内,体育场馆
2315,广州小鹏,北京东枫德必小鹏目的地站,社会公用,东枫德必地下B2层F区172-179号充电车位，北京市朝阳区东风南路8号,0,5,四环至五环,产业园区
2316,广州小鹏,北京东枫德必S4小鹏超快充站,社会公用,东枫德必地下B2层F区（入口：东风南路辅路）170-182号充电车位，北京市朝阳区东风南路8号,6,0,四环至五环,产业园区
2317,广州小鹏,北京信德京汇中心小鹏超充站,社会公用,信德京汇11号楼地下B2层（入口：香河园中街）充电专用01-10号车位，北京市东城区香河园街1号,10,0,二环至三环,商务办公区
2318,广州小鹏,北京永利国际中心小鹏超充站,社会公用,永利国际地下B2层（入口：春秀路）2321-2329车位，北京市朝阳区工体北路21号与春秀路交汇处,8,0,二环至三环,商务办公区
2319,广州小鹏,北京格兰云天大酒店S4小鹏超充站,社会公用,格兰云天酒店地面车位（入口：北辰东路），北京市朝阳区北辰东路18号,6,0,四环至五环,酒店宾馆
2320,广州小鹏,北京西奥中心小鹏超充站,社会公用,西奥中心地面车位（入口：科学园南里中街），北京市朝阳区奥运村街道科学园南里中街,12,0,四环至五环,公共停车场
2321,广州小鹏,北京合景摩方小鹏超充站,社会公用,合景摩方地下B3层（入口：东打磨厂街）充电专用01-06号车位，北京市东城区崇文门外街道东打磨厂街1号,6,0,二环内,大型商业购物中心
2322,广州小鹏,北京太阳圣火广场小鹏超充站,社会公用,太阳圣火广场地面车位（入口：京周路），北京市房山区长阳镇,4,0,五环至六环,公共停车场
2323,广州小鹏,北京香山启迪S4小鹏超快充站,社会公用,"启迪·香山地下B3层B区（入口：福田寺西街）充电专用3244-3246,3289-3291车位，北京市石景山区苹果园街道",6,0,五环至六环,商务办公区
2324,广州小鹏,北京世茂大厦小鹏超充站,社会公用,世茂大厦地面车位（入口：建国路辅路），北京市朝阳区建外街道建国路115号,6,0,三环至四环,商务办公区
2325,广州小鹏,北京泰达时代中心S4小鹏超快充站,社会公用,泰达时代中心地下B2层B区（入口：景闻街）2381-2385车位，北京市朝阳区亿利生态广场光华路15号,6,0,三环至四环,商务办公区
2326,广州小鹏,北京万象汇购物中心（密云）小鹏超充站,社会公用,万象汇地下B1层C区（入口：碧澄环路二巷）C046-051车位，北京市密云区鼓楼街道顺密路164号北京,6,0,六环外,大型商业购物中心
2327,广州小鹏,北京蓝景丽家大钟寺家居S4小鹏超快充站,社会公用,蓝景丽家地面车位（入口：北三环西路辅路），北京市海淀区北三环西路23号院,6,0,三环至四环,商业区
2328,广州小鹏,北京启迪科技大厦小鹏超充站,社会公用,启迪科技大厦地下B3层（入口：中庭路）876-881号充电车位，北京市海淀区清华园街道中关村东路1号院,6,0,四环至五环,商务办公区
2329,广州小鹏,北京理想国际大厦小鹏超充站,社会公用,理想国际大厦地下B3层（入口：海淀北一街）341-349及353-361单数车位，北京市海淀区北四环西路58号,10,0,三环至四环,商务办公区
2330,广州小鹏,北京中国电子大厦小鹏超充站,社会公用,电子大厦A座地下B3层F区（入口：海定中街）F06-F11车位，北京市海淀区丹棱街3号,6,0,三环至四环,商务办公区
2331,广州小鹏,北京延庆万达广场小鹏超充站,社会公用,延庆万达广场地下B2层C区（入口：新龙中街）091-096车位，北京市延庆区香水园街道新城街80号,6,0,六环外,大型商业购物中心
2332,广州小鹏,北京印象城翠微店S4小鹏超快充站,社会公用,印象城翠微店地下B2层（入口：玉渊潭南路），北京市海淀区翠微路12号,4,0,三环至四环,大型商业购物中心
2333,广州小鹏,北京SOGO庄胜崇光百货广场S4小鹏超快充站,社会公用,庄胜广场地下B3层F区（入口：香炉营头条路）F100-106车位，北京市西城区椿树街道,6,0,二环内,大型商业购物中心
2334,广州小鹏,北京新业广场小鹏超充站,社会公用,新业广场地面车位（入口：关家坑路），北京市丰台区成寿寺街道周家庄路,8,0,三环至四环,大型商业购物中心
2335,广州小鹏,北京石榴中心小鹏超充站,社会公用,石榴中心地下B3层E区（入口：石榴庄一街）372-379车位，北京市丰台区榴乡路88号,8,0,三环至四环,商务办公区
2336,广州小鹏,北京总部基地18区小鹏超充站,社会公用,总部基地18区地面车位（入口：外环西路），北京市丰台区南四环西路188号,6,0,四环至五环,商务办公区
2337,广州小鹏,北京总部基地1区小鹏超充站,社会公用,总部基地1区地面车位（入口：海鹰路），北京市丰台区南四环西路188号,8,0,四环至五环,产业园区
2338,广州小鹏,北京新丰驾校S4小鹏超快充站,社会公用,新丰汽车驾驶学校地面车位（入口：兴源路），北京市丰台区卢沟桥街道兴源路,6,0,四环至五环,公共停车场
2339,广州小鹏,北京银座和谐广场小鹏超充站,社会公用,银座和谐广场地下B2层E区（入口：莲宝中路）212-213，215，220，227-228车位，北京市丰台区莲宝中路,10,0,三环至四环,大型商业购物中心
2340,广州小鹏,北京亦庄亦花园S4小鹏超快充站,社会公用,亦庄亦花园地面车位（入口：东渠路），北京市大兴区亦庄镇,4,0,五环至六环,产业园区
2341,广州小鹏,北京亦庄山姆会员店S4小鹏超快充站,社会公用,亦庄山姆地面车位（入口：文化园东路辅路），北京市经济技术开发区,8,0,五环至六环,大型商业购物中心
2342,广州小鹏,北京大兴绿地缤纷城目的地站,社会公用,北京市大兴区高米店街道北京天天一泉净水设备股份有限公司绿地中央广场·兴贸中心,0,2,五环至六环,大型商业购物中心
2343,广州小鹏,北京大兴绿地缤纷城S4小鹏超快充站,社会公用,绿地中央广场地下B2层（入口：兴丰大街）2233-2239车位，北京市大兴区高米店街道,4,0,五环至六环,大型商业购物中心
2344,广州小鹏,北京泰禾中央广场小鹏超充站,社会公用,泰禾中央广场地下B3层（入口：锦和南路）充电专用01-04号车位，北京市大兴区黄村镇易生禾口腔门诊部,6,0,五环至六环,大型商业购物中心
2345,广州小鹏,北京首开龙湖熙悦天街S4小鹏超快充站,社会公用,熙悦天街地下B2层A区（入口：长于大街辅路），北京市房山区长于大街辅路首开龙湖熙悦天街,4,0,五环至六环,大型商业购物中心
2346,广州小鹏,北京通州万达购物中心小鹏超充站,社会公用,通州万达广场地下B2层H区（新华西街）125～128号充电车位，北京市通州区北苑街道新华西街,4,0,五环至六环,大型商业购物中心
2347,隆瑞三优,隆瑞三优芍药居超级充电站,社会公用,北京市朝阳区太阳宫新街,4,0,四环至五环,其他
2348,隆瑞三优,隆瑞三优兴寿超级充电站,社会公用,北京市昌平区S213(安四路),4,0,六环外,其他
2349,隆瑞三优,隆瑞三优西黄庄超级充电站,社会公用,北京市海淀区远大路39号院-2号,4,0,三环至四环,其他
2350,隆瑞三优,隆瑞三优弘善家园超级充电站,社会公用,北京市朝阳区左安东路58号,4,0,二环至三环,其他
2351,隆瑞三优,隆瑞三优弘善家园充电站（快充站）,社会公用,北京市朝阳区左安东路58号,14,0,二环至三环,其他
2352,隆瑞三优,隆瑞三优木樨园超级充电站,社会公用,北京市丰台区南三环中路79号,4,0,二环至三环,其他
2353,隆瑞三优,隆瑞三优欣旺大街超级充电站,社会公用,北京市大兴区欣旺北大街24号,4,0,四环至五环,其他
2354,隆瑞三优,隆瑞三优丰体超级充电站,社会公用,北京市丰台区丰体北路6号,4,0,四环至五环,其他
2355,隆瑞三优,隆瑞三优柳村超级充电站,社会公用,北京市丰台区菜户营西街69号,4,0,二环至三环,其他
2356,隆瑞三优,隆瑞三优商务园超级充电站,社会公用,北京市通州区安顺二街57号,4,0,五环至六环,其他
2357,隆瑞三优,隆瑞三优刘庄超级充电站,社会公用,北京市通州区S202(张采路),4,0,六环外,其他
2358,隆瑞三优,隆瑞三优经海七路超级充电站,社会公用,北京市通州区经海七路,4,0,五环至六环,其他
2359,隆瑞三优,隆瑞三优临河里超级充电站,社会公用,北京市通州区九棵树东路辅路,8,0,五环至六环,其他
2360,隆瑞三优,隆瑞三优香泉环岛超级充电站,社会公用,北京市海淀区香泉环岛1号,4,0,五环至六环,其他
2361,隆瑞三优,隆瑞三优豆各庄超级充电站,社会公用,北京市朝阳区天腾北路,8,0,五环至六环,其他
2362,智电时代,智电时代悦秀路充电站,社会公用,悦秀路77-a-109号蓝天收费停车场,36,0,五环至六环,村镇
2363,万城万充,国际财源中心充电站交流区,社会公用,北京市朝阳区建国门外大街8号楼国际财源中心下三层停车场,0,6,二环至三环,商务办公区
2364,潞电电力建设,潞能超充（通州文化广场站）,社会公用,北京北京市通州区通州运河文化广场,12,0,五环至六环,公共停车场
2365,特来电,北京中建雁栖湖景酒店充电站,社会公用,鲁谷街道万达广场C座B2层,4,4,四环至五环,商业区
2366,万城万充,京纸大厦地下B3交流充电站,社会公用,双井街道广渠路39号京纸大厦地下停车场B3,0,12,三环至四环,商务办公区
2367,汐歌儿,（公共站）汐歌儿新宫商业二街优易充小站,社会公用,北京市丰台区新宫二街6-38号,4,0,四环至五环,公共停车场
2368,中石油昆仑网电,中国矿业大学学院路校区充电站,社会公用,北京海淀区学院路丁11号东1们进直行500米右转再直行200米侧逸夫楼旁边,4,6,四环至五环,教育院校
2369,中石油北京销售,中国石油安岛充电站,社会公用,京密路与黄康路交叉口西南200米,12,0,五环至六环,其他
2370,智远优充,智远优充开放环岛充电站一期,社会公用,怀柔区开放东路1号,10,0,六环外,公共停车场
2371,睿景博源,昌平区金燕龙办公楼优易充小站,社会公用,建材城西路9号,5,0,五环至六环,商务办公区
2372,北京壳牌,壳牌白桥大街充电站,社会公用,北京市东城区白桥大街32号地块停车楼一层,30,0,二环内,公共停车场
2373,卡丘充电,世丰国际大厦快充站,社会公用,北京市朝阳区雅成一里19号世丰国际大厦B3,20,0,四环至五环,商务办公区
2374,高平安,北京通州华腾锦绣科技园充电站,社会公用,北京市通州区台湖镇嘉创二路与嘉创路交叉口东北80米,24,0,五环至六环,产业园区
2375,中石油北京销售,中国石油北投冬奥村超级充电港（公用）,社会公用,亚运村街道奥园路与冬奥村南街交叉口西南140米北投静态停车场,28,0,三环至四环,公共停车场
2376,蔚来,蔚来超充站|北京朝阳杜仲公园,社会公用,北京市朝阳区广渠快速路,4,0,五环至六环,城市公园绿地
2377,蔚来,蔚来超充站北京理想国际大厦,社会公用,北京市海淀区北四环西路58号,7,0,三环至四环,商务办公区
2378,蔚来,蔚来超充站北京海淀西黄庄,社会公用,北京市海淀区曙光街道远大路远大路39-2号院(南坞桥东南500米),2,0,三环至四环,酒店宾馆
2379,蔚来,蔚来超充站北京东小口,社会公用,北京东小口蔚来换电站,4,0,五环至六环,商业区
2380,蔚来,蔚来超充站中关村公园,社会公用,北京市海淀区土井村路甲49号,2,0,五环至六环,城市公园绿地
2381,蔚来,蔚来超充站S11京承高速太师屯服务区承德方向,社会公用,北京市密云区太师屯服务区,2,0,六环外,高速服务区
2382,蔚来,蔚来超充站北京蟹岛,社会公用,北京市朝阳区东苇路辅路与蟹岛路交叉口正西方向37米,4,0,五环至六环,公共停车场
2383,蔚来,蔚来超充站北京丰台分钟寺,社会公用,北京市丰台区分钟寺地铁站A口(西北口),2,0,三环至四环,地铁站
2384,蔚来,蔚来超充站北京百度科技园K1,社会公用,北京市海淀区西北旺东路10号院(马连洼街道西北旺社区东北方向),16,12,五环至六环,科技园区
2385,蔚来,蔚来超充站北京首钢篮球中心,社会公用,北京市石景山区阜石路159号,10,0,五环至六环,体育场馆
2386,蔚来,蔚来超充站北京朝阳卜蜂莲花,社会公用,北京市朝阳区朝阳路178号卜蜂莲花西侧停车场,4,0,四环至五环,公共停车场
2387,蔚来,蔚来超充站北京姚家园东宝奥驰,社会公用,北京市朝阳区平房路71号院4号楼,2,0,四环至五环,产业园区
2388,蔚来,蔚来超充站北京新丰驾校,社会公用,北京新丰汽车驾驶学校南门,4,0,四环至五环,教育院校
2389,蔚来,蔚来超充站北京菁英梦谷（广渠路）,社会公用,北京市朝阳区广渠路98号,2,0,四环至五环,产业园区
2390,蔚来,蔚来超充站北京中建三局大兴之星,社会公用,中建·大兴之星,8,0,五环至六环,商业区
2391,蔚来,蔚来超充站北京大兴机场高速礼贤服务区机场方向,社会公用,北京市大兴区京投港·大兴机场高速礼贤服务区东北,18,0,六环外,高速服务区
2392,蔚来,蔚来超充站北京京纸集团绿色冷链产业园,社会公用,北京市大兴区普陀路(盛世南宫影视文化城西北侧),4,0,五环至六环,产业园区
2393,蔚来,蔚来超充站北京金宝街,社会公用,北京市东城区金宝街18号,4,0,二环内,酒店宾馆
2394,蔚来,蔚来超充站北京房山希尔顿欢朋酒店,社会公用,北京房山希尔顿欢朋酒店,2,0,六环外,酒店宾馆
2395,蔚来,蔚来超充站北京东直门东方银座,社会公用,北京市东城区东直门外大街48号,20,0,二环至三环,商业区
2396,蔚来,蔚来超充站北京酒仙桥颐堤港,社会公用,北京朝阳区酒仙桥路18号颐堤港购物中心P1层B区028-037号车位,9,0,四环至五环,商业区
2397,蔚来,蔚来超充站北京旧宫维恩堡,社会公用,北京市大兴区科技路28号,1,0,四环至五环,科技园区
2398,蔚来,蔚来超充站北京亦庄嘉德长实,社会公用,北京市大兴区隆庆街18号A座212,6,0,五环至六环,科技园区
2399,蔚来,蔚来超充站北京西苑交通枢纽,社会公用,蔚来换电站北京西苑交通枢纽旁,2,0,四环至五环,科研院所
2400,蔚来,蔚来超充站北京海淀北坞创新园,社会公用,北京市海淀区北坞村路23号,4,0,四环至五环,产业园区
2401,蔚来,蔚来超充站北京航宇北街,社会公用,北京市平谷区航宇北街3号东院,4,0,六环外,其他
2402,蔚来,蔚来超充站北京顺义京瑞汽车,社会公用,北京市顺义区双河大街14号2幢,4,0,六环外,公共停车场
2403,蔚来,蔚来超充站北京紫竹桥香格里拉,社会公用,北京香格里拉,2,0,三环至四环,酒店宾馆
2404,蔚来,蔚来超充站北京英蓝大厦,社会公用,英蓝国际金融中心地下停车场,6,0,二环内,邮政快递分拨处理中心
2405,蔚来,蔚来超充站北京金蝶软件园,社会公用,北京市顺义区马坡镇复兴四街金蝶软件园,2,0,六环外,商务办公区
2406,蔚来,蔚来超充站北京远洋盈创健康产业园,社会公用,北京市顺义区天柱东路2号正西方向60米,2,0,五环至六环,工业园区/厂区
2407,蔚来,蔚来超充站北京锦珑文化创意园,社会公用,北京市朝阳区锦珑文创园内停车场,4,0,五环至六环,产业园区
2408,蔚来,蔚来超充站首都机场康得思,社会公用,东海商务中心停车场,2,0,五环至六环,酒店宾馆
2409,蔚来,蔚来超充站北京王四营大柳树能链,社会公用,北京市朝阳区朝阳区大柳树公交站,6,0,四环至五环,城市公园绿地
2410,蔚来,蔚来超充站北京天通苑北,社会公用,北京市昌平区东小口镇九台路3号,2,0,五环至六环,村镇
2411,蔚来,蔚来超充站北京永泰庄观林园,社会公用,北京市海淀区清河宝盛里观林园(黑泉路东),4,0,五环至六环,城市公园绿地
2412,蔚来,蔚来超充站北京清河水木天成,社会公用,北京市海淀区G6辅路与清河路交叉口东北方向60米,2,0,五环至六环,体育场馆
2413,蔚来,蔚来超充站北京回龙观腾讯众创空间,社会公用,北京市昌平区回龙观东大街与文华东路交汇处,2,0,五环至六环,科技园区
2414,蔚来,蔚来超充站|北京花乡奥特莱斯,社会公用,北京市丰台区南四环西路76号,12,0,四环至五环,商业区
2415,蔚来,蔚来超充站北京朗丽兹西山花园酒店,社会公用,北京市海淀区丰智东路13号,12,0,五环至六环,酒店宾馆
2416,蔚来,蔚来超充站G6京藏高速百葛服务区,社会公用,百葛服务区（进京方向）,2,0,五环至六环,高速服务区
2417,蔚来,蔚来超充站北京西站,社会公用,北京市海淀区北蜂窝西路与莲花池东路辅路交叉口正西方向101米,4,0,二环至三环,火车站
2418,蔚来,蔚来超充站S11京承高速土沟服务区,社会公用,北京市昌平区土沟服务区,2,0,五环至六环,高速服务区
2419,蔚来,蔚来超充站北京八达岭国际会展中心,社会公用,北京市延庆区广兴街八达岭国际会展中心,2,0,六环外,商业区
2420,蔚来,蔚来超充站蔚北怀柔,社会公用,蔚来锦鲤换电站丨蔚北怀柔,4,0,六环外,交通枢纽
2421,蔚来,蔚来超充站S11京承高速太师屯服务区北京方向,社会公用,北京市密云区中国石化太师屯北加油站西北,2,0,六环外,高速服务区
2422,蔚来,蔚来超充站G45大广高速密云服务区双向,社会公用,北京市密云区大广高速,4,0,六环外,高速服务区
2423,蔚来,蔚来超充站北京珠江发展中心,社会公用,北京市朝阳区西大望路甲23号珠江发展中心,2,0,三环至四环,商业区
2424,蔚来,蔚来超充站北京绿心森林公园,社会公用,北京市通州区上码头路,4,0,六环外,城市公园绿地
2425,蔚来,蔚来超充站北京后沙峪NSC,社会公用,北京市顺义区京顺路后沙峪段3号前搏汽车时代广场最南端,19,0,五环至六环,体育场馆
2426,蔚来,蔚来超充站北京辰园招商中心,社会公用,辰园招商中心,2,0,五环至六环,科技园区
2427,蔚来,蔚来超充站G4京港澳高速窦店服务区（进京方向）,社会公用,窦店服务区（进京方向）入口处右手边,2,0,六环外,高速服务区
2428,蔚来,蔚来超充站北京亦花园,社会公用,亦运动游泳健身中心,2,0,五环至六环,体育场馆
2429,蔚来,蔚来超充站北京望京金汉王科技大厦,社会公用,北京市朝阳区利泽中园一区1号,2,0,四环至五环,科技园区
2430,蔚来,蔚来超充站北京左安门桥,社会公用,北京市丰台区方庄街道黎昌海鲜大酒楼(方庄店)左外关厢东里停车场️(医大肿瘤医院),4,0,二环至三环,医疗机构
2431,蔚来,蔚来超充站北京康比特产业园,社会公用,北京市昌平区何营路9号,2,0,六环外,产业园区
2432,蔚来,蔚来超充站北京首创大酒店,社会公用,北京市密云区新东路华远市场东北侧约100米,2,0,六环外,酒店宾馆
2433,鲸悦能源,房山区长阳路鲸悦能源充电站,社会公用,北京市房山区长阳一村商业楼东侧,12,0,五环至六环,公共停车场
2434,特来电,BMW超级充电-北京东方广场站,社会公用,东长安街1号东方新天地P3层327-328、332-334（西区停车区，靠近商场客梯）,5,0,二环内,商业区
2435,特来电,北京荟聚购物中心二期充电站,社会公用,西红门镇北京荟聚西红门购物中心,24,21,四环至五环,商业区
2436,日盛天宇,密云区坝头日盛天宇充电站,社会公用,北京北京市密云区新农村980车站对面,12,0,六环外,交通枢纽
2437,日盛天宇,密云区落洼日盛天宇充电站,社会公用,北京市密云区太师镇屯洼村,4,0,六环外,交通枢纽
2438,易充得,东亚创展国际充电站,社会公用,后沙峪镇順于路与裕曦路交叉路口停车场,22,0,五环至六环,商业区
2439,蓝谷极狐,极狐-门头沟中骏世界城超充站,社会公用,门头沟区新城东街8号院1号楼地下停车场B2层A区,8,0,六环外,大型商业购物中心
2440,蓝谷极狐,极狐-临河里超充站,社会公用,北京市通州区地铁临河里站（公交站）,4,0,五环至六环,公共停车场
2441,睿景博源,石景山区点石商务公园优易充小站,社会公用,八大处路49号,2,4,五环至六环,商务办公区
2442,云和桥,云和桥通州耿庄场地充电站,社会公用,北京市通州区永顺镇潞苑中路与潞苑五街夹角处西南停车场,20,0,五环至六环,公共停车场
2443,中石油北京销售,中国石油奥东充电站,社会公用,来广营东路与马泉营西路的丁字路口崔各庄乡政府旁,6,0,五环至六环,其他
2444,瀚瑞德,能加超充门头沟国信滨河大厦站,社会公用,北京市门头沟区滨河路115号,4,0,五环至六环,大型商业购物中心
2445,瀚瑞德,能加超充通州北京one大厦站,社会公用,北京市通州区中山大街59号院1号,4,0,五环至六环,大型商业购物中心
2446,瀚瑞德,能加超充通州汇天云端产业园南门站,社会公用,北京市通州区壁富路与徐尹路交口东北角辅路,16,0,五环至六环,产业园区
2447,鲸悦能源,房山区大董村鲸悦能源充电站,社会公用,北京市房山区阎村镇大董村广顺兴德地面停车场,12,0,六环外,公共停车场
2448,特来电,北京丰台世界公园南门停车场充电站,社会公用,花乡大葆台村世界公园南停车场南侧,20,0,四环至五环,公共停车场
2449,顺泰恒远,顺泰能源充电站（丰荣酒店站）,社会公用,北京市顺义区李桥镇半壁店西丰荣君华酒店,21,0,五环至六环,酒店宾馆
2450,星星充电,北京空港宝湾国际物流园充电站,社会公用,北京市顺义区大孙各庄镇木孙路,18,0,五环至六环,物流园
2451,京西速电,京西速电超充站·苏庄海悦城,社会公用,北京房山区西路街道苏庄海悦城地上停车场,28,0,五环至六环,公共停车场
2452,庞大驿联,北京菜篮子鲜活农产品批发市场有限公司充电站,社会公用,万子营路15号,18,0,五环至六环,农贸批发市场
2453,中石油昆仑网电,中石油昆仑北京汽车博物馆充电站,社会公用,北京丰台区南四环西路126号,8,0,四环至五环,经营性场所
2454,特来电,BMW超级充电-北京荟聚购物中心站,社会公用,西红门荟聚购物中心停车场B2层E区，车位编号E110-E117（E区停车区，靠近E区电梯厅）,8,0,四环至五环,公共停车场
2455,充之源,北京市昌平区温德姆酒店充电站,社会公用,北京市昌平区回龙观街道蜀香阁(北京龙城华美达酒店东南)北京龙城华美达酒店,32,0,五环至六环,酒店宾馆
2456,普瑞充电,房山金融安全产业园直流站,社会公用,阎村镇大件路甲8号,12,0,六环外,工业园区/厂区
2457,光明电力,北京市平谷区胜利街新能源汽车充电站,社会公用,胜利街村委会北侧公共停车场,2,3,六环外,公共停车场
2458,充之源,北京超级蜂巢S4小鹏超快充站,社会公用,北京市朝阳区北花园路1号地面停车场,4,0,五环至六环,商业区
2459,云和桥,云和桥昌平三合庄充电站,社会公用,北京市昌平区龙泽园街道三合庄三合庄村参合庄西路102号停车场,10,0,五环至六环,商业区
2460,特瓦特,金都心语超级充电站,社会公用,北京市朝阳区百子湾南一路,20,0,四环至五环,酒店宾馆
2461,顺充能源,门头沟7号院充电站,社会公用,永定滨河路18号院,12,0,六环外,公共停车场
2462,顺充能源,门头沟景阳融鑫大厦超级充电站,社会公用,紫金路5号,16,0,六环外,商业区
2463,蓝谷极狐,极狐-都会国际超充站,社会公用,朝阳区城市广场停车场,4,0,五环至六环,大型商业购物中心
2464,易充得,金蝶软件园充电站,社会公用,马坡镇复兴四街3号金蝶软件园（走东门向南行驶）,12,0,六环外,商务办公区
2465,隆瑞三优,北京市密云区联东U谷瑞智充小站,社会公用,北京市密云区联东u谷康宝路3号,4,12,六环外,产业园区
2466,隆瑞三优,北京市平谷区夏各庄镇杨各庄村卫生室外停车场瑞智充小站,社会公用,北京市平谷区夏各庄镇杨各庄村服务站南100米（杨各庄中路西）卫生所外,1,6,六环外,政府机构
2467,隆瑞三优,北京市平谷区大兴庄镇周村北口瑞智充小站,社会公用,北京市平谷区Y301(周村路),1,3,六环外,村镇
2468,隆瑞三优,北京市怀柔区琉璃庙镇前安岭村村民委员会瑞智充小站,社会公用,北京市怀柔区琉璃庙镇前安岭村村民委员会,0,10,六环外,村镇
2469,隆瑞三优,北京市怀柔区琉璃庙镇白河北村村民委员会瑞智充小站,社会公用,北京市怀柔区琉璃庙镇白河北村村民委员会,0,20,六环外,村镇
2470,隆瑞三优,北京市密云区青树林民俗饭庄瑞智充小站,社会公用,北京市密云区太师屯镇上安村北京青树林民俗旅游专业合作社60号门口位置,1,2,六环外,经营性场所
2471,隆瑞三优,北京市平谷区联东U谷瑞智充小站,社会公用,北京市平谷区平旺街联东U谷·智能创新谷停车场,4,16,六环外,产业园区
2472,隆瑞三优,北京市密云区大城子镇苍术会村委会瑞智充小站,社会公用,北京市密云区大城子镇苍术会村委会外停车场,0,9,六环外,政府机构
2473,宇充新能源,北京顺义锦荟港充电站,社会公用,北京市顺义区胜利街道柏悦时尚艺术馆(红杉一品店)锦荟港地下B3层停车场,12,0,六环外,大型商业购物中心
2474,蓝谷极狐,极狐-左安门停车场超充站,社会公用,左外关厢东里一号院,4,0,二环至三环,公共停车场
2475,蓝谷极狐,极狐-珠江发展中心超充站,社会公用,珠江发展中心停车场,4,0,三环至四环,公共停车场
2476,中能慧通,北京市朝阳区杜仲公园南侧停车场充电站,社会公用,北京市朝阳区杜仲公园南侧停车场（金卫路北侧）,16,0,五环至六环,公共停车场
2477,炫煜智充,北京房山东方1956充电站,社会公用,北京市房山区城关街道顾八路,24,0,六环外,工业园区/厂区
2478,瀚瑞德,能加超充通州汇天云端产业园西门站,社会公用,北京市通州区壁富路,24,0,五环至六环,产业园区
2479,特来电,BMW超级充电-北京长楹龙湖天街站,社会公用,常通路1号龙湖长楹天街西区停车场B2层，车位编号B2-G016至B2-G023（G区停车区，靠近1号电梯厅）,8,0,五环至六环,公共停车场
2480,中能慧通,兴光三街5号院二期充电站,社会公用,北京市通州区兴光三街5号院（北京市通州兴光三街与嘉创二路交叉口北行10米处路东）,12,0,五环至六环,公共停车场
2481,云旗电行,北京塞纳河酒店充电站,社会公用,北京北京市朝阳区立水桥路8号,20,0,五环至六环,酒店宾馆
2482,充之源,北京充之源首都机场天竺充电站,社会公用,北京市顺义区天竺中街3号院南侧,60,0,五环至六环,酒店宾馆
2483,鲸悦能源,丰台七里庄亿潼隆-鲸悦能源充电站,社会公用,北京市丰台区万丰路亿潼隆万丰购物中心停车场,24,0,三环至四环,公共停车场
2484,绿多邦,玲珑超级液冷充电站,社会公用,通州区马驹桥镇景盛中街10号,26,0,六环外,工业园区/厂区
2485,智电时代,智电时代经海二路充电站,社会公用,经海二路13号北京田源纺织有限责任公司院内,24,0,五环至六环,产业园区
2486,极氪能源,北京博泰大厦极充站,社会公用,北京市朝阳区望京西园221号博泰大厦地下停车场负二层,4,0,四环至五环,公共停车场
2487,炫煜智充,拱辰1954文创园炫煜智充超充站,社会公用,北京市拱辰街道罗府街41号,16,0,五环至六环,工业园区/厂区
2488,智通充电,望京数字创意园中尚充电站,社会公用,北京市朝阳区摩托罗拉大厦,0,12,四环至五环,科技园区
2489,智通充电,望京未来信息园中尚充电站,社会公用,北京市朝阳区望京北路爱立信电信大厦,2,8,四环至五环,科技园区
2490,智通充电,亦庄农行中尚充电站,社会公用,北京市大兴区中和街3号,0,6,五环至六环,科技园区
2491,智通充电,宝马集团北京研发中心,社会公用,北京市顺义区空港街道安祥大街12号院7号楼宝马集团北京研发中心,0,12,五环至六环,科技园区
2492,碧辟北京,BP快速充电站（北京海淀唐家岭停车场）,社会公用,北京市海淀区唐家岭规划一路中关村公园南门停车场,32,0,五环至六环,公共停车场
2493,碧辟北京,BP快速充电站（北京朝阳CBD万达广场）,社会公用,建国路93号院,42,0,三环至四环,商务办公区
2494,碧辟北京,BP快速充电站（北京海淀万寿宾馆）,社会公用,万寿路甲12号,20,0,三环至四环,酒店宾馆
2495,碧辟北京,BP慢充站（北京海淀万寿宾馆）,社会公用,万寿路甲12号,0,4,三环至四环,酒店宾馆
2496,碧辟北京,BP快速充电站（北京西城华睦大厦）,社会公用,马连道南街六号院1号楼,10,0,二环至三环,商业区
2497,碧辟北京,BP快速充电站（北京通州大唐高新技术创业园）,社会公用,八里桥南街5号,18,0,五环至六环,产业园区
2498,山海间科技,北京大兴富力非常HAOS二期充电站,社会公用,北京市大兴区团结路20号富力非常HAOS地下一层停车场,12,0,六环外,商业区
2499,蓝谷极狐,极狐-房山印象城超充站,社会公用,房山印象城地下停车场,6,0,五环至六环,大型商业购物中心
2500,京电博源,（公共站）北京市海淀区中关村集成电路设计园2号楼C座地下二层停车场公共充电站,社会公用,北京市海淀区中关村集成电路设计园2号楼D座地下二层停车场,8,2,五环至六环,村镇
2501,京电博源,（公共站）北京市海淀区中关村集成电路设计园2号楼D座地下二层停车场公共充电站,社会公用,北京市海淀区中关村集成电路设计园2号楼D座地下二层停车场,8,2,五环至六环,村镇
2502,顺充能源,门头沟景阳融鑫大厦慢充站,社会公用,紫金路5号院景阳融鑫大厦地面停车场,0,6,六环外,商业区
2503,卡丘充电,恒松园停车场,社会公用,丰台南三环中路小铁营路10号恒松园停车场,0,2,二环至三环,其他
2504,泽星电力,西红门兴海公园南门停车场充电站,社会公用,北京市大兴区西红门镇宏旭路北侧,32,0,四环至五环,公共停车场
2505,泽星电力,北京大兴首创悦都汇充电站,社会公用,北京市大兴区黄村镇盛顺街20号,13,0,六环外,公共停车场
2506,龙禹新能源,中石化龙禹怡和阳光充电站,社会公用,北京市朝阳区和平街街道怡和春天大酒楼(柳芳店)怡和阳光大厦,36,0,二环至三环,公共停车场
2507,龙禹新能源,中石化龙禹赛点体育公园充电站,社会公用,顺义区顺通路29号赛点体育公园西侧地上停车场,35,0,六环外,公共停车场
2508,友充新能源,东四十四条93号C座充电站,社会公用,东四十四条93号院停车场,0,8,二环内,产业园区
2509,利嘉新能源,平谷齐各庄快充站,社会公用,齐各庄村,10,0,六环外,货运枢纽
2510,特来电,BMW超级充电-北京合生汇站,社会公用,西大望路21号合生汇停车场B3层，车位编号B3-A033至B3-A041（A区停车区，靠近电梯厅）,9,0,三环至四环,大型商业购物中心
2511,星星充电,草桥GM大厦,社会公用,北京市丰台区草桥公建项目GM大厦地下停车场,5,15,四环至五环,商务办公区
2512,星星充电,漫心酒店,社会公用,北京市怀柔区九渡河镇石湖峪村201号院酒店地下停车场,2,11,六环外,酒店宾馆
2513,利嘉新能源,延庆区中医院快充站,社会公用,北京北京市延庆区世园村东路与世园村南一街交叉口东,8,0,六环外,公共停车场
2514,利嘉新能源,丰台区分钟寺地铁充电站,社会公用,北京北京市丰台区分钟寺地铁站,20,0,六环外,公共停车场
2515,隆瑞三优,隆瑞三优马官营充电站（快充站）,社会公用,北京市丰台区莲宝路5号院-4号,14,0,三环至四环,公共停车场
2516,隆瑞三优,隆瑞三优新发地快充站,社会公用,北京市丰台区友安路202号院,10,0,三环至四环,货运枢纽
2517,隆瑞三优,北京市顺义区国门智慧城公共充电站-1,社会公用,北京市顺义区国门智慧城地下一层停车场C区,0,24,五环至六环,商业区
2518,利嘉新能源,延庆区医院西侧内部停车场充电站,社会公用,北京北京市延庆区延庆区医院西侧内部停车场,8,0,六环外,公共停车场
2519,云和桥,云和桥石景山茂华大厦充电站,社会公用,八角街道八角东街29号茂华大厦地面停车场,12,0,五环至六环,公共停车场
2520,快充无忧,百百路充电站,社会公用,北京北京市昌平区南郝庄村北京久久瓷像科技有限公司对面停车场,5,0,五环至六环,村镇
2521,快充无忧,南郝庄充电站,社会公用,北京市昌平区城北街道西关瑞明路南侧（南郝庄村）,12,16,五环至六环,村镇
2522,中机金和,中机金和-大兴-黑色金属材料公司充电站,社会公用,大兴区中国黑色金属材料北京有限公司南,8,0,六环外,物流园
2523,高平安,北京房山窦店村东北重汽车充电站,社会公用,北京市房山区窦店镇窦店村东北京北重汽车改装有限公司院内,12,0,六环外,车企4S店
2524,新源恒远,派捷充电站005-榆辛路充电站（大车可充电）,社会公用,北京市大兴区文苑路与今荣街交叉口北侧公交场站院内里院,12,0,六环外,公共停车场
2525,新源恒远,新源恒远公共站104-天宫院地铁站P+R停车场,社会公用,北京市大兴区天宫院地铁站南侧停车场院内,0,3,六环外,公共停车场
2526,龙禹新能源,中石化龙禹通州徐辛庄充电站,社会公用,北京市通州区奥发实业发展有限公司(东门),36,0,五环至六环,公共停车场
2527,新源恒远,兴顺达通综合充电站,社会公用,北京市大兴区兴旺大街芦康路兴亦兴小客车公司院内,10,0,五环至六环,公共停车场
2528,广州小鹏,北京林奥CityparkS4小鹏超快充站,社会公用,北京市朝阳区清林东路4号院6号楼东侧林奥Citypark购物中心,6,0,五环至六环,商业区
2529,蔚来,蔚来超充站北京门头沟龙门新区,社会公用,北京市门头沟区福康路1号,2,0,六环外,公共停车场
2530,蔚来,蔚来超充站北京朝阳北路定福庄,社会公用,北京市朝阳区定福庄西路与朝阳北路辅路交叉口西北100米,4,0,五环至六环,公共停车场
2531,北京车联网新能源,北京西站希尔顿酒店,社会公用,北京市丰台区太平桥街道北京西站南路1号,12,0,二环至三环,酒店宾馆
2532,北京车联网新能源,首都机场能源中心,社会公用,李天路12号,110,0,五环至六环,交通枢纽
2533,北京车联网新能源,中央歌剧院,社会公用,北京市东城区东中街115号停车场B2,24,0,二环内,商业区
2534,中石油北京销售,中国石油奥林匹克公园P4充电站,社会公用,北京市朝阳区奥林匹克公园P4停车场,56,0,四环至五环,公共停车场
2535,高平安,北京丰台刘庄子路沙岗村甲5号院充电站,社会公用,北京市丰台区宛平街道刘庄子路沙岗村甲5号院,24,0,四环至五环,公共停车场
2536,国亿通,国亿通明春苑充电站,社会公用,北京市丰台区优龙路,14,0,四环至五环,公共停车场
2537,北京碧辟新能源,北京市青少年服务中心,社会公用,北京市西城区青年宫,8,0,二环内,工业园区/厂区
2538,民益科技,北京市顺义区国泰宜宾停车场充电站,社会公用,北京市顺义区国泰宜宾停车场西侧,24,0,五环至六环,大型商业购物中心
2539,民益科技,北京市顺义区后沙峪镇西田各庄村充电站,社会公用,北京市顺义区后沙峪镇西田各庄村贯中路西侧,0,5,五环至六环,村镇
2540,民益科技,北京市顺义区道仙庄充电站四站,社会公用,北京市顺义区西胡同40号,2,3,五环至六环,村镇
2541,北京碧辟新能源,老山公园南门充电站,社会公用,北京市石景山区老山街道老山西街8-6号,58,0,四环至五环,商业区
2542,北京碧辟新能源,德瑞凯通足球公园充电站,社会公用,北京市石景山区老山街道石景山路甲17号,70,0,四环至五环,商业区
2543,北京碧辟新能源,小瓦窑充电站,社会公用,卢沟桥街道吴家村路7号,68,0,四环至五环,商业区
2544,北京碧辟新能源,旧头路充电站,社会公用,北京市大兴区旧宫镇旧头路亦庄北岸小区东侧,24,0,四环至五环,商业区
2545,北京碧辟新能源,北京青少年服务中心（北京市青年宫）1,社会公用,北京市西城区青年宫,0,24,二环内,工业园区/厂区
2546,一充科技,北京通州紫光科技园S4小鹏超快充站,社会公用,北京市通州区滨榆东路与源盛东街交叉口北140米紫光科技园（入口滨榆东路）,4,0,五环至六环,产业园区
2547,一充科技,北京西城天莲大厦充电站,社会公用,北京市西城区莲花池东路96-102号天莲大厦地面停车场,6,0,二环至三环,商务办公区
2548,一充科技,北京西城首源物业充电站,社会公用,北京市西城区莲花池东路96-102号天莲大厦地面停车场,2,0,二环至三环,商务办公区
2549,高平安,北京丰台草桥安富停车场充电站,社会公用,北京市丰台区草桥东路10号院,12,0,三环至四环,公共停车场
2550,极氪能源,北京向日葵广场极充站,社会公用,北京市通州区京榆旧线与东六环交叉口西北150米向日葵广场地面停车位,4,0,四环至五环,公共停车场
2551,中石油北京销售,中国石油亚投行充电站,社会公用,北京市朝阳区天辰东路1号院亚洲金融大厦西侧,64,0,四环至五环,公共停车场
2552,久加新能源,国泰生活广场机场店充电站,社会公用,北京市顺义区南平街甲1号国泰生活广场停车场,0,6,五环至六环,大型商业购物中心
2553,久加新能源,国泰生活广场机场店南区充电站,社会公用,北京市顺义区南平街甲1号国泰生活广场南区停车场,0,2,五环至六环,大型商业购物中心
2554,智通充电,北京大兴区嘉悦广场5号楼充电站,社会公用,北京市大兴区宏业路9号院5号,14,0,五环至六环,商业区
2555,一充科技,北京东城荷华明城充电站,社会公用,建国门街道北京万豪中心荷华明城大厦A座B2M层地下停车场,6,0,二环内,商务办公区
2556,牛充,首都机场3号航站楼充电站,社会公用,北京北京市顺义区一号路北京利福达钢木有限公司,14,0,五环至六环,村镇
2557,一充科技,北京亦庄亦城亦禧充电站,社会公用,瀛海地区兴海路与博兴八路交叉口西120米亦城亦禧地面停车场,8,0,五环至六环,公共停车场
2558,一充科技,北京顺义启航国际充电站,社会公用,后沙峪镇绿地启航国际(东门)地下1层停车场,20,0,五环至六环,商务办公区
2559,华商信联,晓月苑八里东侧停车场充电站快充站,社会公用,晓月苑东路,6,0,四环至五环,公共停车场
2560,智电时代,智电时代平房桥充电站,社会公用,北京市朝阳区平房乡平房路48号院平房国际停车场,24,0,五环至六环,经营性场所
2561,智电时代,智电时代大郊亭充电站,社会公用,东四环中路18号院停车场,24,0,四环至五环,经营性场所
2562,智电时代,智电时代朝阳站充电站,社会公用,北京市朝阳区石佛营101号七彩停车楼3层,24,0,四环至五环,经营性场所
2563,广州小鹏,北京浦项中心S4小鹏超快充站,社会公用,北京市朝阳区宏泰东街附近浦项中心A座（入口：远安北一路）,4,0,四环至五环,商务办公区
2564,广汽能源,广汽能源北京尖子班大厦超充站,社会公用,北京市通州区经海七路与东渠路交汇处尖子班大厦地下停车场B2层（B2269-B2280车位）,12,0,五环至六环,商业区
2565,广汽能源,昊铂北京奥林匹克体育中心目的地站,社会公用,北投奥园P4停车场（379-382/385-387/417-419/423-426车位）,0,14,三环至四环,公共停车场
2566,广汽能源,昊铂北京中关村SOHO超充站,社会公用,北二街8号中关村SOHO地下停车场B2层（2043-2046车位）,4,0,三环至四环,商务办公区
2567,广汽能源,昊铂北京北五环居然之家超充站,社会公用,来广营乡来广营西路114号居然之家北五环店（地面停车场）,4,0,五环至六环,经营性场所
2568,广汽能源,昊铂北京嘉盛SOHO超充站,社会公用,北京市朝阳区东三环北路辅路与白家庄路交叉口西北160米嘉盛SOHO地下B3停车场（3188-3191车位）,4,0,二环至三环,商务办公区
2569,广汽能源,昊铂北京通州北投大厦超充站,社会公用,通济路北投大厦地下停车场B3层（101-112车位）,12,0,六环外,商务办公区
2570,广汽能源,昊铂北京丽泽SOHO超充站,社会公用,丽泽路20号院1号楼丽泽SOHOB座地下停车场B2层（2096-2103车位）,8,0,二环至三环,商务办公区
2571,广汽能源,昊铂北京尚都SOHO超充站,社会公用,北京市朝阳区东大桥8号尚都SOHO地下停车场B3层（W3166/W3168/W3170/W3172/W3176/W3178车位）,6,0,二环至三环,商务办公区
2572,广汽能源,昊铂北京百旺绿茵超充站,社会公用,北京市海淀区上地街道东北旺路蓝天停车-百旺绿荫地面停车场,4,0,五环至六环,公共停车场
2573,广汽能源,昊铂北京丰台石榴中心超充站,社会公用,石榴庄街道榴乡路88号石榴中心地下停车场B3层（F509-F516车位）,8,0,三环至四环,商务办公区
2574,特斯拉上海,万科奥林目的地充电站,社会公用,北京市朝阳区北苑路186号万科时代中心奥林A座地下B2层062-081车位,0,20,三环至四环,商务办公区
2575,特斯拉上海,北京王府半岛酒店目的地充电站,社会公用,北京市东城区金鱼胡同8号地下停车场78-79车位,0,6,二环内,酒店宾馆
2576,特斯拉上海,北京放风儿民宿目的地充电站,社会公用,北京市怀柔区河防口村放风民宿地面车位,0,2,六环外,酒店宾馆
2577,特斯拉上海,北京瑰丽酒店目的地充电站,社会公用,北京朝阳区北京瑰丽酒店地下停车场B2层122-125车位,0,4,二环至三环,酒店宾馆
2578,特斯拉上海,北京环球金融中心目的地充电站,社会公用,北京市朝阳区东三环中路1号B1层W1068-W1075车位,0,8,二环至三环,商务办公区
2579,特斯拉上海,北京长城脚下的公社目的地充电站,社会公用,北京市延庆区八达岭镇石佛寺村京藏高速路水关长城G53出口地面车位,0,2,六环外,酒店宾馆
2580,特斯拉上海,雁栖湖高尔夫俱乐部,社会公用,北京市怀柔区怀北镇西庄村甲2号雁栖湖高尔夫俱乐部地上停车场,0,3,六环外,旅游景点
2581,特斯拉上海,黑骑士球员体育俱乐部目的地充电站,社会公用,北京市顺义区李天路楼台段14号地面车位,0,10,五环至六环,旅游景点
2582,特斯拉上海,北京海德温泉酒店目的地充电站,社会公用,北京市朝阳区青年路西里1号海德温泉酒店停车场地面车位,0,2,四环至五环,酒店宾馆
2583,驿充科技,通州大杜社卫生院充电站,社会公用,北京市通州区马驹桥镇大杜社村大杜社卫生院,0,2,六环外,医疗机构
2584,泽星电力,玫瑰城商业中心充电站,社会公用,北京市大兴区黄村镇枣园路8号,16,0,五环至六环,公共停车场
2585,德仕安,广西大厦东区充电站,社会公用,潘家园华威里南街,2,1,二环至三环,商务办公区
2586,德仕安,北京广西大厦西区充电站,社会公用,潘家园华威路,2,3,二环至三环,经营性场所
2587,碧辟北京,BP快速充电站（北京丰台万维嘉旅停车场）,社会公用,北京市丰台区园博园南路园博嘉园东南侧约130米,22,0,五环至六环,公共停车场
2588,碧辟北京,BP快速充电站（北京大兴生态公园停车场）,社会公用,北京市大兴区西红门兴华大街西侧生态公园停车场,46,0,五环至六环,公共停车场
2589,广汽能源,昊铂北京朝阳门SOHO超充站,社会公用,朝阳门SOHO地下停车场B3层（B3167-B3172车位）,6,0,二环内,商务办公区
2590,广汽能源,昊铂北京朝外SOHO超充站,社会公用,朝外SOHO地下停车场B2层（B2308/B2309/B2311/B2315/B2317/B2319车位）,6,0,二环至三环,商务办公区
2591,广汽能源,昊铂北京世纪科贸大厦超充站,社会公用,北四环保福寺桥中关村东路66号世纪科贸大厦地下停车场B3层（B326-B329/B338-B340/B350-B352车位）,10,0,三环至四环,商务办公区
2592,广汽能源,昊铂北京光华路SOHO2超充站,社会公用,呼家楼街道光华路SOHO2A座停车场B2层（044-055车位）,12,0,二环至三环,商务办公区
2593,广汽能源,昊铂北京国贸SKP超充站,社会公用,西大望路地面停车场,4,0,三环至四环,公共停车场
2594,广汽能源,昊铂北京西单更新场超充站,社会公用,西单北大街180号西单更新场地下停车场B3层（114-119车位）,6,0,二环内,商务办公区
2595,广汽能源,昊铂北京庆银超充站,社会公用,北京市昌平区东小口镇太平庄中街北京庆银停车场,2,0,五环至六环,公共停车场
2596,广汽能源,昊铂北京奥林匹克体育中心超充站,社会公用,北投奥园P4停车场（383/384/420/421车位）,4,0,三环至四环,公共停车场
2597,广汽能源,昊铂北京三里屯SOHO超充站,社会公用,工人体育场北路8号地下停车场B3层（D3022-D3027/D3082-D3087车位）,12,0,二环至三环,商务办公区
2598,广汽能源,昊铂北京山水铂宫超充站,社会公用,朝外大街3号山水铂宫地下停车场B3层（E321-E323/E325-E327/E331-333/E335-E337车位）,12,0,二环至三环,商务办公区
2599,广汽能源,昊铂北京金地广场超充站,社会公用,金地广场北门停车场入口B3层,6,0,三环至四环,商务办公区
2600,依依嘉力能源,房山成教中心停车场,社会公用,北房街27号,7,3,五环至六环,教育院校
2601,依依嘉力能源,北京市房山区燕山体育馆,社会公用,燕房路52号燕山体育馆,1,2,六环外,体育场馆
2602,特来电,北京陕西大厦充电站,社会公用,北京市朝阳区潘家园街道劳动仲裁争议调解中心陕西大厦,6,0,二环至三环,产业园区
2603,特来电,北京市石景山区郎园充电站,社会公用,老山街道上庄东街郎园Park停车场,20,0,四环至五环,公共停车场
2604,隆瑞三优,隆瑞三优平谷852超级充电站,社会公用,北京市平谷区新平北路22-1号,4,0,六环外,其他
2605,隆瑞三优,隆瑞三优五间楼超级充电站,社会公用,北京市丰台区榴乡路辅路,4,0,三环至四环,其他
2606,天开快充,芍药居北里充电站,社会公用,芍药居北里318号楼2幢旁,16,0,三环至四环,公共停车场
2607,鲲鹏祥瑞,鲲鹏祥瑞旧县村直流充电站,社会公用,北京市昌平区旧县村北,8,0,六环外,公共停车场
2608,鲲鹏祥瑞,鲲鹏祥瑞旧县村交流充电站,社会公用,北京市昌平区旧县村北,0,7,六环外,公共停车场
2609,久途新能源,北水嘉伦水产品市场充电站,社会公用,北京市丰台区银地西路18号北水嘉伦水产品市场充电站,10,0,四环至五环,农贸批发市场
2610,广汽能源,昊铂北京通州北投大厦目的地站,社会公用,北京市通州区通济路北投大厦B2层（内部停车场）,0,10,六环外,商务办公区
2611,广汽能源,昊铂北京通州北投大厦超充站（内部自用）,社会公用,北京市通州区通济路北投大厦B2层（内部停车场）,2,0,六环外,商务办公区
2612,京供华商,京供华商百泉花园充电站,社会公用,百泉庄村百泉花园健身广场南侧,0,26,六环外,公共停车场
2613,云和桥,云和桥丰台丰葆荟充电站,社会公用,北京市丰台区丰葆路23号丰葆荟地面停车场,12,0,四环至五环,公共停车场
2614,宇充新能源,北京朝阳顺峰超级充电站,社会公用,北京市朝阳区北四环东路2号顺峰顺景店地面停车场,10,0,三环至四环,商业区
