机构名称,地址,邮政编码,区县代码,区县名称,经济类型名称,机构管理名称
北方工业大学社区卫生服务中心,北京市石景山区晋元庄路5号,100144,110107,石景山区,国有全资,非营利性医疗机构
北京大学医学部社区卫生服务中心,北京市海淀区学院路38号,100191,110108,海淀区,国有全资,非营利性医疗机构
北京航空航天大学社区卫生服务中心（北京航空航天大学医院）,北京市海淀区学院路37号,100191,110108,海淀区,国有全资,非营利性医疗机构
北京交通大学社区卫生服务中心（北京交通大学医院）,北京市海淀区西直门外上园村3号,100044,110108,海淀区,国有全资,非营利性医疗机构
北京交通职业技术学院社区卫生服务站,北京市昌平区邓庄村东北京交通职业技术学院5号楼1层,102200,110114,昌平区,国有全资,非营利性医疗机构
北京经济技术开发区经开企业大道园区社区卫生服务站,北京经济技术开发区景园北街2号59号楼1层,100076,110115,大兴区,国有全资,非营利性医疗机构
北京经济技术开发区林肯公园社区卫生服务站,北京经济技术开发区文化园西路8号院21号楼102室,100076,110115,大兴区,国有全资,非营利性医疗机构
北京经济技术开发区天宝园五里一区社区卫生服务站,北京经济技术开发区天宝园五里一区,100176,110115,大兴区,国有全资,非营利性医疗机构
北京科技大学社区卫生服务中心（北京科技大学医院）,海淀区学院路30号,100083,110108,海淀区,国有全资,非营利性医疗机构
北京理工大学社区卫生服务中心（北京理工大学医院）,海淀区中关村南大街5号,100081,110108,海淀区,国有全资,非营利性医疗机构
北京林业大学社区卫生服务中心（北京林业大学医院）,北京市海淀区清华东路35号,100083,110108,海淀区,国有全资,非营利性医疗机构
北京密云鼓楼街道太扬家园社区卫生服务站,北京市密云区蓝河湾37号楼1层101室南侧,101500,110228,密云区,私有,非营利性医疗机构
北京师范大学社区卫生服务中心（北京师范大学医院）,北京市海淀区新街口外大街19号,100875,110108,海淀区,国有全资,非营利性医疗机构
北京市昌平区百善社区卫生服务中心,北京市昌平区百善镇百善村西,102211,110114,昌平区,国有全资,非营利性医疗机构
北京市昌平区百善社区卫生服务中心孟祖社区卫生服务站,北京市昌平区百善镇孟祖村,102211,110114,昌平区,国有全资,非营利性医疗机构
北京市昌平区百善社区卫生服务中心上东廓社区卫生服务站,北京市昌平区百善镇上东廓村,102211,110114,昌平区,国有全资,非营利性医疗机构
北京市昌平区百善社区卫生服务中心狮子营社区卫生服务站,北京市昌平区百善镇狮子营村,102211,110114,昌平区,国有全资,非营利性医疗机构
北京市昌平区北七家社区卫生服务中心,北京市昌平区北七家镇定泗路北侧,102209,110114,昌平区,国有全资,非营利性医疗机构
北京市昌平区北七家社区卫生服务中心北七佳园社区卫生服务站,北京市昌平区北七家镇北七佳园9号楼2层201室,102209,110114,昌平区,集体全资,非营利性医疗机构
北京市昌平区北七家社区卫生服务中心东沙社区卫生服务站,北京市昌平区北七家镇东沙各庄村委会院内,102209,110114,昌平区,国有全资,非营利性医疗机构
北京市昌平区北七家社区卫生服务中心宏福苑社区卫生服务站,北京温都水城旅游饭店管理有限公司金手杖会所一层（北侧底商门面房）,102209,110114,昌平区,集体全资,非营利性医疗机构
北京市昌平区北七家社区卫生服务中心岭上社区卫生服务站,北京市昌平区北七家镇岭上村,102209,110114,昌平区,国有全资,非营利性医疗机构
北京市昌平区北七家社区卫生服务中心名佳花园社区卫生服务站,北京市昌平区北七家镇名佳花园小区1号楼412室,102209,110114,昌平区,国有全资,非营利性医疗机构
北京市昌平区北七家社区卫生服务中心平西府社区卫生服务站,北京市昌平区北七家镇白庙村,102209,110114,昌平区,国有全资,非营利性医疗机构
北京市昌平区北七家社区卫生服务中心温泉花园社区卫生服务站,北京市昌平区北七家镇温泉花园小区A区6号楼,102209,110114,昌平区,国有全资,非营利性医疗机构
北京市昌平区北七家社区卫生服务中心燕丹社区卫生服务站,北京市昌平区北七家镇燕丹村,102209,110114,昌平区,国有全资,非营利性医疗机构
北京市昌平区城北街道朝凤社区卫生服务站,北京市昌平区朝凤庵村,102200,110114,昌平区,国有全资,非营利性医疗机构
北京市昌平区城北街道一街社区卫生服务站,北京市昌平区昌平镇石坊院5号楼2单元一层,102200,110114,昌平区,私有,非营利性医疗机构
北京市昌平区城南街道水屯社区卫生服务站,北京市昌平区城南街道水屯村,102200,110114,昌平区,国有全资,非营利性医疗机构
北京市昌平区城南街道拓然家苑社区卫生服务站,北京市昌平区城南街道拓然家苑,102200,110114,昌平区,国有全资,非营利性医疗机构
北京市昌平区城区八街社区卫生服务站,昌平区城区西环路16号,102200,110114,昌平区,国有全资,非营利性医疗机构
北京市昌平区城区畅椿阁社区卫生服务站,北京市昌平区龙水路38号院6号楼首层101号、105号、106号,102200,110114,昌平区,国有全资,非营利性医疗机构
北京市昌平区城区东关南里社区卫生服务站,昌平区昌平镇东关南里小区26号楼1—3层商业,102200,110114,昌平区,国有全资,非营利性医疗机构
北京市昌平区城区二街社区卫生服务站,北京市昌平区昌平镇雅馨家园14号楼1至2层,102200,110114,昌平区,国有全资,非营利性医疗机构
北京市昌平区城区郝庄社区卫生服务站,北京市昌平区郝庄家园东区,102200,110114,昌平区,国有全资,非营利性医疗机构
北京市昌平区城区宁馨苑社区卫生服务站,北京市昌平区昌平镇宁馨苑13号楼1至2层商6,102200,110114,昌平区,国有全资,非营利性医疗机构
北京市昌平区城区社区卫生服务中心,北京市昌平区城北街道南环里53号,102200,110114,昌平区,国有全资,非营利性医疗机构
北京市昌平区城区西关社区卫生服务站,北京市昌平区城角西路红冶宿舍楼北侧西关村委会,102200,110114,昌平区,国有全资,非营利性医疗机构
北京市昌平区城区永安社区卫生服务站,北京市昌平区城区永安里小区,102200,110114,昌平区,国有全资,非营利性医疗机构
北京市昌平区城区园区社区卫生服务站,北京市昌平城区镇水关新村26号楼富康路5-1号,102200,110114,昌平区,国有全资,非营利性医疗机构
北京市昌平区崔村社区卫生服务中心,北京市昌平区崔村镇政府街,102212,110114,昌平区,国有全资,非营利性医疗机构
北京市昌平区崔村社区卫生服务中心八家社区卫生服务站,北京市昌平区崔村镇八家村,102212,110114,昌平区,国有全资,非营利性医疗机构
北京市昌平区崔村社区卫生服务中心大辛峰社区卫生服务站,北京市昌平区崔村镇大辛峰村,102212,110114,昌平区,国有全资,非营利性医疗机构
北京市昌平区崔村社区卫生服务中心麻峪社区卫生服务站,北京市昌平区崔村镇麻峪村,102212,110114,昌平区,国有全资,非营利性医疗机构
北京市昌平区崔村社区卫生服务中心南庄营社区卫生服务站,北京市昌平区崔村镇南庄营村,102212,110114,昌平区,国有全资,非营利性医疗机构
北京市昌平区崔村社区卫生服务中心西辛峰社区卫生服务站,北京市昌平区崔村镇西辛峰村,102212,110114,昌平区,国有全资,非营利性医疗机构
北京市昌平区崔村社区卫生服务中心香堂社区卫生服务站,北京市昌平区崔村镇香堂村,102212,110114,昌平区,国有全资,非营利性医疗机构
北京市昌平区东小口社区卫生服务中心,北京市昌平区东小口陈营村北,100192,110114,昌平区,国有全资,非营利性医疗机构
北京市昌平区东小口社区卫生服务中心九台都市社区卫生服务站,北京市昌平区东小口镇九台庄园居委会北侧,100085,110114,昌平区,国有全资,非营利性医疗机构
北京市昌平区东小口社区卫生服务中心流星花园社区卫生服务站,北京市昌平区东小口镇流星花园9号楼,100085,110114,昌平区,国有全资,非营利性医疗机构
北京市昌平区东小口社区卫生服务中心上坡佳园社区卫生服务站,北京市昌平区东小口镇黄平路202号院7号楼底商,102218,110114,昌平区,国有全资,非营利性医疗机构
北京市昌平区东小口社区卫生服务中心天通西苑社区卫生服务站,北京市昌平区东小口镇天通西苑一区42号楼,100085,110114,昌平区,国有全资,非营利性医疗机构
北京市昌平区东小口社区卫生服务中心天通苑北三区社区卫生服务站,北京市昌平区东小口镇北三区6号楼2单元102,100085,110114,昌平区,国有全资,非营利性医疗机构
北京市昌平区东小口社区卫生服务中心天通苑北一区社区卫生服务站,北京市昌平区东小口镇天通苑北一区13号楼,100096,110114,昌平区,国有全资,非营利性医疗机构
北京市昌平区东小口社区卫生服务中心天通苑东二区社区卫生服务站,北京市昌平区东小口镇天通苑东二区19号楼10门,102218,110114,昌平区,国有全资,非营利性医疗机构
北京市昌平区东小口社区卫生服务中心天通苑东三区社区卫生服务站,北京市昌平区东小口镇天通苑东三区36号楼2门,102209,110114,昌平区,国有全资,非营利性医疗机构
北京市昌平区东小口社区卫生服务中心天通苑二区社区卫生服务站,北京市昌平区东小口镇天通苑二区14号楼2门,100085,110114,昌平区,国有全资,非营利性医疗机构
北京市昌平区东小口社区卫生服务中心天通苑三区社区卫生服务站,北京市昌平区东小口镇天通苑三区5号楼,100085,110114,昌平区,国有全资,非营利性医疗机构
北京市昌平区东小口社区卫生服务中心天通苑西二区社区卫生服务站,北京市昌平区东小口镇天通苑西二区12号楼,100085,110114,昌平区,国有全资,非营利性医疗机构
北京市昌平区东小口社区卫生服务中心天通苑西三区社区卫生服务站,北京市昌平区东小口镇天通苑西三区26号楼7门,102218,110114,昌平区,国有全资,非营利性医疗机构
北京市昌平区东小口社区卫生服务中心西一区社区卫生服务站,北京市昌平区天通苑西一区22号楼1门101,102218,110114,昌平区,国有全资,非营利性医疗机构
北京市昌平区东小口社区卫生服务中心溪城家园社区卫生服务站,北京市昌平区东小口镇陈家营西路1号院5号楼,102218,110114,昌平区,国有全资,非营利性医疗机构
北京市昌平区回龙观社区卫生服务中心,北京市昌平区回龙观镇政府东侧、北京市昌平区回龙观小区龙锦二街90号、北京市昌平区回龙观龙跃街10号院3号楼,100096,110114,昌平区,国有全资,非营利性医疗机构
北京市昌平区回龙观社区卫生服务中心北店嘉园社区卫生服务站,北京市昌平区回龙观镇北店嘉园底商1号,100085,110114,昌平区,国有全资,非营利性医疗机构
北京市昌平区回龙观社区卫生服务中心北京人家社区卫生服务站,北京市昌平区回龙观镇北京人家1号楼1门101、102室,100085,110114,昌平区,国有全资,非营利性医疗机构
北京市昌平区回龙观社区卫生服务中心昌艺园社区卫生服务站,北京市昌平区回龙观镇昌艺园小区,100085,110114,昌平区,国有全资,非营利性医疗机构
北京市昌平区回龙观社区卫生服务中心东村家园社区卫生服务站,北京市昌平区回龙观镇东村家园东门,100085,110114,昌平区,国有全资,非营利性医疗机构
北京市昌平区回龙观社区卫生服务中心二拨子社区卫生服务站,北京市昌平区回龙观镇二拨子新村村委会西侧,100085,110114,昌平区,国有全资,非营利性医疗机构
北京市昌平区回龙观社区卫生服务中心风雅园社区卫生服务站,北京市昌平区回龙观镇风雅园一区18号楼,100085,110114,昌平区,国有全资,非营利性医疗机构
北京市昌平区回龙观社区卫生服务中心回龙观村社区卫生服务站,北京市昌平区回龙观镇回龙观村,100085,110114,昌平区,国有全资,非营利性医疗机构
北京市昌平区回龙观社区卫生服务中心龙博苑社区卫生服务站,北京市昌平区回龙观镇龙博苑二区底商5、6号,100085,110114,昌平区,国有全资,非营利性医疗机构
北京市昌平区回龙观社区卫生服务中心龙城花园社区卫生服务站,北京市昌平区回龙观龙城花园小区综合楼1层,100085,110114,昌平区,国有全资,非营利性医疗机构
北京市昌平区回龙观社区卫生服务中心龙华园社区卫生服务站,北京市昌平区回龙观龙华园一区1号楼1单元161室,100096,110114,昌平区,国有全资,非营利性医疗机构
北京市昌平区回龙观社区卫生服务中心龙腾苑社区卫生服务站,北京市昌平区回龙观镇龙腾苑三区2号楼2单元101室,100085,110114,昌平区,国有全资,非营利性医疗机构
北京市昌平区回龙观社区卫生服务中心龙腾苑四区社区卫生服务站,北京市昌平区回龙观镇龙腾苑四区底商4、5号,100085,110114,昌平区,国有全资,非营利性医疗机构
北京市昌平区回龙观社区卫生服务中心龙跃苑社区卫生服务站,北京市昌平区回龙观镇龙跃苑三区底商2号,100085,110114,昌平区,国有全资,非营利性医疗机构
北京市昌平区回龙观社区卫生服务中心南店社区卫生服务站,北京市昌平区回龙观镇南店村委会东侧,100085,110114,昌平区,国有全资,非营利性医疗机构
北京市昌平区回龙观社区卫生服务中心融泽嘉园社区卫生服务站,北京市昌平区回龙观龙域东一路8号院1号楼,102209,110114,昌平区,国有全资,非营利性医疗机构
北京市昌平区回龙观社区卫生服务中心通达园社区卫生服务站,北京市昌平区回龙观镇通达园小区居委会,100085,110114,昌平区,国有全资,非营利性医疗机构
北京市昌平区回龙观社区卫生服务中心云趣园三区社区卫生服务站,北京市昌平区回龙观镇云趣园三区11号楼,100085,110114,昌平区,国有全资,非营利性医疗机构
北京市昌平区回龙观社区卫生服务中心朱辛庄社区卫生服务站,北京市昌平区回龙观镇朱辛庄村,100085,110114,昌平区,国有全资,非营利性医疗机构
北京市昌平区流村社区卫生服务中心,北京市昌平区流村镇北流村,102204,110114,昌平区,国有全资,非营利性医疗机构
北京市昌平区流村社区卫生服务中心北流村社区卫生服务站,北京市昌平区流村镇北流村,102204,110114,昌平区,国有全资,非营利性医疗机构
北京市昌平区流村社区卫生服务中心发电站社区卫生服务站,北京市昌平区流村镇发电站村东台下坎,102204,110114,昌平区,国有全资,非营利性医疗机构
北京市昌平区流村社区卫生服务中心高崖口社区卫生服务站,北京市昌平区流村镇高崖口村,102204,110114,昌平区,国有全资,非营利性医疗机构
北京市昌平区流村社区卫生服务中心黑寨社区卫生服务站,北京市昌平区流村镇黑寨村老村委会院内,102204,110114,昌平区,国有全资,非营利性医疗机构
北京市昌平区流村社区卫生服务中心老峪沟社区卫生服务站,北京市昌平区流村镇老峪沟村,102204,110114,昌平区,国有全资,非营利性医疗机构
北京市昌平区流村社区卫生服务中心马刨泉社区卫生服务站,北京市昌平区流村镇马刨泉村,102204,110114,昌平区,国有全资,非营利性医疗机构
北京市昌平区流村社区卫生服务中心南流村社区卫生服务站,北京市昌平区流村镇南流村,102204,110114,昌平区,国有全资,非营利性医疗机构
北京市昌平区流村社区卫生服务中心菩萨鹿社区卫生服务站,北京市昌平区流村镇菩萨鹿村村委会院内,102204,110114,昌平区,国有全资,非营利性医疗机构
北京市昌平区流村社区卫生服务中心漆园社区卫生服务站,北京市昌平区流村镇漆园村,102204,110114,昌平区,国有全资,非营利性医疗机构
北京市昌平区流村社区卫生服务中心西峰山社区卫生服务站,北京市昌平区流村镇西峰山村,102204,110114,昌平区,国有全资,非营利性医疗机构
北京市昌平区流村社区卫生服务中心新村社区卫生服务站,北京市昌平区流村镇新村,102204,110114,昌平区,国有全资,非营利性医疗机构
北京市昌平区马池口社区卫生服务中心,北京市昌平区马池口镇北小营村,102202,110114,昌平区,国有全资,非营利性医疗机构
北京市昌平区马池口社区卫生服务中心东坨社区卫生服务站,北京市昌平区马池口镇东坨,102202,110114,昌平区,国有全资,非营利性医疗机构
北京市昌平区马池口社区卫生服务中心横桥社区卫生服务站,北京市昌平区马池口镇横桥,102202,110114,昌平区,国有全资,非营利性医疗机构
北京市昌平区马池口社区卫生服务中心马池口社区卫生服务站,北京市昌平区马池口镇马池口村北,102202,110114,昌平区,国有全资,非营利性医疗机构
北京市昌平区马池口社区卫生服务中心南车社区卫生服务站,北京市昌平火车站西念头,102200,110114,昌平区,国有全资,非营利性医疗机构
北京市昌平区马池口社区卫生服务中心上念头社区卫生服务站,北京市昌平区马池口镇上念头村,102202,110114,昌平区,国有全资,非营利性医疗机构
北京市昌平区马池口社区卫生服务中心土楼社区卫生服务站,北京市昌平区马池口镇土楼村,102202,110114,昌平区,国有全资,非营利性医疗机构
北京市昌平区马池口社区卫生服务中心丈头社区卫生服务站,北京市昌平区马池口镇丈头,102200,110114,昌平区,国有全资,非营利性医疗机构
北京市昌平区南口社区卫生服务中心,北京市昌平区南口镇兴隆街3号,102202,110114,昌平区,国有全资,非营利性医疗机构
北京市昌平区南口社区卫生服务中心桃洼社区卫生服务站,北京市昌平区南口镇后桃洼村122号,102202,110114,昌平区,国有全资,非营利性医疗机构
北京市昌平区南口镇第一社区卫生服务站,北京市昌平区南口镇交通街头103号,102202,110114,昌平区,国有全资,非营利性医疗机构
北京市昌平区南口镇花塔社区卫生服务站,北京市昌平区南口镇花塔村,102202,110114,昌平区,国有全资,非营利性医疗机构
北京市昌平区南口镇龙虎台社区卫生服务站,北京市昌平区南口镇龙虎台村,102202,110114,昌平区,国有全资,非营利性医疗机构
北京市昌平区南口镇马庄村社区卫生服务站,北京市昌平区南口马庄村,102202,110114,昌平区,国有全资,非营利性医疗机构
北京市昌平区南口镇南口村社区卫生服务站,北京市昌平区南口镇南口村,102202,110114,昌平区,国有全资,非营利性医疗机构
北京市昌平区南邵社区卫生服务中心,北京市昌平区南邵镇南邵村东,102200,110114,昌平区,国有全资,非营利性医疗机构
北京市昌平区南邵社区卫生服务中心北郡嘉源社区卫生服务站,北京市昌平区南邵镇北郡嘉源居住小区行政楼一层北侧,102200,110114,昌平区,国有全资,非营利性医疗机构
北京市昌平区南邵社区卫生服务中心姜屯社区卫生服务站,北京市昌平区南邵镇姜屯村,102200,110114,昌平区,国有全资,非营利性医疗机构
北京市昌平区南邵社区卫生服务中心营坊社区卫生服务站,北京市昌平区南邵镇营坊,102200,110114,昌平区,国有全资,非营利性医疗机构
北京市昌平区沙河高教园区社区卫生服务中心,北京市昌平区沙河镇高教园北四街5号12号楼,102206,110114,昌平区,国有全资,非营利性医疗机构
北京市昌平区沙河社区卫生服务中心,北京市昌平区沙河镇展思门路5号,102206,110114,昌平区,国有全资,非营利性医疗机构
北京市昌平区沙河社区卫生服务中心白各庄社区卫生服务站,北京市昌平区沙河镇白各庄新村物业楼东楼一层,102206,110114,昌平区,国有全资,非营利性医疗机构
北京市昌平区沙河社区卫生服务中心北街家园社区卫生服务站,北京市昌平区沙河高教园区北街家园六区5号楼105.106.107.108号,102206,110114,昌平区,国有全资,非营利性医疗机构
北京市昌平区沙河社区卫生服务中心踩河社区卫生服务站,北京市昌平区沙河镇踩河村,102206,110114,昌平区,国有全资,非营利性医疗机构
北京市昌平区沙河社区卫生服务中心老牛湾社区卫生服务站,北京市昌平区沙河镇老牛湾村,102206,110114,昌平区,国有全资,非营利性医疗机构
北京市昌平区沙河社区卫生服务中心七里渠社区卫生服务站,北京市昌平区沙河镇七里渠村,102206,110114,昌平区,国有全资,非营利性医疗机构
北京市昌平区沙河社区卫生服务中心沙阳路社区卫生服务站,北京市昌平区沙河沙阳路,102206,110114,昌平区,国有全资,非营利性医疗机构
北京市昌平区沙河社区卫生服务中心松兰堡社区卫生服务站,北京市昌平区沙河镇松兰堡村,102206,110114,昌平区,国有全资,非营利性医疗机构
北京市昌平区沙河社区卫生服务中心五福家园社区卫生服务站,北京市昌平区沙河镇五福家园,102206,110114,昌平区,国有全资,非营利性医疗机构
北京市昌平区沙河社区卫生服务中心兆丰家园社区卫生服务站,北京市昌平区沙河高教园兆丰家园西区12-1,102206,110114,昌平区,国有全资,非营利性医疗机构
北京市昌平区十三陵社区卫生服务中心,北京市昌平区十三陵镇胡庄村,102200,110114,昌平区,国有全资,非营利性医疗机构
北京市昌平区十三陵社区卫生服务中心北新村社区卫生服务站,北京市昌平区十三陵镇北新村,102200,110114,昌平区,国有全资,非营利性医疗机构
北京市昌平区十三陵社区卫生服务中心涧头社区卫生服务站,北京市昌平区十三陵镇涧头村,102200,110114,昌平区,国有全资,非营利性医疗机构
北京市昌平区十三陵社区卫生服务中心南新村社区卫生服务站,北京市昌平区十三陵镇南新村,102200,110114,昌平区,国有全资,非营利性医疗机构
北京市昌平区十三陵社区卫生服务中心泰陵园社区卫生服务站,北京市昌平区十三陵镇泰陵园村,102200,110114,昌平区,国有全资,非营利性医疗机构
北京市昌平区小汤山社区卫生服务中心,北京市昌平区小汤山镇小汤山村村南,102211,110114,昌平区,国有全资,非营利性医疗机构
北京市昌平区小汤山社区卫生服务中心大东流社区卫生服务站,北京市昌平区小汤山镇大东流村,102211,110114,昌平区,国有全资,非营利性医疗机构
北京市昌平区小汤山社区卫生服务中心后吝沟社区卫生服务站,北京市昌平区小汤山镇后吝沟村,102211,110114,昌平区,国有全资,非营利性医疗机构
北京市昌平区小汤山社区卫生服务中心葫芦河社区卫生服务站,北京市昌平区小汤山镇葫芦河村北,102211,110114,昌平区,国有全资,非营利性医疗机构
北京市昌平区小汤山社区卫生服务中心龙脉温泉花园小区社区卫生服务站,北京市昌平区小汤山龙脉花园21号楼6门底商,102211,110114,昌平区,国有全资,非营利性医疗机构
北京市昌平区小汤山社区卫生服务中心尚信社区卫生服务站,北京市昌平区小汤山镇尚信村,102211,110114,昌平区,国有全资,非营利性医疗机构
北京市昌平区小汤山社区卫生服务中心土沟新村家园社区卫生服务站,北京市昌平区小汤山镇土沟村,102211,110114,昌平区,国有全资,非营利性医疗机构
北京市昌平区小汤山社区卫生服务中心西官庄社区卫生服务站,北京市昌平区小汤山镇西官庄村,102211,110114,昌平区,国有全资,非营利性医疗机构
北京市昌平区兴寿社区卫生服务中心,北京市昌平区兴寿镇兴寿村,102212,110114,昌平区,国有全资,非营利性医疗机构
北京市昌平区兴寿社区卫生服务中心百合社区卫生服务站,北京市昌平区兴寿镇百合村,102212,110114,昌平区,国有全资,非营利性医疗机构
北京市昌平区兴寿社区卫生服务中心东营社区卫生服务站,北京市昌平区兴寿镇东营村,102212,110114,昌平区,国有全资,非营利性医疗机构
北京市昌平区兴寿社区卫生服务中心秦城社区卫生服务站,北京市昌平区兴寿镇秦城村,102212,110114,昌平区,国有全资,非营利性医疗机构
北京市昌平区兴寿社区卫生服务中心上西市社区卫生服务站,北京市昌平区兴寿镇上西市村,102212,110114,昌平区,国有全资,非营利性医疗机构
北京市昌平区兴寿社区卫生服务中心上苑社区卫生服务站,北京市昌平区兴寿镇秦家屯村,102212,110114,昌平区,国有全资,非营利性医疗机构
北京市昌平区兴寿社区卫生服务中心香屯社区卫生服务站,北京市昌平区兴寿镇香屯村,102212,110114,昌平区,国有全资,非营利性医疗机构
北京市昌平区延寿社区卫生服务中心,北京市昌平区十三陵镇景陵村,102213,110114,昌平区,国有全资,非营利性医疗机构
北京市昌平区延寿社区卫生服务中心北庄社区卫生服务站,北京市昌平区延寿镇北庄村,102213,110114,昌平区,国有全资,非营利性医疗机构
北京市昌平区延寿社区卫生服务中心慈悲峪社区卫生服务站,北京市昌平区延寿镇慈悲峪村,102213,110114,昌平区,国有全资,非营利性医疗机构
北京市昌平区延寿社区卫生服务中心黑山寨社区卫生服务站,北京市昌平区延寿镇黑山寨村,102213,110114,昌平区,国有全资,非营利性医疗机构
北京市昌平区延寿社区卫生服务中心泰陵社区卫生服务站,北京市昌平区长陵镇泰陵村,102213,110114,昌平区,国有全资,非营利性医疗机构
北京市昌平区延寿社区卫生服务中心下口社区卫生服务站,北京市昌平区十三陵镇下口村,102213,110114,昌平区,国有全资,非营利性医疗机构
北京市昌平区延寿社区卫生服务中心下庄社区卫生服务站,北京市昌平区延寿镇下庄村,102212,110114,昌平区,国有全资,非营利性医疗机构
北京市昌平区延寿社区卫生服务中心昭陵社区卫生服务站,北京市昌平区十三陵镇昭陵村,102213,110114,昌平区,国有全资,非营利性医疗机构
北京市昌平区阳坊社区卫生服务中心,北京市昌平区阳坊镇阳坊村,102205,110114,昌平区,国有全资,非营利性医疗机构
北京市昌平区阳坊社区卫生服务中心东贯市社区卫生服务站,北京市昌平区阳坊镇东贯市村,102205,110114,昌平区,国有全资,非营利性医疗机构
北京市昌平区阳坊社区卫生服务中心西马坊社区卫生服务站,北京市昌平区阳坊镇西马坊村,102205,110114,昌平区,国有全资,非营利性医疗机构
北京市昌平区阳坊社区卫生服务中心辛庄社区卫生服务站,北京市昌平区阳坊镇辛庄村,102205,110114,昌平区,国有全资,非营利性医疗机构
北京市朝阳区安贞街道安华里社区卫生服务站,朝阳区安华里1区7楼南侧平房,100011,110105,朝阳区,国有全资,非营利性医疗机构
北京市朝阳区安贞街道安贞里社区卫生服务站,北京市朝阳区安外安贞里三区14号楼对面平房,100029,110105,朝阳区,国有全资,非营利性医疗机构
北京市朝阳区安贞街道安贞西里社区卫生服务站,朝阳区安贞西里3区2楼12-102,100029,110105,朝阳区,国有全资,非营利性医疗机构
北京市朝阳区安贞社区卫生服务中心,北京市朝阳区安华西里2区11楼,100011,110105,朝阳区,国有全资,非营利性医疗机构
北京市朝阳区奥运村地区北沙滩社区卫生服务站,北京市朝阳区奥运村地区北沙滩6号院底商,100192,110105,朝阳区,国有全资,非营利性医疗机构
北京市朝阳区奥运村地区南沙滩社区卫生服务站,北京市朝阳区奥运村地区南沙滩1号楼东北角平房,100101,110105,朝阳区,国有全资,非营利性医疗机构
北京市朝阳区奥运村街道林萃公寓社区卫生服务站,北京市朝阳区林萃路林萃公寓社区卫生服务站,100083,110105,朝阳区,国有全资,非营利性医疗机构
北京市朝阳区奥运村社区卫生服务中心,朝阳区奥运村天居园10号楼,100192,110105,朝阳区,国有全资,非营利性医疗机构
北京市朝阳区八里庄第二社区卫生服务中心,北京市朝阳区延静里中街3号院内8号楼、朝阳区十里堡东里119楼,100025,110105,朝阳区,国有全资,非营利性医疗机构
北京市朝阳区八里庄街道八里庄东里社区卫生服务站,北京市朝阳区八里庄街道八里庄东里31楼南侧平房,100025,110105,朝阳区,国有全资,非营利性医疗机构
北京市朝阳区八里庄街道八里庄西里社区卫生服务站,朝阳区八里庄西里614楼旁小楼,100025,110105,朝阳区,国有全资,非营利性医疗机构
北京市朝阳区八里庄街道甘露园南里社区卫生服务站,北京市朝阳区甘露园南里18楼后,100025,110105,朝阳区,国有全资,非营利性医疗机构
北京市朝阳区八里庄街道十里堡东里社区卫生服务站,北京市朝阳区十里堡西里东五楼,100025,110105,朝阳区,国有全资,非营利性医疗机构
北京市朝阳区八里庄街道英家坟社区卫生服务站,北京市朝阳区慈云寺2号楼对面,100025,110105,朝阳区,国有全资,非营利性医疗机构
北京市朝阳区八里庄社区卫生服务中心,北京市朝阳区延静西里11楼,100025,110105,朝阳区,国有全资,非营利性医疗机构
北京市朝阳区常营地区北辰福第社区卫生服务站,北京市朝阳区朝阳北路15号楼,100024,110105,朝阳区,集体全资,非营利性医疗机构
北京市朝阳区常营地区连心园社区卫生服务站,北京市朝阳区常新路6号院15号楼东配置房,100024,110105,朝阳区,集体全资,非营利性医疗机构
北京市朝阳区常营地区民族家园社区卫生服务站,常营民族家园小区60号楼底商,100024,110105,朝阳区,集体全资,非营利性医疗机构
北京市朝阳区常营地区荟万鸿社区卫生服务站,北京市朝阳区常营荟康园小区,100024,110105,朝阳区,集体全资,非营利性医疗机构
北京市朝阳区常营社区卫生服务中心,北京市朝阳区常营乡政府西,100024,110105,朝阳区,集体全资,非营利性医疗机构
北京市朝阳区朝外街道芳草地社区卫生服务站,北京市朝阳区东大桥23号楼后平房,100020,110105,朝阳区,国有全资,非营利性医疗机构
北京市朝阳区朝外街道吉祥里社区卫生服务站,朝外吉祥里112楼对面,100020,110105,朝阳区,国有全资,非营利性医疗机构
北京市朝阳区朝外街道天福园社区卫生服务站,北京市朝阳区朝外天福园6号楼东侧,100020,110105,朝阳区,国有全资,非营利性医疗机构
北京市朝阳区朝外街道雅宝里社区卫生服务站,北京市朝阳区朝阳门南大街20号楼首层,100020,110105,朝阳区,国有全资,非营利性医疗机构
北京市朝阳区朝外街道雅宝路社区卫生服务站,北京市朝阳区朝外街道市场街18号楼北侧平房,100020,110105,朝阳区,国有全资,非营利性医疗机构
北京市朝阳区朝外社区卫生服务中心,北京市朝阳区工体南路6号,100020,110105,朝阳区,国有全资,非营利性医疗机构
北京市朝阳区崔各庄地区北皋社区卫生服务站,朝阳区崔各庄地区北皋村,100103,110105,朝阳区,国有全资,非营利性医疗机构
北京市朝阳区崔各庄地区草场地社区卫生服务站,北京市朝阳区崔各庄乡草场地村,100103,110105,朝阳区,国有全资,非营利性医疗机构
北京市朝阳区崔各庄地区东辛店社区卫生服务站,北京市朝阳区崔各庄乡东辛店村,100105,110105,朝阳区,国有全资,非营利性医疗机构
北京市朝阳区崔各庄地区东营社区卫生服务站,朝阳区崔各庄地区东营村,100103,110105,朝阳区,国有全资,非营利性医疗机构
北京市朝阳区崔各庄地区何各庄社区卫生服务站,北京市朝阳区崔各庄乡何各庄村,100103,110105,朝阳区,国有全资,非营利性医疗机构
北京市朝阳区崔各庄地区黑桥社区卫生服务站,北京市朝阳区崔各庄乡黑桥村,100103,110105,朝阳区,国有全资,非营利性医疗机构
北京市朝阳区崔各庄地区马泉营社区卫生服务站,北京市朝阳区崔各庄乡马泉营村,100103,110105,朝阳区,国有全资,非营利性医疗机构
北京市朝阳区崔各庄地区奶东社区卫生服务站,朝阳区崔各庄乡奶东村,100103,110105,朝阳区,国有全资,非营利性医疗机构
北京市朝阳区崔各庄地区奶西社区卫生服务站,北京市朝阳区崔各庄地区奶西社区卫生服务站,100012,110105,朝阳区,国有全资,非营利性医疗机构
北京市朝阳区崔各庄地区南皋社区卫生服务站,朝阳区崔各庄地区南皋村,100103,110105,朝阳区,国有全资,非营利性医疗机构
北京市朝阳区崔各庄第二社区卫生服务中心,北京市朝阳区崔各庄乡京旺家园一区三号楼,100103,110105,朝阳区,国有全资,非营利性医疗机构
北京市朝阳区崔各庄社区卫生服务中心,北京市朝阳区东直门外京顺路北皋北,100103,110105,朝阳区,国有全资,非营利性医疗机构
北京市朝阳区大屯街道慧忠北里社区卫生服务站,北京市朝阳区大屯街道慧忠北里104楼104号,100029,110105,朝阳区,国有全资,非营利性医疗机构
北京市朝阳区大屯街道慧忠里社区卫生服务站,北京市朝阳区慧忠里B区107楼,100101,110105,朝阳区,国有全资,非营利性医疗机构
北京市朝阳区大屯街道嘉铭园社区卫生服务站,北京市朝阳区北苑路86号嘉铭园B区7号楼,100101,110105,朝阳区,国有全资,非营利性医疗机构
北京市朝阳区东坝地区单店社区卫生服务站,北京市朝阳区东坝乡单店,100018,110105,朝阳区,国有全资,非营利性医疗机构
北京市朝阳区东坝地区东坝家园社区卫生服务站,北京市朝阳区东坝乡东坝家园206楼2单元101、102室,100018,110105,朝阳区,国有全资,非营利性医疗机构
北京市朝阳区东坝地区东风社区卫生服务站,北京市朝阳区东风村,100018,110105,朝阳区,国有全资,非营利性医疗机构
北京市朝阳区东坝地区东晓景社区卫生服务站,北京市朝阳区东坝乡东晓景,100018,110105,朝阳区,国有全资,非营利性医疗机构
北京市朝阳区东坝地区高杨树社区卫生服务站,北京市朝阳区东坝地区高杨树社区卫生服务站,100018,110105,朝阳区,国有全资,非营利性医疗机构
北京市朝阳区东坝地区红松园社区卫生服务站,北京市朝阳区东坝乡甲16号南200米,100018,110105,朝阳区,国有全资,非营利性医疗机构
北京市朝阳区东坝地区后街社区卫生服务站,北京市朝阳区东坝乡后街村,100018,110105,朝阳区,国有全资,非营利性医疗机构
北京市朝阳区东坝地区焦庄社区卫生服务站,北京市朝阳区东坝乡焦庄,100018,110105,朝阳区,国有全资,非营利性医疗机构
北京市朝阳区东坝地区驹子房社区卫生服务站,北京市朝阳区东坝乡驹子房,100018,110105,朝阳区,国有全资,非营利性医疗机构
北京市朝阳区东坝地区七棵树社区卫生服务站,北京市朝阳区东坝乡七棵树,100018,110105,朝阳区,国有全资,非营利性医疗机构
北京市朝阳区东坝地区三岔河社区卫生服务站,北京市朝阳区东坝乡三岔河村委会南,100018,110105,朝阳区,国有全资,非营利性医疗机构
北京市朝阳区东坝地区西北门社区卫生服务站,北京市朝阳区东坝乡西北门村,100018,110105,朝阳区,国有全资,非营利性医疗机构
北京市朝阳区东坝第二社区卫生服务中心,北京市朝阳区东坝中路28号院4号楼106.107.108号,100018,110105,朝阳区,国有全资,非营利性医疗机构
北京市朝阳区东坝社区卫生服务中心,朝阳区东坝乡东风大队二条,100018,110105,朝阳区,国有全资,非营利性医疗机构
北京市朝阳区东风街道观湖国际社区卫生服务站,北京市朝阳区东四环北路88号院7楼1单元,100025,110105,朝阳区,国有全资,非营利性医疗机构
北京市朝阳区东风街道将台洼社区卫生服务站,北京市朝阳区将台洼鹿村大队,100025,110105,朝阳区,国有全资,非营利性医疗机构
北京市朝阳区东风街道石佛营东里社区卫生服务站,北京市朝阳区石佛营东里106号,100025,110105,朝阳区,国有全资,非营利性医疗机构
北京市朝阳区东风街道石佛营西里社区卫生服务站,北京市朝阳区石佛营西里29号楼,100025,110105,朝阳区,国有全资,非营利性医疗机构
北京市朝阳区东风社区卫生服务中心,北京市朝阳区南十里居40号；北京市朝阳区石佛营西里29号楼,100016,110105,朝阳区,国有全资,非营利性医疗机构
北京市朝阳区东湖街道南湖东园北社区卫生服务站,北京市朝阳区东湖街道南湖东园北社区111楼前平房,100102,110105,朝阳区,国有全资,非营利性医疗机构
北京市朝阳区东湖社区卫生服务中心,北京市朝阳区望京花园东区204号楼,100102,110105,朝阳区,国有全资,非营利性医疗机构
北京市朝阳区豆各庄地区朝丰家园社区卫生服务站,北京市朝阳区朝丰家园小区（天达路8号院）19号楼,100121,110105,朝阳区,集体全资,非营利性医疗机构
北京市朝阳区豆各庄地区富力又一城社区卫生服务站,北京市朝阳区豆各庄乡黄厂南里3号院5号楼,100121,110105,朝阳区,其它内资,非营利性医疗机构
北京市朝阳区豆各庄地区黄厂社区卫生服务站,北京市朝阳区豆各庄乡黄厂村,100023,110105,朝阳区,国有全资,非营利性医疗机构
北京市朝阳区豆各庄地区绿丰家园社区卫生服务站,北京市朝阳区豆各庄地区绿丰家园社区站,100121,110105,朝阳区,集体全资,非营利性医疗机构
北京市朝阳区豆各庄地区万科青青社区卫生服务站,北京市朝阳区豆各庄地区万科青青家园社区站,100121,110105,朝阳区,集体全资,非营利性医疗机构
北京市朝阳区豆各庄社区卫生服务中心,北京市朝阳区豆各庄乡豆各庄村,100121,110105,朝阳区,集体全资,非营利性医疗机构
北京市朝阳区高碑店地区白家楼社区卫生服务站,朝阳区高碑店乡白家楼村委会楼内,100024,110105,朝阳区,国有全资,非营利性医疗机构
北京市朝阳区高碑店地区北花园社区卫生服务站,北京市朝阳区高碑店乡北花园小区5栋,100024,110105,朝阳区,国有全资,非营利性医疗机构
北京市朝阳区高碑店地区西店社区卫生服务站,朝阳区高碑店乡高西店村126号,100022,110105,朝阳区,国有全资,非营利性医疗机构
北京市朝阳区高碑店地区小郊亭社区卫生服务站,朝阳区高碑店乡小郊亭村,100022,110105,朝阳区,国有全资,非营利性医疗机构
北京市朝阳区高碑店地区兴隆家园社区卫生服务站,朝阳区高碑店乡兴隆家园23号楼,100025,110105,朝阳区,国有全资,非营利性医疗机构
北京市朝阳区高碑店街道甘露园社区卫生服务站,朝阳区康家园小区1号楼旁,100025,110105,朝阳区,国有全资,非营利性医疗机构
北京市朝阳区高碑店街道花园北里社区卫生服务站,朝阳区高碑店地区花北东社区10号楼北侧,100025,110105,朝阳区,国有全资,非营利性医疗机构
北京市朝阳区高碑店街道通惠家园社区卫生服务站,朝阳区通惠家园19号楼1层,100025,110105,朝阳区,国有全资,非营利性医疗机构
北京市朝阳区高碑店社区卫生服务中心,北京市朝阳区高碑店乡高碑店村250号,100022,110105,朝阳区,国有全资,非营利性医疗机构
北京市朝阳区管庄地区管庄西里社区卫生服务站,北京市朝阳区管庄西里63号楼1层,100024,110105,朝阳区,国有全资,非营利性医疗机构
北京市朝阳区管庄地区惠河东里社区卫生服务站,北京市朝阳区管庄地区双桥东路12号院15号楼,100024,110105,朝阳区,集体全资,非营利性医疗机构
北京市朝阳区管庄地区建东苑社区卫生服务站,北京市朝阳区管庄地区建东苑小区35号楼北侧小二层楼,100024,110105,朝阳区,国有全资,非营利性医疗机构
北京市朝阳区管庄地区京通新城社区卫生服务站,北京市朝阳区管庄乡管庄村1号,100024,110105,朝阳区,国有全资,非营利性医疗机构
北京市朝阳区管庄地区咸宁侯社区卫生服务站,北京市朝阳区管庄地区咸宁侯村内,100024,110105,朝阳区,集体全资,非营利性医疗机构
北京市朝阳区管庄第二社区卫生服务中心,北京市朝阳区管庄地区瑞祥里小区15号楼,100024,110105,朝阳区,国有全资,非营利性医疗机构
北京市朝阳区和平街街道和平街十四区社区卫生服务站,朝阳区和平街十四区13楼北侧平房,100013,110105,朝阳区,国有全资,非营利性医疗机构
北京市朝阳区和平街街道建筑科学院社区卫生服务站,北京市朝阳区北三环东路30号,100011,110105,朝阳区,国有全资,非营利性医疗机构
北京市朝阳区和平街街道胜古庄社区卫生服务站,朝阳区和平西街胜古南里16楼西侧平房,100029,110105,朝阳区,国有全资,非营利性医疗机构
北京市朝阳区和平街街道小黄庄社区卫生服务站,朝阳区和平街11区4楼3门101号,100013,110105,朝阳区,国有全资,非营利性医疗机构
北京市朝阳区和平街街道樱花园社区卫生服务站,朝阳区和平街街道樱花园甲12楼1层,100029,110105,朝阳区,国有全资,非营利性医疗机构
北京市朝阳区和平街街道砖角楼社区卫生服务站,朝阳区和平街交林夹道砖角楼北里交通部宿舍院4楼南侧平房,100011,110105,朝阳区,国有全资,非营利性医疗机构
北京市朝阳区和平街社区卫生服务中心,北京市朝阳区和平街13区1号院1号楼四层、五层，2号楼一层东侧，7号楼一至五层,100013,110105,朝阳区,国有全资,非营利性医疗机构
北京市朝阳区黑庄户地区大鲁店社区卫生服务站,北京市朝阳区黑庄户乡大鲁店二队,100121,110105,朝阳区,集体全资,非营利性医疗机构
北京市朝阳区黑庄户地区定辛庄社区卫生服务站,朝阳区黑庄户乡定辛庄东大队,100121,110105,朝阳区,集体全资,非营利性医疗机构
北京市朝阳区黑庄户地区东旭花园社区卫生服务站,北京市朝阳区黑庄户乡么铺村,100121,110105,朝阳区,集体全资,非营利性医疗机构
北京市朝阳区黑庄户地区郎各庄社区卫生服务站,北京市朝阳区黑庄户乡郎各庄村,100121,110105,朝阳区,集体全资,非营利性医疗机构
北京市朝阳区黑庄户地区郎辛庄社区卫生服务站,北京市朝阳区黑庄户乡郎辛庄村,100121,110105,朝阳区,集体全资,非营利性医疗机构
北京市朝阳区黑庄户地区双树社区卫生服务站,北京市朝阳区黑庄户乡双树南村,100121,110105,朝阳区,集体全资,非营利性医疗机构
北京市朝阳区黑庄户地区万子营社区卫生服务站,北京市朝阳区黑庄户乡万子营西队,100121,110105,朝阳区,集体全资,非营利性医疗机构
北京市朝阳区黑庄户地区小鲁店社区卫生服务站,北京市朝阳区黑庄户地区小鲁店村,100121,110105,朝阳区,集体全资,非营利性医疗机构
北京市朝阳区黑庄户地区怡景城社区卫生服务站,北京市朝阳区黑庄户地区怡景城花园,100121,110105,朝阳区,集体全资,非营利性医疗机构
北京市朝阳区黑庄户社区卫生服务中心,北京市朝阳区黑庄户乡乡政府大街,100121,110105,朝阳区,集体全资,非营利性医疗机构
北京市朝阳区呼家楼第二社区卫生服务中心,北京市朝阳区呼家楼南里1号,100026,110105,朝阳区,其它内资,非营利性医疗机构
北京市朝阳区呼家楼街道东大桥社区卫生服务站,北京市朝阳区东大桥路2号楼、4号楼东侧平房,100020,110105,朝阳区,国有全资,非营利性医疗机构
北京市朝阳区呼家楼街道核桃园北里社区卫生服务站,朝阳区呼家楼街道核桃园北里小区乙三号楼,100020,110105,朝阳区,国有全资,非营利性医疗机构
北京市朝阳区呼家楼街道呼家楼西里社区卫生服务站,北京市朝阳区呼家楼街道向军北里12号楼西侧平房,100020,110105,朝阳区,国有全资,非营利性医疗机构
北京市朝阳区呼家楼街道金台北街社区卫生服务站,北京市朝阳区呼家楼街道金台北街3号楼1门101号,100026,110105,朝阳区,国有全资,非营利性医疗机构
北京市朝阳区呼家楼街道向军北里社区卫生服务站,北京市朝阳区呼家楼街道向军北里12号楼西侧平房,100020,110105,朝阳区,国有全资,非营利性医疗机构
北京市朝阳区呼家楼社区卫生服务中心,北京市朝阳区金台路13号内2号西楼5层,100026,110105,朝阳区,国有全资,非营利性医疗机构
北京市朝阳区建外第二社区卫生服务中心,北京市朝阳区景华南街5号01层101内17/18/19/20单元、02层201内18/20单元、金桐西路12号01层101内F1-31单元,100020,110105,朝阳区,其它内资,非营利性医疗机构
北京市朝阳区建外街道光华东里社区卫生服务站,建外光华东里3号楼南侧平房,100022,110105,朝阳区,国有全资,非营利性医疗机构
北京市朝阳区建外街道建国里社区卫生服务站,北京市朝阳区建外街道建国里3号楼院内平房,100022,110105,朝阳区,国有全资,非营利性医疗机构
北京市朝阳区建外街道郎家园社区卫生服务站,北京市朝阳区建外郎家园10号,100022,110105,朝阳区,国有全资,非营利性医疗机构
北京市朝阳区建外街道灵通观社区卫生服务站,北京市朝阳区建外灵通观5号院附属平房,100022,110105,朝阳区,国有全资,非营利性医疗机构
北京市朝阳区建外街道南郎家园社区卫生服务站,北京朝阳区东三环南路2号,100022,110105,朝阳区,国有全资,非营利性医疗机构
北京市朝阳区将台地区东八间房社区卫生服务站,北京市朝阳区将台地区东八间房村,100016,110105,朝阳区,集体全资,非营利性医疗机构
北京市朝阳区将台地区将府家园社区卫生服务站,北京市朝阳区将府家园北里D5楼110室,100016,110105,朝阳区,集体全资,非营利性医疗机构
北京市朝阳区将台地区驼房营社区卫生服务站,朝阳区梵谷水郡社区14号楼,100016,110105,朝阳区,集体全资,非营利性医疗机构
北京市朝阳区将台第二社区卫生服务中心,北京市朝阳区将台东路晨谷苑滨河一号甲1号,100016,110105,朝阳区,其它内资,非营利性医疗机构
北京市朝阳区将台街道芳园里社区卫生服务站,北京市朝阳区将台街道芳园里社区18号楼对面平房,100016,110105,朝阳区,集体全资,非营利性医疗机构
北京市朝阳区将台社区卫生服务中心,北京市朝阳区酒仙桥路49号,100016,110105,朝阳区,集体全资,非营利性医疗机构
北京市朝阳区金盏地区曹各庄社区卫生服务站,北京市朝阳区金盏乡曹各庄村,100018,110105,朝阳区,集体全资,非营利性医疗机构
北京市朝阳区金盏地区东村社区卫生服务站,北京市朝阳区金盏地区东村,100018,110105,朝阳区,集体全资,非营利性医疗机构
北京市朝阳区金盏地区东窑社区卫生服务站,北京市朝阳区金盏乡东窑村,100018,110105,朝阳区,集体全资,非营利性医疗机构
北京市朝阳区金盏地区金盏嘉园社区卫生服务站,北京市朝阳区金盏乡金盏嘉园D区底商,100018,110105,朝阳区,集体全资,非营利性医疗机构
北京市朝阳区金盏地区雷庄社区卫生服务站,北京市朝阳区金盏地区雷庄村,100018,110105,朝阳区,集体全资,非营利性医疗机构
北京市朝阳区金盏地区黎各庄社区卫生服务站,北京市朝阳区金盏乡黎各庄村,100018,110105,朝阳区,集体全资,非营利性医疗机构
北京市朝阳区金盏地区楼梓庄社区卫生服务站,北京市朝阳区金盏乡楼梓庄村,100018,110105,朝阳区,集体全资,非营利性医疗机构
北京市朝阳区金盏地区马坊社区卫生服务站,北京市朝阳区金盏地区马坊村,100018,110105,朝阳区,集体全资,非营利性医疗机构
北京市朝阳区金盏地区马各庄社区卫生服务站,北京市朝阳区金盏乡马格庄村,100018,110105,朝阳区,集体全资,非营利性医疗机构
北京市朝阳区金盏地区皮村社区卫生服务站,北京市朝阳区金盏乡皮村,100018,110105,朝阳区,集体全资,非营利性医疗机构
北京市朝阳区金盏地区沙窝社区卫生服务站,北京市朝阳区金盏乡沙窝村,100018,110105,朝阳区,集体全资,非营利性医疗机构
北京市朝阳区金盏地区西村社区卫生服务站,北京市朝阳区金盏地区西村,100018,110105,朝阳区,集体全资,非营利性医疗机构
北京市朝阳区金盏地区小店社区卫生服务站,北京市朝阳区金盏地区小店村,100018,110105,朝阳区,集体全资,非营利性医疗机构
北京市朝阳区金盏第二社区卫生服务中心,北京市朝阳区金盏大街2号，北京市朝阳区金盏乡楼梓庄中心街104号,100018,110105,朝阳区,集体全资,非营利性医疗机构
北京市朝阳区金盏社区卫生服务中心,北京市朝阳区金盏乡楼梓庄中心街104号,100018,110105,朝阳区,集体全资,非营利性医疗机构
北京市朝阳区劲松街道百环家园社区卫生服务站,北京市朝阳区广渠路66号院12号楼1层102号,100021,110105,朝阳区,国有全资,非营利性医疗机构
北京市朝阳区劲松街道劲松一区社区卫生服务站,劲松二区218楼平方楼,100021,110105,朝阳区,国有全资,非营利性医疗机构
北京市朝阳区劲松街道农光东里社区卫生服务站,劲松农光东里10号楼,100021,110105,朝阳区,国有全资,非营利性医疗机构
北京市朝阳区劲松街道农光里社区卫生服务站,北京市朝阳区农光里15楼后平房,100021,110105,朝阳区,国有全资,非营利性医疗机构
北京市朝阳区劲松街道珠江帝景社区卫生服务站,北京市朝阳区广渠路28号路510号楼,100021,110105,朝阳区,国有全资,非营利性医疗机构
北京市朝阳区劲松社区卫生服务中心,北京市朝阳区劲松五区501楼,100021,110105,朝阳区,国有全资,非营利性医疗机构
北京市朝阳区酒仙桥街道东路社区卫生服务站,北京市朝阳区驼房营南里甲15楼二层,100016,110105,朝阳区,国有全资,非营利性医疗机构
北京市朝阳区酒仙桥街道高家园社区卫生服务站,北京市朝阳区高家园四区甲1号,100015,110105,朝阳区,国有全资,非营利性医疗机构
北京市朝阳区酒仙桥街道南路社区卫生服务站,北京市朝阳区酒仙桥十一街坊21楼后,100016,110105,朝阳区,国有全资,非营利性医疗机构
北京市朝阳区酒仙桥社区卫生服务中心,北京市朝阳区酒仙桥十街坊6号,100016,110105,朝阳区,国有全资,非营利性医疗机构
北京市朝阳区来广营地区立城苑社区卫生服务站,北京市朝阳区来广营乡立水桥甲3号院5号楼,100012,110105,朝阳区,集体全资,非营利性医疗机构
北京市朝阳区来广营地区绿色家园社区卫生服务站,北京市朝阳区来广营地区绿色家园社区卫生服务站,100012,110105,朝阳区,集体全资,非营利性医疗机构
北京市朝阳区来广营地区青年城社区卫生服务站,北京市朝阳区来广营乡红军营东路8号院青年城社区甲2号楼（会所一层）,100012,110105,朝阳区,集体全资,非营利性医疗机构
北京市朝阳区来广营地区绣菊园社区卫生服务站,北京市朝阳区来广营地区绣菊园小区北服务楼,100012,110105,朝阳区,集体全资,非营利性医疗机构
北京市朝阳区来广营地区紫绶园社区卫生服务站,北京市朝阳区来广营乡北苑家园,100012,110105,朝阳区,集体全资,非营利性医疗机构
北京市朝阳区来广营社区卫生服务中心,北京市朝阳区朝来绿色家园赢秋苑小区北综合服务楼,100012,110105,朝阳区,集体全资,非营利性医疗机构
北京市朝阳区六里屯街道八里庄南里社区卫生服务站,北京市朝阳区八里庄南里24号楼北侧平房,100025,110105,朝阳区,其它内资,非营利性医疗机构
北京市朝阳区六里屯街道红领巾公园东社区卫生服务站,北京市朝阳区八里庄北里309号楼北活动站,100025,110105,朝阳区,其它内资,非营利性医疗机构
北京市朝阳区六里屯街道六里屯东里社区卫生服务站,北京市朝阳区朝阳公园南路8号棕榈泉生活广场南侧,100026,110105,朝阳区,其它内资,非营利性医疗机构
北京市朝阳区六里屯街道十里堡北里社区卫生服务站,朝阳区六里屯街道十里堡北里6号楼门前居委会,100025,110105,朝阳区,其它内资,非营利性医疗机构
北京市朝阳区六里屯街道甜水园东里社区卫生服务站,北京市朝阳区甜水园东里19号楼一层南侧,100025,110105,朝阳区,国有全资,非营利性医疗机构
北京市朝阳区六里屯街道甜水园西里社区卫生服务站,北京市朝阳区甜水西园23号楼一层109室,100026,110105,朝阳区,其它内资,非营利性医疗机构
北京市朝阳区六里屯社区卫生服务中心,北京市朝阳区水碓子东路15号,100026,110105,朝阳区,其它内资,非营利性医疗机构
北京市朝阳区麦子店街道农展南里社区卫生服务站,北京市朝阳区麦子店街道农展南里社区居委会旁,100125,110105,朝阳区,国有全资,非营利性医疗机构
北京市朝阳区麦子店街道霞光里社区卫生服务站,北京市朝阳区麦子店街道霞光里30号院内,100027,110105,朝阳区,国有全资,非营利性医疗机构
北京市朝阳区麦子店街道枣营北里社区卫生服务站,北京市朝阳区麦子店街道枣营北里26号楼东侧,100026,110105,朝阳区,国有全资,非营利性医疗机构
北京市朝阳区麦子店社区卫生服务中心,北京市朝阳区朝阳公园甲11号（地下一层、地上一、二层西半部，三、四层）,100026,110105,朝阳区,国有全资,非营利性医疗机构
北京市朝阳区南磨房地区东郊社区卫生服务站,北京市朝阳区西大望路下甸1号楼南,100022,110105,朝阳区,国有全资,非营利性医疗机构
北京市朝阳区南磨房地区欢乐谷社区卫生服务站,北京市朝阳区金蝉南里8号楼105、106室,100022,110105,朝阳区,集体全资,非营利性医疗机构
北京市朝阳区南磨房第二社区卫生服务中心,北京市朝阳双龙南里101楼,100122,110105,朝阳区,其它内资,非营利性医疗机构
北京市朝阳区南磨房街道百子湾社区卫生服务站,北京市朝阳区百子湾路1号百子湾家园107号楼,100022,110105,朝阳区,集体全资,非营利性医疗机构
北京市朝阳区南磨房街道南新园社区卫生服务站,北京市朝阳区南新园小区3号楼南侧院内平房,100022,110105,朝阳区,集体全资,非营利性医疗机构
北京市朝阳区南磨房街道双龙南里社区卫生服务站,北京市朝阳区双龙南里121号,100022,110105,朝阳区,集体全资,非营利性医疗机构
北京市朝阳区南磨房街道紫南家园社区卫生服务站,北京市朝阳区南磨房紫南家园小区207号楼,100022,110105,朝阳区,集体全资,非营利性医疗机构
北京市朝阳区南磨房社区卫生服务中心,北京市朝阳区西大望路29号；北京市朝阳区百子湾东里101号楼,100124,110105,朝阳区,集体全资,非营利性医疗机构
北京市朝阳区潘家园第二社区卫生服务中心,朝阳区松榆里22号,100021,110105,朝阳区,集体全资,非营利性医疗机构
北京市朝阳区潘家园街道华威北里社区卫生服务站,北京市朝阳区华威北里甲44号楼,100021,110105,朝阳区,国有全资,非营利性医疗机构
北京市朝阳区潘家园街道华威西里社区卫生服务站,朝阳区华威西里37号楼,100021,110105,朝阳区,国有全资,非营利性医疗机构
北京市朝阳区潘家园街道松榆东里社区卫生服务站,北京市朝阳区松榆东里31号楼旁,100021,110105,朝阳区,国有全资,非营利性医疗机构
北京市朝阳区潘家园街道松榆西里社区卫生服务站,北京市朝阳区松榆西里38号楼南,100021,110105,朝阳区,集体全资,非营利性医疗机构
北京市朝阳区潘家园街道武圣东里社区卫生服务站,朝阳区潘家园街道武圣东里14号楼1-101,100021,110105,朝阳区,国有全资,非营利性医疗机构
北京市朝阳区潘家园街道武圣西里社区卫生服务站,北京市朝阳区武圣西里20号,100021,110105,朝阳区,国有全资,非营利性医疗机构
北京市朝阳区潘家园磨房南里社区卫生服务站,朝阳区磨房北里230号,100021,110105,朝阳区,国有全资,非营利性医疗机构
北京市朝阳区潘家园社区卫生服务中心,北京市朝阳区潘家园华威里25号,100021,110105,朝阳区,国有全资,非营利性医疗机构
北京市朝阳区平房地区华纺易城社区卫生服务站,北京市朝阳区青年路29号院6号楼,100025,110105,朝阳区,集体全资,非营利性医疗机构
北京市朝阳区平房地区黄渠社区卫生服务站,北京市朝阳区平房乡黄渠村,100024,110105,朝阳区,集体全资,非营利性医疗机构
北京市朝阳区平房地区亮马厂社区卫生服务站,北京市朝阳区平房乡亮马厂中心街,100025,110105,朝阳区,集体全资,非营利性医疗机构
北京市朝阳区平房地区平房社区卫生服务站,北京市朝阳区平房乡平房村,100025,110105,朝阳区,集体全资,非营利性医疗机构
北京市朝阳区平房地区石各庄社区卫生服务站,北京市朝阳区平房乡石各庄村,100024,110105,朝阳区,集体全资,非营利性医疗机构
北京市朝阳区平房地区星河湾社区卫生服务站,北京市朝阳区朝阳北路星河湾小区1号楼,100123,110105,朝阳区,其它内资,非营利性医疗机构
北京市朝阳区平房地区雅成一里社区卫生服务站,北京市朝阳区平房地区雅成一里12号楼北侧平房,100025,110105,朝阳区,集体全资,非营利性医疗机构
北京市朝阳区平房社区卫生服务中心,北京市朝阳区姚家园西里1号院1号楼,100025,110105,朝阳区,集体全资,非营利性医疗机构
北京市朝阳区三间房地区定北里社区卫生服务站,北京市朝阳区定福庄北街金星小区8号楼东侧,100121,110105,朝阳区,集体全资,非营利性医疗机构
北京市朝阳区三间房地区定福庄南里社区卫生服务站,北京市朝阳区定福庄北里1号5处综合楼东侧,100121,110105,朝阳区,国有全资,非营利性医疗机构
北京市朝阳区三间房地区定福庄西街社区卫生服务站,朝阳区定福庄西街7号楼1－101,100024,110105,朝阳区,国有全资,非营利性医疗机构
北京市朝阳区三间房地区定福庄西里社区卫生服务站,北京市朝阳区大黄庄1号绿岛苑,100121,110105,朝阳区,国有全资,非营利性医疗机构
北京市朝阳区三间房地区恭和家园社区卫生服务站,北京市朝阳区双桥西巷6号5单元1层,100024,110105,朝阳区,其它内资,非营利性医疗机构
北京市朝阳区三间房地区三间房南里社区卫生服务站,北京市朝阳区三间房南里4号,100121,110105,朝阳区,国有全资,非营利性医疗机构
北京市朝阳区三间房地区双柳巷社区卫生服务站,北京市朝阳区双桥路双惠苑甲3号6门,100121,110105,朝阳区,国有全资,非营利性医疗机构
北京市朝阳区三间房地区天泰苑社区卫生服务站,北京市朝阳区三间房地区福怡苑7号楼一层,100121,110105,朝阳区,集体全资,非营利性医疗机构
北京市朝阳区三间房地区艺水芳园社区卫生服务站,北京市朝阳区北花园街8号院西侧小二楼,100121,110105,朝阳区,集体全资,非营利性医疗机构
北京市朝阳区三间房第二社区卫生服务中心,朝阳区三间房乡西村甲479号,100024,110105,朝阳区,国有全资,非营利性医疗机构
北京市朝阳区三间房社区卫生服务中心,北京市朝阳区双桥中路火车站南,100121,110105,朝阳区,集体全资,非营利性医疗机构
北京市朝阳区三里屯第二社区卫生服务中心,北京市朝阳区亮马河南路16号1幢、2幢（2、3、4层）,100600,110105,朝阳区,其它内资,非营利性医疗机构
北京市朝阳区三里屯街道幸福二村社区卫生服务站,北京市朝阳区三里屯街道幸福二村小花园内,100027,110105,朝阳区,国有全资,非营利性医疗机构
北京市朝阳区三里屯街道中纺里社区卫生服务站,北京市朝阳区三里屯南路4号楼1层,100020,110105,朝阳区,国有全资,非营利性医疗机构
北京市朝阳区三里屯社区卫生服务中心,北京市朝阳区北三里屯南45号,100027,110105,朝阳区,国有全资,非营利性医疗机构
北京市朝阳区十八里店地区横街子社区卫生服务站,北京市朝阳区十八里店乡横街子村,100023,110105,朝阳区,集体全资,非营利性医疗机构
北京市朝阳区十八里店地区老君堂社区卫生服务站,北京市朝阳区十八里店乡老君堂村,100023,110105,朝阳区,集体全资,非营利性医疗机构
北京市朝阳区十八里店地区吕家营社区卫生服务站,北京市朝阳区十八里店乡吕家营村,100122,110105,朝阳区,国有全资,非营利性医疗机构
北京市朝阳区十八里店地区十八里店社区卫生服务站,北京市朝阳区十八里店乡十八里店村,100023,110105,朝阳区,集体全资,非营利性医疗机构
北京市朝阳区十八里店地区十里河社区卫生服务站,北京市朝阳区十八里店乡十里河村甲8号,100122,110105,朝阳区,集体全资,非营利性医疗机构
北京市朝阳区十八里店地区西直河社区卫生服务站,北京市朝阳区十八里店乡西直河村,100023,110105,朝阳区,集体全资,非营利性医疗机构
北京市朝阳区十八里店地区小武基社区卫生服务站,北京市朝阳区十八里店乡小武基村,100023,110105,朝阳区,集体全资,非营利性医疗机构
北京市朝阳区十八里店地区周家庄社区卫生服务站,北京市朝阳区十八里店乡周家庄村,100122,110105,朝阳区,集体全资,非营利性医疗机构
北京市朝阳区十八里店社区卫生服务中心,北京市朝阳区十八里店乡周庄六队,100122,110105,朝阳区,国有全资,非营利性医疗机构
北京市朝阳区首都机场街道南平街社区卫生服务站,北京市朝阳区首都机场街道南平街社区卫生服务站,100621,110105,朝阳区,国有全资,非营利性医疗机构
北京市朝阳区首都医科大学附属北京安贞医院大屯社区卫生服务中心,北京市朝阳区安慧北里逸园甲10号,100101,110105,朝阳区,国有全资,非营利性医疗机构
北京市朝阳区双井第二社区卫生服务中心,北京市朝阳区百子湾南二路94号,100022,110105,朝阳区,其它内资,非营利性医疗机构
北京市朝阳区双井街道垂杨柳中区社区卫生服务站,垂杨柳中里4号楼一层,100022,110105,朝阳区,国有全资,非营利性医疗机构
北京市朝阳区双井街道大望社区卫生服务站,北京市朝阳区百子园19号楼,100022,110105,朝阳区,国有全资,非营利性医疗机构
北京市朝阳区双井街道二福社区卫生服务站,北京市朝阳区茂兴西路7号,100022,110105,朝阳区,其它内资,非营利性医疗机构
北京市朝阳区双井街道富力社区卫生服务站,北京市朝阳区广渠门外富力D区18楼北侧社区综合办公楼一层,100022,110105,朝阳区,国有全资,非营利性医疗机构
北京市朝阳区双井街道广泉社区卫生服务站,北京市朝阳区广渠门外大街甲28号院物业综合办公楼一层,100022,110105,朝阳区,国有全资,非营利性医疗机构
北京市朝阳区双井街道九龙南社区卫生服务站,北京市朝阳区广渠路31号,100022,110105,朝阳区,国有全资,非营利性医疗机构
北京市朝阳区双井社区卫生服务中心,北京市朝阳区广渠门外大街31号,100022,110105,朝阳区,国有全资,非营利性医疗机构
北京市朝阳区孙河地区黄港社区卫生服务站,北京市朝阳区来广营北路,100103,110105,朝阳区,集体全资,非营利性医疗机构
北京市朝阳区孙河地区康营社区卫生服务站,北京市朝阳区孙河地区康营社区卫生服务站,100103,110105,朝阳区,集体全资,非营利性医疗机构
北京市朝阳区孙河地区雷桥社区卫生服务站,北京市朝阳区孙河地区雷桥村,100103,110105,朝阳区,集体全资,非营利性医疗机构
北京市朝阳区孙河地区沙子营社区卫生服务站,北京市朝阳区孙河地区沙子营社区卫生服务站,100103,110105,朝阳区,集体全资,非营利性医疗机构
北京市朝阳区孙河地区苇沟社区卫生服务站,北京市朝阳区孙河地区苇沟村,100103,110105,朝阳区,集体全资,非营利性医疗机构
北京市朝阳区孙河地区辛堡社区卫生服务站,北京市朝阳区孙河地区辛堡社区卫生服务站,100103,110105,朝阳区,集体全资,非营利性医疗机构
北京市朝阳区孙河社区卫生服务中心,北京市朝阳区孙河乡西甸村,100103,110105,朝阳区,集体全资,非营利性医疗机构
北京市朝阳区太阳宫地区牛王庙社区卫生服务站,北京市朝阳区太阳宫地区牛王庙村社区卫生服务站,100016,110105,朝阳区,集体全资,非营利性医疗机构
北京市朝阳区太阳宫地区芍药居北里社区卫生服务站,北京市朝阳区太阳宫地区芍药居北里203号楼,100029,110105,朝阳区,集体全资,非营利性医疗机构
北京市朝阳区太阳宫地区十字口社区卫生服务站,北京市朝阳区太阳宫地区十字口村社区卫生服务站,100028,110105,朝阳区,集体全资,非营利性医疗机构
北京市朝阳区太阳宫地区西坝河北里社区卫生服务站,北京市朝阳区太阳宫地区夏家园4号楼104,100029,110105,朝阳区,集体全资,非营利性医疗机构
北京市朝阳区太阳宫地区夏家园社区卫生服务站,北京市朝阳区太阳宫夏家园4-104号,100029,110105,朝阳区,集体全资,非营利性医疗机构
北京市朝阳区太阳宫街道芍药居南社区卫生服务站,芍药居5号院9号楼1-1-1,100029,110105,朝阳区,国有全资,非营利性医疗机构
北京市朝阳区太阳宫社区卫生服务中心,北京市朝阳区七圣庙中街6号院,100028,110105,朝阳区,集体全资,非营利性医疗机构
北京市朝阳区团结湖街道水碓子东路社区卫生服务站,北京市朝阳区团结湖水碓子东路甲22号,100026,110105,朝阳区,国有全资,非营利性医疗机构
北京市朝阳区团结湖社区卫生服务中心,北京市朝阳区团结湖北三条7号楼,100026,110105,朝阳区,国有全资,非营利性医疗机构
北京市朝阳区王四营地区道口社区卫生服务站,北京市朝阳区王四营乡道口村,100023,110105,朝阳区,集体全资,非营利性医疗机构
北京市朝阳区王四营地区官庄社区卫生服务站,北京市朝阳区王四营乡官庄村,100023,110105,朝阳区,集体全资,非营利性医疗机构
北京市朝阳区王四营地区观音堂社区卫生服务站,北京市朝阳区王四营乡观音堂村观音景园,100023,110105,朝阳区,集体全资,非营利性医疗机构
北京市朝阳区王四营地区南花园社区卫生服务站,北京市朝阳区王四营乡南花园村,100023,110105,朝阳区,集体全资,非营利性医疗机构
北京市朝阳区王四营地区孛罗营社区卫生服务站,北京市朝阳区王四营地区孛罗营村,100023,110105,朝阳区,集体全资,非营利性医疗机构
北京市朝阳区王四营社区卫生服务中心,北京市朝阳区王四营乡王四营村,100023,110105,朝阳区,集体全资,非营利性医疗机构
北京市朝阳区望京街道花家地社区卫生服务站,北京市朝阳区望京街道花家地小区3号楼附属楼,100102,110105,朝阳区,国有全资,非营利性医疗机构
北京市朝阳区望京街道花家地西里社区卫生服务站,朝阳区望京街道花家地西里208楼1层,100102,110105,朝阳区,国有全资,非营利性医疗机构
北京市朝阳区望京街道季景社区卫生服务站,北京市朝阳区望京街道季景沁园12号商铺D（二层）,100102,110105,朝阳区,国有全资,非营利性医疗机构
北京市朝阳区望京街道南湖东园社区卫生服务站,北京市朝阳区南湖中园238楼(北侧一层),100102,110105,朝阳区,国有全资,非营利性医疗机构
北京市朝阳区望京街道南湖渠西里社区卫生服务站,北京市朝阳区望京街道南湖渠西里小区5号楼南配套平房,100102,110105,朝阳区,国有全资,非营利性医疗机构
北京市朝阳区望京街道南湖中园社区卫生服务站,北京市朝阳区望京街道南湖中园二区203综合楼,100102,110105,朝阳区,国有全资,非营利性医疗机构
北京市朝阳区望京街道望京西园三区社区卫生服务站,北京市朝阳区望京街道望京西园三区306车库楼东侧地上一层,100102,110105,朝阳区,国有全资,非营利性医疗机构
北京市朝阳区望京街道望京西园四区社区卫生服务站,朝阳区望京西园四区425楼,100102,110105,朝阳区,国有全资,非营利性医疗机构
北京市朝阳区望京社区卫生服务中心,北京市朝阳区望花路西里14号,100102,110105,朝阳区,国有全资,非营利性医疗机构
北京市朝阳区香河园街道柳芳南里社区卫生服务站,北京市朝阳区香河园街道西坝河南里7号楼对面平房,100028,110105,朝阳区,集体全资,非营利性医疗机构
北京市朝阳区香河园街道西坝河东里社区卫生服务站,北京市朝阳区西坝河东里51号楼4单元101室,100028,110105,朝阳区,集体全资,非营利性医疗机构
北京市朝阳区香河园街道西坝河中里社区卫生服务站,北京市朝阳区香河园街道西坝河中里2号楼,100028,110105,朝阳区,集体全资,非营利性医疗机构
北京市朝阳区香河园社区卫生服务中心,北京市朝阳区柳芳南里15号楼,100028,110105,朝阳区,国有全资,非营利性医疗机构
北京市朝阳区小关街道惠新北里社区卫生服务站,北京市朝阳区小关街道惠新北里8号楼107号,100029,110105,朝阳区,国有全资,非营利性医疗机构
北京市朝阳区小关街道惠新苑社区卫生服务站,北京市朝阳区小关街道惠新西街9号院1号楼,100029,110105,朝阳区,国有全资,非营利性医疗机构
北京市朝阳区小红门地区龙爪树社区卫生服务站,北京市朝阳区小红门乡龙爪树村,100104,110105,朝阳区,国有全资,非营利性医疗机构
北京市朝阳区小红门地区牌坊社区卫生服务站,北京市朝阳区小红门乡牌坊村,100176,110105,朝阳区,国有全资,非营利性医疗机构
北京市朝阳区小红门地区小红门社区卫生服务站,北京市朝阳区小红门乡小红门中街1号,100176,110105,朝阳区,国有全资,非营利性医疗机构
北京市朝阳区小红门地区肖村社区卫生服务站,北京市朝阳区小红门乡肖村,100164,110105,朝阳区,国有全资,非营利性医疗机构
北京市朝阳区小红门社区卫生服务中心,北京市朝阳区鸿博家园五区临2号,100176,110105,朝阳区,国有全资,非营利性医疗机构
北京市朝阳区亚运村街道安翔里社区卫生服务站,北京市朝阳区安翔里一号,100101,110105,朝阳区,国有全资,非营利性医疗机构
北京市朝阳区亚运村街道安苑北里社区卫生服务站,北京市朝阳区亚运村安苑北里11号楼106号和107号,100029,110105,朝阳区,国有全资,非营利性医疗机构
北京市朝阳区亚运村街道北辰社区卫生服务站,北京市朝阳区安慧里一区3号楼1层,100101,110105,朝阳区,国有全资,非营利性医疗机构
北京市朝阳区亚运村街道华严北里社区卫生服务站,朝阳区亚运村街道华严北里69号楼,100029,110105,朝阳区,国有全资,非营利性医疗机构
北京市朝阳区亚运村街道祁家豁子社区卫生服务站,北京市朝阳区华严里17、18号楼门面房屋,100101,110105,朝阳区,国有全资,非营利性医疗机构
北京市朝阳区亚运村社区卫生服务中心,北京市朝阳区安慧里一区17号楼,100101,110105,朝阳区,国有全资,非营利性医疗机构
北京市朝阳区左家庄街道静安东里社区卫生服务站,北京市朝阳区香河园中里14号楼前平房,100028,110105,朝阳区,国有全资,非营利性医疗机构
北京市朝阳区左家庄街道曙光西里社区卫生服务站,北京市朝阳区左曙光西4号楼前平房,100028,110105,朝阳区,国有全资,非营利性医疗机构
北京市朝阳区左家庄街道新源里西社区卫生服务站,北京市朝阳区新源里西5号楼前平房,100027,110105,朝阳区,国有全资,非营利性医疗机构
北京市朝阳区左家庄街道新源西里社区卫生服务站,北京市朝阳区新源西里中街甲5号,100027,110105,朝阳区,国有全资,非营利性医疗机构
北京市朝阳区左家庄社区卫生服务中心,北京市朝阳区顺源街01楼,100027,110105,朝阳区,国有全资,非营利性医疗机构
北京市朝阳区垡头街道双合家园社区卫生服务站,北京市朝阳区双合家园小区双合中路5号楼,100023,110105,朝阳区,国有全资,非营利性医疗机构
北京市朝阳区垡头街道垡头西里社区卫生服务站,北京市朝阳区垡头西里21号楼后院,100023,110105,朝阳区,国有全资,非营利性医疗机构
北京市朝阳区垡头社区卫生服务中心,北京市朝阳区垡头金蝉北里19号,100023,110105,朝阳区,国有全资,非营利性医疗机构
北京市大兴区安定镇后安定社区卫生服务站,大兴区安定镇后安定村,102607,110115,大兴区,国有全资,非营利性医疗机构
北京市大兴区安定镇后野场社区卫生服务站,北京市大兴区安定镇后野厂村东路三条80号,102600,110115,大兴区,私有,非营利性医疗机构
北京市大兴区安定镇马各庄社区卫生服务站,北京市大兴区安定镇马各庄村,102607,110115,大兴区,国有全资,非营利性医疗机构
北京市大兴区安定镇通马房社区卫生服务站,北京市大兴区安定镇通马房村,102600,110115,大兴区,国有全资,非营利性医疗机构
北京市大兴区安定镇西白塔社区卫生服务站,北京市大兴区安定镇西白塔村,102607,110115,大兴区,国有全资,非营利性医疗机构
北京市大兴区安定镇西芦各庄社区卫生服务站,北京市大兴区安定镇西芦各庄村,102607,110115,大兴区,国有全资,非营利性医疗机构
北京市大兴区安定镇中心卫生院,大兴区安定镇善台子村,102607,110115,大兴区,国有全资,非营利性医疗机构
北京市大兴区北臧村镇大臧村社区卫生服务站,大兴区北臧村镇大臧村,102609,110115,大兴区,集体全资,非营利性医疗机构
北京市大兴区北臧村镇皮各庄社区卫生服务站,北京市大兴区北臧村镇皮各庄村,102609,110115,大兴区,集体全资,非营利性医疗机构
北京市大兴区北臧村镇桑马房社区卫生服务站,北京市大兴区北臧村镇桑马房村,102609,110115,大兴区,集体全资,非营利性医疗机构
北京市大兴区北臧村镇新立村社区卫生服务站,北京市大兴区北臧村镇新立村,102609,110115,大兴区,集体全资,非营利性医疗机构
北京市大兴区北臧村镇赵场社区卫生服务站,北京市大兴区北臧村镇赵场,102609,110115,大兴区,集体全资,非营利性医疗机构
北京市大兴区北臧村镇中心卫生院,北京市大兴区北臧村镇罗奇营路29号,102609,110115,大兴区,集体全资,非营利性医疗机构
北京市大兴区采育镇半壁店社区卫生服务站,北京市大兴区采育镇半壁店村,102608,110115,大兴区,国有全资,非营利性医疗机构
北京市大兴区采育镇北辛店社区卫生服务站,大兴区采育镇北辛店村,102606,110115,大兴区,国有全资,非营利性医疗机构
北京市大兴区采育镇大同营社区卫生服务站,北京市大兴区采育镇大皮营，大同营村,102616,110115,大兴区,国有全资,非营利性医疗机构
北京市大兴区采育镇后甫社区卫生服务站,大兴区采育镇后甫村,102606,110115,大兴区,国有全资,非营利性医疗机构
北京市大兴区采育镇康营社区卫生服务站,北京市大兴区采育镇康营村,102608,110115,大兴区,集体全资,非营利性医疗机构
北京市大兴区采育镇利市营社区卫生服务站,北京市大兴区采育镇大皮营，利市营村,102616,110115,大兴区,集体全资,非营利性医疗机构
北京市大兴区采育镇沙窝店社区卫生服务站,北京市大兴区采育镇沙窝店村,102608,110115,大兴区,集体全资,非营利性医疗机构
北京市大兴区采育镇西庄社区卫生服务站,大兴区采育镇西庄村,102606,110115,大兴区,国有全资,非营利性医疗机构
北京市大兴区采育镇育新花园北里社区卫生服务站,北京市大兴区采育镇育林街1号院12号楼,102606,110115,大兴区,国有全资,非营利性医疗机构
北京市大兴区采育镇岳街社区卫生服务站,大兴区采育镇岳街村,102606,110115,大兴区,国有全资,非营利性医疗机构
北京市大兴区采育镇张各庄社区卫生服务站,北京市大兴区采育镇张各庄村,102608,110115,大兴区,国有全资,非营利性医疗机构
北京市大兴区采育镇中心卫生院,北京市大兴区采育镇东二营村、北京市大兴区采育镇凤河营庙洼营村,102606,110115,大兴区,国有全资,非营利性医疗机构
北京市大兴区长子营镇安场社区卫生服务站,北京市大兴区长子营镇安场村,102606,110115,大兴区,集体全资,非营利性医疗机构
北京市大兴区长子营镇北蒲洲社区卫生服务站,北京市大兴区长子营镇北蒲洲村,102606,110115,大兴区,集体全资,非营利性医疗机构
北京市大兴区长子营镇罗庄社区卫生服务站,北京市大兴区长子营镇罗庄村,102606,110115,大兴区,集体全资,非营利性医疗机构
北京市大兴区长子营镇牛坊社区卫生服务站,北京市大兴区长子营镇牛坊村,102606,110115,大兴区,集体全资,非营利性医疗机构
北京市大兴区长子营镇沁水营社区卫生服务站,北京市大兴区长子营镇沁水营村,102606,110115,大兴区,集体全资,非营利性医疗机构
北京市大兴区长子营镇郑二营社区卫生服务站,北京市大兴区长子营镇郑二营村,102606,110115,大兴区,集体全资,非营利性医疗机构
北京市大兴区长子营镇中心卫生院,北京市大兴区长子营镇长子营村,102615,110115,大兴区,集体全资,非营利性医疗机构
北京市大兴区长子营镇周营社区卫生服务站,北京市大兴区长子营镇周营村,102606,110115,大兴区,集体全资,非营利性医疗机构
北京市大兴区城镇保利茉莉社区卫生服务站,北京市大兴区保利茉莉公馆社区24号楼一层,102600,110115,大兴区,国有全资,非营利性医疗机构
北京市大兴区城镇车站北里社区卫生服务站,大兴区车站北里43号楼北侧,102600,110115,大兴区,国有全资,非营利性医疗机构
北京市大兴区城镇车站中里社区卫生服务站,北京市大兴区车站中里8号楼西侧,102600,110115,大兴区,国有全资,非营利性医疗机构
北京市大兴区城镇车站中里西区社区卫生服务站,大兴区黄村镇车站路北巷九号,102600,110115,大兴区,私有,非营利性医疗机构
北京市大兴区城镇福苑社区卫生服务站,北京市大兴区工业开发区金苑路8号,102600,110115,大兴区,国有全资,非营利性医疗机构
北京市大兴区城镇富强西里社区卫生服务站,大兴区富强西里停车站新建房,102600,110115,大兴区,国有全资,非营利性医疗机构
北京市大兴区城镇观音寺社区卫生服务站,大兴区观音寺小区,102600,110115,大兴区,国有全资,非营利性医疗机构
北京市大兴区城镇海子角社区卫生服务站,北京市大兴区海子角西里物资局小区北侧,102600,110115,大兴区,国有全资,非营利性医疗机构
北京市大兴区城镇宏盛社区卫生服务站,大兴区西红门镇宏盛家园,102600,110115,大兴区,国有全资,非营利性医疗机构
北京市大兴区城镇黄村西里社区卫生服务站,北京市大兴区黄村西里60号楼北侧,102600,110115,大兴区,国有全资,非营利性医疗机构
北京市大兴区城镇林校北里社区卫生服务站,北京市大兴区兴丰南大街林校北里,102618,110115,大兴区,国有全资,非营利性医疗机构
北京市大兴区城镇马赛公馆社区卫生服务站,北京市大兴区东亚康和名居小区北门（清源西路马赛公馆2号楼底商）,102600,110115,大兴区,国有全资,非营利性医疗机构
北京市大兴区城镇同兴园社区卫生服务站,北京市大兴区西红门镇同兴园,100076,110115,大兴区,国有全资,非营利性医疗机构
北京市大兴区城镇兴城嘉园社区卫生服务站,北京市大兴区兴丰北大街2段60号,102600,110115,大兴区,国有全资,非营利性医疗机构
北京市大兴区城镇兴涛社区卫生服务站,大兴区兴华北路十段兴涛社区53号楼,102600,110115,大兴区,私有,非营利性医疗机构
北京市大兴区城镇兴政东里社区卫生服务站,北京市大兴区兴政东里11号楼西侧,102600,110115,大兴区,国有全资,非营利性医疗机构
北京市大兴区城镇兴政西里社区卫生服务站,北京市大兴区兴政西里团结巷路,102600,110115,大兴区,国有全资,非营利性医疗机构
北京市大兴区城镇枣园社区卫生服务站,北京市大兴区黄村丽源路,102618,110115,大兴区,国有全资,非营利性医疗机构
北京市大兴区德茂社区卫生服务站,大兴区旧宫镇德茂小区,100076,110115,大兴区,国有全资,非营利性医疗机构
北京市大兴区红星楼社区卫生服务站,大兴区旧宫镇红星楼小区,100076,110115,大兴区,国有全资,非营利性医疗机构
北京市大兴区黄村镇海子角东里社区卫生服务站,北京市大兴区黄村镇海子角绿色庄园小区内,102600,110115,大兴区,集体全资,非营利性医疗机构
北京市大兴区黄村镇后辛庄社区卫生服务站,北京市大兴区黄村镇后辛庄村,102613,110115,大兴区,集体全资,非营利性医疗机构
北京市大兴区黄村镇康盛园社区卫生服务站,北京市大兴区黄村镇兴康路187号,102600,110115,大兴区,集体全资,非营利性医疗机构
北京市大兴区黄村镇狼各庄社区卫生服务站,大兴区黄村镇狼各庄,102600,110115,大兴区,国有全资,非营利性医疗机构
北京市大兴区黄村镇狼垡一村社区卫生服务站,北京市大兴区黄村镇狼垡一村,102613,110115,大兴区,集体全资,非营利性医疗机构
北京市大兴区黄村镇立垡社区卫生服务站,北京市大兴区黄村镇立垡村,102612,110115,大兴区,国有全资,非营利性医疗机构
北京市大兴区黄村镇刘村社区卫生服务站,北京市大兴区黄村镇刘村,102600,110115,大兴区,国有全资,非营利性医疗机构
北京市大兴区黄村镇三间房社区卫生服务站,北京市大兴区黄村镇三间房村,102600,110115,大兴区,国有全资,非营利性医疗机构
北京市大兴区黄村镇社区卫生服务中心（北京市大兴区黄村医院),北京市大兴区黄村镇狼垡二村、北京市大兴区黄村镇芦城西大街53号,102600,110115,大兴区,国有全资,非营利性医疗机构
北京市大兴区黄村镇孙村卫生院,大兴区黄村镇孙村组团横三路西侧,102600,110115,大兴区,国有全资,非营利性医疗机构
北京市大兴区黄村镇王立庄社区卫生服务站,北京市大兴区黄村镇王立庄村,102600,110115,大兴区,国有全资,非营利性医疗机构
北京市大兴区黄村镇辛店社区卫生服务站,北京市大兴区黄村镇辛店村,102600,110115,大兴区,国有全资,非营利性医疗机构
北京市大兴区黄村镇枣园尚城社区卫生服务站,北京市大兴区黄村镇枣园尚城北区2号楼,102600,110115,大兴区,国有全资,非营利性医疗机构
北京市大兴区旧宫新苑社区卫生服务中心,北京市大兴区旧宫镇旧桥路12号院21号楼，北京市大兴区旧宫镇旧忠路9号,100076,110115,大兴区,私有,非营利性医疗机构
北京市大兴区旧宫镇灵秀山庄社区卫生服务站,北京市大兴区旧宫镇灵秀山庄,100076,110115,大兴区,国有全资,非营利性医疗机构
北京市大兴区旧宫镇南街社区卫生服务站,大兴区旧宫镇南街一村,100076,110115,大兴区,国有全资,非营利性医疗机构
北京市大兴区旧宫镇社区卫生服务中心（北京市大兴区旧宫医院）,北京市大兴区旧宫镇庑殿路32号,100076,110115,大兴区,国有全资,非营利性医疗机构
北京市大兴区旧宫镇宣颐社区卫生服务站,北京市大兴区旧宫镇宣颐家园,100076,110115,大兴区,国有全资,非营利性医疗机构
北京市大兴区旧宫镇云龙家园社区卫生服务站,大兴区旧宫镇云龙家园15号会所1楼,100076,110115,大兴区,国有全资,非营利性医疗机构
北京市大兴区礼贤镇佃子社区卫生服务站,大兴区礼贤镇佃子村,102604,110115,大兴区,国有全资,非营利性医疗机构
北京市大兴区礼贤镇东段社区卫生服务站,大兴区礼贤镇东段村,102604,110115,大兴区,集体全资,非营利性医疗机构
北京市大兴区礼贤镇东黄垡社区卫生服务站,大兴区礼贤镇东黄垡付,102602,110115,大兴区,集体全资,非营利性医疗机构
北京市大兴区礼贤镇贺北社区卫生服务站,大兴区礼贤贺北村,102602,110115,大兴区,国有全资,非营利性医疗机构
北京市大兴区礼贤镇荆家务社区卫生服务站,大兴区礼贤镇荆家务村,102604,110115,大兴区,集体全资,非营利性医疗机构
北京市大兴区礼贤镇黎明社区卫生服务站,大兴区礼贤镇黎明村,102602,110115,大兴区,国有全资,非营利性医疗机构
北京市大兴区礼贤镇刘各庄社区卫生服务站,大兴区礼贤镇刘各庄村,102604,110115,大兴区,集体全资,非营利性医疗机构
北京市大兴区礼贤镇中心卫生院,大兴区礼贤镇西、大兴区礼贤镇大辛庄村,102604,110115,大兴区,集体全资,非营利性医疗机构
北京市大兴区林校路街道社区卫生服务中心,大兴区黄村西大街26号,102600,110115,大兴区,国有全资,非营利性医疗机构
北京市大兴区庞各庄镇北顿垡社区卫生服务站,庞各庄镇北顿垡大队,102601,110115,大兴区,国有全资,非营利性医疗机构
北京市大兴区庞各庄镇北里渠村社区卫生服务站,大兴区庞各庄镇北里渠村,102601,110115,大兴区,国有全资,非营利性医疗机构
北京市大兴区庞各庄镇北章客社区卫生服务站,北京市大兴区庞各庄镇北章客村,102601,110115,大兴区,集体全资,非营利性医疗机构
北京市大兴区庞各庄镇定福庄社区卫生服务站,大兴区庞各庄镇定福庄村,102601,110115,大兴区,国有全资,非营利性医疗机构
北京市大兴区庞各庄镇西高社区卫生服务站,北京市大兴区庞各庄镇西高村,102601,110115,大兴区,集体全资,非营利性医疗机构
北京市大兴区庞各庄镇西黑垡社区卫生服务站,北京市大兴区庞各庄镇西黑垡村,102601,110115,大兴区,集体全资,非营利性医疗机构
北京市大兴区庞各庄镇薛营社区卫生服务站,大兴区庞各庄镇薛营,102601,110115,大兴区,国有全资,非营利性医疗机构
北京市大兴区庞各庄镇赵村社区卫生服务站,北京市大兴区庞各庄镇赵村,102601,110115,大兴区,集体全资,非营利性医疗机构
北京市大兴区庞各庄镇中心卫生院,北京市大兴区庞各庄镇,102601,110115,大兴区,国有全资,非营利性医疗机构
北京市大兴区青云店镇大东新村社区卫生服务站,北京市大兴区青云店镇东店村,102605,110115,大兴区,国有全资,非营利性医疗机构
北京市大兴区青云店镇大谷店社区卫生服务站,青云店镇大谷店村中路北,102605,110115,大兴区,国有全资,非营利性医疗机构
北京市大兴区青云店镇大张本社区卫生服务站,北京市大兴区青云店镇大张本村,102605,110115,大兴区,集体全资,非营利性医疗机构
北京市大兴区青云店镇大迴城社区卫生服务站,青云店镇大迴城村中路北,102605,110115,大兴区,国有全资,非营利性医疗机构
北京市大兴区青云店镇东赵村社区卫生服务站,大兴区青云店镇东赵村,102605,110115,大兴区,集体全资,非营利性医疗机构
北京市大兴区青云店镇高庄社区卫生服务站,北京市大兴区青云店镇高庄村,102605,110115,大兴区,集体全资,非营利性医疗机构
北京市大兴区青云店镇解洲营社区卫生服务站,青云店镇解洲营村西口路南,102605,110115,大兴区,国有全资,非营利性医疗机构
北京市大兴区青云店镇南大红门社区卫生服务站,北京市大兴区青云店镇南大红门村,102605,110115,大兴区,集体全资,非营利性医疗机构
北京市大兴区青云店镇中屯社区卫生服务站,北京市大兴区青云店镇中屯村,102605,110115,大兴区,集体全资,非营利性医疗机构
北京市大兴区青云店镇中心卫生院,大兴区青云店镇、大兴区青云店镇垡上村,102605,110115,大兴区,国有全资,非营利性医疗机构
北京市大兴区清源街道社区卫生服务中心,北京市大兴区兴丰北大街二段138号、大兴区保利茉莉公馆24号楼二层,102618,110115,大兴区,国有全资,非营利性医疗机构
北京市大兴区清源西里社区卫生服务站,大兴区清源西里小区,102600,110115,大兴区,国有全资,非营利性医疗机构
北京市大兴区融汇社区卫生服务站,北京市大兴区华佗路1号院6号院首层103室,102626,110115,大兴区,国有全资,非营利性医疗机构
北京市大兴区盛嘉华苑社区卫生服务站,北京市大兴区团河路48号院盛嘉华苑小区1-1-1、1-2-2,102600,110115,大兴区,私有,非营利性医疗机构
北京市大兴区首座御园社区卫生服务站,北京市大兴区广和大街7号院44号楼1层,102600,110115,大兴区,其它内资,非营利性医疗机构
北京市大兴区魏善庄镇东枣林社区卫生服务站,北京市大兴区魏善庄镇东枣林村,102611,110115,大兴区,集体全资,非营利性医疗机构
北京市大兴区魏善庄镇河南辛庄社区卫生服务站,北京市大兴区魏善庄镇河南辛庄村,102611,110115,大兴区,国有全资,非营利性医疗机构
北京市大兴区魏善庄镇社区卫生服务中心（北京市大兴区魏善庄镇中心卫生院）,北京市大兴区魏新街12号院、北京市大兴区魏善庄镇半壁店村,102611,110115,大兴区,集体全资,非营利性医疗机构
北京市大兴区魏善庄镇王各庄社区卫生服务站,大兴区魏善庄镇王各庄村,102611,110115,大兴区,集体全资,非营利性医疗机构
北京市大兴区魏善庄镇西南研垡社区卫生服务站,北京市大兴区魏善庄镇西南研垡村,102611,110115,大兴区,集体全资,非营利性医疗机构
北京市大兴区魏善庄镇西沙窝社区卫生服务站,北京市大兴区魏善庄镇西沙窝村,102611,110115,大兴区,集体全资,非营利性医疗机构
北京市大兴区魏善庄镇羊坊社区卫生服务站,北京市大兴区魏善庄镇羊坊村,102611,110115,大兴区,国有全资,非营利性医疗机构
北京市大兴区魏善庄镇赵庄子社区卫生服务站,北京市大兴区魏善庄镇赵庄子村,102611,110115,大兴区,国有全资,非营利性医疗机构
北京市大兴区西红门宏福园社区卫生服务站,北京市大兴区西红门宏福园小区,100076,110115,大兴区,集体全资,非营利性医疗机构
北京市大兴区西红门镇金华园社区卫生服务站,大兴区西红门镇金华园小区,100076,110115,大兴区,国有全资,非营利性医疗机构
北京市大兴区西红门镇金星卫生院,大兴区西红门镇,100162,110115,大兴区,国有全资,非营利性医疗机构
北京市大兴区西红门镇社区卫生服务中心（北京市大兴区西红门医院）,北京市大兴区西红门镇欣荣北大街28号,100162,110115,大兴区,国有全资,非营利性医疗机构
北京市大兴区西红门镇团河社区卫生服务站,北京市大兴区西红门镇团河村,100260,110115,大兴区,国有全资,非营利性医疗机构
北京市大兴区西红门镇新建社区卫生服务站,北京市大兴区西红门镇新建村,100076,110115,大兴区,国有全资,非营利性医疗机构
北京市大兴区西红门镇志远庄社区卫生服务站,北京市大兴区西红门镇志远庄村,100076,110115,大兴区,国有全资,非营利性医疗机构
北京市大兴区新源时代社区卫生服务站,北京市大兴区黄村镇新源时代小区内,102600,110115,大兴区,国有全资,非营利性医疗机构
北京市大兴区兴丰街道社区卫生服务中心,大兴区黄村镇富强路20号,102600,110115,大兴区,国有全资,非营利性医疗机构
北京市大兴区艺苑桐城社区卫生服务站,北京市大兴区黄村镇艺苑桐城小区东门北侧,102600,110115,大兴区,国有全资,非营利性医疗机构
北京市大兴区亦庄贵园社区卫生服务站,大兴区亦庄镇贵园小区,100176,110115,大兴区,国有全资,非营利性医疗机构
北京市大兴区亦庄三羊社区卫生服务站,大兴区亦庄镇小康东里物业楼一层,100126,110115,大兴区,国有全资,非营利性医疗机构
北京市大兴区亦庄镇社区卫生服务中心（北京市大兴区亦庄医院）,北京市大兴区亦庄镇政府南100米、北京市大兴区亦庄镇泰河园七里12号楼,100176,110115,大兴区,国有全资,非营利性医疗机构
北京市大兴区永华北里社区卫生服务站,大兴区永华北里社区卫生服务站,102600,110115,大兴区,国有全资,非营利性医疗机构
北京市大兴区榆垡镇留士庄社区卫生服务站,北京市大兴区榆垡镇留士庄村,102602,110115,大兴区,国有全资,非营利性医疗机构
北京市大兴区榆垡镇履磕社区卫生服务站,北京市大兴区榆垡镇履磕村,102602,110115,大兴区,国有全资,非营利性医疗机构
北京市大兴区榆垡镇南张华社区卫生服务站,北京市大兴区榆垡镇南张华村,102603,110115,大兴区,集体全资,非营利性医疗机构
北京市大兴区榆垡镇求贤社区卫生服务站,北京市大兴区榆垡镇求贤村,102602,110115,大兴区,国有全资,非营利性医疗机构
北京市大兴区榆垡镇石垡社区卫生服务站,大兴区榆垡镇石垡村,102602,110115,大兴区,国有全资,非营利性医疗机构
北京市大兴区榆垡镇太子务社区卫生服务站,榆垡镇太子务大队,102602,110115,大兴区,国有全资,非营利性医疗机构
北京市大兴区榆垡镇西黄垡社区卫生服务站,北京市大兴区榆垡镇西黄垡村,102602,110115,大兴区,国有全资,非营利性医疗机构
北京市大兴区榆垡镇榆垡社区卫生服务站,北京市大兴区榆垡镇西胡林村,102602,110115,大兴区,国有全资,非营利性医疗机构
北京市大兴区榆垡镇中心卫生院,北京市大兴区榆垡镇榆垡路9号,102602,110115,大兴区,国有全资,非营利性医疗机构
北京市大兴区瀛海镇南海家园第二社区卫生服务站,北京市大兴区瀛海镇南海家园六里18号楼,100076,110115,大兴区,国有全资,非营利性医疗机构
北京市大兴区瀛海镇南海家园第一社区卫生服务站,北京市大兴区瀛海镇南海家园五里4号楼,100076,110115,大兴区,国有全资,非营利性医疗机构
北京市大兴区瀛海镇社区卫生服务中心（北京市大兴区瀛海医院）,北京市大兴区瀛海镇瀛海路2号,100176,110115,大兴区,国有全资,非营利性医疗机构
北京市东城区安定门街道花园社区卫生服务站,北京市东城区安定门内花园东巷25号,100009,110101,东城区,国有全资,非营利性医疗机构
北京市东城区安定门街道五道营社区卫生服务站,北京市安定门内大街永康胡同9号,100007,110101,东城区,国有全资,非营利性医疗机构
北京市东城区北新桥街道北新桥社区卫生服务站,北京市东城区东直门大街184号,100007,110101,东城区,国有全资,非营利性医疗机构
北京市东城区北新桥街道海运仓社区卫生服务站,北京市东城区海运仓小区南颂年3号楼,100007,110101,东城区,国有全资,非营利性医疗机构
北京市东城区北新桥街道民安社区卫生服务站,北京市东城区民安14号楼,100007,110101,东城区,国有全资,非营利性医疗机构
北京市东城区北新桥街道青龙社区卫生服务站,北京市东城区东直门北小街青龙胡同甲1号,100001,110101,东城区,国有全资,非营利性医疗机构
北京市东城区北新桥街道十三条社区卫生服务站,北京市东城区东四北大街168号内一层2112号,100007,110101,东城区,国有全资,非营利性医疗机构
北京市东城区朝阳门街道朝内头条社区卫生服务站,北京市东城区朝内大街203号,100010,110101,东城区,国有全资,非营利性医疗机构
北京市东城区朝阳门街道大方家社区卫生服务站,北京市东城区小牌坊胡同30号,100010,110101,东城区,国有全资,非营利性医疗机构
北京市东城区朝阳门街道内务社区卫生服务站,北京市东城区内务部73号,100010,110101,东城区,国有全资,非营利性医疗机构
北京市东城区朝阳门社区卫生服务中心,北京市东城区东四南大街灯草胡同31号,100010,110101,东城区,国有全资,非营利性医疗机构
北京市东城区崇文门外街道都市馨园社区卫生服务站,北京市崇文区兴隆都市馨园13号楼D102-103,100062,110101,东城区,国有全资,非营利性医疗机构
北京市东城区崇文门外街道新景家园社区卫生服务站,北京市崇文区西花市大街62、64号,100062,110101,东城区,国有全资,非营利性医疗机构
北京市东城区东花市街道东花市南里社区卫生服务站,北京市崇文区东花市南里东区13号楼107-108,100062,110101,东城区,国有全资,非营利性医疗机构
北京市东城区东花市街道铁辘轳把社区卫生服务站,北京市崇文区东花市大街33号,100062,110101,东城区,国有全资,非营利性医疗机构
北京市东城区东花市街道忠实里社区卫生服务站,北京市崇文区忠实里西区7号楼1层106,100062,110101,东城区,国有全资,非营利性医疗机构
北京市东城区东花市社区卫生服务中心,北京市东城区广渠家园13号楼,100022,110101,东城区,国有全资,非营利性医疗机构
北京市东城区东华门街道东华门社区卫生服务站,北京市东城区南河沿大街磁器库南巷1号,100006,110101,东城区,国有全资,非营利性医疗机构
北京市东城区东华门街道多福巷社区卫生服务站,北京市东城区东四南大街报房胡同45号,100006,110101,东城区,国有全资,非营利性医疗机构
北京市东城区东华门街道甘雨社区卫生服务站,北京市东城区西堂子胡同15号,100006,110101,东城区,国有全资,非营利性医疗机构
北京市东城区东华门街道韶九社区卫生服务站,北京市东城区韶九胡同22号,100006,110101,东城区,国有全资,非营利性医疗机构
北京市东城区东华门街道台基厂社区卫生服务站,北京市东城区台基厂大街台基厂二条3号,100005,110101,东城区,国有全资,非营利性医疗机构
北京市东城区东四街道东四三条社区卫生服务站,北京市东城区东四三条45号,100006,110101,东城区,国有全资,非营利性医疗机构
北京市东城区东四街道东四社区卫生服务站,北京市东四北大街东四六条甲62号,100007,110101,东城区,国有全资,非营利性医疗机构
北京市东城区东四街道南门仓社区卫生服务站,北京市东城区朝阳门内北小街仓南胡同5号、罗家大院1号,100010,110101,东城区,国有全资,非营利性医疗机构
北京市东城区东直门街道东直门社区卫生服务站,北京市东城区东直门外察慈小区7号楼,100027,110101,东城区,国有全资,非营利性医疗机构
北京市东城区东直门街道清水苑社区卫生服务站,北京市东城区东直门北大街乙4号楼,100027,110101,东城区,国有全资,非营利性医疗机构
北京市东城区东直门街道十字坡社区卫生服务站,北京市东城区东直门外十字坡西里10号楼北,100027,110101,东城区,国有全资,非营利性医疗机构
北京市东城区东直门街道王家园社区卫生服务站,北京市东城区王家园胡同37号院1号楼一层,100027,110101,东城区,国有全资,非营利性医疗机构
北京市东城区东直门街道新中街社区卫生服务站,北京市东城区新中西里6号楼迤北平房院,100027,110101,东城区,国有全资,非营利性医疗机构
北京市东城区和平里街道安德里社区卫生服务站,北京市东城区安德里北街21号,100011,110101,东城区,国有全资,非营利性医疗机构
北京市东城区和平里街道安德路社区卫生服务站,北京市东城区安外青年路南街11号,100011,110101,东城区,国有全资,非营利性医疗机构
北京市东城区和平里街道东河沿社区卫生服务站,北京市东城区东河沿甲7号,100011,110101,东城区,国有全资,非营利性医疗机构
北京市东城区和平里街道和平里社区卫生服务站,北京市东城区和平里北街18号西门,100013,110101,东城区,国有全资,非营利性医疗机构
北京市东城区和平里街道和平里中街社区卫生服务站,北京市东城区和平里六区六号一层,100013,110101,东城区,国有全资,非营利性医疗机构
北京市东城区和平里街道交通社区卫生服务站,北京市东城区交林夹道甲2号,100013,110101,东城区,国有全资,非营利性医疗机构
北京市东城区和平里街道青年湖社区卫生服务站,北京市东城区青年湖东里9号楼北,100013,110101,东城区,国有全资,非营利性医疗机构
北京市东城区和平里街道小黄庄社区卫生服务站,北京市东城区小黄庄前街2院3楼,100013,110101,东城区,国有全资,非营利性医疗机构
北京市东城区和平里社区卫生服务中心,北京市东城区小黄庄一区9-1号、北京市东城区黄寺大街甲8号9楼,100011,110101,东城区,国有全资,非营利性医疗机构
北京市东城区建国门街道苏州社区卫生服务站,北京市东城区崇文门内大街苏州胡同120号,100005,110101,东城区,国有全资,非营利性医疗机构
北京市东城区建国门街道外交部街社区卫生服务站,北京市东城区东单北大街东堂子胡同24号,100005,110101,东城区,国有全资,非营利性医疗机构
北京市东城区建国门社区卫生服务中心,北京市东城区后赵家楼胡同9号,100005,110101,东城区,国有全资,非营利性医疗机构
北京市东城区交道口街道交东社区卫生服务站,北京市东城区土儿胡同10号楼,100007,110101,东城区,国有全资,非营利性医疗机构
北京市东城区交道口街道圆恩寺社区卫生服务站,北京市东城区前圆恩寺胡同28号,100009,110101,东城区,国有全资,非营利性医疗机构
北京市东城区景山街道吉祥社区卫生服务站,北京市东城区水簸箕胡同甲5号-1,100009,110101,东城区,国有全资,非营利性医疗机构
北京市东城区景山街道宽街社区卫生服务站,北京市东城区美术馆后街12号,100010,110101,东城区,国有全资,非营利性医疗机构
北京市东城区景山街道魏家社区卫生服务站,北京市东城区魏家胡同55号,100007,110101,东城区,国有全资,非营利性医疗机构
北京市东城区龙潭街道龙潭北里社区卫生服务站,北京市崇文区夕照寺街35、37号,100061,110101,东城区,国有全资,非营利性医疗机构
北京市东城区龙潭街道幸福家园社区卫生服务站,北京市崇文区幸福家园19号楼1101、1102号,100061,110101,东城区,国有全资,非营利性医疗机构
北京市东城区龙潭街道左安门社区卫生服务站,北京市崇文区左安浦园1号楼旁平房,100061,110101,东城区,国有全资,非营利性医疗机构
北京市东城区龙潭社区卫生服务中心,北京市崇文区光明中街25号,100061,110101,东城区,国有全资,非营利性医疗机构
北京市东城区前门街道前门社区卫生服务站,北京市东城区草厂六条4号,100051,110101,东城区,国有全资,非营利性医疗机构
北京市东城区社区卫生服务中心,北京市东城区朝内大街192－1号,100010,110101,东城区,国有全资,非营利性医疗机构
北京市东城区体育馆路街道长青园社区卫生服务站,北京市崇文区长青园16号楼迤南2-2-1-72-29,100061,110101,东城区,国有全资,非营利性医疗机构
北京市东城区体育馆路街道法华寺社区卫生服务站,北京市崇文区体育馆西路1号,100062,110101,东城区,国有全资,非营利性医疗机构
北京市东城区体育馆路社区卫生服务中心,北京市崇文区法华南里25号楼西侧,100062,110101,东城区,国有全资,非营利性医疗机构
北京市东城区天坛街道金鱼池社区卫生服务站,北京市崇文区金鱼池小区西区13楼1单元001，002，101，102室和16楼5单元103，104室，北京市东城区珠市口东大街2号大厦109室,100062,110101,东城区,国有全资,非营利性医疗机构
北京市东城区天坛街道天坛东里社区卫生服务站,北京市崇文区天坛东里南区79号,100061,110101,东城区,国有全资,非营利性医疗机构
北京市东城区天坛街道天坛南里社区卫生服务站,北京市崇文区永内东街西里11号,100050,110101,东城区,国有全资,非营利性医疗机构
北京市东城区天坛社区卫生服务中心,北京市崇文区粉厂胡同57号、北京市东城区珠市口东大街2号107、108室,100050,110101,东城区,国有全资,非营利性医疗机构
北京市东城区永定门外街道东革新里社区卫生服务站,北京市崇文区东革新里40号,100075,110101,东城区,国有全资,非营利性医疗机构
北京市东城区永定门外街道富莱茵社区卫生服务站,北京市崇文区沙子口路72号富莱茵小区9-1-101,100075,110101,东城区,国有全资,非营利性医疗机构
北京市东城区永定门外街道景泰西里社区卫生服务站,北京市崇文区景泰西里西区8号楼底商,100075,110101,东城区,国有全资,非营利性医疗机构
北京市东城区永定门外街道望坛社区卫生服务站,北京市崇文区永定门外桃杨路二条2号,100075,110101,东城区,国有全资,非营利性医疗机构
北京市东城区永定门外街道永建里社区卫生服务站,北京市东城区永定门西滨河路8号院8-2底商,100077,110101,东城区,国有全资,非营利性医疗机构
北京市东城区永定门外社区卫生服务中心,北京市丰台区蒲黄榆二里2号院,100075,110101,东城区,国有全资,非营利性医疗机构
北京市房山区长沟镇北良社区卫生服务站,北京市房山区长沟镇北良村,102407,110111,房山区,国有全资,非营利性医疗机构
北京市房山区长沟镇北正社区卫生服务站,北京市房山区长沟镇北正村,102407,110111,房山区,国有全资,非营利性医疗机构
北京市房山区长沟镇坟庄社区卫生服务站,北京市房山区长沟镇坟庄村,102407,110111,房山区,国有全资,非营利性医疗机构
北京市房山区长沟镇社区卫生服务中心,北京市房山区长沟镇长沟大街15号,102407,110111,房山区,国有全资,非营利性医疗机构
北京市房山区长沟镇双磨社区卫生服务站,北京市房山区长沟镇双磨村,102407,110111,房山区,国有全资,非营利性医疗机构
北京市房山区长阳镇碧波园社区卫生服务站,房山区长阳镇碧波园小区,102445,110111,房山区,国有全资,非营利性医疗机构
北京市房山区长阳镇长龙苑社区卫生服务站,房山区长阳镇长龙苑小区,102445,110111,房山区,国有全资,非营利性医疗机构
北京市房山区长阳镇高岭社区卫生服务站,房山区长阳镇高岭村,102445,110111,房山区,国有全资,非营利性医疗机构
北京市房山区长阳镇恭和社区卫生服务中心,北京市房山区长阳镇悦都新苑四区三号楼,102401,110111,房山区,私有,营利性医疗机构
北京市房山区长阳镇公议庄社区卫生服务站,房山区长阳镇公议庄村,102444,110111,房山区,国有全资,非营利性医疗机构
北京市房山区长阳镇葫芦垡社区卫生服务站,房山区长阳镇葫芦垡村,102444,110111,房山区,国有全资,非营利性医疗机构
北京市房山区长阳镇黄管屯社区卫生服务站,房山区长阳镇黄管屯村,102445,110111,房山区,国有全资,非营利性医疗机构
北京市房山区长阳镇牛家场社区卫生服务站,房山区长阳镇牛家场村,102445,110111,房山区,国有全资,非营利性医疗机构
北京市房山区长阳镇社区卫生服务中心,北京市房山区长阳镇阳城环路16号,102445,110111,房山区,国有全资,非营利性医疗机构
北京市房山区长阳镇水碾屯社区卫生服务站,北京市房山区长阳镇水碾屯村,102445,110111,房山区,国有全资,非营利性医疗机构
北京市房山区长阳镇阎仙垡社区卫生服务站,房山区长阳镇闫仙垡村,102444,110111,房山区,国有全资,非营利性医疗机构
北京市房山区长阳镇朱岗子社区卫生服务站,房山区长阳镇朱岗子村,102444,110111,房山区,国有全资,非营利性医疗机构
北京市房山区城关街道北关社区卫生服务站,北京市房山区城关街道兴房大街18号楼4-102号,102400,110111,房山区,国有全资,非营利性医疗机构
北京市房山区城关街道北里社区卫生服务站,北京市房山区城关镇青年北路24号,102400,110111,房山区,国有全资,非营利性医疗机构
北京市房山区城关街道丁家洼社区卫生服务站,北京市房山区城关街道丁家洼村回迁安置房综合办公楼一层,102400,110111,房山区,国有全资,非营利性医疗机构
北京市房山区城关街道东街社区卫生服务站,北京市房山区城关镇柳林前街13号,102400,110111,房山区,国有全资,非营利性医疗机构
北京市房山区城关街道顾册社区卫生服务站,北京市房山区城关街道顾册村 ,102400,110111,房山区,国有全资,非营利性医疗机构
北京市房山区城关街道南关社区卫生服务站,北京市房山区城关街道良工佳苑7-16,102400,110111,房山区,国有全资,非营利性医疗机构
北京市房山区城关街道前街社区卫生服务站,北京市房山区城关街道前街村,,110111,房山区,国有全资,非营利性医疗机构
北京市房山区城关街道饶乐府社区卫生服务站,北京市房山区亿金府商业街商住1-6号楼,102400,110111,房山区,国有全资,非营利性医疗机构
北京市房山区城关街道社区卫生服务中心,北京市房山区城关北大街16号,102400,110111,房山区,国有全资,非营利性医疗机构
北京市房山区城关街道田各庄社区卫生服务站,北京市房山区城关镇田各庄村,102400,110111,房山区,国有全资,非营利性医疗机构
北京市房山区城关街道万宁社区卫生服务站,北京市房山区城关镇万宁社区内,102400,110111,房山区,国有全资,非营利性医疗机构
北京市房山区城关街道辛庄社区卫生服务站,北京市房山区城关镇辛庄村,102400,110111,房山区,国有全资,非营利性医疗机构
北京市房山区城关街道羊头岗社区卫生服务站,北京市房山区城关镇羊头岗村,102400,110111,房山区,国有全资,非营利性医疗机构
北京市房山区城关街道永安西里社区卫生服务站,北京市房山区城关镇永安西里小区,102400,110111,房山区,国有全资,非营利性医疗机构
北京市房山区大安山乡社区卫生服务中心,北京市房山区大安山乡大安山村,102419,110111,房山区,国有全资,非营利性医疗机构
北京市房山区大石窝镇半壁店社区卫生服务站,北京市房山区大石窝镇半壁店村,102408,110111,房山区,国有全资,非营利性医疗机构
北京市房山区大石窝镇高庄村社区卫生服务站,北京市房山区大石窝镇高庄村,102408,110111,房山区,国有全资,非营利性医疗机构
北京市房山区大石窝镇广润庄社区卫生服务站,北京市房山区大石窝镇广润庄村,102408,110111,房山区,国有全资,非营利性医疗机构
北京市房山区大石窝镇后石门社区卫生服务站,北京市房山区大石窝镇后石门村,102408,110111,房山区,国有全资,非营利性医疗机构
北京市房山区大石窝镇惠南庄社区卫生服务站,北京市房山区大石窝镇惠南庄村,102408,110111,房山区,国有全资,非营利性医疗机构
北京市房山区大石窝镇南河村社区卫生服务站,北京市房山区大石窝镇南河村,102408,110111,房山区,国有全资,非营利性医疗机构
北京市房山区大石窝镇南尚乐社区卫生服务站,北京市房山区大石窝镇南尚乐村,102408,110111,房山区,国有全资,非营利性医疗机构
北京市房山区大石窝镇社区卫生服务中心,北京市房山区大石窝镇南尚乐村,102408,110111,房山区,国有全资,非营利性医疗机构
北京市房山区大石窝镇石窝社区卫生服务站,北京市房山区大石窝镇石窝村,102408,110111,房山区,国有全资,非营利性医疗机构
北京市房山区大石窝镇下滩社区卫生服务站,北京市房山区大石窝镇下滩村,102408,110111,房山区,国有全资,非营利性医疗机构
北京市房山区大石窝镇辛庄村社区卫生服务站,北京市房山区大石窝镇辛庄村,102408,110111,房山区,国有全资,非营利性医疗机构
北京市房山区佛子庄乡北窖社区卫生服务站,北京市房山区佛子庄乡北窖村,102417,110111,房山区,国有全资,非营利性医疗机构
北京市房山区佛子庄乡长操社区卫生服务站,北京市房山区佛子庄乡长操村,102417,110111,房山区,国有全资,非营利性医疗机构
北京市房山区佛子庄乡陈家台社区卫生服务站,北京市房山区佛子庄乡陈家台村,102417,110111,房山区,国有全资,非营利性医疗机构
北京市房山区佛子庄乡佛子庄社区卫生服务站,北京市房山区佛子庄乡佛子庄村,102417,110111,房山区,国有全资,非营利性医疗机构
北京市房山区佛子庄乡社区卫生服务中心,北京市房山区佛子庄乡卫生院,102417,110111,房山区,集体全资,非营利性医疗机构
北京市房山区佛子庄乡西班各庄社区卫生服务站,北京市房山佛子庄乡西班各庄村,102417,110111,房山区,国有全资,非营利性医疗机构
北京市房山区韩村河镇曹章社区卫生服务站,北京市房山区韩村河镇曹章社区卫生服务站,102423,110111,房山区,国有全资,非营利性医疗机构
北京市房山区韩村河镇崇义社区卫生服务站,房山区韩村河镇崇义村,102400,110111,房山区,国有全资,非营利性医疗机构
北京市房山区韩村河镇大自然西区社区卫生服务站,北京市房山区韩村河镇大自然西区,102423,110111,房山区,国有全资,非营利性医疗机构
北京市房山区韩村河镇东南章社区卫生服务站,北京市房山区韩村河镇东南章村,102400,110111,房山区,国有全资,非营利性医疗机构
北京市房山区韩村河镇东营社区卫生服务站,北京市房山区韩村河镇东营社区卫生服务站,102423,110111,房山区,国有全资,非营利性医疗机构
北京市房山区韩村河镇孤山口社区卫生服务站,北京市房山区韩村河镇孤山口村,102400,110111,房山区,国有全资,非营利性医疗机构
北京市房山区韩村河镇潘庄社区卫生服务站,北京市房山区韩村河镇潘家庄社区卫生服务站,102423,110111,房山区,国有全资,非营利性医疗机构
北京市房山区韩村河镇七贤社区卫生服务站,北京市房山区韩村河镇七贤村,102423,110111,房山区,国有全资,非营利性医疗机构
北京市房山区韩村河镇上中院社区卫生服务站,北京市房山区韩村河镇上中院社区卫生服务站,102423,110111,房山区,国有全资,非营利性医疗机构
北京市房山区韩村河镇社区卫生服务中心,北京市房山区韩村河镇韩村河村,102423,110111,房山区,集体全资,非营利性医疗机构
北京市房山区韩村河镇天开村社区卫生服务站,北京市房山区韩村河镇天开村,102423,110111,房山区,国有全资,非营利性医疗机构
北京市房山区韩村河镇五侯社区卫生服务站,北京市房山区韩村河镇五侯社区卫生服务站,102423,110111,房山区,国有全资,非营利性医疗机构
北京市房山区韩村河镇西东社区卫生服务站,北京市房山区韩村河镇西东社区卫生服务站,102423,110111,房山区,国有全资,非营利性医疗机构
北京市房山区韩村河镇西南章社区卫生服务站,北京市房山区韩西南章村,102423,110111,房山区,国有全资,非营利性医疗机构
北京市房山区韩村河镇西营社区卫生服务站,北京市房山区韩村河镇西营社区卫生服务找那,102423,110111,房山区,国有全资,非营利性医疗机构
北京市房山区韩村河镇西周各庄社区卫生服务站,北京市房山区韩村河镇西周各庄社区卫生服务站,102423,110111,房山区,国有全资,非营利性医疗机构
北京市房山区韩村河镇下中院社区卫生服务站,房山区韩村河镇下中院村,102400,110111,房山区,国有全资,非营利性医疗机构
北京市房山区韩村河镇尤家坟社区卫生服务站,北京市房山区韩村河镇尤家坟社区卫生服务站,102423,110111,房山区,国有全资,非营利性医疗机构
北京市房山区河北镇黄土坡社区卫生服务站,北京市房山区河北镇黄土坡村,102417,110111,房山区,国有全资,非营利性医疗机构
北京市房山区河北镇惠景新苑社区卫生服务站,北京市房山区河北镇惠景新苑小区内,102400,110111,房山区,国有全资,非营利性医疗机构
北京市房山区河北镇南车营社区卫生服务站,北京市房山区河北镇南车营村,102417,110111,房山区,国有全资,非营利性医疗机构
北京市房山区河北镇社区卫生服务中心,北京市房山区河北镇李各庄村,102417,110111,房山区,国有全资,非营利性医疗机构
北京市房山区河北镇檀木港社区卫生服务站,北京市房山区河北镇檀木港村,102417,110111,房山区,国有全资,非营利性医疗机构
北京市房山区良乡地区北潞园社区卫生服务站,西潞街道北潞馨小区8号楼1层101,102488,110111,房山区,国有全资,非营利性医疗机构
北京市房山区良乡地区长虹社区卫生服务站,拱辰街道罗府家园3-6,102401,110111,房山区,国有全资,非营利性医疗机构
北京市房山区良乡地区鸿顺园社区卫生服务站,良乡鸿顺园小区36号楼1-05,102488,110111,房山区,国有全资,非营利性医疗机构
北京市房山区良乡地区黄辛庄社区卫生服务站,北京市房山区良乡地区黄辛庄小区11号楼1号底商,102401,110111,房山区,国有全资,非营利性医疗机构
北京市房山区良乡地区梨村社区卫生服务站,拱辰街道梨村,102401,110111,房山区,国有全资,非营利性医疗机构
北京市房山区良乡地区隆曦园社区卫生服务站,房山区文水家园6幢1至2层1-15,102401,110111,房山区,国有全资,非营利性医疗机构
北京市房山区良乡地区社区卫生服务中心,西潞街道苏庄翠柳大街南区办公楼,102488,110111,房山区,国有全资,非营利性医疗机构
北京市房山区良乡地区太平庄社区卫生服务站,西潞街道太平庄小区2-1-102,102488,110111,房山区,国有全资,非营利性医疗机构
北京市房山区良乡地区西街社区卫生服务站,拱辰街道文化路21号院1-1单元,102401,110111,房山区,国有全资,非营利性医疗机构
北京市房山区良乡地区西潞园社区卫生服务站,西潞街道西潞园小区,102488,110111,房山区,国有全资,非营利性医疗机构
北京市房山区良乡地区夏庄社区卫生服务站,西潞街道夏庄村委会,102488,110111,房山区,国有全资,非营利性医疗机构
北京市房山区良乡地区行宫社区卫生服务站,拱辰街道行宫园小区文化中心北一层,102401,110111,房山区,国有全资,非营利性医疗机构
北京市房山区良乡地区月华社区卫生服务站,西潞街道西潞南里小区4-1-1底商,102488,110111,房山区,国有全资,非营利性医疗机构
北京市房山区良乡地区昊天社区卫生服务站,拱辰街道昊天小区11-2-101底商,102401,110111,房山区,国有全资,非营利性医疗机构
北京市房山区良乡电业社区卫生服务站,房山区良乡京保公路体检中心对面,102401,110111,房山区,国有全资,非营利性医疗机构
北京市房山区良乡医院区政府社区卫生服务站,北京市房山区良乡政通路1号 ,102401,110111,房山区,国有全资,非营利性医疗机构
北京市房山区良乡镇黑古台村社区卫生服务站,北京市房山区良乡镇黑古台村,102446,110111,房山区,国有全资,非营利性医疗机构
北京市房山区良乡镇后石羊社区卫生服务站,北京市房山区良乡镇后石羊村,102446,110111,房山区,国有全资,非营利性医疗机构
北京市房山区良乡镇南庄子社区卫生服务站,北京市房山区良乡南庄子台村,102446,110111,房山区,国有全资,非营利性医疗机构
北京市房山区良乡镇社区卫生服务中心,北京市房山区良乡镇官道村,102446,110111,房山区,国有全资,非营利性医疗机构
北京市房山区良乡镇下禅坊社区卫生服务站,北京市房山区良乡镇下禅坊村,102446,110111,房山区,集体全资,非营利性医疗机构
北京市房山区良乡镇小营社区卫生服务站,北京市房山区良乡镇小营村,102446,110111,房山区,国有全资,非营利性医疗机构
北京市房山区良乡镇邢家坞社区卫生服务站,北京市房山区良乡镇邢家坞村,102446,110111,房山区,国有全资,非营利性医疗机构
北京市房山区琉璃河镇鲍庄村社区卫生服务站,房山区琉璃河镇鲍庄村,102403,110111,房山区,国有全资,非营利性医疗机构
北京市房山区琉璃河镇北洛村社区卫生服务站,北京市房山区琉璃河镇北洛村 ,102403,110111,房山区,国有全资,非营利性医疗机构
北京市房山区琉璃河镇东吕村社区卫生服务站,房山区琉璃河镇东吕村,102403,110111,房山区,国有全资,非营利性医疗机构
北京市房山区琉璃河镇二街村社区卫生服务站,房山区琉璃河镇二街村,102403,110111,房山区,国有全资,非营利性医疗机构
北京市房山区琉璃河镇官庄社区卫生服务站,房山区琉璃河镇官庄村,102403,110111,房山区,国有全资,非营利性医疗机构
北京市房山区琉璃河镇李庄村社区卫生服务站,房山区琉璃河镇李庄村,102403,110111,房山区,国有全资,非营利性医疗机构
北京市房山区琉璃河镇立教社区卫生服务站,房山区琉璃河镇立教村,102403,110111,房山区,国有全资,非营利性医疗机构
北京市房山区琉璃河镇南白村社区卫生服务站,房山区琉璃河镇南白村,102403,110111,房山区,国有全资,非营利性医疗机构
北京市房山区琉璃河镇平各庄社区卫生服务站,房山区琉璃河镇平各庄村,102403,110111,房山区,国有全资,非营利性医疗机构
北京市房山区琉璃河镇三街社区卫生服务站,房山区琉璃河镇三街村,102403,110111,房山区,国有全资,非营利性医疗机构
北京市房山区琉璃河镇社区卫生服务中心,房山区琉璃河镇刘李店村中原大街25号,102403,110111,房山区,国有全资,非营利性医疗机构
北京市房山区琉璃河镇万里社区卫生服务站,房山区琉璃河镇万里村,102403,110111,房山区,国有全资,非营利性医疗机构
北京市房山区琉璃河镇务滋村社区卫生服务站,北京市房山区琉璃河镇务滋村,102403,110111,房山区,国有全资,非营利性医疗机构
北京市房山区琉璃河镇兴礼社区卫生服务站,房山区琉璃河镇兴礼村,102403,110111,房山区,国有全资,非营利性医疗机构
北京市房山区琉璃河镇周庄村社区卫生服务站,北京市房山区琉璃河镇周庄村 ,102403,110111,房山区,国有全资,非营利性医疗机构
北京市房山区琉璃河镇庄头社区卫生服务站,房山区琉璃河镇庄头村,102403,110111,房山区,国有全资,非营利性医疗机构
北京市房山区琉璃河镇祖村社区卫生服务站,房山区琉璃河镇祖村,102403,110111,房山区,国有全资,非营利性医疗机构
北京市房山区南窖乡南尚岗新村社区卫生服务站,北京市房山区南窖乡南尚岗新村,102488,110111,房山区,国有全资,非营利性医疗机构
北京市房山区南窖乡社区卫生服务中心,南窖乡南窖村,102418,110111,房山区,国有全资,非营利性医疗机构
北京市房山区南窖乡水峪村社区卫生服务站,北京市房山区南窖乡水峪村,102418,110111,房山区,国有全资,非营利性医疗机构
北京市房山区南窖乡中窖村社区卫生服务站,北京市房山区南窖乡中窖村,102418,110111,房山区,国有全资,非营利性医疗机构
北京市房山区蒲洼乡社区卫生服务中心,北京市房山区蒲洼乡蒲洼村,102477,110111,房山区,国有全资,非营利性医疗机构
北京市房山区青龙湖镇北车营社区卫生服务站,青龙湖镇北车营村,102447,110111,房山区,国有全资,非营利性医疗机构
北京市房山区青龙湖镇大苑村社区卫生服务站,北京市房山区青龙湖镇大苑村,102447,110111,房山区,国有全资,非营利性医疗机构
北京市房山区青龙湖镇果各庄社区卫生服务站,北京市房山区青龙湖果各庄村,102447,110111,房山区,国有全资,非营利性医疗机构
北京市房山区青龙湖镇焦各庄社区卫生服务站,青龙湖镇焦各庄村,102447,110111,房山区,国有全资,非营利性医疗机构
北京市房山区青龙湖镇京煤集团化工厂社区卫生服务站,青龙湖镇坨里村,102447,110111,房山区,国有全资,非营利性医疗机构
北京市房山区青龙湖镇南观社区卫生服务站,青龙湖镇南观村,102447,110111,房山区,国有全资,非营利性医疗机构
北京市房山区青龙湖镇沙窝村社区卫生服务站,青龙湖镇沙窝村,102447,110111,房山区,国有全资,非营利性医疗机构
北京市房山区青龙湖镇上万社区卫生服务站,北京市房山区青龙湖镇上万村,102447,110111,房山区,国有全资,非营利性医疗机构
北京市房山区青龙湖镇社区卫生服务中心,青龙湖镇豆各庄村下三区66号,102447,110111,房山区,集体全资,非营利性医疗机构
北京市房山区青龙湖镇西石府社区卫生服务站,青龙湖镇西石府村,102447,110111,房山区,国有全资,非营利性医疗机构
北京市房山区青龙湖镇小苑上社区卫生服务站,青龙湖镇小苑上村,102447,110111,房山区,国有全资,非营利性医疗机构
北京市房山区十渡镇六渡社区卫生服务站,北京市房山区十渡镇六渡村,102411,110111,房山区,国有全资,非营利性医疗机构
北京市房山区十渡镇平峪社区卫生服务站,北京市房山区十渡镇平峪村,102411,110111,房山区,国有全资,非营利性医疗机构
北京市房山区十渡镇社区卫生服务中心,北京市房山区十渡镇八渡村,102411,110111,房山区,国有全资,非营利性医疗机构
北京市房山区十渡镇十渡社区卫生服务站,北京市房山区十渡镇十渡村,102411,110111,房山区,国有全资,非营利性医疗机构
北京市房山区十渡镇西石门村社区卫生服务站,北京市房山区十渡镇西石门村,102411,110111,房山区,国有全资,非营利性医疗机构
北京市房山区石楼镇大次洛社区卫生服务站,北京市房山区石楼镇大次洛村,102422,110111,房山区,国有全资,非营利性医疗机构
北京市房山区石楼镇二站村社区卫生服务站,北京市房山区石楼镇二站村,102422,110111,房山区,国有全资,非营利性医疗机构
北京市房山区石楼镇吉羊村社区卫生服务站,北京市房山区石楼镇石楼大街,102422,110111,房山区,国有全资,非营利性医疗机构
北京市房山区石楼镇梨园店社区卫生服务站,北京市房山区石楼镇梨园店村,102422,110111,房山区,国有全资,非营利性医疗机构
北京市房山区石楼镇社区卫生服务中心,北京市房山区石楼镇石楼大街,102422,110111,房山区,国有全资,非营利性医疗机构
北京市房山区石楼镇石楼村社区卫生服务站,北京市房山区石楼镇石楼大街,102422,110111,房山区,国有全资,非营利性医疗机构
北京市房山区石楼镇夏村社区卫生服务站,北京市房山区石楼镇梨园店村,102422,110111,房山区,国有全资,非营利性医疗机构
北京市房山区石楼镇襄驸马庄社区卫生服务站,北京市房山区石楼镇襄驸马庄村,102422,110111,房山区,国有全资,非营利性医疗机构
北京市房山区石楼镇支楼村社区卫生服务站,北京市房山区石楼镇支楼村,102401,110111,房山区,国有全资,非营利性医疗机构
北京市房山区石楼镇坨头村社区卫生服务站,北京市房山区石楼镇坨头村,102422,110111,房山区,国有全资,非营利性医疗机构
北京市房山区史家营乡金鸡台社区卫生服务站,北京市房山区史家营乡金鸡台村,102461,110111,房山区,国有全资,非营利性医疗机构
北京市房山区史家营乡莲花庵社区卫生服务站,北京市房山区史家营乡莲花庵村,102461,110111,房山区,国有全资,非营利性医疗机构
北京市房山区史家营乡社区卫生服务中心,北京市房山区史家营乡北涧,102461,110111,房山区,国有全资,非营利性医疗机构
北京市房山区史家营乡史家营村社区卫生服务站,北京市房山区史家营乡史家营村,102461,110111,房山区,国有全资,非营利性医疗机构
北京市房山区霞云岭乡龙门台村社区卫生服务站,北京市房山区霞云岭乡龙门台村 ,,110111,房山区,国有全资,非营利性医疗机构
北京市房山区霞云岭乡社区卫生服务中心,房山区霞云岭乡霞云岭村,102421,110111,房山区,国有全资,非营利性医疗机构
北京市房山区霞云岭乡四马台社区卫生服务站,北京市房山区霞云岭乡四马台村,102421,110111,房山区,国有全资,非营利性医疗机构
北京市房山区霞云岭乡堂上村社区卫生服务站,北京市房山区霞云岭乡堂上村 ,102421,110111,房山区,国有全资,非营利性医疗机构
北京市房山区新镇原新中路社区卫生服务站,北京市房山区新镇原新中路,102413,110111,房山区,国有全资,非营利性医疗机构
北京市房山区星城健德三里社区卫生服务站,北京市房山区燕山健德三里26号楼西侧 ,102500,110111,房山区,股份合作,非营利性医疗机构
北京市房山区阎村镇北坊社区卫生服务站,北京市房山区阎村镇北坊村,102412,110111,房山区,国有全资,非营利性医疗机构
北京市房山区阎村镇炒米店村社区卫生服务站,北京市房山区阎村镇炒米店村,102412,110111,房山区,国有全资,非营利性医疗机构
北京市房山区阎村镇大董村社区卫生服务站,北京市房山区阎村镇大董村,102412,110111,房山区,国有全资,非营利性医疗机构
北京市房山区阎村镇大十三里社区卫生服务站,北京市房山区阎村镇大十三里村,102412,110111,房山区,国有全资,非营利性医疗机构
北京市房山区阎村镇大紫草坞社区卫生服务站,房山区阎村镇大紫草坞,102412,110111,房山区,国有全资,非营利性医疗机构
北京市房山区阎村镇后十三里村社区卫生服务站,北京市房山区阎村镇后十三里村,102412,110111,房山区,国有全资,非营利性医疗机构
北京市房山区阎村镇焦庄社区卫生服务站,北京市房山区阎村镇焦庄村,102412,110111,房山区,国有全资,非营利性医疗机构
北京市房山区阎村镇开古庄村社区卫生服务站,北京市房山区阎村镇开古庄村,102412,110111,房山区,国有全资,非营利性医疗机构
北京市房山区阎村镇社区卫生服务中心,北京市房山区阎村镇紫园南路,102412,110111,房山区,国有全资,非营利性医疗机构
北京市房山区阎村镇万紫嘉园社区卫生服务站,北京市房山区阎村镇万紫嘉园小区,102412,110111,房山区,集体全资,非营利性医疗机构
北京市房山区阎村镇吴庄社区卫生服务站,北京市房山区阎村镇吴庄村,102412,110111,房山区,国有全资,非营利性医疗机构
北京市房山区阎村镇小十三里社区卫生服务站,北京市房山区阎村镇小十三里村,102412,110111,房山区,国有全资,非营利性医疗机构
北京市房山区阎村镇肖庄村社区卫生服务站,北京市房山区阎村镇肖庄村,102412,110111,房山区,国有全资,非营利性医疗机构
北京市房山区阎村镇张庄村社区卫生服务站,北京市房山区阎村镇张庄村,102412,110111,房山区,国有全资,非营利性医疗机构
北京市房山区燕山地区社区卫生服务中心,北京市房山区燕山燕房路50号,102500,110111,房山区,国有全资,非营利性医疗机构
北京市房山区燕山东风街道东岭社区卫生服务站,北京市房山区燕山东风街道羊耳峪西里岗16号  ,102500,110111,房山区,股份合作,非营利性医疗机构
北京市房山区燕山东风街道社区卫生服务中心,北京市房山区燕山东风北里31号,102500,110111,房山区,股份有限（公司）,非营利性医疗机构
北京市房山区燕山东风街道羊耳峪社区卫生服务站,北京市房山区燕山双泉路5号,102502,110111,房山区,国有全资,非营利性医疗机构
北京市房山区燕山栗园街道社区卫生服务站,北京市房山区燕山栗园路二巷2号,102503,110111,房山区,股份合作,非营利性医疗机构
北京市房山区燕山向阳街道凤凰亭社区卫生服务站,北京市房山区燕山迎风西路3号,102500,110111,房山区,股份合作,非营利性医疗机构
北京市房山区燕山向阳社区卫生服务站,北京市房山区燕山迎风西路21号,102500,110111,房山区,国有全资,非营利性医疗机构
北京市房山区燕山星城街道社区卫生服务站,北京市房山区燕山星城街道建德一里中街3号,102425,110111,房山区,国有全资,非营利性医疗机构
北京市房山区燕山杏花西里社区卫生服务站,北京市房山区燕山杏花西里35号,102500,110111,房山区,国有全资,非营利性医疗机构
北京市房山区燕山羊耳峪北里社区卫生服务站,北京市房山区燕山东风羊耳峪北里,102502,110111,房山区,国有全资,非营利性医疗机构
北京市房山区燕山迎风街道宏塔社区卫生服务站,北京市房山区燕山迎风北庄南里2号楼西侧 ,102500,110111,房山区,股份合作,非营利性医疗机构
北京市房山区燕山迎风社区卫生服务站,北京市房山区燕山迎风五里14号楼北侧,102500,110111,房山区,股份合作,非营利性医疗机构
北京市房山区张坊镇北白岱社区卫生服务站,北京市房山区张坊镇北白岱村,102409,110111,房山区,国有全资,非营利性医疗机构
北京市房山区张坊镇东关上社区卫生服务站,北京市房山区张坊镇东关上村,102409,110111,房山区,国有全资,非营利性医疗机构
北京市房山区张坊镇广录庄社区卫生服务站,北京市房山区张坊镇广录庄村,102409,110111,房山区,国有全资,非营利性医疗机构
北京市房山区张坊镇南白岱社区卫生服务站,北京市房山区张坊镇南白岱村,102409,110111,房山区,国有全资,非营利性医疗机构
北京市房山区张坊镇千河口社区卫生服务站,北京市房山区张坊镇千河口村,102409,110111,房山区,国有全资,非营利性医疗机构
北京市房山区张坊镇社区卫生服务中心,北京市房山区张坊镇张坊村,102409,110111,房山区,国有全资,非营利性医疗机构
北京市房山区张坊镇西白岱社区卫生服务站,北京市房山区张坊镇西白岱村,102409,110111,房山区,国有全资,非营利性医疗机构
北京市房山区周口店镇大韩继社区卫生服务站,北京市房山区周口店镇大韩继村,102405,110111,房山区,国有全资,非营利性医疗机构
北京市房山区周口店镇黄山店社区卫生服务站,北京市房山区周口店镇黄山店村,102405,110111,房山区,国有全资,非营利性医疗机构
北京市房山区周口店镇良各庄社区卫生服务站,北京市房山区周口店镇良各庄村南,102405,110111,房山区,国有全资,非营利性医疗机构
北京市房山区周口店镇娄子水社区卫生服务站,北京市房山区周口店镇娄子水村,102405,110111,房山区,国有全资,非营利性医疗机构
北京市房山区周口店镇南韩继社区卫生服务站,北京市房山区周口店镇南韩继村,102405,110111,房山区,国有全资,非营利性医疗机构
北京市房山区周口店镇山口社区卫生服务站,北京市房山区周口店镇山口村,102405,110111,房山区,国有全资,非营利性医疗机构
北京市房山区周口店镇社区卫生服务中心,北京市房山区周口店大街28号,102405,110111,房山区,国有全资,非营利性医疗机构
北京市房山区周口店镇瓦井社区卫生服务站,北京市房山区周口店镇瓦井村,102405,110111,房山区,国有全资,非营利性医疗机构
北京市房山区周口店镇新街社区卫生服务站,北京市房山区周口店镇新街村村,102405,110111,房山区,国有全资,非营利性医疗机构
北京市房山区周口店镇周口村社区卫生服务站,北京市房山区周口店镇周口村村,102405,110111,房山区,国有全资,非营利性医疗机构
北京市房山区周口店镇周口店社区卫生服务站,北京市房山区周口店镇周口店村,102405,110111,房山区,国有全资,非营利性医疗机构
北京市房山区窦店镇白草洼社区卫生服务站,北京市房山区窦店镇白草洼村,102433,110111,房山区,国有全资,非营利性医疗机构
北京市房山区窦店镇陈家房社区卫生服务站,房山区窦店镇陈家房村,102433,110111,房山区,国有全资,非营利性医疗机构
北京市房山区窦店镇大高舍社区卫生服务站,房山区窦店镇大高舍村,102433,110111,房山区,国有全资,非营利性医疗机构
北京市房山区窦店镇丁各庄社区卫生服务站,北京市房山区窦店镇丁各庄村,102434,110111,房山区,国有全资,非营利性医疗机构
北京市房山区窦店镇金鑫园社区卫生服务站,房山区窦店镇金鑫园小区,102433,110111,房山区,国有全资,非营利性医疗机构
北京市房山区窦店镇芦村社区卫生服务站,房山区窦店镇芦村,102433,110111,房山区,国有全资,非营利性医疗机构
北京市房山区窦店镇普安屯社区卫生服务站,房山区窦店镇普安屯村,102433,110111,房山区,国有全资,非营利性医疗机构
北京市房山区窦店镇七里店村社区卫生服务站,北京市房山区窦店镇七里店村 ,102433,110111,房山区,国有全资,非营利性医疗机构
北京市房山区窦店镇社区卫生服务中心,房山区窦店镇窦店村,102433,110111,房山区,国有全资,非营利性医疗机构
北京市房山区窦店镇苏村社区卫生服务站,房山区窦店镇苏村,102433,110111,房山区,国有全资,非营利性医疗机构
北京市房山区窦店镇提香草堂社区卫生服务站,北京市房山区窦店镇提香草堂小区85A楼 ,,110111,房山区,国有全资,非营利性医疗机构
北京市房山区窦店镇天地新城社区卫生服务站,房山区窦店镇田家园村,102433,110111,房山区,国有全资,非营利性医疗机构
北京市房山区窦店镇瓦窑头社区卫生服务站,房山区窦店镇瓦窑头村,102433,110111,房山区,国有全资,非营利性医疗机构
北京市房山区窦店镇望楚社区卫生服务站,房山区窦店镇望楚村,102433,110111,房山区,国有全资,非营利性医疗机构
北京市房山区窦店镇下坡店社区卫生服务站,房山区窦店镇下坡店村,102433,110111,房山区,国有全资,非营利性医疗机构
北京市房山区窦店镇兴隆庄社区卫生服务站,房山区窦店镇兴隆庄村,102433,110111,房山区,国有全资,非营利性医疗机构
北京市房山区窦店镇于庄社区卫生服务站,房山区窦店镇于庄村,102433,110111,房山区,国有全资,非营利性医疗机构
北京市房山区窦店镇袁庄社区卫生服务站,房山区窦店镇袁庄村,102433,110111,房山区,国有全资,非营利性医疗机构
北京市丰台区长辛店社区卫生服务中心,丰台区长辛店大街甲262号,100072,110106,丰台区,国有全资,非营利性医疗机构
北京市丰台区长辛店镇李家峪村社区卫生服务站,北京市丰台区长辛店乡李家峪村,100072,110106,丰台区,集体全资,非营利性医疗机构
北京市丰台区长辛店镇社区卫生服务中心,北京市丰台区射击场路23号,100072,110106,丰台区,国有全资,非营利性医疗机构
北京市丰台区长辛店镇太子峪村社区卫生服务站,北京市丰台区长辛店乡太子峪村6号,100072,110106,丰台区,国有全资,非营利性医疗机构
北京市丰台区长辛店镇张郭庄村社区卫生服务站,北京市丰台区长辛店乡张郭庄村43号,100072,110106,丰台区,集体全资,非营利性医疗机构
北京市丰台区长辛店镇赵辛店村社区卫生服务站,北京市丰台区长辛店镇赵辛店村,100072,110106,丰台区,集体全资,非营利性医疗机构
北京市丰台区大红门街道海慧寺社区卫生服务站,北京市丰台区海慧寺1号南院,100075,110106,丰台区,私有,非营利性医疗机构
北京市丰台区大红门街道角门社区卫生服务站,丰台区西马场路6号院1号楼1层3单元商业5,100068,110106,丰台区,私有,非营利性医疗机构
北京市丰台区大红门街道京温社区卫生服务站,北京市丰台区海户屯165号,100068,110106,丰台区,私有,非营利性医疗机构
北京市丰台区大红门街道木材厂社区卫生服务站,北京市丰台区马家堡东路108号院1号楼1层,100068,110106,丰台区,国有全资,非营利性医疗机构
北京市丰台区大红门街道南顶路社区卫生服务站,北京市丰台区南顶路23号,100075,110106,丰台区,集体全资,非营利性医疗机构
北京市丰台区大红门社区卫生服务中心,北京市丰台区大红门东后街156号,100075,110106,丰台区,国有全资,非营利性医疗机构
北京市丰台区东高地社区卫生服务中心,北京市丰台区东高地南平房3号,100076,110106,丰台区,国有全资,非营利性医疗机构
北京市丰台区东铁营街道南方庄社区卫生服务站,北京市丰台区南方庄2号院5号楼110/210/209、1号楼106/107/108/109/110室,100079,110106,丰台区,私有,非营利性医疗机构
北京市丰台区东铁营街道沙子口社区卫生服务站,北京市丰台区南三环中路67号6号楼一层B1046、B1047号,100068,110106,丰台区,私有,非营利性医疗机构
北京市丰台区东铁营街道四方景园社区卫生服务站,北京市丰台区四方景园五区3号楼104、105、106，1号楼1层、5层,100164,110106,丰台区,集体全资,非营利性医疗机构
北京市丰台区东铁营街道政馨园社区卫生服务站,北京市丰台区政馨园二区2号楼1层02、03,100070,110106,丰台区,私有,非营利性医疗机构
北京市丰台区二七北社区卫生服务中心,北京市丰台区张郭庄南路甲1号,100072,110106,丰台区,其它内资,非营利性医疗机构
北京市丰台区二七南社区卫生服务中心,北京市丰台区长辛店崔村二里18号,100072,110106,丰台区,国有全资,非营利性医疗机构
北京市丰台区方庄社区卫生服务中心,北京市丰台区方庄芳群园三区一号,100078,110106,丰台区,国有全资,非营利性医疗机构
北京市丰台区丰台街道东大街社区卫生服务站,北京市丰台区东大街东里15号楼二层、三层,100071,110106,丰台区,私有,非营利性医疗机构
北京市丰台区丰台街道丰益花园社区卫生服务站,北京市丰台区丰管路1号院12号楼北侧,100073,110106,丰台区,集体全资,非营利性医疗机构
北京市丰台区丰台街道南开西里社区卫生服务站,北京市丰台区丰台镇桥南看丹路30号,100070,110106,丰台区,私有,非营利性医疗机构
北京市丰台区丰台街道新华街社区卫生服务站,北京市丰台区新华街七里11号楼23号,100070,110106,丰台区,私有,非营利性医疗机构
北京市丰台区丰台社区卫生服务中心,北京市丰台区丰台镇兴隆中街6号，北京市丰台区大成南里2区3号楼,100071,110106,丰台区,国有全资,非营利性医疗机构
北京市丰台区花乡白盆窑村社区卫生服务站,北京市丰台区花乡白盆窑村50号,100070,110106,丰台区,集体全资,非营利性医疗机构
北京市丰台区花乡草桥村社区卫生服务站,北京市丰台区草桥欣园乙10号楼,100067,110106,丰台区,集体全资,非营利性医疗机构
北京市丰台区花乡樊家村社区卫生服务站,北京市丰台区花乡樊家村,100070,110106,丰台区,集体全资,非营利性医疗机构
北京市丰台区花乡高立庄村社区卫生服务站,北京市丰台区花乡高立庄南路9号院18号楼,100070,110106,丰台区,集体全资,非营利性医疗机构
北京市丰台区花乡郭公庄村社区卫生服务站,北京市丰台区郭公庄北街1号院4号楼,100160,110106,丰台区,集体全资,非营利性医疗机构
北京市丰台区花乡黄土岗村社区卫生服务站,北京市丰台区花乡黄土岗村94号,100160,110106,丰台区,集体全资,非营利性医疗机构
北京市丰台区花乡看丹村社区卫生服务站,北京市丰台区花乡看丹村170号,100070,110106,丰台区,集体全资,非营利性医疗机构
北京市丰台区花乡六圈村社区卫生服务站,北京市丰台区花乡六圈村,100070,110106,丰台区,集体全资,非营利性医疗机构
北京市丰台区花乡社区卫生服务中心,北京市丰台区花乡纪家庙168号,100070,110106,丰台区,集体全资,非营利性医疗机构
北京市丰台区花乡四合庄村社区卫生服务站,北京市丰台区花乡四合庄村180号,100070,110106,丰台区,集体全资,非营利性医疗机构
北京市丰台区花乡天骄俊园社区卫生服务站,北京市丰台区潘家庙路9号院17号楼109-110,100076,110106,丰台区,私有,非营利性医疗机构
北京市丰台区花乡新发地村社区卫生服务站,北京市丰台区花乡新发地村1号,100160,110106,丰台区,集体全资,非营利性医疗机构
北京市丰台区花乡羊坊村社区卫生服务站,北京市丰台区花乡羊坊村甲一号,100070,110106,丰台区,集体全资,非营利性医疗机构
北京市丰台区花乡榆树庄村社区卫生服务站,北京市丰台区花乡榆树庄村88号,100070,110106,丰台区,集体全资,非营利性医疗机构
北京市丰台区花乡葆台村社区卫生服务站,北京市丰台区花乡葆台村,100070,110106,丰台区,集体全资,非营利性医疗机构
北京市丰台区卢沟桥国医社区卫生服务中心,北京市丰台区西局南街137号8号楼,100161,110106,丰台区,集体全资,非营利性医疗机构
北京市丰台区卢沟桥街道靛厂新区社区卫生服务站,北京市丰台区靛厂路26号12号楼底商,100039,110106,丰台区,私有,非营利性医疗机构
北京市丰台区卢沟桥街道丰体时代社区卫生服务站,北京市丰台区丰体南路1号院11幢1层101,100166,110106,丰台区,私有,非营利性医疗机构
北京市丰台区卢沟桥街道假日万恒社区卫生服务站,北京市丰台区兴景路299号院4号楼1层102,100166,110106,丰台区,私有,非营利性医疗机构
北京市丰台区卢沟桥街道建邦枫景社区卫生服务站,北京市丰台区双林东路105号院1号楼101-105室,100071,110106,丰台区,国有全资,非营利性医疗机构
北京市丰台区卢沟桥街道莲花池西里社区卫生服务站,北京市丰台区莲花池西里6号院17号楼1层南侧,100161,110106,丰台区,国有全资,非营利性医疗机构
北京市丰台区卢沟桥街道六里桥北里社区卫生服务站,北京市丰台区马官营服装公司宿舍楼前,100161,110106,丰台区,私有,非营利性医疗机构
北京市丰台区卢沟桥街道望园社区卫生服务站,北京市丰台区西四环南路52号,100073,110106,丰台区,国有全资,非营利性医疗机构
北京市丰台区卢沟桥社区卫生服务中心,北京市丰台区晓月苑清音街1号,100165,110106,丰台区,国有全资,非营利性医疗机构
北京市丰台区卢沟桥乡菜户营村社区卫生服务站,北京市丰台区卢沟桥乡菜户营村,100073,110106,丰台区,集体全资,非营利性医疗机构
北京市丰台区卢沟桥乡大井村社区卫生服务站,北京市丰台区程庄南里一号楼4层,100071,110106,丰台区,集体全资,非营利性医疗机构
北京市丰台区卢沟桥乡大瓦窑村社区卫生服务站,北京市丰台区卢沟桥乡大瓦窑村343号,100166,110106,丰台区,集体全资,非营利性医疗机构
北京市丰台区卢沟桥乡靛厂村社区卫生服务站,北京市丰台区卢沟桥乡靛厂村,100039,110106,丰台区,集体全资,非营利性医疗机构
北京市丰台区卢沟桥乡郭庄子村社区卫生服务站,北京市丰台区卢沟桥乡郭庄子村,100071,110106,丰台区,集体全资,非营利性医疗机构
北京市丰台区卢沟桥乡六里桥村社区卫生服务站,北京市丰台区六里桥莲怡园二区2号楼一层南区,100161,110106,丰台区,集体全资,非营利性医疗机构
北京市丰台区卢沟桥乡卢沟桥村社区卫生服务站,北京市丰台区卢沟桥乡卢沟桥村晓月中路6号,100165,110106,丰台区,集体全资,非营利性医疗机构
北京市丰台区卢沟桥乡马连道村社区卫生服务站,北京市丰台区卢沟桥乡马连道村,100073,110106,丰台区,集体全资,非营利性医疗机构
北京市丰台区卢沟桥乡太平桥村社区卫生服务站,北京市丰台区太平桥华源一里8号院（北门太平桥183号）,100073,110106,丰台区,集体全资,非营利性医疗机构
北京市丰台区卢沟桥乡万泉寺村社区卫生服务站,北京市丰台区卢沟桥乡万泉寺村,100073,110106,丰台区,集体全资,非营利性医疗机构
北京市丰台区卢沟桥乡西局村社区卫生服务站,北京市丰台区卢沟桥乡西局村,100073,110106,丰台区,集体全资,非营利性医疗机构
北京市丰台区卢沟桥乡小井村社区卫生服务站,北京市丰台区卢沟桥乡小井村87号,100161,110106,丰台区,集体全资,非营利性医疗机构
北京市丰台区卢沟桥乡小屯村社区卫生服务站,丰台区小屯村小屯西路甲3号,100071,110106,丰台区,集体全资,非营利性医疗机构
北京市丰台区卢沟桥乡小瓦窑村社区卫生服务站,北京市丰台区卢沟桥乡小瓦窑村,100040,110106,丰台区,集体全资,非营利性医疗机构
北京市丰台区卢沟桥乡岳各庄村社区卫生服务站,北京市丰台区西四环中路112号3-1号楼底商,100161,110106,丰台区,集体全资,非营利性医疗机构
北京市丰台区卢沟桥乡张仪村社区卫生服务站,北京市丰台区卢沟桥乡张仪村87号,100071,110106,丰台区,集体全资,非营利性医疗机构
北京市丰台区卢沟桥乡郑常庄村社区卫生服务站,北京市丰台区卢沟桥乡靛厂路50号院2号楼一层,100039,110106,丰台区,集体全资,非营利性医疗机构
北京市丰台区卢沟桥乡周庄子村社区卫生服务站,北京市丰台区后泥洼251号,100071,110106,丰台区,集体全资,非营利性医疗机构
北京市丰台区马家堡街道城南嘉园社区卫生服务站,北京市丰台区马家堡路154号院1号楼1层,100068,110106,丰台区,私有,非营利性医疗机构
北京市丰台区马家堡街道瑞丽江畔社区卫生服务站,丰台区马家堡西路28号院8号楼,100068,110106,丰台区,私有,非营利性医疗机构
北京市丰台区马家堡街道镇国寺社区卫生服务站,北京市丰台区镇国寺北街4号院2号楼底商601室,100068,110106,丰台区,私有,非营利性医疗机构
北京市丰台区马家堡社区卫生服务中心,北京市丰台区马家堡嘉园二里14号,100068,110106,丰台区,国有全资,非营利性医疗机构
北京市丰台区南苑社区卫生服务中心,北京市丰台区和义东里二区6号,100076,110106,丰台区,国有全资,非营利性医疗机构
北京市丰台区南苑乡大红门村社区卫生服务站,北京市丰台区南苑乡久敬庄路锦苑小区4号商业楼一层,100075,110106,丰台区,集体全资,非营利性医疗机构
北京市丰台区南苑乡分钟寺村社区卫生服务站,北京市丰台区南苑乡分钟寺村甲3号,100164,110106,丰台区,集体全资,非营利性医疗机构
北京市丰台区南苑乡槐房村社区卫生服务站,北京市丰台区南苑乡槐房村,100076,110106,丰台区,集体全资,非营利性医疗机构
北京市丰台区南苑乡南苑村社区卫生服务站,北京市丰台区南苑五爱屯西街25号,100076,110106,丰台区,集体全资,非营利性医疗机构
北京市丰台区南苑乡石榴庄村社区卫生服务站,北京市丰台区南苑乡石榴庄村,100079,110106,丰台区,集体全资,非营利性医疗机构
北京市丰台区南苑乡新宫村社区卫生服务站,北京市丰台区南苑乡新宫村,100076,110106,丰台区,集体全资,非营利性医疗机构
北京市丰台区南苑乡鑫福里社区卫生服务中心,北京市丰台区永外鑫福里小区甲6号,100068,110106,丰台区,集体全资,非营利性医疗机构
北京市丰台区蒲黄榆社区卫生服务中心,1、北京市丰台区蒲安西里16号，2、北京市丰台区石榴园小区南里801号楼。,100075,110106,丰台区,国有全资,非营利性医疗机构
北京市丰台区太平桥街道六里桥南里社区卫生服务站,北京市丰台区华源一里9号楼底商D132/133/134号、北京市丰台区华源一里甲１号楼１层,100073,110106,丰台区,私有,非营利性医疗机构
北京市丰台区太平桥街道三路居社区卫生服务站,丰台区凤凰嘴甲6号,100073,110106,丰台区,国有全资,非营利性医疗机构
北京市丰台区太平桥社区卫生服务中心,北京市丰台区太平桥路高楼村5号院S1楼一层东侧、二层和三层,100073,110106,丰台区,其它内资,非营利性医疗机构
北京市丰台区铁营街道赵公口社区卫生服务站,北京市丰台区赵公口24楼1层,100075,110106,丰台区,国有全资,非营利性医疗机构
北京市丰台区铁营社区卫生服务中心,北京市丰台区横一条甲18号院3号楼,100079,110106,丰台区,国有全资,非营利性医疗机构
北京市丰台区同仁京苑社区卫生服务中心,北京市丰台区马家堡东路88号,100068,110106,丰台区,集体全资,非营利性医疗机构
北京市丰台区王佐乡庄户村社区卫生服务站,北京市丰台区王佐乡庄户村,100074,110106,丰台区,集体全资,非营利性医疗机构
北京市丰台区王佐镇佃起村社区卫生服务站,北京市丰台区王佐乡佃起村,100074,110106,丰台区,集体全资,非营利性医疗机构
北京市丰台区王佐镇南宫村社区卫生服务站,北京市丰台区王佐乡南宫村长青路103号院242号,100074,110106,丰台区,集体全资,非营利性医疗机构
北京市丰台区王佐镇社区卫生服务中心,北京市丰台区王佐镇西王佐356号,100074,110106,丰台区,国有全资,非营利性医疗机构
北京市丰台区王佐镇魏各庄社区卫生服务站,北京市丰台区王佐镇鑫湖家园35号楼,100074,110106,丰台区,国有全资,非营利性医疗机构
北京市丰台区王佐镇西庄店社区卫生服务站,北京市丰台区王佐镇西庄店村甲2号,100074,110106,丰台区,国有全资,非营利性医疗机构
北京市丰台区王佐镇自然城社区卫生服务站,丰台区王佐镇自然城居住区A1号,100074,110106,丰台区,国有全资,非营利性医疗机构
北京市丰台区西罗园街道角门东里第二社区卫生服务站,北京市丰台区角门北路8号院1号楼1层101、2层101跃,100068,110106,丰台区,私有,非营利性医疗机构
北京市丰台区西罗园社区卫生服务中心,北京市丰台区西罗园1区26号,100077,110106,丰台区,国有全资,非营利性医疗机构
北京市丰台区新村街道北京方向社区卫生服务站,北京市丰台区郭公庄中街20号院7号楼南侧一层、二层,100070,110106,丰台区,私有,非营利性医疗机构
北京市丰台区新村街道枫泽园社区卫生服务站,北京市丰台区樊家村甲4号院7号楼1层,100071,110106,丰台区,私有,非营利性医疗机构
北京市丰台区新村街道鸿业兴园社区卫生服务站,丰台区鸿业兴园二区2号楼二层东侧,100070,110106,丰台区,国有全资,非营利性医疗机构
北京市丰台区新村街道新村社区卫生服务站,北京市丰台区葛村西里1号北京市三环英和医院一层西侧,100070,110106,丰台区,其它内资,非营利性医疗机构
北京市丰台区新村社区卫生服务中心,北京市丰台区首经贸北路8号院4号楼,100070,110106,丰台区,国有全资,非营利性医疗机构
北京市丰台区右安门社区卫生服务中心,北京市丰台区右安门外开阳里二街5号,100069,110106,丰台区,国有全资,非营利性医疗机构
北京市丰台区云岗街道大灰厂社区卫生服务站,北京市丰台区大灰厂路1号,100074,110106,丰台区,国有全资,非营利性医疗机构
北京市丰台区云岗社区卫生服务中心,北京市丰台区云岗街道南区20号楼,100074,110106,丰台区,国有全资,非营利性医疗机构
北京市丰台区朱家坟社区卫生服务中心,北京市丰台区朱家坟,100072,110106,丰台区,国有全资,非营利性医疗机构
北京市海淀区八里庄街道北洼西里社区卫生服务站,北京市海淀区北洼西里双紫小区甲29-9、甲29-10、甲29-11、甲29-12、甲29-13,100089,110108,海淀区,国有全资,非营利性医疗机构
北京市海淀区八里庄街道定慧寺社区卫生服务站,北京市海淀区八里庄定慧北里27号楼5门102,100142,110108,海淀区,国有全资,非营利性医疗机构
北京市海淀区八里庄街道核二院社区卫生服务站,北京市海淀区马神庙一号,100840,110108,海淀区,集体全资,非营利性医疗机构
北京市海淀区八里庄街道亮甲店社区卫生服务站,北京市海淀区定慧家园北里（八里庄路63号院）2号楼首层,100142,110108,海淀区,集体全资,非营利性医疗机构
北京市海淀区八里庄社区卫生服务中心（北京市海淀区八里庄医院）,北京市海淀区阜外亮甲店1号恩济西园10号楼首层,100142,110108,海淀区,国有全资,非营利性医疗机构
北京市海淀区北安河社区卫生服务中心（北安河卫生院）,北京市海淀区北安河路8号,100095,110108,海淀区,国有全资,非营利性医疗机构
北京市海淀区北太平庄街道明光村社区卫生服务站,海淀区明光村小区19号楼1号,100088,110108,海淀区,集体全资,非营利性医疗机构
北京市海淀区北太平庄街道太月园社区卫生服务站,海淀区太月园小区10号楼地下一层,100088,110108,海淀区,国有全资,非营利性医疗机构
北京市海淀区北太平庄街道冶建院社区卫生服务站,北京市海淀区西土城路31号,100088,110108,海淀区,国有全资,非营利性医疗机构
北京市海淀区北太平庄街道有色金属研究总院社区卫生服务站,北京市海淀区新街口外大街3号,100088,110108,海淀区,国有全资,非营利性医疗机构
北京市海淀区北太平庄社区卫生服务中心（北京市海淀区北太平庄医院）,北京市海淀区文慧园6号楼,100088,110108,海淀区,国有全资,非营利性医疗机构
北京市海淀区北下关街道动物园社区卫生服务站,北京市海淀区北下关西外大街太平庄动物园家委会,100081,110108,海淀区,国有全资,非营利性医疗机构
北京市海淀区北下关街道钢研社区卫生服务站,北京市海淀区高粱斜街13号院内二层小楼,100081,110108,海淀区,国有全资,非营利性医疗机构
北京市海淀区北下关街道青云社区卫生服务站,北京市海淀区北三环西路40号,100086,110108,海淀区,国有全资,非营利性医疗机构
北京市海淀区北下关街道双安社区卫生服务站,北京市海淀区双榆树南里二里3号平房,100086,110108,海淀区,国有全资,非营利性医疗机构
北京市海淀区北下关街道皂君庙社区卫生服务站,北京市海淀区学院南路皂君东里,100081,110108,海淀区,集体全资,非营利性医疗机构
北京市海淀区北下关街道中国铁道科学研究院社区卫生服务站,北京市海淀区西直门外大柳树路2号,100081,110108,海淀区,国有全资,非营利性医疗机构
北京市海淀区北下关街道中央财经大学社区卫生服务站,海淀区学院南路39号院,100081,110108,海淀区,国有全资,非营利性医疗机构
北京市海淀区北下关社区卫生服务中心（北京市海淀区北下关医院）,北京市海淀区北下关财院东侧路,100081,110108,海淀区,国有全资,非营利性医疗机构
北京市海淀区东升镇八家嘉园社区卫生服务站,北京市海淀区东升镇八家嘉园19号楼地上一层,100085,110108,海淀区,国有全资,非营利性医疗机构
北京市海淀区东升镇宝盛里社区卫生服务站,北京市海淀区观林园B35号楼首层东侧,100192,110108,海淀区,国有全资,非营利性医疗机构
北京市海淀区东升镇社区卫生服务中心（北京市海淀区东升卫生院）,北京市海淀区东升镇潘庄村西路,100192,110108,海淀区,集体全资,非营利性医疗机构
北京市海淀区东升镇朱房前街社区卫生服务站,北京市海淀区清河朱房前街4号院,100192,110108,海淀区,国有全资,非营利性医疗机构
北京市海淀区甘家口街道财政局社区卫生服务站,北京市海淀区阜成路11号145栋一层101-109,100036,110108,海淀区,国有全资,非营利性医疗机构
北京市海淀区甘家口街道阜南社区卫生服务站,海淀区阜成路南街8号,100037,110108,海淀区,集体全资,非营利性医疗机构
北京市海淀区甘家口街道航天工业社区卫生服务站,北京市海淀区阜成路8号,100830,110108,海淀区,国有全资,非营利性医疗机构
北京市海淀区甘家口街道合建楼社区卫生服务站,海淀区车公庄西路45号,100044,110108,海淀区,集体全资,非营利性医疗机构
北京市海淀区甘家口街道花园村社区卫生服务站,海淀区车公庄西路花园村甲10号,100044,110108,海淀区,集体全资,非营利性医疗机构
北京市海淀区甘家口街道进口社区卫生服务站,海淀区三里河路5号院,100044,110108,海淀区,集体全资,非营利性医疗机构
北京市海淀区甘家口街道潘庄社区卫生服务站,北京市海淀区潘庄1号院附属服务楼一层,100048,110108,海淀区,国有全资,非营利性医疗机构
北京市海淀区甘家口街道水科院北院社区卫生服务站,北京市海淀区车公庄西路20号,100044,110108,海淀区,国有全资,非营利性医疗机构
北京市海淀区甘家口街道外文社区卫生服务站,海淀区紫竹院南路20号外文印刷厂宿舍,100044,110108,海淀区,集体全资,非营利性医疗机构
北京市海淀区甘家口街道西钓社区卫生服务站,北京市海淀区西三环中路11号,100142,110108,海淀区,国有全资,非营利性医疗机构
北京市海淀区甘家口社区卫生服务中心（北京市海淀区甘家口医院）,北京市海淀区增光路甲57号,100037,110108,海淀区,国有全资,非营利性医疗机构
北京市海淀区海淀街道小南庄社区卫生服务站,北京市海淀区小南庄小区31号楼,100086,110108,海淀区,国有全资,非营利性医疗机构
北京市海淀区海淀街道芙蓉里社区卫生服务站,北京市海淀区万泉路芙蓉里小区7号楼一层,100080,110108,海淀区,国有全资,非营利性医疗机构
北京市海淀区海淀乡功德寺社区卫生服务站,北京市海淀区海淀乡功德寺后营村六间房,100092,110108,海淀区,国有全资,非营利性医疗机构
北京市海淀区海淀镇社区卫生服务中心（北京市海淀区海淀卫生院）,海淀区西苑操场108号,100091,110108,海淀区,国有全资,非营利性医疗机构
北京市海淀区花园路街道1201社区卫生服务站,北京市海淀区花园路5号院11号楼南侧,100088,110108,海淀区,国有全资,非营利性医疗机构
北京市海淀区花园路街道北科欣兴社区卫生服务站,北京市海淀区花园路街道花园路3号院2号楼北侧平房,100088,110108,海淀区,国有全资,非营利性医疗机构
北京市海淀区花园路街道北影社区卫生服务站,北京市海淀区北三环中路77号,100088,110108,海淀区,国有全资,非营利性医疗机构
北京市海淀区花园路街道金尚嘉园社区卫生服务站,北京市海淀区花园路甲2号3号楼7-101,100088,110108,海淀区,国有全资,非营利性医疗机构
北京市海淀区花园路街道塔院社区卫生服务站,北京市海淀区塔院小区朗秋园3楼1门103,100088,110108,海淀区,国有全资,非营利性医疗机构
北京市海淀区花园路社区卫生服务中心,北京市海淀区马甸西路月季园小区,100088,110108,海淀区,国有全资,非营利性医疗机构
北京市海淀区蓟门里社区卫生服务中心(北京市海淀区蓟门里医院),北京市海淀区蓟门里小区内,100088,110108,海淀区,国有全资,非营利性医疗机构
北京市海淀区马连洼街道百旺茉莉园社区卫生服务站,北京市海淀区马连洼街道百旺茉莉园36号物业楼,100193,110108,海淀区,国有全资,非营利性医疗机构
北京市海淀区马连洼街道梅园社区卫生服务站,北京市海淀区梅园小区商务平房,100193,110108,海淀区,国有全资,非营利性医疗机构
北京市海淀区马连洼街道天秀花园社区卫生服务站,北京市海淀区天秀花园安和园11号楼,100193,110108,海淀区,国有全资,非营利性医疗机构
北京市海淀区马连洼街道肖家河社区卫生服务站,海淀区马连洼街道肖家河正黄旗1号,100091,110108,海淀区,国有全资,非营利性医疗机构
北京市海淀区马连洼街道竹园社区卫生服务站,北京市海淀区东北旺镇马连洼竹园小区综合楼112号,100194,110108,海淀区,其他,非营利性医疗机构
北京市海淀区聂各庄卫生院,聂各庄路26号,100194,110108,海淀区,国有全资,非营利性医疗机构
北京市海淀区青龙桥街道二河开社区卫生服务站,北京市海淀区青龙桥街道二河开村村北,100091,110108,海淀区,国有全资,非营利性医疗机构
北京市海淀区青龙桥街道国际关系学院社区卫生服务站,淀区大有庄坡上村12号    ,100091,110108,海淀区,国有全资,非营利性医疗机构
北京市海淀区青龙桥街道马连洼社区卫生服务站,北京市海淀区马连洼兰园小区物业白楼,100193,110108,海淀区,国有全资,非营利性医疗机构
北京市海淀区青龙桥街道西苑社区卫生服务站,北京市海淀区骚子营2区67号,100091,110108,海淀区,国有全资,非营利性医疗机构
北京市海淀区青龙桥街道裕龙社区卫生服务站,青龙桥街道天秀路西裕隆新村,100193,110108,海淀区,国有全资,非营利性医疗机构
北京市海淀区青龙桥街道中共中央党校社区卫生服务站,北京市海淀区大有北里143楼,100091,110108,海淀区,集体全资,非营利性医疗机构
北京市海淀区青龙桥社区卫生服务中心,北京市海淀区厢红旗东2号,100091,110108,海淀区,国有全资,非营利性医疗机构
北京市海淀区清河街道美和园社区卫生服务站,北京市海淀区清河小营西路48号金隅美和园西区6号楼4单元1层,100085,110108,海淀区,国有全资,非营利性医疗机构
北京市海淀区清河街道清毛社区卫生服务站,北京市海淀区清河镇,100085,110108,海淀区,其他,非营利性医疗机构
北京市海淀区清河街道清上园社区卫生服务站,北京市海淀区清河三街72号,100085,110108,海淀区,国有全资,非营利性医疗机构
北京市海淀区清河街道社会福利社区卫生服务中心,北京市海淀区清河三街52号北京市社会福利院门诊楼一层,100085,110108,海淀区,国有全资,非营利性医疗机构
北京市海淀区清河街道西二旗社区卫生服务站,北京市海淀区领秀新硅谷85号楼底商4单元101、3单元102,100085,110108,海淀区,国有全资,非营利性医疗机构
北京市海淀区清河街道学府树社区卫生服务站,北京市海淀区清河学府树家园综合楼,100085,110108,海淀区,国有全资,非营利性医疗机构
北京市海淀区清河街道朱房社区卫生服务站,北京市海淀区清河街道前街56号,100085,110108,海淀区,国有全资,非营利性医疗机构
北京市海淀区清河街道怡美社区卫生服务站,北京市海淀区清河安宁庄西路15号,100085,110108,海淀区,国有全资,非营利性医疗机构
北京市海淀区清河社区卫生服务中心（北京市海淀区清河医院）,北京市海淀区安宁庄东路19号,100085,110108,海淀区,国有全资,非营利性医疗机构
北京市海淀区上地街道东馨园社区卫生服务站,北京市海淀区东北旺东馨小区,100084,110108,海淀区,国有全资,非营利性医疗机构
北京市海淀区上地街道上地社区卫生服务站,海淀区上地南路6号院1楼,100085,110108,海淀区,国有全资,非营利性医疗机构
北京市海淀区上地街道树村社区卫生服务站,海淀区上地街道厢黄旗万树园小区,100094,110108,海淀区,集体全资,非营利性医疗机构
北京市海淀区上地街道亿城社区卫生服务站,北京市海淀区西北旺中关村软件园“亿城北旺雅苑”项目住宅31号楼9单元1层117号,100193,110108,海淀区,国有全资,非营利性医疗机构
北京市海淀区上地街道紫成嘉园社区卫生服务站,北京市海淀区上地街道紫成嘉园14号楼一单元102室,100193,110108,海淀区,其他,非营利性医疗机构
北京市海淀区上地社区卫生服务中心(北京市海淀区东北旺中心卫生院),北京市海淀区西北旺二街5号,100094,110108,海淀区,国有全资,非营利性医疗机构
北京市海淀区上地园区社区卫生服务中心,北京市海淀区上地西路52号,100085,110108,海淀区,国有全资,非营利性医疗机构
北京市海淀区上庄镇八家村社区卫生服务站,北京市海淀区上庄镇八家村村委会,100194,110108,海淀区,国有全资,非营利性医疗机构
北京市海淀区上庄镇白水洼社区卫生服务站,北京市海淀区上庄卫生院三分场场部,100094,110108,海淀区,国有全资,非营利性医疗机构
北京市海淀区上庄镇东马坊社区卫生服务站,北京市海淀区上庄镇东马坊村,102205,110108,海淀区,国有全资,非营利性医疗机构
北京市海淀区上庄镇后章村社区卫生服务站,北京市海淀区上庄镇后章村,102205,110108,海淀区,国有全资,非营利性医疗机构
北京市海淀区上庄镇梅所屯社区卫生服务站,北京市海淀区上庄镇梅所屯村委会,102206,110108,海淀区,国有全资,非营利性医疗机构
北京市海淀区上庄镇南玉河社区卫生服务站,北京市海淀区上庄镇南玉河村,100094,110108,海淀区,国有全资,非营利性医疗机构
北京市海淀区上庄镇前章村社区卫生服务站,北京市海淀区上庄镇前章村,100094,110108,海淀区,国有全资,非营利性医疗机构
北京市海淀区上庄镇三嘉信苑社区卫生服务站,北京三嘉信苑经济适用房小区6号1单元201,100094,110108,海淀区,国有全资,非营利性医疗机构
北京市海淀区上庄镇上庄家园社区卫生服务站,北京市海淀区上庄镇政府北侧,100094,110108,海淀区,国有全资,非营利性医疗机构
北京市海淀区上庄镇社区卫生服务中心（北京市海淀区上庄卫生院）,北京市海淀区上庄镇上庄村,100094,110108,海淀区,国有全资,非营利性医疗机构
北京市海淀区上庄镇西辛力屯社区卫生服务站,北京市海淀区上庄镇西辛力屯村,102205,110108,海淀区,国有全资,非营利性医疗机构
北京市海淀区上庄镇西闸社区卫生服务站,北京市海淀区上庄镇西闸村,102205,110108,海淀区,国有全资,非营利性医疗机构
北京市海淀区上庄镇馨瑞家园社区卫生服务站,北京市海淀区上庄镇馨瑞家园,100094,110108,海淀区,国有全资,非营利性医疗机构
北京市海淀区时雨园社区卫生服务站,北京市海淀区蓝靛厂时雨园甲1号甲1-2、甲1-3,100097,110108,海淀区,其他,非营利性医疗机构
北京市海淀区曙光街道金雅园社区卫生服务站,北京市海淀区曙光街道金雅园6号楼底商104室,100097,110108,海淀区,国有全资,非营利性医疗机构
北京市海淀区曙光街道农林科学院社区卫生服务站,北京市海淀区西郊板井,100089,110108,海淀区,国有全资,非营利性医疗机构
北京市海淀区曙光街道世纪城社区卫生服务站,北京市海淀区曙光街道世纪城下沉广场,100097,110108,海淀区,国有全资,非营利性医疗机构
北京市海淀区曙光街道曙光花园社区卫生服务站,北京市海淀区曙光花园望塔园综合楼一层,100097,110108,海淀区,国有全资,非营利性医疗机构
北京市海淀区曙光街道烟树园社区卫生服务站,北京市海淀区曙光街道烟树园社区,100097,110108,海淀区,集体全资,非营利性医疗机构
北京市海淀区双榆树社区卫生服务中心(北京市海淀区中医医院),海淀区双榆树西里12号,100086,110108,海淀区,国有全资,非营利性医疗机构
北京市海淀区四季青镇北坞嘉园社区卫生服务站,北京市海淀区闵庄路玉泉慧谷西区4号楼底商,100091,110108,海淀区,其他,非营利性医疗机构
北京市海淀区四季青镇常青园北里社区卫生服务站,北京市海淀区四季青镇常青园北里,100195,110108,海淀区,集体全资,非营利性医疗机构
北京市海淀区四季青镇常青园社区卫生服务站,北京市海淀区四季青镇东冉村常青园1区7号楼地下一层,100195,110108,海淀区,国有全资,非营利性医疗机构
北京市海淀区四季青镇红门社区卫生服务站,北京市海淀区四季青镇香山正蓝旗28号,,110108,海淀区,集体全资,非营利性医疗机构
北京市海淀区四季青镇巨山社区卫生服务站,北京市海淀区四季青镇巨山馨苑,100093,110108,海淀区,集体全资,非营利性医疗机构
北京市海淀区四季青镇门头村社区卫生服务站,北京市海淀区门头馨村北一区215号,100093,110108,海淀区,国有全资,非营利性医疗机构
北京市海淀区四季青镇双新园社区卫生服务站,北京海淀区四季青镇双新村双拥路东侧,100093,110108,海淀区,国有全资,非营利性医疗机构
北京市海淀区四季青镇天香颐社区卫生服务站,海淀区四季青镇天香颐小区天香颐社区卫生服务站,100195,110108,海淀区,国有全资,非营利性医疗机构
北京市海淀区四季青镇田村社区卫生服务站,北京市海淀区田村前街153号,100049,110108,海淀区,国有全资,非营利性医疗机构
北京市海淀区四季青镇西郊机场社区卫生服务站,北京市海淀区闵航路空字第1120A,100195,110108,海淀区,其他,非营利性医疗机构
北京市海淀区四季青镇西冉社区卫生服务站,北京市海淀区四季青镇西冉村渔场,100195,110108,海淀区,集体全资,非营利性医疗机构
北京市海淀区四季青镇西山社区卫生服务站,北京市海淀区溪山嘉园山景轩5号,100195,110108,海淀区,国有全资,非营利性医疗机构
北京市海淀区四季青镇玉泉社区卫生服务站,北京市四季青镇中坞村362号,100195,110108,海淀区,国有全资,非营利性医疗机构
北京市海淀区四季青镇郦城社区卫生服务站,北京市海淀区四季青镇四季青路8号-126室、129室、130室,100195,110108,海淀区,集体全资,非营利性医疗机构
北京市海淀区苏家坨镇北分厂社区卫生服务站,北京市海淀区温泉北分瑞利集团家属区院内,100019,110108,海淀区,国有全资,非营利性医疗机构
北京市海淀区苏家坨镇车耳营社区卫生服务站,北京市海淀区苏家坨镇车耳营村,100095,110108,海淀区,国有全资,非营利性医疗机构
北京市海淀区苏家坨镇后沙涧社区卫生服务站,北京市海淀区苏家坨镇后沙涧村村委会,100095,110108,海淀区,国有全资,非营利性医疗机构
北京市海淀区苏家坨镇柳林社区卫生服务站,北京市海淀区苏家坨镇柳林村河北三区74号,100194,110108,海淀区,国有全资,非营利性医疗机构
北京市海淀区苏家坨镇前沙涧社区卫生服务站,北京市海淀区苏家坨镇西小营集镇,100092,110108,海淀区,国有全资,非营利性医疗机构
北京市海淀区苏家坨镇社区卫生服务中心（北京市海淀区苏家坨中心卫生院）,海淀区苏家坨镇西小营集镇路东,100194,110108,海淀区,国有全资,非营利性医疗机构
北京市海淀区苏家坨镇同泽园社区卫生服务站,北京市海淀区苏家坨镇同泽园西里10号楼1层09号,100194,110108,海淀区,国有全资,非营利性医疗机构
北京市海淀区苏家坨镇西埠头社区卫生服务站,北京市海淀区北安河路42号,100095,110108,海淀区,国有全资,非营利性医疗机构
北京市海淀区苏家坨镇周家巷社区卫生服务站,北京市海淀区温泉路116号,100095,110108,海淀区,国有全资,非营利性医疗机构
北京市海淀区田村街道建西苑社区卫生服务站,北京市海淀区田村街道八角东路12号锅炉房东侧,100143,110108,海淀区,国有全资,非营利性医疗机构
北京市海淀区田村街道西木社区卫生服务站,北京市海淀区西四环北路137号院甲3号,100143,110108,海淀区,国有全资,非营利性医疗机构
北京市海淀区田村街道橡胶院社区卫生服务站,北京市海淀区阜石路甲19号院内工会礼堂一层,100143,110108,海淀区,国有全资,非营利性医疗机构
北京市海淀区田村街道永金里社区卫生服务站,北京市海淀区五棵松81号院四号楼西设备层西侧房屋,100143,110108,海淀区,国有全资,非营利性医疗机构
北京市海淀区田村街道玉海园社区卫生服务站,北京市海淀区玉海园二里9号商用楼二层,100049,110108,海淀区,国有全资,非营利性医疗机构
北京市海淀区田村路街道瑞和园社区卫生服务站,北京市海淀区田村山南路金隅瑞和园小区15#配套公建一层,100143,110108,海淀区,国有全资,非营利性医疗机构
北京市海淀区田村路社区卫生服务中心,北京市海淀区田村北路海澜中苑2号公建楼,100039,110108,海淀区,国有全资,非营利性医疗机构
北京市海淀区万柳社区卫生服务站,北京市海淀区万柳星标家园1-6号楼之5号楼底商1门,100089,110108,海淀区,其他,非营利性医疗机构
北京市海淀区万寿路甲15号院社区卫生服务站,北京市海淀区万寿路甲15号院西区,100036,110108,海淀区,国有全资,非营利性医疗机构
北京市海淀区万寿路街道翠微南里社区卫生服务站,北京市海淀区翠微南里南平房1号,100036,110108,海淀区,集体全资,非营利性医疗机构
北京市海淀区万寿路街道翠微西里社区卫生服务站,万寿路翠微西里,100036,110108,海淀区,国有全资,非营利性医疗机构
北京市海淀区万寿路街道复兴路社区卫生服务站,北京市海淀区复兴路24号,100036,110108,海淀区,集体全资,非营利性医疗机构
北京市海淀区万寿路街道沙窝社区卫生服务站,西翠路5号今日家园5楼B02、03,100039,110108,海淀区,国有全资,非营利性医疗机构
北京市海淀区万寿路街道铁路宿舍社区卫生服务站,北京市海淀区万寿路1号院,100036,110108,海淀区,国有全资,非营利性医疗机构
北京市海淀区万寿路街道万寿园社区卫生服务站,万寿路西街甲板1号院5号楼一层,100036,110108,海淀区,国有全资,非营利性医疗机构
北京市海淀区万寿路街道新兴年代社区卫生服务站,北京市海淀区新兴年代小区1号楼首层配套用房,100036,110108,海淀区,国有全资,非营利性医疗机构
北京市海淀区万寿路街道紫金长安社区卫生服务站,北京市海淀区西翠路17号院紫金长安家园17号楼1单元102号,100142,110108,海淀区,国有全资,非营利性医疗机构
北京市海淀区万寿路街道总参军训和兵种部第六干休所社区卫生服务站,北京市海淀区万寿路街道复兴路26号院12楼,100851,110108,海淀区,国有全资,非营利性医疗机构
北京市海淀区万寿路社区卫生服务中心（北京市海淀区万寿路医院）,北京市海淀区翠微中里十三号,100036,110108,海淀区,国有全资,非营利性医疗机构
北京市海淀区温泉村社区卫生服务站,北京市海淀区温泉镇温泉村委会东北街,100095,110108,海淀区,国有全资,非营利性医疗机构
北京市海淀区温泉镇航材院社区卫生服务中心（航空总医院航材院门诊部）,北京市81信箱59分箱,100095,110108,海淀区,国有全资,非营利性医疗机构
北京市海淀区温泉镇环保园社区卫生服务站,北京市海淀区温泉镇阅西山小区3号楼,100095,110108,海淀区,国有全资,非营利性医疗机构
北京市海淀区温泉镇尚峰园社区卫生服务站,北京市海淀区温泉镇白家疃尚峰园8号楼5单元103号,100095,110108,海淀区,国有全资,非营利性医疗机构
北京市海淀区温泉镇社区卫生服务中心（北京市海淀区温泉中心卫生院）,海淀区温泉镇黑龙潭,100095,110108,海淀区,国有全资,非营利性医疗机构
北京市海淀区温泉镇水岸温泉社区卫生服务站,北京市海淀区温泉镇水岸温泉小区北区13号楼,100095,110108,海淀区,国有全资,非营利性医疗机构
北京市海淀区温泉镇杨家庄社区卫生服务站,北京市海淀区温泉镇温泉人家小区物业一层,100095,110108,海淀区,国有全资,非营利性医疗机构
北京市海淀区温泉镇颐阳山水居社区卫生服务站,北京市海淀区温泉镇颐阳一区社区门外居委会办公楼一层,,110108,海淀区,集体全资,非营利性医疗机构
北京市海淀区温泉镇颐阳山水区社区卫生服务站,北京市海淀区温泉镇杨家庄村南颐阳山水居二区,100095,110108,海淀区,集体全资,非营利性医疗机构
北京市海淀区西北旺镇大牛坊社区卫生服务站,北京市海淀区大牛坊回迁房Ａ03地块二期2号楼Ｂ段一层中,100094,110108,海淀区,国有全资,非营利性医疗机构
北京市海淀区西北旺镇亮甲店村社区卫生服务站,北京市海淀区西北旺镇亮甲店村小区8号（平房）,100094,110108,海淀区,集体全资,非营利性医疗机构
北京市海淀区西北旺镇六里屯社区卫生服务站,北京市海淀区六里屯回迁房四区底商,100094,110108,海淀区,国有全资,非营利性医疗机构
北京市海淀区西北旺镇社区卫生服务中心（北京市海淀区永丰卫生院）,海淀区永丰嘉园五区7号楼底商 6号楼底商,100094,110108,海淀区,国有全资,非营利性医疗机构
北京市海淀区西北旺镇唐家岭社区卫生服务站,北京市海淀区西北旺镇唐家岭新城公建配套楼一层,100094,110108,海淀区,其他,非营利性医疗机构
北京市海淀区西北旺镇西六社区卫生服务站,北京市海淀区西北旺镇宏丰西路1号院,100094,110108,海淀区,集体全资,非营利性医疗机构
北京市海淀区西北旺镇西山林语社区卫生服务站,北京市海淀区西北旺镇冷泉村冷泉住宅区西峰霞谷B区03-34号楼,100095,110108,海淀区,国有全资,非营利性医疗机构
北京市海淀区西北旺镇友谊嘉园社区卫生服务站,北京市海淀区友谊嘉园中里2-S1公建房一层南,100094,110108,海淀区,国有全资,非营利性医疗机构
北京市海淀区西三旗街道富力桃园社区卫生服务站,北京市海淀区西三旗建材城项目C地块北部配套综合楼,100096,110108,海淀区,其他,非营利性医疗机构
北京市海淀区西三旗街道建材城东里社区卫生服务站,北京市海淀区西三旗街道建材城东一里15楼,100093,110108,海淀区,国有全资,非营利性医疗机构
北京市海淀区西三旗街道军械修理厂社区卫生服务站,北京市海淀区西三旗建材城西路85号院22号楼,100096,110108,海淀区,国有全资,非营利性医疗机构
北京市海淀区西三旗街道科实五金有限责任公司社区卫生服务站,海淀区西三旗东建材城西路12号,100096,110108,海淀区,其他,非营利性医疗机构
北京市海淀区西三旗街道龙岗社区卫生服务站,北京市海淀区西三旗街道龙岗路3号,100085,110108,海淀区,国有全资,非营利性医疗机构
北京市海淀区西三旗街道卫生学校社区卫生服务站,北京市海淀区清河永泰庄北路27号,100192,110108,海淀区,集体全资,非营利性医疗机构
北京市海淀区西三旗街道新材社区卫生服务站（北京新材医院）,北京市海淀区德外西三旗东建材城西路39号,100096,110108,海淀区,国有全资,非营利性医疗机构
北京市海淀区西三旗街道永泰社区卫生服务站,北京市海淀区清缘里中区1号楼底商,100085,110108,海淀区,国有全资,非营利性医疗机构
北京市海淀区西三旗社区卫生服务中心,北京市海淀区宝盛里32号楼,100192,110108,海淀区,国有全资,非营利性医疗机构
北京市海淀区香山街道香山社区卫生服务站,北京市海淀区香山北辛村25号,100093,110108,海淀区,国有全资,非营利性医疗机构
北京市海淀区香山社区卫生服务中心,北京市海淀区香山路甲1号2区,100093,110108,海淀区,国有全资,非营利性医疗机构
北京市海淀区学院路街道城建第四社区卫生服务站,北京市海淀区王庄路27号,100083,110108,海淀区,国有全资,非营利性医疗机构
北京市海淀区学院路街道大华无线电仪器厂社区卫生服务站,北京市海淀区学院路14号,100083,110108,海淀区,国有全资,非营利性医疗机构
北京市海淀区学院路街道东王庄社区卫生服务站,东王庄小区8号楼一层,100083,110108,海淀区,国有全资,非营利性医疗机构
北京市海淀区学院路街道二里庄社区卫生服务站,北京市海淀区二里庄5号楼一层,100083,110108,海淀区,其他,非营利性医疗机构
北京市海淀区学院路街道建清园社区卫生服务站,北京市海淀区学院路建清园小区3号楼、北京市海淀区双泉堡125号院2号楼1号,100085,110108,海淀区,集体全资,非营利性医疗机构
北京市海淀区学院路街道军休社区卫生服务站,海淀区二里庄15号,100083,110108,海淀区,国有全资,非营利性医疗机构
北京市海淀区学院路街道林大北路社区卫生服务站,北京市海淀区林北路9号院白楼（原768粮店）,100039,110108,海淀区,国有全资,非营利性医疗机构
北京市海淀区学院路街道信息产业部电子第六研究所社区卫生服务站,北京市海淀区学院路16号1号楼,100083,110108,海淀区,国有全资,非营利性医疗机构
北京市海淀区学院路街道志新村社区卫生服务站,北京市海淀区志新村小区8号楼,100039,110108,海淀区,国有全资,非营利性医疗机构
北京市海淀区学院路社区卫生服务中心,海淀区北四环中路279号展春园小区30号楼,100083,110108,海淀区,国有全资,非营利性医疗机构
北京市海淀区燕园街道承泽园社区卫生服务站,北京市海淀区万泉河路承泽园1号,,110108,海淀区,国有全资,非营利性医疗机构
北京市海淀区羊坊店街道北蜂窝社区卫生服务站,北京市海淀区羊坊店柳林馆南里14-4-2,100038,110108,海淀区,国有全资,非营利性医疗机构
北京市海淀区羊坊店街道翠微路社区卫生服务站,北京市海淀区翠微路18号办公楼一层翠微路社区卫生服务站,100036,110108,海淀区,国有全资,非营利性医疗机构
北京市海淀区羊坊店街道黄亭子社区卫生服务站,北京市海淀区羊坊店路甲2号,100038,110108,海淀区,国有全资,非营利性医疗机构
北京市海淀区羊坊店街道会城门社区卫生服务站,北京市海淀区复兴路4号院5号楼1层西侧,100038,110108,海淀区,集体全资,非营利性医疗机构
北京市海淀区羊坊店街道莲花小区社区卫生服务站,北京市海淀区莲花小区2号楼3门设备层耳房,100036,110108,海淀区,国有全资,非营利性医疗机构
北京市海淀区羊坊店街道茂林社区卫生服务站,北京市海淀区木樨地茂林小区7号楼北一层,100036,110108,海淀区,集体全资,非营利性医疗机构
北京市海淀区羊坊店街道水科院社区卫生服务站,北京市海淀区复兴路甲1号院,100044,110108,海淀区,国有全资,非营利性医疗机构
北京市海淀区羊坊店街道吴家村社区卫生服务站,海淀区吴家村10号院,100073,110108,海淀区,国有全资,非营利性医疗机构
北京市海淀区羊坊店街道颐源居社区卫生服务站,北京市海淀区翠微路4号院颐源居小区6号楼一层、5号楼一层,100036,110108,海淀区,国有全资,非营利性医疗机构
北京市海淀区羊坊店社区卫生服务中心(北京市海淀区北蜂窝医院),北京市海淀区北蜂窝路中段西侧,100038,110108,海淀区,国有全资,非营利性医疗机构
北京市海淀区永定路街道八街坊社区卫生服务站,海淀区金沟河路5号826楼前,100039,110108,海淀区,国有全资,非营利性医疗机构
北京市海淀区永定路街道九街坊社区卫生服务站,海淀区金沟河路2号916楼,100039,110108,海淀区,国有全资,非营利性医疗机构
北京市海淀区永定路街道六街坊社区卫生服务站,海淀区复兴路79号627综合服务楼,100039,110108,海淀区,国有全资,非营利性医疗机构
北京市海淀区永定路街道四街坊社区卫生服务站,永定路52号一区,100039,110108,海淀区,国有全资,非营利性医疗机构
北京市海淀区永定路社区卫生服务中心,海淀区永定路57号213楼,100039,110108,海淀区,国有全资,非营利性医疗机构
北京市海淀区玉渊潭社区卫生服务中心(北京市海淀区玉渊潭医院),北京市海淀区阜成路85号,100142,110108,海淀区,国有全资,非营利性医疗机构
北京市海淀区中关村街道保福寺社区卫生服务站,中关村南二条甲334楼101,100190,110108,海淀区,国有全资,非营利性医疗机构
北京市海淀区中关村街道华清园社区卫生服务站,北京市海淀区东升园公寓10号楼5南侧,100083,110108,海淀区,国有全资,非营利性医疗机构
北京市海淀区中关村街道科学园南里社区卫生服务站,科学园南里东街6-5,100101,110108,海淀区,国有全资,非营利性医疗机构
北京市海淀区中关村街道青云北区社区卫生服务站,北京市海淀区青云北宿舍区,100086,110108,海淀区,国有全资,非营利性医疗机构
北京市海淀区中关村街道水清木华园社区卫生服务站,北京市海淀区中关村北二街水清木华园1-107,100080,110108,海淀区,国有全资,非营利性医疗机构
北京市海淀区中关村街道知春东里社区卫生服务站,海淀区双榆树知春东里9号楼,100086,110108,海淀区,集体全资,非营利性医疗机构
北京市海淀区紫竹院街道厂洼社区卫生服务站,海淀区紫竹院街道社区卫生服务中心一层,100081,110108,海淀区,国有全资,非营利性医疗机构
北京市海淀区紫竹院街道车道沟南里社区卫生服务站,北京市海淀区车道沟南里20号楼地下一层,100089,110108,海淀区,国有全资,非营利性医疗机构
北京市海淀区紫竹院街道航天工业机关北区社区卫生服务站,北京市海淀区紫竹院14号院西侧平房,100048,110108,海淀区,国有全资,非营利性医疗机构
北京市海淀区紫竹院街道青年政治学院社区卫生服务站,西三环北路25号,100089,110108,海淀区,国有全资,非营利性医疗机构
北京市海淀区紫竹院街道魏公村社区卫生服务站,魏公村小区19号楼西侧平房,100081,110108,海淀区,国有全资,非营利性医疗机构
北京市怀柔区宝山镇卫生院（北京市怀柔区宝山镇社区卫生服务中心）,北京市怀柔区宝山镇宝山寺村,101411,110116,怀柔区,集体全资,非营利性医疗机构
北京市怀柔区宝山镇卫生院（北京市怀柔区宝山镇社区卫生服务中心）碾子社区卫生服务站,北京市怀柔区宝山镇碾子村,101411,110116,怀柔区,国有全资,非营利性医疗机构
北京市怀柔区北房镇卫生院(北京市怀柔区北房镇社区卫生服务中心),北京市怀柔区北房镇北房村幸福西街9号,101400,110116,怀柔区,集体全资,非营利性医疗机构
北京市怀柔区北房镇卫生院（北京市怀柔区北房镇社区卫生服务中心）安各庄社区卫生服务站,怀柔区北房镇安各庄村,101400,110116,怀柔区,集体全资,非营利性医疗机构
北京市怀柔区北房镇卫生院（北京市怀柔区北房镇社区卫生服务中心）韦里社区卫生服务站,北京市怀柔区北房镇韦里村,101400,110116,怀柔区,集体全资,非营利性医疗机构
北京市怀柔区北房镇卫生院（北京市怀柔区北房镇社区卫生服务中心）宰相庄社区卫生服务站,北京市怀柔区宰相庄村,101400,110116,怀柔区,集体全资,非营利性医疗机构
北京市怀柔区渤海镇卫生院（北京市怀柔区渤海镇社区卫生服务中心）,北京市怀柔区渤海镇卫生院,101405,110116,怀柔区,集体全资,非营利性医疗机构
北京市怀柔区渤海镇卫生院（北京市怀柔区渤海镇社区卫生服务中心）马道峪社区卫生服务站,怀柔区渤海镇马道峪村,101405,110116,怀柔区,集体全资,非营利性医疗机构
北京市怀柔区渤海镇卫生院（北京市怀柔区渤海镇社区卫生服务中心）三渡河社区卫生服务站,怀柔区渤海镇三渡河村,101405,110116,怀柔区,集体全资,非营利性医疗机构
北京市怀柔区渤海镇卫生院（北京市怀柔区渤海镇社区卫生服务中心）沙峪社区卫生服务站,怀柔区渤海镇沙峪村,101405,110116,怀柔区,集体全资,非营利性医疗机构
北京市怀柔区长哨营满族乡卫生院（北京市怀柔区长哨营满族乡社区卫生服务中心）,北京市怀柔区长哨营满族乡长哨营村,101412,110116,怀柔区,集体全资,非营利性医疗机构
北京市怀柔区长哨营满族乡卫生院（北京市怀柔区长哨营满族乡社区卫生服务中心）七道河社区卫生服务站,北京市怀柔区长哨营满族乡七道河村,101413,110116,怀柔区,集体全资,非营利性医疗机构
北京市怀柔区怀北镇卫生院（北京市怀柔区怀北镇社区卫生服务中心）,北京市怀柔区怀北镇西庄村村西,101408,110116,怀柔区,集体全资,非营利性医疗机构
北京市怀柔区怀北镇卫生院（北京市怀柔区怀北镇社区卫生服务中心）大水峪社区卫生服务站,怀柔区怀北镇大水峪村,101400,110116,怀柔区,集体全资,非营利性医疗机构
北京市怀柔区怀北镇卫生院（北京市怀柔区怀北镇社区卫生服务中心）东庄村社区卫生服务站,怀柔区怀北镇东庄村,101400,110116,怀柔区,集体全资,非营利性医疗机构
北京市怀柔区怀北镇卫生院（北京市怀柔区怀北镇社区卫生服务中心）河防口社区卫生服务站,怀柔区怀北镇河防口村,101400,110116,怀柔区,集体全资,非营利性医疗机构
北京市怀柔区怀北镇卫生院（北京市怀柔区怀北镇社区卫生服务中心）怀北铁路社区卫生服务站,北京市怀柔区怀北镇怀北铁路一区27号,101400,110116,怀柔区,集体全资,非营利性医疗机构
北京市怀柔区怀柔镇社区卫生服务中心,怀柔区怀柔镇社区卫生服务中心,101400,110116,怀柔区,国有全资,非营利性医疗机构
北京市怀柔区怀柔镇社区卫生服务中心车站路社区卫生服务站,怀柔区怀柔镇车站路,101400,110116,怀柔区,集体全资,非营利性医疗机构
北京市怀柔区怀柔镇社区卫生服务中心钓鱼台社区卫生服务站,怀柔区怀柔镇,101400,110116,怀柔区,国有全资,非营利性医疗机构
北京市怀柔区怀柔镇社区卫生服务中心富乐社区卫生服务站,怀柔区怀柔镇富乐北大街5号楼,101400,110116,怀柔区,国有全资,非营利性医疗机构
北京市怀柔区怀柔镇社区卫生服务中心家园社区卫生服务站,怀柔区于家园二区24号楼1单元101室,101400,110116,怀柔区,集体全资,非营利性医疗机构
北京市怀柔区怀柔镇社区卫生服务中心康安社区卫生服务站,怀柔区怀柔镇大屯村,101400,110116,怀柔区,集体全资,非营利性医疗机构
北京市怀柔区怀柔镇社区卫生服务中心石厂社区卫生服务站,怀柔区怀柔镇石厂村,101400,110116,怀柔区,集体全资,非营利性医疗机构
北京市怀柔区怀柔镇社区卫生服务中心唐自口社区卫生服务站,怀柔区怀柔镇唐自口村,101400,110116,怀柔区,国有全资,非营利性医疗机构
北京市怀柔区九渡河镇卫生院（北京市怀柔区九渡河镇社区卫生服务中心）,怀柔区九渡河镇黄花城村,101404,110116,怀柔区,集体全资,非营利性医疗机构
北京市怀柔区九渡河镇卫生院（北京市怀柔区九渡河镇社区卫生服务中心）黄坎社区卫生服务站,怀柔区九渡河镇黄坎村133号,101404,110116,怀柔区,集体全资,非营利性医疗机构
北京市怀柔区九渡河镇卫生院（北京市怀柔区九渡河镇社区卫生服务中心）九渡河社区卫生服务站,怀柔区九渡河镇九渡河村原大队部院内,101404,110116,怀柔区,集体全资,非营利性医疗机构
北京市怀柔区喇叭沟门满族乡卫生院（北京市怀柔区喇叭沟门满族乡社区卫生服务中心）,北京市怀柔区喇叭沟门满族乡,101414,110116,怀柔区,集体全资,非营利性医疗机构
北京市怀柔区琉璃庙镇卫生院（北京市怀柔区琉璃庙镇社区卫生服务中心）,北京市怀柔区琉璃庙镇琉璃庙村,101409,110116,怀柔区,集体全资,非营利性医疗机构
北京市怀柔区琉璃庙镇卫生院（北京市怀柔区琉璃庙镇社区卫生服务中心）八亩地社区卫生服务站,北京市怀柔区琉璃庙镇八亩地村,101409,110116,怀柔区,集体全资,非营利性医疗机构
北京市怀柔区龙山街道社区卫生服务中心,北京市怀柔区南大街24号,101400,110116,怀柔区,国有全资,非营利性医疗机构
北京市怀柔区龙山街道社区卫生服务中心东关社区卫生服务站,怀柔区东关二区14号楼,101400,110116,怀柔区,国有全资,非营利性医疗机构
北京市怀柔区龙山街道社区卫生服务中心丽湖社区卫生服务站,怀柔区南大街29号楼4-101,101400,110116,怀柔区,集体全资,非营利性医疗机构
北京市怀柔区龙山街道社区卫生服务中心龙湖社区卫生服务站,怀柔区龙湖花园小区普3-5门,101400,110116,怀柔区,国有全资,非营利性医疗机构
北京市怀柔区龙山街道社区卫生服务中心美丽家园社区卫生服务站,北京市怀柔区开利园小区78号楼,101400,110116,怀柔区,集体全资,非营利性医疗机构
北京市怀柔区龙山街道社区卫生服务中心南华社区卫生服务站,怀柔区龙山街道,101400,110116,怀柔区,国有全资,非营利性医疗机构
北京市怀柔区龙山街道社区卫生服务中心南华园四区社区卫生服务站,怀柔区南华园98号,101400,110116,怀柔区,国有全资,非营利性医疗机构
北京市怀柔区龙山街道社区卫生服务中心青春苑社区卫生服务站,怀柔区青春苑4号楼,101400,110116,怀柔区,集体全资,非营利性医疗机构
北京市怀柔区庙城镇卫生院（北京市怀柔区庙城镇社区卫生服务中心）,北京市怀柔区庙城镇庙城村,101401,110116,怀柔区,集体全资,非营利性医疗机构
北京市怀柔区庙城镇卫生院（北京市怀柔区庙城镇社区卫生服务中心）霍各庄社区卫生服务站,怀柔区庙城镇霍各庄村村委会院内,101401,110116,怀柔区,集体全资,非营利性医疗机构
北京市怀柔区庙城镇卫生院（北京市怀柔区庙城镇社区卫生服务中心）两河社区卫生服务站,北京市怀柔区庙城镇小杜两河村,101401,110116,怀柔区,国有全资,非营利性医疗机构
北京市怀柔区庙城镇卫生院（北京市怀柔区庙城镇社区卫生服务中心）融城社区卫生服务站,北京市怀柔区庙城镇融城,101401,110116,怀柔区,国有全资,非营利性医疗机构
北京市怀柔区庙城镇卫生院（北京市怀柔区庙城镇社区卫生服务中心）三山社区卫生服务站,北京市怀柔区庙城镇三山社区,101401,110116,怀柔区,集体全资,非营利性医疗机构
北京市怀柔区庙城镇卫生院（北京市怀柔区庙城镇社区卫生服务中心）孙史山社区卫生服务站,怀柔区庙城镇孙史山村,101401,110116,怀柔区,集体全资,非营利性医疗机构
北京市怀柔区庙城镇卫生院（北京市怀柔区庙城镇社区卫生服务中心）赵各庄社区卫生服务站,北京市怀柔区庙城镇赵各庄,101401,110116,怀柔区,国有全资,非营利性医疗机构
北京市怀柔区庙城镇卫生院（北京市怀柔区庙城镇社区卫生服务中心）郑重庄社区卫生服务站,北京市怀柔区庙城镇郑重庄,101401,110116,怀柔区,国有全资,非营利性医疗机构
北京市怀柔区桥梓镇社区卫生服务中心（北京市怀柔区桥梓镇卫生院）,北京市怀柔区桥梓镇茶坞铁路地区,101402,110116,怀柔区,集体全资,非营利性医疗机构
北京市怀柔区桥梓镇社区卫生服务中心（北京市怀柔区桥梓镇卫生院）北宅社区卫生服务站,怀柔区桥梓镇北宅村,101402,110116,怀柔区,集体全资,非营利性医疗机构
北京市怀柔区桥梓镇社区卫生服务中心（北京市怀柔区桥梓镇卫生院）茶坞社区卫生服务站,北京市怀柔区桥梓镇茶坞村,101402,110116,怀柔区,集体全资,非营利性医疗机构
北京市怀柔区桥梓镇社区卫生服务中心（北京市怀柔区桥梓镇卫生院）平义分社区卫生服务站,北京市怀柔区桥梓镇平义分村,101402,110116,怀柔区,集体全资,非营利性医疗机构
北京市怀柔区桥梓镇社区卫生服务中心（北京市怀柔区桥梓镇卫生院）桥梓社区卫生服务站,桥梓镇后桥梓村,101402,110116,怀柔区,集体全资,非营利性医疗机构
北京市怀柔区泉河街道社区卫生服务中心,怀柔区小中富乐二区15号,101400,110116,怀柔区,国有全资,非营利性医疗机构
北京市怀柔区泉河街道社区卫生服务中心滨湖社区卫生服务站,怀柔区青春路37号,101400,110116,怀柔区,国有全资,非营利性医疗机构
北京市怀柔区泉河街道社区卫生服务中心富乐大街社区卫生服务站,北京市怀柔区富乐大街26号院1-1-101,101400,110116,怀柔区,集体全资,非营利性医疗机构
北京市怀柔区泉河街道社区卫生服务中心富乐小区社区卫生服务站,怀柔区怀柔镇,101400,110116,怀柔区,国有全资,非营利性医疗机构
北京市怀柔区泉河街道社区卫生服务中心湖光社区卫生服务站,怀柔区湖光小区,101400,110116,怀柔区,集体全资,非营利性医疗机构
北京市怀柔区泉河街道社区卫生服务中心汇都社区卫生服务站,怀柔区青春路37号,101400,110116,怀柔区,国有全资,非营利性医疗机构
北京市怀柔区泉河街道社区卫生服务中心金台园社区卫生服务站,怀柔区金台园52楼4单元101,101400,110116,怀柔区,集体全资,非营利性医疗机构
北京市怀柔区泉河街道社区卫生服务中心金泰苑社区卫生服务站,怀柔区北大街1号院1层3-101,101400,110116,怀柔区,集体全资,非营利性医疗机构
北京市怀柔区泉河街道社区卫生服务中心潘家园社区卫生服务站,怀柔区潘家园19号楼3单元102,101400,110116,怀柔区,集体全资,非营利性医疗机构
北京市怀柔区泉河街道社区卫生服务中心于家园社区卫生服务站,怀柔区泉河街道,101400,110116,怀柔区,国有全资,非营利性医疗机构
北京市怀柔区雁栖医院（北京市怀柔区雁栖镇社区卫生服务中心）柏泉庄园社区卫生服务站,北京市怀柔区雁栖镇雁舞园小区,101407,110116,怀柔区,集体全资,非营利性医疗机构
北京市怀柔区雁栖医院（北京市怀柔区雁栖镇社区卫生服务中心）长元社区卫生服务站,怀柔区雁栖镇长元村,101407,110116,怀柔区,集体全资,非营利性医疗机构
北京市怀柔区雁栖医院（北京市怀柔区雁栖镇社区卫生服务中心）范各庄社区卫生服务站,怀柔区雁栖镇范各庄村,101400,110116,怀柔区,集体全资,非营利性医疗机构
北京市怀柔区雁栖医院（北京市怀柔区雁栖镇社区卫生服务中心）乐园庄社区卫生服务站,怀柔区雁栖镇乐园庄村,101407,110116,怀柔区,集体全资,非营利性医疗机构
北京市怀柔区杨宋镇社区卫生服务中心（北京市怀柔区杨宋镇卫生院）,怀柔区杨宋镇仙台村北,101400,110116,怀柔区,集体全资,非营利性医疗机构
北京市怀柔区杨宋镇社区卫生服务中心（北京市怀柔区杨宋镇卫生院）北年丰社区卫生服务站,怀柔区杨宋镇北年丰村,101400,110116,怀柔区,集体全资,非营利性医疗机构
北京市怀柔区杨宋镇社区卫生服务中心(北京市怀柔区杨宋镇卫生院)张各庄社区卫生服务站,怀柔区杨宋镇张各庄村,101400,110116,怀柔区,集体全资,非营利性医疗机构
北京市怀柔区杨宋镇社区卫生服务中心（北京市怀柔区杨宋镇卫生院）张自口社区卫生服务站,怀柔区杨宋镇张自口村,101400,110116,怀柔区,集体全资,非营利性医疗机构
北京市门头沟区北岭社区卫生服务站,北京市门头沟区永定镇敬老院内,102308,110109,门头沟区,国有全资,非营利性医疗机构
北京市门头沟区城子街道华新建社区卫生服务站,北京市门头沟区三家店新建路甲7号,102300,110109,门头沟区,国有全资,非营利性医疗机构
北京市门头沟区城子街道矿桥东街社区卫生服务站,北京市门头沟区城子桥东街24号,102300,110109,门头沟区,国有全资,非营利性医疗机构
北京市门头沟区城子街道龙门新区社区卫生服务站,北京市门头沟区龙门新区一区5号楼3单元102室,102300,110109,门头沟区,国有全资,非营利性医疗机构
北京市门头沟区城子街道兴民社区卫生服务站,北京市门头沟区城子西街17号,102300,110109,门头沟区,集体全资,非营利性医疗机构
北京市门头沟区大台街道灰地社区卫生服务站,北京市门头沟区大台地区灰地,102304,110109,门头沟区,国有全资,非营利性医疗机构
北京市门头沟区大台社区卫生服务中心（北京京煤集团总医院大台医院）,北京市门头沟区大台北大地,102303,110109,门头沟区,国有全资,非营利性医疗机构
北京市门头沟区大峪街道德露苑社区卫生服务站,北京市门头沟区滨河德露苑3号-2,102300,110109,门头沟区,集体全资,非营利性医疗机构
北京市门头沟区大峪街道高层社区卫生服务站,门头沟区大峪南路高层35-1-6,102300,110109,门头沟区,国有全资,非营利性医疗机构
北京市门头沟区大峪街道葡东社区卫生服务站,北京市门头沟区倚山嘉园8号楼159-1-2号,102300,110109,门头沟区,集体全资,非营利性医疗机构
北京市门头沟区大峪街道向东社区卫生服务站,北京市门头沟区新桥大街新桥家园2号楼旁,102300,110109,门头沟区,集体全资,非营利性医疗机构
北京市门头沟区大峪街道新桥社区卫生服务站,北京市门头沟区新桥小区18号,102300,110109,门头沟区,集体全资,非营利性医疗机构
北京市门头沟区大峪街道永新社区卫生服务站,北京市门头沟区大峪街道永新,102300,110109,门头沟区,集体全资,非营利性医疗机构
北京市门头沟区大峪街道月季园社区卫生服务站,北京市门头沟区大峪街道月季园,102300,110109,门头沟区,集体全资,非营利性医疗机构
北京市门头沟区大峪街道中门花园社区卫生服务站,门头沟区大峪街道中门花园二期大门口,102300,110109,门头沟区,国有全资,非营利性医疗机构
北京市门头沟区大峪街道绮霞苑社区卫生服务站,北京市门头沟区承泽苑1号楼底商,102300,110109,门头沟区,集体全资,非营利性医疗机构
北京市门头沟区东辛房街道西山社区卫生服务站,门头沟区圈门外大街45号,102300,110109,门头沟区,国有全资,非营利性医疗机构
北京市门头沟区东辛房社区卫生服务中心（北京京煤集团总医院门矿医院）,北京市门头沟区门头沟路47号,102300,110109,门头沟区,国有全资,非营利性医疗机构
北京市门头沟区军庄镇军庄社区卫生服务站,北京市门头沟区军庄镇军庄村东横街1号,102300,110109,门头沟区,国有全资,非营利性医疗机构
北京市门头沟区军庄镇社区卫生服务中心（北京市门头沟区军庄镇卫生院）,北京市门头沟区军庄镇西杨坨（镇政府东侧）,102300,110109,门头沟区,国有全资,非营利性医疗机构
北京市门头沟区军庄镇新村社区卫生服务站,北京市门头沟区军庄镇新村17号,102300,110109,门头沟区,国有全资,非营利性医疗机构
北京市门头沟区门城地区社区卫生服务中心,北京市门头沟区峪园小区甲6号,102300,110109,门头沟区,集体全资,非营利性医疗机构
北京市门头沟区妙峰山镇上苇甸社区卫生服务站,北京市门头沟区妙峰山镇上苇甸村,102300,110109,门头沟区,国有全资,非营利性医疗机构
北京市门头沟区妙峰山镇社区卫生服务中心（北京市门头沟区妙峰山镇卫生院）,北京市门头沟区妙峰山镇陇驾庄村,102300,110109,门头沟区,国有全资,非营利性医疗机构
北京市门头沟区清水镇黄塔社区卫生服务站,北京市门头沟区清水镇八亩堰村,102311,110109,门头沟区,国有全资,非营利性医疗机构
北京市门头沟区清水镇齐家庄社区卫生服务站,北京市门头沟区清水镇齐家庄村,102311,110109,门头沟区,国有全资,非营利性医疗机构
北京市门头沟区清水镇社区卫生服务中心（北京市门头沟区清水中心卫生院）,北京市门头沟区清水镇上清水村,102311,110109,门头沟区,国有全资,非营利性医疗机构
北京市门头沟区三家店社区卫生服务站,北京市门头沟区三家店东街56号,102300,110109,门头沟区,集体全资,非营利性医疗机构
北京市门头沟区石门营新区社区卫生服务站,北京市门头沟区石门营B1-7,102308,110109,门头沟区,国有全资,非营利性医疗机构
北京市门头沟区潭柘寺镇社区卫生服务中心（北京市门头沟区潭柘寺镇卫生院）,北京市门头沟区潭柘寺镇鲁家滩村,102308,110109,门头沟区,国有全资,非营利性医疗机构
北京市门头沟区王平镇社区卫生服务中心（北京市门头沟区色树坟中心卫生院）,北京市门头沟区王平镇色树坟大街10号,102301,110109,门头沟区,国有全资,非营利性医疗机构
北京市门头沟区王平镇王平矿社区卫生服务站,北京市门头沟区王平镇河北,102301,110109,门头沟区,国有全资,非营利性医疗机构
北京市门头沟区雁翅镇大村社区卫生服务站,北京市门头沟区雁翅镇大村村,102305,110109,门头沟区,国有全资,非营利性医疗机构
北京市门头沟区雁翅镇付家台社区卫生服务站,北京市门头沟区雁翅镇付家台村,102305,110109,门头沟区,国有全资,非营利性医疗机构
北京市门头沟区雁翅镇社区卫生服务中心（北京市门头沟区雁翅中心卫生院）,北京市门头沟区雁翅镇雁翅村,102305,110109,门头沟区,国有全资,非营利性医疗机构
北京市门头沟区雁翅镇田庄社区卫生服务站,北京市门头沟区雁翅镇田庄村,102305,110109,门头沟区,国有全资,非营利性医疗机构
北京市门头沟区永定镇社区卫生服务中心（北京市门头沟区永定镇卫生院）,北京市门头沟区永定镇梧桐苑玉带西路301号院1号楼,102308,110109,门头沟区,国有全资,非营利性医疗机构
北京市门头沟区永兴社区卫生服务站,北京市门头沟区冯石环路6号院3号楼102,102308,110109,门头沟区,国有全资,非营利性医疗机构
北京市门头沟区斋堂医院（北京市门头沟区斋堂镇社区卫生服务中心）,北京市门头沟区斋堂镇东斋堂村33号,102309,110109,门头沟区,国有全资,非营利性医疗机构
北京市门头沟区斋堂镇军响社区卫生服务站,北京市门头沟区斋堂镇军响村46号,102309,110109,门头沟区,国有全资,非营利性医疗机构
北京市门头沟区斋堂镇沿河城社区卫生服务站,北京市门头沟区斋堂镇沿河城村252号,102309,110109,门头沟区,国有全资,非营利性医疗机构
北京市密云区北庄镇社区卫生服务中心,北京市密云区北庄镇北庄村,101503,110228,密云区,集体全资,非营利性医疗机构
北京市密云区不老屯镇社区卫生服务中心,北京市密云区不老屯镇不老屯村（镇政府西侧）,101516,110228,密云区,集体全资,非营利性医疗机构
北京市密云区大城子镇社区卫生服务中心,北京市密云区大城子镇大城子村,101500,110228,密云区,国有全资,非营利性医疗机构
北京市密云区大城子镇社区卫生服务中心墙子路社区卫生服务站,北京市密云区大城子镇墙子路村,101502,110228,密云区,集体全资,非营利性医疗机构
北京市密云区东邵渠镇社区卫生服务中心,北京市密云区东邵渠镇高各庄村、镇派出所西侧,101501,110228,密云区,集体全资,非营利性医疗机构
北京市密云区东邵渠镇社区卫生服务中心西邵渠社区卫生服务站,北京市密云区东邵渠镇西邵渠村村委会院内,101500,110228,密云区,集体全资,非营利性医疗机构
北京市密云区冯家峪镇社区卫生服务中心,北京市密云区冯家峪镇冯家峪村,101515,110228,密云区,集体全资,非营利性医疗机构
北京市密云区冯家峪镇社区卫生服务中心番字牌社区卫生服务站,北京市密云区冯家峪镇番字牌村,101515,110228,密云区,集体全资,非营利性医疗机构
北京市密云区高岭镇社区卫生服务中心,北京市密云区高岭镇高岭村政府路9号,101507,110228,密云区,国有全资,非营利性医疗机构
北京市密云区高岭镇社区卫生服务中心上甸子社区卫生服务站,北京市密云区高岭镇上甸子村,101507,110228,密云区,集体全资,非营利性医疗机构
北京市密云区鼓楼社区卫生服务中心,北京市密云区鼓楼东大街6号,101500,110228,密云区,集体全资,非营利性医疗机构
北京市密云区鼓楼社区卫生服务中心滨阳北里社区卫生服务站,北京市密云区鼓楼街道宾阳小区北里,101500,110228,密云区,集体全资,非营利性医疗机构
北京市密云区鼓楼社区卫生服务中心宾阳社区卫生服务站,北京市密云区鼓楼街道宾阳小区24-2-3,101500,110228,密云区,集体全资,非营利性医疗机构
北京市密云区鼓楼社区卫生服务中心长安社区卫生服务站,北京市密云区长安小区25-2-201,101500,110228,密云区,集体全资,非营利性医疗机构
北京市密云区鼓楼社区卫生服务中心东菜园社区卫生服务站,北京市密云区鼓楼街道东菜园小区,101500,110228,密云区,集体全资,非营利性医疗机构
北京市密云区鼓楼社区卫生服务中心行宫社区卫生服务站,北京市密云区鼓楼街道行宫小区28号楼3单元102-202,101500,110228,密云区,集体全资,非营利性医疗机构
北京市密云区古北口镇社区卫生服务中心,北京市密云区古北口镇古北口村,101508,110228,密云区,国有全资,非营利性医疗机构
北京市密云区果园社区卫生服务中心,北京市密云区果园街道西门外大街8号,101500,110228,密云区,集体全资,非营利性医疗机构
北京市密云区果园社区卫生服务中心果园社区卫生服务站,北京市密云区果园街道果园小区,101500,110228,密云区,集体全资,非营利性医疗机构
北京市密云区果园社区卫生服务中心康居社区卫生服务站,北京市密云区果园街道康居南区甲26号,101500,110228,密云区,集体全资,非营利性医疗机构
北京市密云区河南寨镇社区卫生服务中心,北京市密云区河南寨镇芦古庄村,101500,110228,密云区,集体全资,非营利性医疗机构
北京市密云区河南寨镇社区卫生服务中心平头社区卫生服务站,北京市密云区河南寨镇平头村,101500,110228,密云区,集体全资,非营利性医疗机构
北京市密云区巨各庄镇社区卫生服务中心,北京市密云区巨各庄镇水峪村,101501,110228,密云区,国有全资,非营利性医疗机构
北京市密云区密云镇社区卫生服务中心,北京市密云区密云镇李各庄村村委会南,101500,110228,密云区,集体全资,非营利性医疗机构
北京市密云区穆家峪镇社区卫生服务中心,北京市密云区穆家峪镇南穆家峪村,101500,110228,密云区,集体全资,非营利性医疗机构
北京市密云区穆家峪镇社区卫生服务中心前栗园社区卫生服务站,北京市密云区穆家峪镇前栗园村,101500,110228,密云区,集体全资,非营利性医疗机构
北京市密云区十里堡镇社区卫生服务中心,北京市密云区十里堡镇河槽村西,101500,110228,密云区,集体全资,非营利性医疗机构
北京市密云区石城镇社区卫生服务中心,北京市密云区石城镇北石城村,101513,110228,密云区,国有全资,非营利性医疗机构
北京市密云区太师屯镇社区卫生服务中心,北京市密云区太师屯镇永安街76号,101504,110228,密云区,国有全资,非营利性医疗机构
北京市密云区西田各庄镇社区卫生服务中心,北京市密云区西田各庄镇西田各庄村,101509,110228,密云区,集体全资,非营利性医疗机构
北京市密云区西田各庄镇社区卫生服务中心西智社区卫生服务站,密云县西田各庄镇西智村,101509,110228,密云区,集体全资,非营利性医疗机构
北京市密云区西田各庄镇社区卫生服务中心西庄户社区卫生服务站,北京市密云区西田各庄镇西庄户村,101509,110228,密云区,集体全资,非营利性医疗机构
北京市密云区溪翁庄镇社区卫生服务中心,北京市密云区溪翁庄镇溪翁庄村,101512,110228,密云区,集体全资,非营利性医疗机构
北京市密云区溪翁庄镇社区卫生服务中心北白岩社区卫生服务站,北京市密云区溪翁庄镇北白岩村,101512,110228,密云区,集体全资,非营利性医疗机构
北京市密云区溪翁庄镇社区卫生服务中心石马峪社区卫生服务站,北京市密云区溪翁庄镇石马峪村,101512,110228,密云区,集体全资,非营利性医疗机构
北京市密云区新城子镇社区卫生服务中心,北京市密云区新城子镇新城子村,101506,110228,密云区,集体全资,非营利性医疗机构
北京市密云区新城子镇社区卫生服务中心曹家路社区卫生服务站,北京市密云区新城子镇曹家路村,101506,110228,密云区,集体全资,非营利性医疗机构
北京市平谷区滨河街道北小区社区卫生服务站,平谷区北小区6号,101200,110117,平谷区,国有全资,非营利性医疗机构
北京市平谷区滨河街道滨河小区社区卫生服务站,滨河小区20-4-2,101200,110117,平谷区,国有全资,非营利性医疗机构
北京市平谷区滨河街道金谷园社区卫生服务站,平谷区金谷园7-1-1,101200,110117,平谷区,国有全资,非营利性医疗机构
北京市平谷区滨河街道金海小区社区卫生服务站,北京市平谷区金海小区17-4-2,101200,110117,平谷区,国有全资,非营利性医疗机构
北京市平谷区滨河街道林荫家园社区卫生服务站,林荫南街9-36,101200,110117,平谷区,国有全资,非营利性医疗机构
北京市平谷区滨河街道南小区社区卫生服务站,北京市平谷区滨河街道南小区3号楼前,101200,110117,平谷区,国有全资,非营利性医疗机构
北京市平谷区滨河街道社区卫生服务中心,北京市平谷区府前西街26号,101200,110117,平谷区,国有全资,非营利性医疗机构
北京市平谷区滨河街道向阳小区社区卫生服务站,北京市平谷区都丽豪廷5-2-105,101200,110117,平谷区,国有全资,非营利性医疗机构
北京市平谷区大华山镇大峪子村社区卫生服务站,北京市平谷区大华山镇大峪子村委会院内（大峪子大街15号）,101207,110117,平谷区,国有全资,非营利性医疗机构
北京市平谷区大华山镇东辛撞村社区卫生服务站,北京市平谷区大华山镇东辛撞村委会院内46号,101207,110117,平谷区,国有全资,非营利性医疗机构
北京市平谷区大华山镇挂甲峪村社区卫生服务站,北京市平谷区大华山镇挂甲峪村15排11号,101207,110117,平谷区,国有全资,非营利性医疗机构
北京市平谷区大华山镇后北宫村社区卫生服务站,北京市平谷区大华山镇后北宫村178号,101207,110117,平谷区,国有全资,非营利性医疗机构
北京市平谷区大华山镇社区卫生服务中心（北京市平谷区大华山中心卫生院）,北京市平谷区大华山镇大华山村村西257号,101207,110117,平谷区,国有全资,非营利性医疗机构
北京市平谷区大华山镇苏子峪村社区卫生服务站,北京市平谷区大华山镇苏子峪村,101207,110117,平谷区,国有全资,非营利性医疗机构
北京市平谷区大华山镇西峪村社区卫生服务站,北京市平谷区大华山镇西峪村委会院内（西峪大街1号）,101207,110117,平谷区,国有全资,非营利性医疗机构
北京市平谷区大华山镇小峪子村社区卫生服务站,北京市平谷区大华山镇小峪子村峪华路2号,101207,110117,平谷区,国有全资,非营利性医疗机构
北京市平谷区大兴庄镇白各庄社区卫生服务站,北京市平谷区大兴庄镇白各庄村白各庄大街,101205,110117,平谷区,国有全资,非营利性医疗机构
北京市平谷区大兴庄镇北埝头社区卫生服务站,北京市平谷区大兴庄镇北埝头村北埝头大街,101205,110117,平谷区,国有全资,非营利性医疗机构
北京市平谷区大兴庄镇管家庄社区卫生服务站,北京市平谷区大兴庄镇管家庄村管家庄大街,101205,110117,平谷区,国有全资,非营利性医疗机构
北京市平谷区大兴庄镇韩屯社区卫生服务站,北京市平谷区大兴庄镇韩屯村韩屯大街,101205,110117,平谷区,国有全资,非营利性医疗机构
北京市平谷区大兴庄镇鲁各庄社区卫生服务站,北京市平谷区大兴庄镇鲁各庄村鲁各庄大街,101205,110117,平谷区,国有全资,非营利性医疗机构
北京市平谷区大兴庄镇三府庄社区卫生服务站,北京市平谷区大兴庄镇三府庄村三府庄大街,,110117,平谷区,国有全资,非营利性医疗机构
北京市平谷区大兴庄镇社区卫生服务中心（北京市平谷区大兴庄卫生院）,大兴庄镇大兴庄村东路270号,101205,110117,平谷区,集体全资,非营利性医疗机构
北京市平谷区大兴庄镇西柏店社区卫生服务站,北京市平谷区大兴庄镇西柏店村西柏店大街,101205,110117,平谷区,国有全资,非营利性医疗机构
北京市平谷区大兴庄镇西石桥社区卫生服务站,北京市平谷区大兴庄镇西石桥村东大路旁,101205,110117,平谷区,国有全资,非营利性医疗机构
北京市平谷区大兴庄镇周村社区卫生服务站,北京市平谷区大兴庄镇周村东大街,101205,110117,平谷区,国有全资,非营利性医疗机构
北京市平谷区东高村镇北张岱社区卫生服务站,北京市平谷区东高村镇北张岱村北巷10号,101200,110117,平谷区,国有全资,非营利性医疗机构
北京市平谷区东高村镇曹家庄社区卫生服务站,北京市平谷区东高村镇曹家庄村后街13号,101200,110117,平谷区,国有全资,非营利性医疗机构
北京市平谷区东高村镇大旺务社区卫生服务站,北京市平谷区东高村镇大旺务村后街151号,101200,110117,平谷区,国有全资,非营利性医疗机构
北京市平谷区东高村镇大庄户社区卫生服务站,北京市平谷区东高村镇大庄户村大街141号,101200,110117,平谷区,国有全资,非营利性医疗机构
北京市平谷区东高村镇东高村社区卫生服务站,北京市平谷区东高村镇东高村西大街2号,101200,110117,平谷区,国有全资,非营利性医疗机构
北京市平谷区东高村镇克头社区卫生服务站,北京市平谷区东高村镇克头社区卫生服务站,101200,110117,平谷区,国有全资,非营利性医疗机构
北京市平谷区东高村镇南宅社区卫生服务站,北京市平谷区东高村镇南宅村委会旁,101200,110117,平谷区,国有全资,非营利性医疗机构
北京市平谷区东高村镇南张岱社区卫生服务站,北京市平谷区东高村镇南张岱村西路2号,101200,110117,平谷区,国有全资,非营利性医疗机构
北京市平谷区东高村镇南埝头社区卫生服务站,北京市平谷区东高村镇南埝头中路74号,101200,110117,平谷区,国有全资,非营利性医疗机构
北京市平谷区东高村镇青杨屯社区卫生服务站,北京市平谷区东高村镇青杨屯村东路16号,101200,110117,平谷区,国有全资,非营利性医疗机构
北京市平谷区东高村镇社区卫生服务中心（北京市平谷区东高村镇中心卫生院）,北京市平谷区东高村镇兴业路32号,101200,110117,平谷区,国有全资,非营利性医疗机构
北京市平谷区东高村镇西高村社区卫生服务站,北京市平谷区东高村镇西高村前街22号,101200,110117,平谷区,国有全资,非营利性医疗机构
北京市平谷区东高村镇赵家务社区卫生服务站,北京市平谷区东高村镇赵家务村北街2号,101200,110117,平谷区,国有全资,非营利性医疗机构
北京市平谷区东鹿角社区卫生服务站,北京市平谷区新平南路207号,101200,110117,平谷区,国有全资,非营利性医疗机构
北京市平谷区后罗庄社区卫生服务站,北京市平谷区兴谷街道后罗庄村委会北80米,101200,110117,平谷区,国有全资,非营利性医疗机构
北京市平谷区黄松峪乡大东沟村社区卫生服务站,北京市平谷区黄松峪乡大东沟村水梁前街,101201,110117,平谷区,国有全资,非营利性医疗机构
北京市平谷区黄松峪乡刁窝村社区卫生服务站,北京市平谷区黄松峪乡刁窝村委员会院内,101201,110117,平谷区,国有全资,非营利性医疗机构
北京市平谷区黄松峪乡黑豆峪村社区卫生服务站,北京市平谷区黄松峪乡黑豆峪村南,101201,110117,平谷区,国有全资,非营利性医疗机构
北京市平谷区黄松峪乡社区卫生服务中心（北京市平谷区黄松峪卫生院）,北京市平谷区黄松峪乡黄松峪村东大街384号,101214,110117,平谷区,集体全资,非营利性医疗机构
北京市平谷区金海湖镇耿井社区卫生服务站,北京市平谷区金海湖镇耿井村委会院内,101201,110117,平谷区,国有全资,非营利性医疗机构
北京市平谷区金海湖镇海子村社区卫生服务站,北京市平谷区金海湖镇海子村前街19号,101201,110117,平谷区,国有全资,非营利性医疗机构
北京市平谷区金海湖镇黑水湾社区卫生服务站,北京市平谷区金海湖镇黑水湾村委会内,101201,110117,平谷区,国有全资,非营利性医疗机构
北京市平谷区金海湖镇红石坎社区卫生服务站,北京市平谷区金海湖镇红石坎村村委会院内,101201,110117,平谷区,国有全资,非营利性医疗机构
北京市平谷区金海湖镇胡庄社区卫生服务站,北京市平谷区金海湖镇胡庄村委会路北侧,101201,110117,平谷区,国有全资,非营利性医疗机构
北京市平谷区金海湖镇将军关社区卫生服务站,北京市平谷区金海湖镇将军关村东,101201,110117,平谷区,国有全资,非营利性医疗机构
北京市平谷区金海湖镇靠山集社区卫生服务站,北京市平谷区金海湖镇靠山集村北街,101201,110117,平谷区,国有全资,非营利性医疗机构
北京市平谷区金海湖镇马屯社区卫生服务站,北京市平谷区金海湖镇马屯村东路公园北侧,101201,110117,平谷区,国有全资,非营利性医疗机构
北京市平谷区金海湖镇社区卫生服务中心（北京市平谷区金海湖中心卫生院）,北京市平谷区滑子村,101201,110117,平谷区,国有全资,非营利性医疗机构
北京市平谷区金海湖镇小东沟社区卫生服务站,北京市平谷区金海湖镇小东沟村三十二里沟大街8号,101201,110117,平谷区,国有全资,非营利性医疗机构
北京市平谷区金海湖镇彰作社区卫生服务站,北京市平谷区金海湖镇彰作村村委会院内,101201,110117,平谷区,国有全资,非营利性医疗机构
北京市平谷区金海湖镇中心村社区卫生服务站,北京市平谷区金海湖镇中心村村委会院内,101201,110117,平谷区,集体全资,非营利性医疗机构
北京市平谷区金海湖镇洙水村社区卫生服务站,北京市平谷区金海湖镇洙水村委员会院内,101201,110117,平谷区,国有全资,非营利性医疗机构
北京市平谷区刘家店镇北吉山社区卫生服务站,北京市平谷区刘家店镇北吉山村西头,101208,110117,平谷区,国有全资,非营利性医疗机构
北京市平谷区刘家店镇社区卫生服务中心（北京市平谷区刘家店卫生院）,北京市平谷区刘家店镇刘家店村西路18号,101208,110117,平谷区,集体全资,非营利性医疗机构
北京市平谷区刘家店镇万家庄社区卫生服务站,北京市平谷区刘家店镇万家庄村东头,101208,110117,平谷区,国有全资,非营利性医疗机构
北京市平谷区刘家店镇行宫社区卫生服务站,北京市平谷区刘家店镇行宫村南头,101208,110117,平谷区,国有全资,非营利性医疗机构
北京市平谷区刘家店镇寅洞社区卫生服务站,北京市平谷区刘家店镇寅洞村西头,101208,110117,平谷区,国有全资,非营利性医疗机构
北京市平谷区马昌营镇东双营社区卫生服务站,北京市平谷区马昌营镇东双营村委会前,101214,110117,平谷区,国有全资,非营利性医疗机构
北京市平谷区马昌营镇南定福社区卫生服务站,北京市平谷区马昌营镇南定福底商楼46号,101214,110117,平谷区,国有全资,非营利性医疗机构
北京市平谷区马昌营镇前芮营社区卫生服务站,北京市平谷区马昌营镇前芮营南小街13号,101214,110117,平谷区,国有全资,非营利性医疗机构
北京市平谷区马昌营镇社区卫生服务中心（北京市平谷区马昌营中心卫生院）,北京市平谷区马昌营镇马昌营村北,101214,110117,平谷区,国有全资,非营利性医疗机构
北京市平谷区马昌营镇天井社区卫生服务站,北京市平谷区马昌营镇天井大街甲3号,101214,110117,平谷区,国有全资,非营利性医疗机构
北京市平谷区马昌营镇王各庄社区卫生服务站,北京市平谷区马昌营镇王各庄东大寺大街,101214,110117,平谷区,国有全资,非营利性医疗机构
北京市平谷区马昌营镇王官屯社区卫生服务站,北京市平谷区马昌营镇王官屯村委会旁,101214,110117,平谷区,国有全资,非营利性医疗机构
北京市平谷区马昌营镇西陈各庄社区卫生服务站,北京市平谷区马昌营镇西陈各庄村委会院内,101214,110117,平谷区,国有全资,非营利性医疗机构
北京市平谷区马昌营镇圪塔头社区卫生服务站,北京市平谷区马昌营镇圪塔头村委会院内,101214,110117,平谷区,国有全资,非营利性医疗机构
北京市平谷区马坊镇北石渠社区卫生服务站,北京市平谷区马坊镇北石渠村南街69号西15米,101204,110117,平谷区,集体全资,非营利性医疗机构
北京市平谷区马坊镇东店社区卫生服务站,北京市平谷区马坊镇东店村南门路1号东6米,101204,110117,平谷区,国有全资,非营利性医疗机构
北京市平谷区马坊镇果各庄社区卫生服务站,北京市平谷区马坊镇果各庄村西大街63号,101204,110117,平谷区,国有全资,非营利性医疗机构
北京市平谷区马坊镇李蔡街社区卫生服务站,北京市平谷区马坊镇李蔡李蔡大街91号北150米,101204,110117,平谷区,国有全资,非营利性医疗机构
北京市平谷区马坊镇社区卫生服务中心（北京市平谷区马坊中心卫生院）,北京市平谷区马坊镇西大街村西路32号,101204,110117,平谷区,国有全资,非营利性医疗机构
北京市平谷区马坊镇西大街社区卫生服务站,北京市平谷区马坊镇西大街西路52号,101204,110117,平谷区,国有全资,非营利性医疗机构
北京市平谷区马坊镇英城社区卫生服务站,北京市平谷区马坊镇英城村英府路6号,101204,110117,平谷区,国有全资,非营利性医疗机构
北京市平谷区南独乐河镇北寨村社区卫生服务站,北京市平谷区南独乐河镇社区卫生服务中心,,110117,平谷区,国有全资,非营利性医疗机构
北京市平谷区南独乐河镇峨眉山村社区卫生服务站,北京市平谷区南独乐河镇人工湖东岸,101212,110117,平谷区,国有全资,非营利性医疗机构
北京市平谷区南独乐河镇峰台村社区卫生服务站,北京市平谷区南独乐河镇峰台村路口北300米,101212,110117,平谷区,集体全资,非营利性医疗机构
北京市平谷区南独乐河镇甘营村社区卫生服务站,北京市平谷区南独乐河镇平翼路望马台路口西南角,101212,110117,平谷区,国有全资,非营利性医疗机构
北京市平谷区南独乐河镇刘家河社区卫生服务站,北京市平谷区南独乐河镇刘家河铸造厂南院,101212,110117,平谷区,国有全资,非营利性医疗机构
北京市平谷区南独乐河镇南独乐河村社区卫生服务站,北京市平谷区南独乐河镇南独乐河小学西50米,101212,110117,平谷区,国有全资,非营利性医疗机构
北京市平谷区南独乐河镇南山村社区卫生服务站,北京市平谷区南独乐河镇刘家河铸造厂南院,101212,110117,平谷区,国有全资,非营利性医疗机构
北京市平谷区南独乐河镇社区卫生服务中心（北京市平谷区南独乐河卫生院）,北京市平谷区南独乐河镇粮管所路169号,101212,110117,平谷区,集体全资,非营利性医疗机构
北京市平谷区南独乐河镇张辛庄村社区卫生服务站,北京市平谷区南独乐河镇平翼路夏渔路路口东50米,101212,110117,平谷区,集体全资,非营利性医疗机构
北京市平谷区平谷镇海关西园社区卫生服务站,北京市平谷区新平南路207号,101200,110117,平谷区,国有全资,非营利性医疗机构
北京市平谷区平谷镇南小区社区卫生服务站,北京市平谷区平谷镇南小区3号楼前,101200,110117,平谷区,国有全资,非营利性医疗机构
北京市平谷区平谷镇社区卫生服务中心（北京市平谷区平谷镇卫生院）,北京市平谷区新平南路207号,101200,110117,平谷区,国有全资,非营利性医疗机构
北京市平谷区平谷镇太平街社区卫生服务站,北京市平谷区新平南路207号,101200,110117,平谷区,国有全资,非营利性医疗机构
北京市平谷区平谷镇赵各庄社区卫生服务站,北京市平谷区新平南路207号,101200,110117,平谷区,国有全资,非营利性医疗机构
北京市平谷区山东庄镇北屯社区卫生服务站,北京市平谷区山东庄镇北屯村,101211,110117,平谷区,国有全资,非营利性医疗机构
北京市平谷区山东庄镇大北关社区卫生服务站,北京市平谷区山东庄镇大北关村,101211,110117,平谷区,国有全资,非营利性医疗机构
北京市平谷区山东庄镇东洼社区卫生服务站,北京市平谷区山东庄镇东洼村,101211,110117,平谷区,国有全资,非营利性医疗机构
北京市平谷区山东庄镇山东庄社区卫生服务站,北京市平谷区山东庄镇山东庄村,101211,110117,平谷区,国有全资,非营利性医疗机构
北京市平谷区山东庄镇社区卫生服务中心（北京市平谷区山东庄卫生院）,平谷区山东庄镇府前路7号,101211,110117,平谷区,集体全资,非营利性医疗机构
北京市平谷区山东庄镇西沥津社区卫生服务站,北京市平谷区山东庄镇西沥津村,101211,110117,平谷区,国有全资,非营利性医疗机构
北京市平谷区山东庄镇小北关社区卫生服务站,北京市平谷区山东庄镇小北关村,101211,110117,平谷区,国有全资,非营利性医疗机构
北京市平谷区山东庄镇鱼子山社区卫生服务站,北京市平谷区山东庄镇鱼子山村,101211,110117,平谷区,国有全资,非营利性医疗机构
北京市平谷区王辛庄镇北辛庄社区卫生服务站,北京市平谷区王辛庄镇北辛庄村,101209,110117,平谷区,国有全资,非营利性医疗机构
北京市平谷区王辛庄镇翟各庄社区卫生服务站,北京市平谷区王辛庄镇翟各庄村,101209,110117,平谷区,国有全资,非营利性医疗机构
北京市平谷区王辛庄镇东古社区卫生服务站,北京市平谷区王辛庄镇东古村东路54号,101209,110117,平谷区,国有全资,非营利性医疗机构
北京市平谷区王辛庄镇放光社区卫生服务站,北京市平谷区王辛庄镇放光后街9号,101209,110117,平谷区,国有全资,非营利性医疗机构
北京市平谷区王辛庄镇井峪社区卫生服务站,北京市平谷区王辛庄镇井峪村东大街49号,101209,110117,平谷区,国有全资,非营利性医疗机构
北京市平谷区王辛庄镇莲花潭社区卫生服务站,北京市平谷区王辛庄镇莲花潭村东路9号,101209,110117,平谷区,国有全资,非营利性医疗机构
北京市平谷区王辛庄镇社区卫生服务中心（北京市平谷区王辛庄镇卫生院）,平谷区王辛庄镇乐园路31号,101209,110117,平谷区,国有全资,非营利性医疗机构
北京市平谷区王辛庄镇太后社区卫生服务站,北京市平谷区王辛庄镇太后村,101209,110117,平谷区,国有全资,非营利性医疗机构
北京市平谷区王辛庄镇小辛寨社区卫生服务站,北京市平谷区王辛庄镇小辛寨村,101209,110117,平谷区,国有全资,非营利性医疗机构
北京市平谷区王辛庄镇杏园社区卫生服务站,北京市平谷区王辛庄镇西杏园村,101209,110117,平谷区,国有全资,非营利性医疗机构
北京市平谷区王辛庄镇杨家会社区卫生服务站,北京市平谷区王辛庄镇杨家会中路86号,101209,110117,平谷区,国有全资,非营利性医疗机构
北京市平谷区西鹿角社区卫生服务站,北京市平谷区新平南路207号,101200,110117,平谷区,国有全资,非营利性医疗机构
北京市平谷区夏各庄镇安固社区卫生服务站,北京市平谷区夏各庄镇安固村广播塔下（张家胡同103号西）,101213,110117,平谷区,国有全资,非营利性医疗机构
北京市平谷区夏各庄镇陈太务村社区卫生服务站,北京市平谷区夏各庄镇陈太务村14号对面,101213,110117,平谷区,国有全资,非营利性医疗机构
北京市平谷区夏各庄镇龙家务村社区卫生服务站,北京市平谷区夏各庄镇龙家务村龙家务大街15号,101213,110117,平谷区,国有全资,非营利性医疗机构
北京市平谷区夏各庄镇马各庄社区卫生服务站,北京市平谷区夏各庄镇马各庄村马各庄大街153号,101213,110117,平谷区,国有全资,非营利性医疗机构
北京市平谷区夏各庄镇社区卫生服务中心（北京市平谷区夏各庄镇卫生院）,北京市平谷区夏各庄镇夏各庄村西,101213,110117,平谷区,集体全资,非营利性医疗机构
北京市平谷区夏各庄镇魏太务村社区卫生服务站,北京市平谷区夏各庄镇魏太务村北街185号东边,101213,110117,平谷区,国有全资,非营利性医疗机构
北京市平谷区夏各庄镇夏各庄村社区卫生服务站,北京市平谷区夏各庄镇夏兴园20号楼1单元1号,101213,110117,平谷区,国有全资,非营利性医疗机构
北京市平谷区夏各庄镇贤王庄社区卫生服务站,北京市平谷区夏各庄镇贤王庄大街197号,101213,110117,平谷区,国有全资,非营利性医疗机构
北京市平谷区夏各庄镇杨庄户村社区卫生服务站,北京市平谷区夏各庄镇杨庄户村委会对面,101213,110117,平谷区,国有全资,非营利性医疗机构
北京市平谷区兴谷街道社区卫生服务中心,北京市平谷区王辛庄镇校园路3号,101200,110117,平谷区,国有全资,非营利性医疗机构
北京市平谷区熊耳寨乡社区卫生服务中心（北京市平谷区熊耳寨卫生院）,北京市平谷区熊儿寨乡东路34号,101207,110117,平谷区,集体全资,非营利性医疗机构
北京市平谷区峪口镇北杨桥社区卫生服务站,北京市平谷区峪口镇南杨桥村中路49号,101206,110117,平谷区,国有全资,非营利性医疗机构
北京市平谷区峪口镇蔡坨社区卫生服务站,北京市平谷区峪口镇蔡坨村同心大街1号,101206,110117,平谷区,国有全资,非营利性医疗机构
北京市平谷区峪口镇大官庄社区卫生服务站,北京市平谷区峪口镇大官庄村东路100号南,101206,110117,平谷区,国有全资,非营利性医疗机构
北京市平谷区峪口镇东樊各庄社区卫生服务站,北京市平谷区峪口镇东樊各庄社区卫生服务站,101206,110117,平谷区,国有全资,非营利性医疗机构
北京市平谷区峪口镇胡家营社区卫生服务站,北京市平谷区峪口镇胡家营村东路88号,101206,110117,平谷区,国有全资,非营利性医疗机构
北京市平谷区峪口镇梨各庄社区卫生服务站,北京市平谷区峪口镇梨各庄村西路108号西,101206,110117,平谷区,国有全资,非营利性医疗机构
北京市平谷区峪口镇三白山社区卫生服务站,北京市平谷区峪口镇三白山村委会院内,101206,110117,平谷区,国有全资,非营利性医疗机构
北京市平谷区峪口镇社区卫生服务中心（北京市平谷区峪口中心卫生院）,北京市平谷区峪新大街1号,101206,110117,平谷区,国有全资,非营利性医疗机构
北京市平谷区峪口镇西樊各庄社区卫生服务站,北京市平谷区峪口镇西樊各庄村娘娘庙北巷49号,101206,110117,平谷区,国有全资,非营利性医疗机构
北京市平谷区峪口镇兴隆庄社区卫生服务站,北京市平谷区峪口镇兴隆庄村西一路38号南侧,101206,110117,平谷区,国有全资,非营利性医疗机构
北京市平谷区峪口镇峪口社区卫生服务站,北京市平谷区峪口镇峪南北路48号,101206,110117,平谷区,国有全资,非营利性医疗机构
北京市平谷区峪口镇云峰寺社区卫生服务站,北京市平谷区峪口镇云峰寺村西路201号,101206,110117,平谷区,国有全资,非营利性医疗机构
北京市平谷区峪口镇中桥社区卫生服务站,北京市平谷区峪口镇中桥村北大街27号,101206,110117,平谷区,国有全资,非营利性医疗机构
北京市平谷区园田队社区卫生服务站,北京市平谷区新平南路207号,101200,110117,平谷区,国有全资,非营利性医疗机构
北京市平谷区镇罗营社区卫生服务中心（北京市平谷区镇罗营卫生院）,北京市平谷区镇罗营镇上营村西158号,101215,110117,平谷区,国有全资,非营利性医疗机构
北京市平谷区镇罗营镇玻璃台社区卫生服务站,北京市平谷区镇罗营镇玻璃台村中,101215,110117,平谷区,国有全资,非营利性医疗机构
北京市平谷区镇罗营镇关上社区卫生服务站,北京市平谷区镇罗营镇关上村,101215,110117,平谷区,国有全资,非营利性医疗机构
北京市平谷区镇罗营镇上镇社区卫生服务站,北京市平谷区镇罗营镇上镇村中,101215,110117,平谷区,国有全资,非营利性医疗机构
北京市平谷区镇罗营镇五里庙社区卫生服务站,北京市平谷区镇罗营镇五里庙村中,101215,110117,平谷区,国有全资,非营利性医疗机构
北京市平谷区镇罗营镇杨家台社区卫生服务站,北京市平谷区镇罗营镇杨家台村中,101215,110117,平谷区,国有全资,非营利性医疗机构
北京市石景山区八宝山街道永乐第二社区卫生服务站,石景山区八宝山街道永乐东区23楼4单元,100039,110107,石景山区,其他,非营利性医疗机构
北京市石景山区八宝山街道远洋沁山水社区卫生服务站,石景山区八宝山街道玉泉西里一区一号楼底商,100043,110107,石景山区,国有全资,非营利性医疗机构
北京市石景山区八宝山街道远洋山水社区卫生服务站,北京市石景山区玉泉西里二区29号楼,100043,110107,石景山区,国有全资,非营利性医疗机构
北京市石景山区八宝山社区卫生服务中心,石景山区八宝山南路重聚园小区北侧,100040,110107,石景山区,集体全资,非营利性医疗机构
北京市石景山区八大处中医门诊部,北京市石景山区田村路559号,100041,110107,石景山区,集体全资,非营利性医疗机构
北京市石景山区八角街道八角北路社区卫生服务站,石景山区八角北路特钢小区17栋旁,100043,110107,石景山区,其他,非营利性医疗机构
北京市石景山区八角街道北里社区卫生服务站,石景山区八角北里物业楼1层西门,100043,110107,石景山区,集体全资,非营利性医疗机构
北京市石景山区八角街道古城南里社区卫生服务站,石景山区古城南里5号楼2门43号,100042,110107,石景山区,集体全资,非营利性医疗机构
北京市石景山区八角街道南路社区卫生服务站,八角南路20栋旁,100043,110107,石景山区,集体全资,非营利性医疗机构
北京市石景山区八角街道融景城社区卫生服务站,北京市石景山区景阳东街67号院C1号楼3层,100043,110107,石景山区,国有全资,非营利性医疗机构
北京市石景山区八角街道体育馆路社区卫生服务站,石景山体育场内四看台处,100043,110107,石景山区,国有全资,非营利性医疗机构
北京市石景山区八角街道中里社区卫生服务站,北京市石景山区八角中里居委会,100043,110107,石景山区,国有全资,非营利性医疗机构
北京市石景山区八角社区卫生服务中心,北京市石景山区八角北路,100043,110107,石景山区,国有全资,非营利性医疗机构
北京市石景山区古城街道北辛安社区卫生服务站,北京市石景山区古城街道北辛安南岔149号,,110107,石景山区,国有全资,非营利性医疗机构
北京市石景山区古城街道滨和园东社区卫生服务站,北京市石景山区燕堤中街6号院3号楼1层,100043,110107,石景山区,集体全资,非营利性医疗机构
北京市石景山区古城街道滨和园西社区卫生服务站,北京市石景山区燕堤西街7号院1号楼1层,100043,110107,石景山区,其他,非营利性医疗机构
北京市石景山区古城街道老古城社区卫生服务站,石景山区老古城北后道8号,100043,110107,石景山区,集体全资,非营利性医疗机构
北京市石景山区古城街道十万平社区卫生服务站,古城街道十万平17栋北,100043,110107,石景山区,国有全资,非营利性医疗机构
北京市石景山区古城街道水泥厂社区卫生服务站,北京市石景山区京源路68号,100041,110107,石景山区,其他,非营利性医疗机构
北京市石景山区古城社区卫生服务中心,石景山区古城路,100043,110107,石景山区,国有全资,非营利性医疗机构
北京市石景山区广宁街道高井社区卫生服务站,北京市石景山区高井,100041,110107,石景山区,国有全资,非营利性医疗机构
北京市石景山区广宁街道麻峪社区卫生服务站,北京市石景山区麻峪南沟甲5号,100041,110107,石景山区,国有全资,非营利性医疗机构
北京市石景山区广宁街道社区卫生服务中心,北京市石景山区高井路22号楼院内,100041,110107,石景山区,国有全资,非营利性医疗机构
北京市石景山区广宁街道寿山福海社区卫生服务站,北京市石景山区双峪路23号,100041,110107,石景山区,国有全资,非营利性医疗机构
北京市石景山区金顶街街道模东社区卫生服务站,石景山模式口东里,100041,110107,石景山区,国有全资,非营利性医疗机构
北京市石景山区金顶街街道赵山社区卫生服务站,北京市石景山区金顶街赵山宿舍院内平房,100041,110107,石景山区,其他,非营利性医疗机构
北京市石景山区金顶街社区卫生服务中心,北京市石景山区金顶北路22号院1号楼,100041,110107,石景山区,国有全资,非营利性医疗机构
北京市石景山区金汉丽苑社区卫生服务站,北京市石景山区体育场南街7号院3号楼,100043,110107,石景山区,国有全资,非营利性医疗机构
北京市石景山区金世界社区卫生服务站,石景山区杨庄北区22栋7门102,100041,110107,石景山区,国有全资,非营利性医疗机构
北京市石景山区老山街道中础社区卫生服务站,北京市石景山区石景山路23号院,100049,110107,石景山区,国有全资,非营利性医疗机构
北京市石景山区老山社区卫生服务中心,北京市石景山区老山西里老山门诊,100049,110107,石景山区,国有全资,非营利性医疗机构
北京市石景山区鲁谷街道永乐社区卫生服务站,石景山区永乐西小区23楼底商,100040,110107,石景山区,国有全资,非营利性医疗机构
北京市石景山区鲁谷社区卫生服务中心,石景山区鲁谷小区六合园2号,100040,110107,石景山区,国有全资,非营利性医疗机构
北京市石景山区苹果园街道东下庄社区卫生服务站,北京市石景山区苹果园街道西山芳苑小区4号楼一层,100114,110107,石景山区,国有全资,非营利性医疗机构
北京市石景山区苹果园街道海特花园社区卫生服务站,北京市石景山区苹果园街道海特花园45号楼101室,100041,110107,石景山区,私有,非营利性医疗机构
北京市石景山区苹果园街道刘娘府社区卫生服务站,北京市石景山区苹果园街道刘娘府9号院8号楼东侧底商,100041,110107,石景山区,国有全资,非营利性医疗机构
北京市石景山区苹果园街道苹果园四区社区卫生服务站,北京市石景山区苹果园街道苹果园四区居委会平房院西北侧,100044,110107,石景山区,国有全资,非营利性医疗机构
北京市石景山区苹果园街道西井一区社区卫生服务站,苹果园西井小区,,110107,石景山区,国有全资,非营利性医疗机构
北京市石景山区苹果园街道西山枫林社区卫生服务站,北京市石景山区香山南路166号院56号,100041,110107,石景山区,国有全资,非营利性医疗机构
北京市石景山区苹果园街道雍景四季社区卫生服务站,北京市石景山区苹果园街道冠景新城B区12号楼首层106室,100144,110107,石景山区,集体全资,非营利性医疗机构
北京市石景山区苹果园社区卫生服务中心,北京市石景山区苹果园大街86号,100041,110107,石景山区,国有全资,非营利性医疗机构
北京市石景山区首钢厂东门社区卫生服务站,石景山区首钢总公司办公厅院3号楼,100041,110107,石景山区,其他,非营利性医疗机构
北京市石景山区五里坨街道红卫路社区卫生服务站,石景山区隆恩寺路99号院,100042,110107,石景山区,其他,非营利性医疗机构
北京市石景山区五里坨街道隆恩家园社区卫生服务站,北京市石景山区秀府南路19号院1号楼1层,100043,110107,石景山区,集体全资,非营利性医疗机构
北京市石景山区五里坨街道南宫社区卫生服务站,石景山区石门路368号,100042,110107,石景山区,国有全资,非营利性医疗机构
北京市石景山区五里坨街道社区卫生服务中心,石景山区石门路322号,100042,110107,石景山区,国有全资,非营利性医疗机构
北京市石景山区西山社区卫生服务站,石景山区黑石头路99号,100042,110107,石景山区,国有全资,非营利性医疗机构
北京市石景山区燕保京原家园社区卫生服务站,北京市石景山区景阳东街58号院,100043,110107,石景山区,国有全资,非营利性医疗机构
北京市石景山区杨庄社区卫生服务站,杨庄路西口,100043,110107,石景山区,集体全资,非营利性医疗机构
北京市石景山区依翠园社区卫生服务站,石景山依翠园5号,100040,110107,石景山区,国有全资,非营利性医疗机构
北京市石景山区重兴园社区卫生服务站,北京市石景山区八宝山南路重兴嘉园1号一层,100040,110107,石景山区,私有,非营利性医疗机构
北京市石景山区璟都馨园社区卫生服务站,北京市石景山区时代花园南路28号院2楼,100043,110107,石景山区,集体全资,非营利性医疗机构
北京市顺义区北石槽镇卫生院(北京市顺义区北石槽社区卫生服务中心),北京市顺义区北石槽镇北石槽村,101300,110113,顺义区,集体全资,非营利性医疗机构
北京市顺义区北石槽镇卫生院二张营社区卫生服务站,北京市顺义区北石槽镇二张营村,101300,110113,顺义区,国有全资,非营利性医疗机构
北京市顺义区北石槽镇卫生院良善庄社区卫生服务站,北京市顺义区北石槽镇良善庄村,101300,110113,顺义区,国有全资,非营利性医疗机构
北京市顺义区北石槽镇卫生院寺上社区卫生服务站,北京市顺义区北石槽镇寺上村,101300,110113,顺义区,国有全资,非营利性医疗机构
北京市顺义区北石槽镇卫生院下西市社区卫生服务站,北京市顺义区北石槽镇下西市村,101300,110113,顺义区,国有全资,非营利性医疗机构
北京市顺义区北务社区卫生服务中心北务社区卫生服务站,北京市顺义区北务镇北务村,101300,110113,顺义区,国有全资,非营利性医疗机构
北京市顺义区北务镇社区卫生服务中心道口村社区卫生服务站,北京市顺义区北务镇道口村,101300,110113,顺义区,国有全资,非营利性医疗机构
北京市顺义区北务镇社区卫生服务中心郭家务村社区卫生服务站,北京市顺义区北务镇郭家务村,101300,110113,顺义区,国有全资,非营利性医疗机构
北京市顺义区北务镇社区卫生服务中心闫家渠村社区卫生服务站,北京市顺义区北务镇闫家渠村,101300,110113,顺义区,国有全资,非营利性医疗机构
北京市顺义区北务镇卫生院（北京市顺义区北务社区卫生服务中心）,北京市顺义区北务镇政府东侧,101300,110113,顺义区,集体全资,非营利性医疗机构
北京市顺义区北小营镇社区卫生服务中心仇家店社区卫生服务站,北京市顺义区北小营镇仇家店村,101300,110113,顺义区,国有全资,非营利性医疗机构
北京市顺义区北小营镇社区卫生服务中心东府社区卫生服务站,北京市顺义区北小营镇东府村,101305,110113,顺义区,国有全资,非营利性医疗机构
北京市顺义区北小营镇社区卫生服务中心前礼务社区卫生服务站,北京市顺义区北小营镇前礼务村,101300,110113,顺义区,国有全资,非营利性医疗机构
北京市顺义区北小营镇社区卫生服务中心上辇社区卫生服务站,北京市顺义区北小营镇上辇村,101300,110113,顺义区,国有全资,非营利性医疗机构
北京市顺义区北小营镇社区卫生服务中心西乌鸡社区卫生服务站,北京市顺义区北小营镇西乌鸡村,101305,110113,顺义区,国有全资,非营利性医疗机构
北京市顺义区北小营镇卫生院北府社区卫生服务站,北京市顺义区北小营镇北府村,101300,110113,顺义区,国有全资,非营利性医疗机构
北京市顺义区北小营镇卫生院（北京市顺义区北小营镇社区卫生服务中心）,北京市顺义区北小营镇府前街2号,101305,110113,顺义区,集体全资,非营利性医疗机构
北京市顺义区北小营镇卫生院大胡营社区卫生服务站,北京市顺义区北小营镇大胡营村,101305,110113,顺义区,集体全资,非营利性医疗机构
北京市顺义区北小营镇卫生院后礼务社区卫生服务站,北京市顺义区北小营镇后礼务村,101300,110113,顺义区,国有全资,非营利性医疗机构
北京市顺义区北小营镇卫生院后鲁社区卫生服务站,北京市顺义区北小营镇后鲁村,101305,110113,顺义区,国有全资,非营利性医疗机构
北京市顺义区北小营镇卫生院马辛庄社区卫生服务站,北京市顺义区北小营镇马辛庄村,101305,110113,顺义区,集体全资,非营利性医疗机构
北京市顺义区北小营镇卫生院前鲁社区卫生服务站,北京市顺义区北小营镇前鲁村,101300,110113,顺义区,国有全资,非营利性医疗机构
北京市顺义区北小营镇卫生院榆林社区卫生服务站,北京市顺义区北小营镇榆林村,101305,110113,顺义区,集体全资,非营利性医疗机构
北京市顺义区城区社区卫生服务中心,北京市顺义区胜利街道建新南区甲28号楼北侧,101300,110113,顺义区,国有全资,非营利性医疗机构
北京市顺义区城区社区卫生服务中心滨河社区卫生服务站,北京市顺义区滨河小区甲21号楼102室,101300,110113,顺义区,国有全资,非营利性医疗机构
北京市顺义区城区社区卫生服务中心东兴社区卫生服务站,北京市顺义区东兴小区28-1-102,101300,110113,顺义区,国有全资,非营利性医疗机构
北京市顺义区城区社区卫生服务中心宏城花园社区卫生服务站,北京市顺义区宏城花园7号-2单元-102,101300,110113,顺义区,集体全资,非营利性医疗机构
北京市顺义区城区社区卫生服务中心建新北区社区卫生服务站,顺义区建新北区丙32号,101300,110113,顺义区,国有全资,非营利性医疗机构
北京市顺义区城区社区卫生服务中心龙府社区卫生服务站,北京市顺义区龙府11号楼101，102,101300,110113,顺义区,集体全资,非营利性医疗机构
北京市顺义区城区社区卫生服务中心绿港家园社区卫生服务站,北京市顺义区绿港家园一区9号楼一层116室,101300,110113,顺义区,国有全资,非营利性医疗机构
北京市顺义区城区社区卫生服务中心石园社区卫生服务站,北京市顺义区石园北区甲7号楼4门101,101300,110113,顺义区,国有全资,非营利性医疗机构
北京市顺义区城区社区卫生服务中心双兴南区社区卫生服务站,北京市顺义区双兴南区32号楼内侧平房,101300,110113,顺义区,国有全资,非营利性医疗机构
北京市顺义区城区社区卫生服务中心五里仓社区卫生服务站,北京市顺义区五里仓18号楼北侧,101300,110113,顺义区,国有全资,非营利性医疗机构
北京市顺义区城区社区卫生服务中心西辛北区社区卫生服务站,北京市顺义区西辛北区甲8号楼101、102室,101300,110113,顺义区,国有全资,非营利性医疗机构
北京市顺义区城区社区卫生服务中心西辛南区社区卫生服务站,北京市顺义区西辛南区53-1-101,101300,110113,顺义区,国有全资,非营利性医疗机构
北京市顺义区城区社区卫生服务中心幸福西区社区卫生服务站,北京市顺义区幸福西区甲6号,101300,110113,顺义区,国有全资,非营利性医疗机构
北京市顺义区城区社区卫生服务中心义宾社区卫生服务站,北京市顺义区义宾南区10号楼北侧,101300,110113,顺义区,国有全资,非营利性医疗机构
北京市顺义区城区社区卫生服务中心永欣嘉园社区卫生服务站,北京市顺义区永欣家园站前街8号院5号楼首层108、109室,101300,110113,顺义区,国有全资,非营利性医疗机构
北京市顺义区城区社区卫生服务中心裕龙社区卫生服务站,北京市顺义区裕龙花园四区17号楼03室门面房,101300,110113,顺义区,国有全资,非营利性医疗机构
北京市顺义区大孙各庄社区卫生服务中心柴家林社区卫生服务站,北京市顺义区大孙各庄镇柴家林村,101308,110113,顺义区,国有全资,非营利性医疗机构
北京市顺义区大孙各庄社区卫生服务中心大段社区卫生服务站,北京市顺义区大孙各庄镇大段村,101308,110113,顺义区,国有全资,非营利性医疗机构
北京市顺义区大孙各庄社区卫生服务中心大塘社区卫生服务站,北京市顺义区大孙各庄镇大塘村,101308,110113,顺义区,国有全资,非营利性医疗机构
北京市顺义区大孙各庄社区卫生服务中心大田庄社区卫生服务站,北京市顺义区大孙各庄镇大田庄村,101308,110113,顺义区,国有全资,非营利性医疗机构
北京市顺义区大孙各庄社区卫生服务中心东华山社区卫生服务站,北京市顺义区大孙各庄镇东华山村,101308,110113,顺义区,国有全资,非营利性医疗机构
北京市顺义区大孙各庄社区卫生服务中心东尹家府社区卫生服务站,北京市顺义区大孙各庄镇东尹家府村,101308,110113,顺义区,国有全资,非营利性医疗机构
北京市顺义区大孙各庄社区卫生服务中心后岭社区卫生服务站,北京市顺义区大孙各庄镇后岭上村,101308,110113,顺义区,国有全资,非营利性医疗机构
北京市顺义区大孙各庄社区卫生服务中心龙庭侯社区卫生服务站,北京市顺义区大孙各庄镇龙庭侯村,101308,110113,顺义区,国有全资,非营利性医疗机构
北京市顺义区大孙各庄社区卫生服务中心南聂庄社区卫生服务站,北京市顺义区大孙各庄镇南聂庄村,101308,110113,顺义区,国有全资,非营利性医疗机构
北京市顺义区大孙各庄社区卫生服务中心田各庄社区卫生服务站,北京市顺义区大孙各庄镇田各庄村,101308,110113,顺义区,国有全资,非营利性医疗机构
北京市顺义区大孙各庄社区卫生服务中心吴雄寺社区卫生服务站,北京市顺义区大孙各庄镇吴雄寺村,101308,110113,顺义区,国有全资,非营利性医疗机构
北京市顺义区大孙各庄社区卫生服务中心薛庄社区卫生服务站,北京市顺义区大孙各庄镇薛庄村,101308,110113,顺义区,国有全资,非营利性医疗机构
北京市顺义区大孙各庄镇社区卫生服务中心小段社区卫生服务站,北京市顺义区大孙各庄镇小段村,101300,110113,顺义区,国有全资,非营利性医疗机构
北京市顺义区大孙各庄镇卫生院(北京市顺义区大孙各庄镇社区卫生服务中心),北京市顺义区大孙各庄镇府前东街4号,101308,110113,顺义区,集体全资,非营利性医疗机构
北京市顺义区第二医院安乐庄社区卫生服务站,北京市顺义区杨镇安乐庄村,101309,110113,顺义区,国有全资,非营利性医疗机构
北京市顺义区第二医院（北京市顺义区杨镇社区卫生服务中心）,北京市顺义区杨镇环镇东路临2号,101309,110113,顺义区,国有全资,非营利性医疗机构
北京市顺义区第二医院城市学院社区卫生服务站,北京市顺义区杨镇城市学院院内,101300,110113,顺义区,国有全资,非营利性医疗机构
北京市顺义区第二医院东疃社区卫生服务站,北京市顺义区杨镇东疃村,101309,110113,顺义区,国有全资,非营利性医疗机构
北京市顺义区第二医院杜庄社区卫生服务站,北京市顺义区杨镇杜庄村,101309,110113,顺义区,集体全资,非营利性医疗机构
北京市顺义区第二医院二郎庙社区卫生服务站,北京市顺义区杨镇二郎庙村,101309,110113,顺义区,集体全资,非营利性医疗机构
北京市顺义区第二医院沟东社区卫生服务站,北京市顺义区杨镇沟东村,101309,110113,顺义区,国有全资,非营利性医疗机构
北京市顺义区第二医院汉石桥社区卫生服务站,北京市顺义区杨镇汉石桥,101309,110113,顺义区,集体全资,非营利性医疗机构
北京市顺义区第二医院红寺社区卫生服务站,北京市顺义区杨镇红寺村,101309,110113,顺义区,集体全资,非营利性医疗机构
北京市顺义区第二医院下营社区卫生服务站,北京市顺义区杨镇下营村,101309,110113,顺义区,集体全资,非营利性医疗机构
北京市顺义区第二医院一中社区卫生服务站,北京市顺义区杨镇一中,101300,110113,顺义区,国有全资,非营利性医疗机构
北京市顺义区第二医院张家务社区卫生服务站,北京市顺义区杨镇张家务村,101309,110113,顺义区,国有全资,非营利性医疗机构
北京市顺义区第三医院（北京市顺义区牛栏山社区卫生服务中心）,北京市顺义区牛栏山镇,101301,110113,顺义区,国有全资,非营利性医疗机构
北京市顺义区高丽营镇社区卫生服务中心二村社区卫生服务站,北京市顺义区高丽营镇二村,101300,110113,顺义区,国有全资,非营利性医疗机构
北京市顺义区高丽营镇社区卫生服务中心七村社区卫生服务站,北京市顺义区高丽营镇七村,101300,110113,顺义区,国有全资,非营利性医疗机构
北京市顺义区高丽营镇社区卫生服务中心唐自头社区卫生服务站,北京市顺义区高丽营镇唐自头村,101300,110113,顺义区,国有全资,非营利性医疗机构
北京市顺义区高丽营镇社区卫生服务中心西王路社区卫生服务站,北京市顺义区高丽营镇西王路村,101303,110113,顺义区,国有全资,非营利性医疗机构
北京市顺义区高丽营镇社区卫生服务中心一村社区卫生服务站,北京市顺义区高丽营镇一村,101300,110113,顺义区,集体全资,非营利性医疗机构
北京市顺义区高丽营镇卫生院(北京市顺义区高丽营镇社区卫生服务中心),北京市顺义区高丽营镇,101303,110113,顺义区,集体全资,非营利性医疗机构
北京市顺义区高丽营镇张喜庄卫生院（北京市顺义区高丽营镇张喜庄社区卫生服务中心）,北京市顺义区高丽营镇张喜庄村南,101302,110113,顺义区,国有全资,非营利性医疗机构
北京市顺义区高丽营镇张喜庄卫生院东马各庄社区卫生服务站,北京市顺义区高丽营镇东马各庄村,101300,110113,顺义区,国有全资,非营利性医疗机构
北京市顺义区高丽营镇张喜庄卫生院南郎中社区卫生服务站,北京市顺义区高丽营镇南郎中村,101300,110113,顺义区,国有全资,非营利性医疗机构
北京市顺义区高丽营镇张喜庄卫生院前渠河社区卫生服务站,北京市顺义区高丽营镇前渠河庄村,101302,110113,顺义区,国有全资,非营利性医疗机构
北京市顺义区高丽营镇张喜庄卫生院文化营社区卫生服务站,北京市顺义区高丽营镇文化营村,101300,110113,顺义区,国有全资,非营利性医疗机构
北京市顺义区高丽营镇张喜庄卫生院西马各庄社区卫生服务站,北京市顺义区高丽营镇西马各庄村,101300,110113,顺义区,国有全资,非营利性医疗机构
北京市顺义区高丽营镇张喜庄卫生院夏县营社区卫生服务站,北京市顺义区高丽营镇夏县营村,101300,110113,顺义区,国有全资,非营利性医疗机构
北京市顺义区高丽营镇张喜庄卫生院羊坊社区卫生服务站,北京市顺义区高丽营镇羊坊村,101300,110113,顺义区,国有全资,非营利性医疗机构
北京市顺义区后沙峪社区卫生服务中心古城社区卫生服务站,北京市顺义区后沙峪镇火沙路13号,101300,110113,顺义区,国有全资,非营利性医疗机构
北京市顺义区后沙峪社区卫生服务中心祥云东方苑社区卫生服务站,北京市顺义区空港街道安泰大街9号院20号楼107室,101300,110113,顺义区,国有全资,非营利性医疗机构
北京市顺义区空港医院董各庄社区卫生服务站,北京市顺义区后沙峪镇董各庄,101318,110113,顺义区,国有全资,非营利性医疗机构
北京市顺义区空港医院火神营社区卫生服务站,北京市顺义区后沙峪镇火神营村,101300,110113,顺义区,国有全资,非营利性医疗机构
北京市顺义区空港医院空港工业区社区卫生服务站,北京市顺义区空港工业区A区天纬路四街12号,101318,110113,顺义区,集体全资,非营利性医疗机构
北京市顺义区空港医院马头庄社区卫生服务站,北京市顺义区后沙峪镇马头庄村,101300,110113,顺义区,国有全资,非营利性医疗机构
北京市顺义区空港医院铁匠营社区卫生服务站,北京市顺义区后沙峪镇铁匠营村,101318,110113,顺义区,集体全资,非营利性医疗机构
北京市顺义区空港医院泗上社区卫生服务站,北京市顺义区后沙峪镇西泗上村,101318,110113,顺义区,集体全资,非营利性医疗机构
北京市顺义区李桥镇社区卫生服务中心半壁店社区卫生服务站,北京市顺义区李桥镇半壁店村西二街147号,101300,110113,顺义区,国有全资,非营利性医疗机构
北京市顺义区李桥镇社区卫生服务中心李桥社区卫生服务站,北京市顺义区李桥镇李桥村,101300,110113,顺义区,国有全资,非营利性医疗机构
北京市顺义区李桥镇社区卫生服务中心南庄头社区卫生服务站,北京市顺义区李桥镇南庄头村,101304,110113,顺义区,国有全资,非营利性医疗机构
北京市顺义区李桥镇社区卫生服务中心英各庄社区卫生服务站,北京市顺义区李桥镇英各庄村,101304,110113,顺义区,国有全资,非营利性医疗机构
北京市顺义区李桥镇社区卫生服务中心张辛社区卫生服务站,北京市顺义区李桥镇张辛村,101304,110113,顺义区,国有全资,非营利性医疗机构
北京市顺义区李桥镇卫生院（北京市顺义区李桥镇社区卫生服务中心）,北京市顺义区李桥镇沿河村西,101304,110113,顺义区,国有全资,非营利性医疗机构
北京市顺义区李桥镇卫生院头二营社区卫生服务站,北京市顺义区李桥镇头二营村,101304,110113,顺义区,集体全资,非营利性医疗机构
北京市顺义区李桥镇卫生院永青社区卫生服务站,北京市顺义区李桥镇永青村白青路永青段,101304,110113,顺义区,集体全资,非营利性医疗机构
北京市顺义区李遂镇卫生院(北京市顺义区李遂社区卫生服务中心),北京市顺义区李遂镇,101313,110113,顺义区,集体全资,非营利性医疗机构
北京市顺义区李遂镇卫生院陈庄社区卫生服务站,北京市顺义区李遂镇陈庄村,101300,110113,顺义区,国有全资,非营利性医疗机构
北京市顺义区李遂镇卫生院崇国庄社区卫生服务站,北京市顺义区李遂镇崇各庄村,101300,110113,顺义区,国有全资,非营利性医疗机构
北京市顺义区李遂镇卫生院李遂社区卫生服务站,北京市顺义区李遂镇李遂村,101300,110113,顺义区,国有全资,非营利性医疗机构
北京市顺义区李遂镇卫生院牌楼社区卫生服务站,北京市顺义区李遂镇牌楼村,101300,110113,顺义区,集体全资,非营利性医疗机构
北京市顺义区李遂镇卫生院太平社区卫生服务站,北京市顺义区李遂镇太平村,101300,110113,顺义区,国有全资,非营利性医疗机构
北京市顺义区龙湾屯镇社区卫生服务中心大北坞社区卫生服务站,顺义区龙湾屯镇大北坞村,101300,110113,顺义区,国有全资,非营利性医疗机构
北京市顺义区龙湾屯镇社区卫生服务中心丁甲庄社区卫生服务站,北京市顺义区龙湾屯镇丁家庄村,101306,110113,顺义区,国有全资,非营利性医疗机构
北京市顺义区龙湾屯镇卫生院（北京市顺义区龙湾屯镇社区卫生服务中心）,北京市顺义区龙湾屯镇,101306,110113,顺义区,集体全资,非营利性医疗机构
北京市顺义区马坡镇卫生院白各庄社区卫生服务站,北京市顺义区马坡镇白各庄村村东路17号,101300,110113,顺义区,国有全资,非营利性医疗机构
北京市顺义区马坡镇卫生院(北京市顺义区马坡镇社区卫生服务中心),北京市顺义区马坡镇政府北侧,101300,110113,顺义区,集体全资,非营利性医疗机构
北京市顺义区马坡镇卫生院良正卷社区卫生服务站,北京市顺义区马坡镇良正卷村福兴西路五条10号,101300,110113,顺义区,国有全资,非营利性医疗机构
北京市顺义区马坡镇卫生院马卷社区卫生服务站,北京市顺义区马坡镇马卷村中街南侧38号,101300,110113,顺义区,国有全资,非营利性医疗机构
北京市顺义区马坡镇卫生院庙卷社区卫生服务站,北京市顺义区马坡镇庙卷村北大街,101300,110113,顺义区,国有全资,非营利性医疗机构
北京市顺义区马坡镇卫生院石家营社区卫生服务站,北京市顺义区马坡镇石家营村光明大街1号,101300,110113,顺义区,国有全资,非营利性医疗机构
北京市顺义区马坡镇卫生院西马坡村社区卫生服务站,北京市顺义区马坡镇西马坡街1号院4号楼2门101室,101300,110113,顺义区,国有全资,非营利性医疗机构
北京市顺义区马坡镇卫生院衙门村社区卫生服务站,北京市顺义区马坡镇衙门村安乐路75号,101300,110113,顺义区,国有全资,非营利性医疗机构
北京市顺义区木林社区卫生服务中心陈各庄社区卫生服务站,北京市顺义区木林镇陈各庄村,101314,110113,顺义区,国有全资,非营利性医疗机构
北京市顺义区木林社区卫生服务中心陈家坨社区卫生服务站,北京市顺义区木林镇陈家坨村,101314,110113,顺义区,国有全资,非营利性医疗机构
北京市顺义区木林社区卫生服务中心大韩庄社区卫生服务站,北京市顺义区木林镇大韩庄村,101314,110113,顺义区,国有全资,非营利性医疗机构
北京市顺义区木林社区卫生服务中心后王各庄社区卫生服务站,北京市顺义区木林镇后王各庄村,101314,110113,顺义区,国有全资,非营利性医疗机构
北京市顺义区木林社区卫生服务中心贾山社区卫生服务站,北京市顺义区木林镇贾山村,101314,110113,顺义区,国有全资,非营利性医疗机构
北京市顺义区木林社区卫生服务中心蒋各庄社区卫生服务站,北京市顺义区木林镇蒋各庄村,101314,110113,顺义区,国有全资,非营利性医疗机构
北京市顺义区木林社区卫生服务中心马坊社区卫生服务站,北京市顺义区木林镇马坊村,101314,110113,顺义区,国有全资,非营利性医疗机构
北京市顺义区木林社区卫生服务中心荣各庄社区卫生服务站,北京市顺义区木林镇荣各庄村,101314,110113,顺义区,国有全资,非营利性医疗机构
北京市顺义区木林社区卫生服务中心唐指山社区卫生服务站,北京市顺义区木林镇唐指山村,101314,110113,顺义区,国有全资,非营利性医疗机构
北京市顺义区木林社区卫生服务中心陀头庙社区卫生服务站,北京市顺义区木林镇陀头庙村,101314,110113,顺义区,国有全资,非营利性医疗机构
北京市顺义区木林社区卫生服务中心王泮庄社区卫生服务站,北京市顺义区木林镇王泮庄村,101314,110113,顺义区,国有全资,非营利性医疗机构
北京市顺义区木林社区卫生服务中心魏家店社区卫生服务站,北京市顺义区顺焦路81号,101314,110113,顺义区,国有全资,非营利性医疗机构
北京市顺义区木林社区卫生服务中心西沿头社区卫生服务站,北京市顺义区木林镇西沿头村,101314,110113,顺义区,国有全资,非营利性医疗机构
北京市顺义区木林社区卫生服务中心业兴庄社区卫生服务站,北京市顺义区木林镇业兴庄村,101314,110113,顺义区,国有全资,非营利性医疗机构
北京市顺义区木林镇卫生院(北京市顺义区木林社区卫生服务中心),北京市顺义区木林镇村西,101314,110113,顺义区,国有全资,非营利性医疗机构
北京市顺义区木林镇卫生院李各庄社区卫生服务站,北京市顺义区木林镇杨木路李各庄段20号,101300,110113,顺义区,集体全资,非营利性医疗机构
北京市顺义区南彩社区卫生服务中心道仙庄社区卫生服务站,北京市顺义区南彩镇道仙庄村,101300,110113,顺义区,国有全资,非营利性医疗机构
北京市顺义区南彩社区卫生服务中心东江头社区卫生服务站,北京市顺义区南彩镇东江头村,101300,110113,顺义区,国有全资,非营利性医疗机构
北京市顺义区南彩社区卫生服务中心前薛社区卫生服务站,北京市顺义区南彩镇前薛村,101300,110113,顺义区,国有全资,非营利性医疗机构
北京市顺义区南彩社区卫生服务中心双营社区卫生服务站,北京市顺义区双营村,101300,110113,顺义区,国有全资,非营利性医疗机构
北京市顺义区南彩社区卫生服务中心坞里社区卫生服务站,北京市顺义区南彩镇坞里村,101300,110113,顺义区,国有全资,非营利性医疗机构
北京市顺义区南彩镇社区卫生服务中心九王庄社区卫生服务站,北京市顺义区南彩镇九王庄村,101300,110113,顺义区,国有全资,非营利性医疗机构
北京市顺义区南彩镇社区卫生服务中心南小营社区卫生服务站,北京市顺义区南彩镇南小营村,101300,110113,顺义区,国有全资,非营利性医疗机构
北京市顺义区南彩镇社区卫生服务中心洼里社区卫生服务站,北京市顺义区南彩镇洼里村,101300,110113,顺义区,国有全资,非营利性医疗机构
北京市顺义区南彩镇社区卫生服务中心望渠社区卫生服务站,北京市顺义区南彩镇望渠村,101300,110113,顺义区,国有全资,非营利性医疗机构
北京市顺义区南彩镇卫生院（北京市顺义区南彩社区卫生服务中心）,北京市顺义区南彩镇,101300,110113,顺义区,集体全资,非营利性医疗机构
北京市顺义区南彩镇俸伯社区卫生服务中心北彩社区卫生服务站,北京市顺义区南彩镇北彩村,101300,110113,顺义区,国有全资,非营利性医疗机构
北京市顺义区南彩镇俸伯社区卫生服务中心桥头社区卫生服务站,北京市顺义区南彩镇桥头村,101300,110113,顺义区,国有全资,非营利性医疗机构
北京市顺义区南彩镇俸伯卫生院(北京市顺义区南彩镇俸伯社区卫生服务中心),北京市顺义区南彩镇俸伯村东,101300,110113,顺义区,集体全资,非营利性医疗机构
北京市顺义区南彩镇俸伯卫生院彩俸小区社区卫生服务站,北京市顺义区南彩镇彩俸小区,101300,110113,顺义区,集体全资,非营利性医疗机构
北京市顺义区南彩镇俸伯卫生院郝家疃社区卫生服务站,北京市顺义区南彩镇郝家疃村,101300,110113,顺义区,集体全资,非营利性医疗机构
北京市顺义区南彩镇俸伯卫生院河北村社区卫生服务站,北京市顺义区南彩镇河北村,101300,110113,顺义区,集体全资,非营利性医疗机构
北京市顺义区南彩镇俸伯卫生院后俸伯社区卫生服务站,北京市顺义区南彩镇后俸伯村,101300,110113,顺义区,集体全资,非营利性医疗机构
北京市顺义区南法信镇卫生院北法信社区卫生服务站,北京市顺义区南法信镇北法信村,101300,110113,顺义区,国有全资,非营利性医疗机构
北京市顺义区南法信镇卫生院（北京市顺义区南法信社区卫生服务中心）,北京市顺义区南法信镇顺榆路9号,101300,110113,顺义区,国有全资,非营利性医疗机构
北京市顺义区南法信镇卫生院东海洪社区卫生服务站,北京市顺义区南法信镇东海洪村,101300,110113,顺义区,国有全资,非营利性医疗机构
北京市顺义区南法信镇卫生院刘家河社区卫生服务站,北京市顺义区港馨东区15号楼9门101室,101300,110113,顺义区,国有全资,非营利性医疗机构
北京市顺义区南法信镇卫生院南卷社区卫生服务站,北京市顺义区南法信镇南卷村,101300,110113,顺义区,国有全资,非营利性医疗机构
北京市顺义区南法信镇卫生院西杜兰社区卫生服务站,北京市顺义区南法信镇西杜兰村,101300,110113,顺义区,国有全资,非营利性医疗机构
北京市顺义区牛栏山社区卫生服务中心官志卷社区卫生服务站,北京市顺义区牛栏山镇官志卷村,101300,110113,顺义区,国有全资,非营利性医疗机构
北京市顺义区牛栏山社区卫生服务中心兰家营社区卫生服务站,北京市顺义区牛栏山镇兰家营,101300,110113,顺义区,国有全资,非营利性医疗机构
北京市顺义区牛栏山社区卫生服务中心先进社区卫生服务站,北京市顺义区牛栏山镇先进村,101301,110113,顺义区,国有全资,非营利性医疗机构
北京市顺义区牛栏山社区卫生服务中心姚各庄社区卫生服务站,北京市顺义区牛栏山镇姚各庄村,101300,110113,顺义区,国有全资,非营利性医疗机构
北京市顺义区牛栏山镇卫生院北孙各庄社区卫生服务站,北京市顺义区牛栏山镇北孙各庄村,101300,110113,顺义区,国有全资,非营利性医疗机构
北京市顺义区牛栏山镇卫生院龙王头社区卫生服务站,北京市顺义区牛栏山镇龙王头村,101300,110113,顺义区,国有全资,非营利性医疗机构
北京市顺义区仁和镇卫生院（北京市顺义区仁和社区卫生服务中心）,北京市顺义区石园南区东侧,101300,110113,顺义区,集体全资,非营利性医疗机构
北京市顺义区仁和镇卫生院复兴社区卫生服务站,北京市顺义区双兴南区46#5单元,101300,110113,顺义区,国有全资,非营利性医疗机构
北京市顺义区仁和镇卫生院河南村社区卫生服务站,北京市顺义区仁和镇河南村村委会北侧,101300,110113,顺义区,国有全资,非营利性医疗机构
北京市顺义区仁和镇卫生院临河社区卫生服务站,北京市顺义区仁和镇临河村村委会南侧,101300,110113,顺义区,国有全资,非营利性医疗机构
北京市顺义区仁和镇卫生院米各庄社区卫生服务站,北京市顺义区仁和镇米各庄村委会西侧,101300,110113,顺义区,国有全资,非营利性医疗机构
北京市顺义区天竺镇卫生院(北京市顺义区天竺社区卫生服务中心),北京市顺义区天竺镇府前街27号,101312,110113,顺义区,集体全资,非营利性医疗机构
北京市顺义区天竺镇卫生院二十里堡社区卫生服务站,北京市顺义区天竺镇二十里堡村,101300,110113,顺义区,国有全资,非营利性医疗机构
北京市顺义区天竺镇卫生院楼台社区卫生服务站,北京市顺义区天竺镇楼台村,101300,110113,顺义区,集体全资,非营利性医疗机构
北京市顺义区天竺镇卫生院三山家园社区卫生服务站,北京市顺义区三山家园13号楼1门102室,101300,110113,顺义区,国有全资,非营利性医疗机构
北京市顺义区天竺镇卫生院天竺新村社区卫生服务站,北京市顺义区天竺镇天竺新村,101300,110113,顺义区,国有全资,非营利性医疗机构
北京市顺义区天竺镇卫生院薛大人庄社区卫生服务站,北京市顺义区天竺镇薛大人庄村,101300,110113,顺义区,集体全资,非营利性医疗机构
北京市顺义区天竺镇卫生院杨二营社区卫生服务站,北京市顺义区天竺镇杨二营村,101300,110113,顺义区,集体全资,非营利性医疗机构
北京市顺义区旺泉社区卫生服务中心,北京市顺义区仁和镇梅香街10号院14号楼,101300,110113,顺义区,国有全资,非营利性医疗机构
北京市顺义区杨镇沙岭社区卫生服务中心别庄社区卫生服务站,北京市顺义区杨镇别庄村,101300,110113,顺义区,国有全资,非营利性医疗机构
北京市顺义区杨镇沙岭社区卫生服务中心大三渠社区卫生服务站,北京市顺义区杨镇大三渠村,101300,110113,顺义区,国有全资,非营利性医疗机构
北京市顺义区杨镇沙岭社区卫生服务中心焦各庄社区卫生服务站,北京市顺义区杨镇焦各庄村,101300,110113,顺义区,国有全资,非营利性医疗机构
北京市顺义区杨镇沙岭社区卫生服务中心破罗口社区卫生服务站,北京市顺义区杨镇破罗口村,101300,110113,顺义区,国有全资,非营利性医疗机构
北京市顺义区杨镇沙岭社区卫生服务中心曾庄社区卫生服务站,北京市顺义区杨镇曾庄村,101309,110113,顺义区,国有全资,非营利性医疗机构
北京市顺义区杨镇沙岭社区卫生服务中心周庄社区卫生服务站,北京市顺义区杨镇周庄村,101300,110113,顺义区,国有全资,非营利性医疗机构
北京市顺义区杨镇沙岭卫生院白塔社区卫生服务站,北京市顺义区杨镇白塔村前大街,101309,110113,顺义区,集体全资,非营利性医疗机构
北京市顺义区杨镇沙岭卫生院（北京市顺义区杨镇沙岭社区卫生服务中心）,北京市顺义区杨镇沙岭,101309,110113,顺义区,集体全资,非营利性医疗机构
北京市顺义区杨镇沙岭卫生院大曹庄社区卫生服务站,北京市顺义区杨镇大曹庄村,101309,110113,顺义区,集体全资,非营利性医疗机构
北京市顺义区杨镇沙岭卫生院西庞社区卫生服务站,北京市顺义区杨镇西庞村,101309,110113,顺义区,集体全资,非营利性医疗机构
北京市顺义区杨镇沙岭卫生院徐庄社区卫生服务站,北京市顺义区杨镇徐庄村,101309,110113,顺义区,集体全资,非营利性医疗机构
北京市顺义区杨镇小店社区卫生服务中心高各庄社区卫生服务站,北京市顺义区杨镇高各庄村,101300,110113,顺义区,国有全资,非营利性医疗机构
北京市顺义区杨镇小店社区卫生服务中心井上村社区卫生服务站,北京市顺义区杨镇井上村,101300,110113,顺义区,国有全资,非营利性医疗机构
北京市顺义区杨镇小店社区卫生服务中心沙子营村社区卫生服务站,北京市顺义区杨镇沙子营村,101300,110113,顺义区,国有全资,非营利性医疗机构
北京市顺义区杨镇小店社区卫生服务中心松各庄村社区卫生服务站,北京市顺义区杨镇松各庄村,101300,110113,顺义区,国有全资,非营利性医疗机构
北京市顺义区杨镇小店社区卫生服务中心田家营村社区卫生服务站,北京市顺义区杨镇田家营村,101300,110113,顺义区,国有全资,非营利性医疗机构
北京市顺义区杨镇小店卫生院（北京市顺义区杨镇小店社区卫生服务中心）,北京市顺义区杨镇小店村,101300,110113,顺义区,集体全资,非营利性医疗机构
北京市顺义区张镇社区卫生服务中心后王会社区卫生服务站,北京市顺义区张镇后王会村,101300,110113,顺义区,国有全资,非营利性医疗机构
北京市顺义区张镇社区卫生服务中心麻林山社区卫生服务站,北京市顺义区张镇麻林山村,101300,110113,顺义区,国有全资,非营利性医疗机构
北京市顺义区张镇社区卫生服务中心浅山香邑社区卫生服务站,北京市顺义区张镇林秀西路一号院二区2号楼102,101307,110113,顺义区,集体全资,非营利性医疗机构
北京市顺义区张镇社区卫生服务中心驻马庄社区卫生服务站,北京市顺义区张镇驻马庄村,101300,110113,顺义区,国有全资,非营利性医疗机构
北京市顺义区张镇卫生院（北京市顺义区张镇社区卫生服务中心）,北京市顺义区张镇大街5号,101307,110113,顺义区,国有全资,非营利性医疗机构
北京市顺义区张镇卫生院后苏桥社区卫生服务站,北京市顺义区张镇后苏桥村,101300,110113,顺义区,国有全资,非营利性医疗机构
北京市顺义区张镇卫生院良山社区卫生服务站,北京市顺义区张镇良山村,101300,110113,顺义区,国有全资,非营利性医疗机构
北京市顺义区张镇卫生院张各庄社区卫生服务站,北京市顺义区张镇张各庄村,101300,110113,顺义区,国有全资,非营利性医疗机构
北京市顺义区张镇卫生院赵各庄社区卫生服务站,北京市顺义区张镇赵各庄村商业街3号,101300,110113,顺义区,集体全资,非营利性医疗机构
北京市顺义区赵全营镇板桥卫生院(北京市顺义区赵全营镇板桥社区卫生服务中心),北京市顺义区赵全营镇板桥村,101300,110113,顺义区,集体全资,非营利性医疗机构
北京市顺义区赵全营镇板桥卫生院稷山营社区卫生服务站,北京市顺义区赵全营镇稷山营村,101300,110113,顺义区,国有全资,非营利性医疗机构
北京市顺义区赵全营镇卫生院(北京市顺义区赵全营社区卫生服务中心),北京市顺义区赵全营镇中板路119号,101301,110113,顺义区,集体全资,非营利性医疗机构
北京市顺义区赵全营镇卫生院北郎中社区卫生服务站,北京市顺义区赵全营镇北郎中村,101300,110113,顺义区,国有全资,非营利性医疗机构
北京市顺义区赵全营镇卫生院小官庄社区卫生服务站,北京市顺义区赵全营镇小官庄村,101300,110113,顺义区,国有全资,非营利性医疗机构
北京市通州区北苑街道北苑社区卫生服务站,北京市通州区后南仓小区25号楼北侧平房,101100,110112,通州区,国有全资,非营利性医疗机构
北京市通州区北苑街道经委小区社区卫生服务站,北京市通州区北苑街道杨庄北街经委小区10号楼1层,101100,110112,通州区,国有全资,非营利性医疗机构
北京市通州区北苑街道西果园中医药社区卫生服务站,北京市通州区杨庄路24号,101100,110112,通州区,国有全资,非营利性医疗机构
北京市通州区北苑街道怡佳家园社区卫生服务站,北京市通州区滨惠南二街100号、102号、104号,101100,110112,通州区,国有全资,非营利性医疗机构
北京市通州区梨园地区高楼金村社区卫生服务站,北京市通州区梨园地区高楼金第小区建工1号,101117,110112,通州区,国有全资,非营利性医疗机构
北京市通州区梨园地区刘老公庄社区卫生服务站,北京市通州区梨园镇刘老公庄村,101100,110112,通州区,国有全资,非营利性医疗机构
北京市通州区梨园地区群芳园社区卫生服务站,北京市通州区梨园西里33号楼1层10,101101,110112,通州区,国有全资,非营利性医疗机构
北京市通州区梨园地区小稿村社区卫生服务站,北京市通州区梨园镇小稿村,101105,110112,通州区,国有全资,非营利性医疗机构
北京市通州区梨园地区小街村社区卫生服务站,北京市通州区梨园地区东方华业玫瑰A17#,101105,110112,通州区,国有全资,非营利性医疗机构
北京市通州区梨园地区砖厂小区社区卫生服务站,北京市通州区砖厂南里23号楼105房间,101101,110112,通州区,国有全资,非营利性医疗机构
北京市通州区梨园镇半壁店社区卫生服务站,北京市通州区梨园镇半壁店靓景明居3号楼338、340号,101101,110112,通州区,私有,非营利性医疗机构
北京市通州区梨园镇翠屏北里社区卫生服务站,北京市通州区怡乐北街10号楼112室,101101,110112,通州区,国有全资,非营利性医疗机构
北京市通州区梨园镇大稿村社区卫生服务站,北京市通州区梨园镇中泽雅园7号楼8号10号底商,101100,110112,通州区,国有全资,非营利性医疗机构
北京市通州区梨园镇梨园社区卫生服务中心（北京市通州区梨园卫生院）,北京市通州区葛布店南里10、11号楼；通州区群芳园路口往东200米（梨园敬老院底商）；颐瑞西里3号楼群芳园中二街132#、134#、136#、138#、140#；通州区半壁店大街25号京洲园320号楼2层11号,101101,110112,通州区,国有全资,非营利性医疗机构
北京市通州区梨园镇龙鼎园社区卫生服务站,北京市通州区梨园镇云景南大街103-107号,101100,110112,通州区,私有,非营利性医疗机构
北京市通州区梨园镇三间房社区卫生服务站,北京市通州区梨园镇梨园东里北区3号楼北侧平房,101100,110112,通州区,国有全资,非营利性医疗机构
北京市通州区梨园镇通大家园社区卫生服务站,北京市通州区梨园镇九棵树西路188号20号公建,101101,110112,通州区,国有全资,非营利性医疗机构
北京市通州区梨园镇云景里社区卫生服务站,北京市通州区梨园镇云景里小区20楼底商23号24号25号,101100,110112,通州区,私有,非营利性医疗机构
北京市通州区潞城镇东堡社区卫生服务站,北京市通州区潞城镇东堡村,101117,110112,通州区,国有全资,非营利性医疗机构
北京市通州区潞城镇甘棠社区卫生服务中心（北京市通州区甘棠卫生院）,北京市通州区潞城镇侉店村,101107,110112,通州区,国有全资,非营利性医疗机构
北京市通州区潞城镇潞城社区卫生服务中心（北京市通州区潞城卫生院）,北京市通州区潞城镇水仙东路,101117,110112,通州区,国有全资,非营利性医疗机构
北京市通州区潞城镇三元小区社区卫生服务站,北京市通州区潞城镇三元村9号楼712室,101117,110112,通州区,国有全资,非营利性医疗机构
北京市通州区潞城镇运河广场社区卫生服务站,北京市通州区通胡大街68号2号楼2-04-1B,101101,110112,通州区,私有,非营利性医疗机构
北京市通州区潞城镇紫荆园社区卫生服务站,北京市通州区潞城镇紫运园小区,101117,110112,通州区,国有全资,非营利性医疗机构
北京市通州区马驹桥镇大杜社社区卫生服务中心（北京市通州区大杜社卫生院）,北京市通州区马驹桥镇大杜社村村北,101103,110112,通州区,国有全资,非营利性医疗机构
北京市通州区马驹桥镇东田阳社区卫生服务站,北京市通州区马驹桥镇东田阳村,,110112,通州区,国有全资,非营利性医疗机构
北京市通州区马驹桥镇马驹桥社区卫生服务中心(北京市通州区第二医院),北京市通州区马驹桥镇,101102,110112,通州区,国有全资,非营利性医疗机构
北京市通州区马驹桥镇小杜社社区卫生服务站,北京市通州区马驹桥镇小杜社村,,110112,通州区,国有全资,非营利性医疗机构
北京市通州区马驹桥镇新海家园北里小区社区卫生服务站,北京市通州区马驹桥镇新海家园北里小区,101102,110112,通州区,国有全资,非营利性医疗机构
北京市通州区宋庄社区卫生服务中心（北京市通州区宋庄卫生院）,1.北京市通州区宋庄镇前夏村2.北京市通州区宋庄镇前夏公庄临49号（宋庄镇敬老院内）,101101,110112,通州区,国有全资,非营利性医疗机构
北京市通州区宋庄镇北窑上村社区卫生服务站,北京市通州区宋庄镇北窑上村,101119,110112,通州区,国有全资,非营利性医疗机构
北京市通州区宋庄镇翟里社区卫生服务站,北京市通州区宋庄镇翟里村,101118,110112,通州区,国有全资,非营利性医疗机构
北京市通州区宋庄镇葛渠社区卫生服务站,北京市通州区宋庄镇葛渠村,110119,110112,通州区,国有全资,非营利性医疗机构
北京市通州区宋庄镇平家疃村社区卫生服务站,北京市通州区宋庄镇平家疃村,,110112,通州区,国有全资,非营利性医疗机构
北京市通州区宋庄镇师姑庄社区卫生服务站,北京市通州区宋庄镇师姑庄村368号,101108,110112,通州区,私有,非营利性医疗机构
北京市通州区宋庄镇双埠头村社区卫生服务站,北京市通州区宋庄镇双埠头村,,110112,通州区,国有全资,非营利性医疗机构
北京市通州区宋庄镇徐辛庄社区卫生服务中心（北京市通州区徐辛庄卫生院）,北京市通州区宋庄镇徐辛庄村,101119,110112,通州区,国有全资,非营利性医疗机构
北京市通州区宋庄镇尹各庄社区卫生服务站,北京市通州区宋庄镇尹各庄村,101119,110112,通州区,国有全资,非营利性医疗机构
北京市通州区宋庄镇疃里社区卫生服务站,北京市通州区宋庄镇疃里村,101118,110112,通州区,国有全资,非营利性医疗机构
北京市通州区台湖镇次渠社区卫生服务中心（北京市通州区次渠卫生院),北京市通州区台湖镇次渠村,101111,110112,通州区,国有全资,非营利性医疗机构
北京市通州区台湖镇口子社区卫生服务站,北京市通州区台湖镇口子村,101116,110112,通州区,国有全资,非营利性医疗机构
北京市通州区台湖镇台湖社区卫生服务中心（北京市通州区台湖卫生院）,北京市通州区台湖镇台湖村,101116,110112,通州区,国有全资,非营利性医疗机构
北京市通州区西集镇郎府社区卫生服务中心（北京市通州区郎府卫生院）,北京市通州区西集镇郎东村,101108,110112,通州区,国有全资,非营利性医疗机构
北京市通州区西集镇西集社区卫生服务中心（北京市通州区西集卫生院）,北京市通州区西集镇,101106,110112,通州区,国有全资,非营利性医疗机构
北京市通州区新华街道新华社区卫生服务站,北京市通州区如意园甲15-2,101100,110112,通州区,国有全资,非营利性医疗机构
北京市通州区永乐店镇柴厂屯社区卫生服务站,北京市通州区永乐店镇柴厂屯村,101105,110112,通州区,国有全资,非营利性医疗机构
北京市通州区永乐店镇三垡社区卫生服务站,北京市通州区永乐店镇三垡村,101105,110112,通州区,国有全资,非营利性医疗机构
北京市通州区永乐店镇小务社区卫生服务站,北京市通州区永乐店镇小务村,101105,110112,通州区,国有全资,非营利性医疗机构
北京市通州区永乐店镇应寺村社区卫生服务站,北京市通州区永乐店镇应寺村,101115,110112,通州区,私有,非营利性医疗机构
北京市通州区永乐店镇永乐店社区卫生服务中心（北京市通州区永乐店卫生院）,北京市通州区永乐店镇永乐店大街20号,101105,110112,通州区,国有全资,非营利性医疗机构
北京市通州区永顺地区八里桥社区卫生服务站,北京市通州区八里桥市场内平房,101100,110112,通州区,国有全资,非营利性医疗机构
北京市通州区永顺地区京贸社区卫生服务站,北京市通州区永顺地区八里桥南街16号京贸国际公寓B座底商,101100,110112,通州区,国有全资,非营利性医疗机构
北京市通州区永顺地区乔庄社区卫生服务站,北京市通州区永顺地区乔庄村委会对面,101100,110112,通州区,国有全资,非营利性医疗机构
北京市通州区永顺地区西潞苑社区卫生服务站,北京市通州区永顺镇西潞苑小区51号楼甲10号,101100,110112,通州区,国有全资,非营利性医疗机构
北京市通州区永顺地区西马庄社区卫生服务站,北京市通州区永顺地区西马庄南门,101100,110112,通州区,国有全资,非营利性医疗机构
北京市通州区永顺镇北马庄社区卫生服务站,北京市通州区永顺镇北马庄老年活动中心院内,101100,110112,通州区,国有全资,非营利性医疗机构
北京市通州区永顺镇邓家窑社区卫生服务站,北京市通州区永顺镇邓家窑市场内10号,101100,110112,通州区,国有全资,非营利性医疗机构
北京市通州区永顺镇富河园社区卫生服务站,北京市通州区富河园小区1号,101100,110112,通州区,私有,非营利性医疗机构
北京市通州区永顺镇果园社区卫生服务站,北京市通州区运河西大街19号楼首层12号,101100,110112,通州区,私有,非营利性医疗机构
北京市通州区永顺镇焦王庄社区卫生服务站,北京市通州区永顺镇焦王庄潞苑南大街81号院2号楼甲5号,101100,110112,通州区,私有,非营利性医疗机构
北京市通州区永顺镇永顺社区卫生服务中心,北京市通州区永顺地区龙旺庄36号楼/北京市通州区永顺镇王家场村（敬老院内）/北京市通州区永顺镇龙旺庄村（华龙老年公寓院内）/通州区永顺南街236号院,101100,110112,通州区,国有全资,非营利性医疗机构
北京市通州区永顺镇永顺西里社区卫生服务站,北京市通州区北关芦庄1号,101100,110112,通州区,国有全资,非营利性医疗机构
北京市通州区永顺镇竹木厂社区卫生服务站,北京市通州区永顺镇竹木厂村,101100,110112,通州区,国有全资,非营利性医疗机构
北京市通州区于家务回族乡北辛店村社区卫生服务站,北京市通州区于家务回族乡北辛店村304号,101105,110112,通州区,国有全资,非营利性医疗机构
北京市通州区于家务回族乡渠头社区卫生服务站,北京市通州区于家务回族乡渠头村,101105,110112,通州区,国有全资,非营利性医疗机构
北京市通州区于家务回族乡于家务社区卫生服务中心（北京市通州区于家务卫生院）,北京市通州区于家务回族乡于家务村,101105,110112,通州区,国有全资,非营利性医疗机构
北京市通州区于家务乡西垡村社区卫生服务站,北京市通州区于家务乡西垡村,101105,110112,通州区,国有全资,非营利性医疗机构
北京市通州区玉桥街道柳岸方园社区卫生服务站,北京市通州区玉桥西里中街18号1至2层18号、20号1至2层20号、22号1至2层22号,101100,110112,通州区,私有,非营利性医疗机构
北京市通州区玉桥街道潞阳桥社区卫生服务站,北京市通州区砖厂北里135,101100,110112,通州区,国有全资,非营利性医疗机构
北京市通州区玉桥街道玉桥南里社区卫生服务站,北京市通州区玉桥南里43号楼612、711号,101100,110112,通州区,私有,非营利性医疗机构
北京市通州区玉桥街道玉桥社区卫生服务站,北京市通州区玉桥北里51号,101100,110112,通州区,国有全资,非营利性医疗机构
北京市通州区张家湾镇北大化村社区卫生服务站,北京市通州区张家湾镇北大化村,101104,110112,通州区,国有全资,非营利性医疗机构
北京市通州区张家湾镇大高力庄村社区卫生服务站,北京市通州区张家湾镇高丽园（颐瑞东里）223号楼一层,101113,110112,通州区,国有全资,非营利性医疗机构
北京市通州区张家湾镇大辛庄村社区卫生服务站,北京市通州区张家湾镇大辛庄村269号（原村委会）,101113,110112,通州区,国有全资,非营利性医疗机构
北京市通州区张家湾镇皇木厂村社区卫生服务站,北京市通州区张家湾镇皇木厂村,101113,110112,通州区,国有全资,非营利性医疗机构
北京市通州区张家湾镇里二泗社区卫生服务站,北京市通州区张家湾镇里二泗村西北口,101113,110112,通州区,国有全资,非营利性医疗机构
北京市通州区张家湾镇梁各庄社区卫生服务站,北京市通州区张家湾镇梁各庄552号,101113,110112,通州区,国有全资,非营利性医疗机构
北京市通州区张家湾镇马营村社区卫生服务站,北京市通州区张家湾镇马营村9号,101113,110112,通州区,国有全资,非营利性医疗机构
北京市通州区张家湾镇牛堡屯社区卫生服务中心（北京市通州区牛堡屯卫生院）,北京市通州区张家湾镇牛堡屯东,101104,110112,通州区,国有全资,非营利性医疗机构
北京市通州区张家湾镇上店村社区卫生服务站,北京市通州区张家湾镇上店村,101113,110112,通州区,国有全资,非营利性医疗机构
北京市通州区张家湾镇土桥村卫生室,北京市通州区张家湾镇欣桥家园小区东北角平方61号,101113,110112,通州区,集体全资,非营利性医疗机构
北京市通州区张家湾镇张家湾社区卫生服务中心（北京市通州区张家湾卫生院）,北京市通州区张家湾镇张家湾村东区甲2号,101113,110112,通州区,国有全资,非营利性医疗机构
北京市通州区张家湾镇张湾镇村社区卫生服务站,北京市通州区张家湾镇张湾镇村,101113,110112,通州区,国有全资,非营利性医疗机构
北京市通州区张家湾镇张辛庄社区卫生服务站,北京市通州区张家湾镇张辛庄村村委会,101113,110112,通州区,国有全资,非营利性医疗机构
北京市通州区张家湾镇垡头社区卫生服务站,北京市通州区张家湾镇垡头村,101104,110112,通州区,国有全资,非营利性医疗机构
北京市通州区中仓街道东关社区卫生服务站,北京市通州区故城东路63号,101100,110112,通州区,国有全资,非营利性医疗机构
北京市通州区中仓街道东里社区卫生服务站,北京市通州区车站路6号,101100,110112,通州区,国有全资,非营利性医疗机构
北京市通州区中仓街道南街社区卫生服务站,北京市通州区中仓街道南大街123号,101100,110112,通州区,国有全资,非营利性医疗机构
北京市通州区中仓街道西上园社区卫生服务站,北京市通州区中上园28号楼,101100,110112,通州区,国有全资,非营利性医疗机构
北京市通州区中仓街道中仓社区卫生服务站,北京市通州区中仓小区14号,101100,110112,通州区,国有全资,非营利性医疗机构
北京市通州区漷县镇边槐庄村社区卫生服务站,北京市通州区漷县镇边槐庄村62号,101100,110112,通州区,国有全资,非营利性医疗机构
北京市通州区漷县镇曹庄社区卫生服务站,北京市通州区漷县镇曹庄村,101112,110112,通州区,国有全资,非营利性医疗机构
北京市通州区漷县镇高庄社区卫生服务站,北京市通州区漷县镇高庄村,101109,110112,通州区,国有全资,非营利性医疗机构
北京市通州区漷县镇侯黄庄村社区卫生服务站,北京市通州区漷县镇侯黄庄218号,101100,110112,通州区,国有全资,非营利性医疗机构
北京市通州区漷县镇黄厂铺村社区卫生服务站,北京市通州区漷县镇黄厂铺村371甲号,101109,110112,通州区,国有全资,非营利性医疗机构
北京市通州区漷县镇凌庄社区卫生服务站,北京市通州区漷县镇凌庄村,101112,110112,通州区,国有全资,非营利性医疗机构
北京市通州区漷县镇觅子店社区卫生服务中心（北京市通州区觅子店卫生院）,北京市通州区漷县镇觅子店村村北/北京市通州区漷县镇社会福利中心院内,101112,110112,通州区,国有全资,非营利性医疗机构
北京市通州区漷县镇漷县社区卫生服务中心（北京市通州区漷县卫生院）,北京市通州区漷县镇,101109,110112,通州区,国有全资,非营利性医疗机构
北京市西城区白纸坊街道白纸坊胡同社区卫生服务站,北京市西城区白纸坊西街17号院7号楼102号,100054,110102,西城区,国有全资,非营利性医疗机构
北京市西城区白纸坊街道南菜园社区卫生服务站,北京市宣武区白纸坊建功北里4区2号楼旁,100054,110102,西城区,国有全资,非营利性医疗机构
北京市西城区白纸坊街道双槐里社区卫生服务站,北京市西城区平原里21号楼1层1039,100054,110102,西城区,国有全资,非营利性医疗机构
北京市西城区白纸坊街道右安门社区卫生服务站,北京市西城区半步桥60号-1华龙美钰底商,100054,110102,西城区,国有全资,非营利性医疗机构
北京市西城区白纸坊街道右内西街社区卫生服务站,北京市西城区右内西街1号院3号楼3-1东侧,100054,110102,西城区,国有全资,非营利性医疗机构
北京市西城区白纸坊街道自新路社区卫生服务站,北京市西城区白纸坊东街31号院东侧,100054,110102,西城区,国有全资,非营利性医疗机构
北京市西城区白纸坊社区卫生服务中心,北京市西城区新安中里4号；北京市西城区枣林前街70号中环办公楼3楼333、334室,100054,110102,西城区,国有全资,非营利性医疗机构
北京市西城区椿树街道椿树园社区卫生服务站,北京市宣武区椿树园小区7号楼一层,100052,110102,西城区,国有全资,非营利性医疗机构
北京市西城区椿树街道和平门社区卫生服务站,北京市宣武区和平门4号楼2门110号,100052,110102,西城区,国有全资,非营利性医疗机构
北京市西城区椿树街道魏染社区卫生服务站,北京市宣武区魏染胡同37号,100052,110102,西城区,国有全资,非营利性医疗机构
北京市西城区椿树社区卫生服务中心,北京市西城区琉璃厂西街63、64号,100052,110102,西城区,国有全资,非营利性医疗机构
北京市西城区大栅栏街道北火扇社区卫生服务站,北京市西城区北火扇29号前门,100051,110102,西城区,国有全资,非营利性医疗机构
北京市西城区大栅栏街道东琉璃厂社区卫生服务站,北京市西城区藏家桥胡同5号、7号,100051,110102,西城区,国有全资,非营利性医疗机构
北京市西城区大栅栏街道石头胡同社区卫生服务站,北京市西城区石头胡同7号,100051,110102,西城区,国有全资,非营利性医疗机构
北京市西城区大栅栏社区卫生服务中心,西城区煤市街152号,100051,110102,西城区,国有全资,非营利性医疗机构
北京市西城区德胜街道大街南社区卫生服务站,六铺坑二区39号楼,100120,110102,西城区,国有全资,非营利性医疗机构
北京市西城区德胜街道大街西社区卫生服务站,德外教场口街9号院7号楼一层,100120,110102,西城区,国有全资,非营利性医疗机构
北京市西城区德胜街道德新社区卫生服务站,新明胡同2号楼一层,100088,110102,西城区,国有全资,非营利性医疗机构
北京市西城区德胜街道黄寺大街社区卫生服务站,北京市西城区黄寺大街24号院3号楼西侧平房;19号楼一层107房间,100011,110102,西城区,国有全资,非营利性医疗机构
北京市西城区德胜街道双秀社区卫生服务站,德外马甸南村甲9号,100088,110102,西城区,国有全资,非营利性医疗机构
北京市西城区德胜街道裕中东里社区卫生服务站,裕民中路甲4号,100029,110102,西城区,国有全资,非营利性医疗机构
北京市西城区德胜街道裕中西里社区卫生服务站,裕中西里28号楼一层,100029,110102,西城区,国有全资,非营利性医疗机构
北京市西城区德胜社区卫生服务中心,北京市西城区德外大街34号,100120,110102,西城区,集体全资,非营利性医疗机构
北京市西城区广安门内街道菜西社区卫生服务站,北京市西城区老墙根街107号院3号楼一层,100053,110102,西城区,国有全资,非营利性医疗机构
北京市西城区广安门内街道长椿街西里社区卫生服务站,北京市西城区长椿街西里15-17号楼之间平房,100053,110102,西城区,国有全资,非营利性医疗机构
北京市西城区广安门内街道槐柏树社区卫生服务站,北京市西城区槐柏树北里6号楼对面,100053,110102,西城区,国有全资,非营利性医疗机构
北京市西城区广安门内街道三庙社区卫生服务站,北京市西城区长椿街东里22号楼对面平房,100053,110102,西城区,国有全资,非营利性医疗机构
北京市西城区广安门内街道西便门东里社区卫生服务站,北京市西城区西便门东里9-10号楼之间平房,100053,110102,西城区,国有全资,非营利性医疗机构
北京市西城区广安门外街道白菜湾社区卫生服务站,北京市西城区广外白菜湾广外南街甲47号,100055,110102,西城区,国有全资,非营利性医疗机构
北京市西城区广安门外街道车站西街社区卫生服务站,西城区广外车站西街17号院1号楼北侧4段、5段,100055,110102,西城区,国有全资,非营利性医疗机构
北京市西城区广安门外街道广外大街社区卫生服务站,北京市宣武区广外永居东里甲38号,100055,110102,西城区,国有全资,非营利性医疗机构
北京市西城区广安门外街道红莲社区卫生服务站,北京市西城区广外红莲北里10号楼-1,100055,110102,西城区,国有全资,非营利性医疗机构
北京市西城区广安门外街道莲花河社区卫生服务站,莲花河胡同2号院1号楼西南角一层101号底商,100055,110102,西城区,国有全资,非营利性医疗机构
北京市西城区广安门外街道马连道社区卫生服务站,广外马连道中新佳园一区8号楼一层,100055,110102,西城区,国有全资,非营利性医疗机构
北京市西城区广安门外街道荣丰社区卫生服务站,北京市西城区广安门外大街305号八区11号楼1层104室,100055,110102,西城区,国有全资,非营利性医疗机构
北京市西城区广安门外街道三义里社区卫生服务站,北京市宣武区广外三义里小区8号楼北侧,100055,110102,西城区,国有全资,非营利性医疗机构
北京市西城区广安门外街道小红庙社区卫生服务站,北京市宣武区广外小红庙南里11号楼平房,100055,110102,西城区,国有全资,非营利性医疗机构
北京市西城区广安门外街道小马厂社区卫生服务站,广外小马厂1号院6号楼底商,100055,110102,西城区,国有全资,非营利性医疗机构
北京市西城区广内社区卫生服务中心,北京市西城区校场五条49号,100053,110102,西城区,国有全资,非营利性医疗机构
北京市西城区广外社区卫生服务中心,北京市西城区广外三义里甲2号,100055,110102,西城区,国有全资,非营利性医疗机构
北京市西城区金融街街道宏汇园社区卫生服务站,西城区宏汇园小区8号楼4门102室、5门101室,100032,110102,西城区,国有全资,非营利性医疗机构
北京市西城区金融街街道教育社区卫生服务站,西城区中京畿道8号,100032,110102,西城区,国有全资,非营利性医疗机构
北京市西城区金融街街道金融社区卫生服务站,复兴门南大街丁2号配楼,100031,110102,西城区,国有全资,非营利性医疗机构
北京市西城区金融街街道民康社区卫生服务站,西城区石灯胡同6号,100031,110102,西城区,国有全资,非营利性医疗机构
北京市西城区金融街街道文化社区卫生服务站,西城区抄手胡同12号,100031,110102,西城区,国有全资,非营利性医疗机构
北京市西城区金融街街道砖塔社区卫生服务站,西城区砖塔斯社胡同丙56号,100034,110102,西城区,国有全资,非营利性医疗机构
北京市西城区金融街社区卫生服务中心,北京市西城区阜内大街306号,100033,110102,西城区,集体全资,非营利性医疗机构
北京市西城区牛街街道春风小区社区卫生服务站,北京市宣武区小寺街8号,100053,110102,西城区,国有全资,非营利性医疗机构
北京市西城区牛街街道东里一区社区卫生服务站,北京市西城区南横西街27号后院平房,100053,110102,西城区,国有全资,非营利性医疗机构
北京市西城区牛街街道南线阁社区卫生服务站,北京市宣武区南线阁5号院内,100053,110102,西城区,国有全资,非营利性医疗机构
北京市西城区牛街社区卫生服务中心,北京市西城区培育胡同15号,100054,110102,西城区,国有全资,非营利性医疗机构
北京市西城区什刹海街道爱民街社区卫生服务站,西城区大红罗厂街丙2号后院,100034,110102,西城区,国有全资,非营利性医疗机构
北京市西城区什刹海街道白米社区卫生服务站,地外大街133号,100009,110102,西城区,国有全资,非营利性医疗机构
北京市西城区什刹海街道德内社区卫生服务站,鼓楼西大街220号,100035,110102,西城区,国有全资,非营利性医疗机构
北京市西城区什刹海街道鼓楼社区卫生服务站,西城区旧鼓楼大街大石桥胡同6号,100009,110102,西城区,国有全资,非营利性医疗机构
北京市西城区什刹海街道柳荫街社区卫生服务站,德内大街刘海胡同11号,100009,110102,西城区,国有全资,非营利性医疗机构
北京市西城区什刹海街道西四北社区卫生服务站,西城区西安门大街84号,100034,110102,西城区,国有全资,非营利性医疗机构
北京市西城区什刹海社区卫生服务中心,北京市西城区正觉夹道甲13号,100035,110102,西城区,国有全资,非营利性医疗机构
北京市西城区首都医科大学附属复兴医院月坛社区卫生服务中心,北京市西城区复兴门外真武庙六里7号楼,100045,110102,西城区,国有全资,非营利性医疗机构
北京市西城区陶然亭街道畅柳园社区卫生服务站,北京市西城区畅柳园小区南华里2楼西门,100052,110102,西城区,国有全资,非营利性医疗机构
北京市西城区陶然亭街道果子巷社区卫生服务站,北京市西城区菜市口大街甲2号院4号楼108号,100052,110102,西城区,国有全资,非营利性医疗机构
北京市西城区陶然亭街道南横东街社区卫生服务站,北京市西城区红土店小区10号楼3门001号,100052,110102,西城区,国有全资,非营利性医疗机构
北京市西城区陶然亭街道姚家井社区卫生服务站,北京市西城区姚家井小区5号楼4门102号,100052,110102,西城区,国有全资,非营利性医疗机构
北京市西城区陶然亭社区卫生服务中心,北京市西城区陶然亭路12号,100052,110102,西城区,国有全资,非营利性医疗机构
北京市西城区陶然亭新兴里社区卫生服务站,北京市西城区太平街6号3层D-310,100000,110102,西城区,私有,非营利性医疗机构
北京市西城区天桥街道东经路社区卫生服务站,西城区东经路104号,100050,110102,西城区,国有全资,非营利性医疗机构
北京市西城区天桥街道虎坊路社区卫生服务站,北京市西城区寿长街甲51号,100050,110102,西城区,国有全资,非营利性医疗机构
北京市西城区天桥街道仁民路社区卫生服务站,北京市西城区华仁路12号,100050,110102,西城区,国有全资,非营利性医疗机构
北京市西城区天桥社区卫生服务中心,北京市西城区北纬路11号,100050,110102,西城区,国有全资,非营利性医疗机构
北京市西城区西长安街街道翠花社区卫生服务站,西城区前细瓦厂31号,100031,110102,西城区,国有全资,非营利性医疗机构
北京市西城区西长安街街道互助社区卫生服务站,西单北大街6号,100032,110102,西城区,国有全资,非营利性医疗机构
北京市西城区西长安街街道灵境社区卫生服务站,太仆寺街21号,100031,110102,西城区,国有全资,非营利性医疗机构
北京市西城区西长安街社区卫生服务中心,北京市西城区油坊胡同52号,100031,110102,西城区,国有全资,非营利性医疗机构
北京市西城区新街口街道官园社区卫生服务站,育强胡同甲20号,100035,110102,西城区,国有全资,非营利性医疗机构
北京市西城区新街口街道西里社区卫生服务站,西里三区甲2号楼2门,100035,110102,西城区,国有全资,非营利性医疗机构
北京市西城区新街口街道西三条社区卫生服务站,安平巷77号,100035,110102,西城区,国有全资,非营利性医疗机构
北京市西城区新街口街道西四北六条社区卫生服务站,北京市西城区北大街135号,100035,110102,西城区,国有全资,非营利性医疗机构
北京市西城区新街口街道玉桃园社区卫生服务站,玉桃园三区7号楼1单元101号,100035,110102,西城区,国有全资,非营利性医疗机构
北京市西城区新街口街道赵登禹路社区卫生服务站,北京市西城区赵登禹路54号,100035,110102,西城区,国有全资,非营利性医疗机构
北京市西城区新街口社区卫生服务中心,北京市西城区后半壁街19号,100035,110102,西城区,国有全资,非营利性医疗机构
北京市西城区月坛街道复北社区卫生服务站,北京市西城区复兴门北大街甲7号楼,100045,110102,西城区,国有全资,非营利性医疗机构
北京市西城区月坛街道复外24号楼社区卫生服务站,北京市西城区复外大街24号楼老干部活动室,100038,110102,西城区,国有全资,非营利性医疗机构
北京市西城区月坛街道复兴门铁路社区卫生服务站,西城区二七剧场路2号-1,100045,110102,西城区,国有全资,非营利性医疗机构
北京市西城区月坛街道京安社区卫生服务站,北京市西城区莲花池东路甲5号院6号楼101室、107室,100038,110102,西城区,国有全资,非营利性医疗机构
北京市西城区月坛街道木樨地社区卫生服务站,北京市西城区木樨地北里甲3号院3号,100045,110102,西城区,国有全资,非营利性医疗机构
北京市西城区月坛街道南沙沟社区卫生服务站,北京市西城区三里河小区南沙沟物业服务楼首层,100045,110102,西城区,国有全资,非营利性医疗机构
北京市西城区月坛街道汽南社区卫生服务站,北京市西城区白云路西里28号楼旁,100045,110102,西城区,国有全资,非营利性医疗机构
北京市西城区月坛街道三里河二区社区卫生服务站,北京市西城区三里河二区10号楼一层,100045,110102,西城区,国有全资,非营利性医疗机构
北京市西城区月坛街道三里河一区社区卫生服务站,北京市西城区三里河一区51栋,100045,110102,西城区,国有全资,非营利性医疗机构
北京市西城区月坛街道社会路社区卫生服务站,北京市西城区月坛南街19号院4号楼,100045,110102,西城区,国有全资,非营利性医疗机构
北京市西城区展览路街道百南社区卫生服务站,北露园2号楼平房,100037,110102,西城区,国有全资,非营利性医疗机构
北京市西城区展览路街道百万庄社区卫生服务站,百万庄中里45号,100037,110102,西城区,国有全资,非营利性医疗机构
北京市西城区展览路街道朝阳庵社区卫生服务站,三里河路甲22号-6楼旁东平房,100037,110102,西城区,国有全资,非营利性医疗机构
北京市西城区展览路街道洪茂沟社区卫生服务站,月坛北街17号楼北侧平房,100037,110102,西城区,国有全资,非营利性医疗机构
北京市西城区展览路街道南礼士路社区卫生服务站,西城区万明园小区5号楼,100037,110102,西城区,国有全资,非营利性医疗机构
北京市西城区展览路街道三塔社区卫生服务站,展览路甲18号,100037,110102,西城区,国有全资,非营利性医疗机构
北京市西城区展览路街道新华里社区卫生服务站,车公庄大街北里5栋楼北侧,100037,110102,西城区,国有全资,非营利性医疗机构
北京市西城区展览路社区卫生服务中心,北京市西城区阜外北大街201号,100037,110102,西城区,国有全资,非营利性医疗机构
北京市延庆区八达岭镇大浮坨社区卫生服务站,北京市延庆区八达岭镇大浮坨村委会院内,102102,110229,延庆区,国有全资,非营利性医疗机构
北京市延庆区八达岭镇里炮社区卫生服务站,北京市延庆区八达岭镇里炮村村委会,102102,110229,延庆区,国有全资,非营利性医疗机构
北京市延庆区八达岭镇社区卫生服务中心,北京市延庆区八达岭镇西拨子村,102102,110229,延庆区,国有全资,非营利性医疗机构
北京市延庆区八达岭镇营城子社区卫生服务站,北京市延庆区八达岭镇营城子小区25号楼106号,102102,110229,延庆区,国有全资,非营利性医疗机构
北京市延庆区大榆树镇大泥河社区卫生服务站,北京市延庆区大榆树镇大泥河村,102100,110229,延庆区,国有全资,非营利性医疗机构
北京市延庆区大榆树镇社区卫生服务中心,北京市延庆区大榆树镇大榆树村东,102100,110229,延庆区,国有全资,非营利性医疗机构
北京市延庆区大榆树镇下屯社区卫生服务站,北京市延庆区大榆树镇下屯村,102100,110229,延庆区,国有全资,非营利性医疗机构
北京市延庆区大榆树镇杨户庄社区卫生服务站,北京市延庆区大榆树镇杨户庄村,102100,110229,延庆区,国有全资,非营利性医疗机构
北京市延庆区大庄科乡东三岔社区卫生服务站,北京市延庆区大庄科乡东三岔村,102106,110229,延庆区,国有全资,非营利性医疗机构
北京市延庆区大庄科乡汉家川河南社区卫生服务站,北京市延庆区大庄科乡汉家川河南村,102106,110229,延庆区,国有全资,非营利性医疗机构
北京市延庆区大庄科乡社区卫生服务中心,北京市延庆区大庄科乡大庄科村,102106,110229,延庆区,国有全资,非营利性医疗机构
北京市延庆区大庄科乡铁炉社区卫生服务站,北京市延庆区大庄科乡铁炉村,102106,110229,延庆区,国有全资,非营利性医疗机构
北京市延庆区井庄镇老银庄社区卫生服务站,北京市延庆区井庄镇老银庄村,102105,110229,延庆区,国有全资,非营利性医疗机构
北京市延庆区井庄镇柳沟社区卫生服务站,北京市延庆区井庄镇柳沟村,102105,110229,延庆区,国有全资,非营利性医疗机构
北京市延庆区井庄镇社区卫生服务中心,北京市延庆区井庄镇井庄村,102105,110229,延庆区,国有全资,非营利性医疗机构
北京市延庆区井庄镇王木营社区卫生服务站,北京市延庆区井庄镇王木营村,102105,110229,延庆区,国有全资,非营利性医疗机构
北京市延庆区井庄镇张伍堡社区卫生服务站,北京市延庆区井庄镇张伍堡村,102105,110229,延庆区,国有全资,非营利性医疗机构
北京市延庆区旧县镇常家营社区卫生服务站,北京市延庆区旧县镇常家营村东,102109,110229,延庆区,国有全资,非营利性医疗机构
北京市延庆区旧县镇大柏老社区卫生服务站,北京市延庆区旧县镇大柏老村南,102109,110229,延庆区,国有全资,非营利性医疗机构
北京市延庆区旧县镇古城社区卫生服务站,北京市延庆区旧县镇古城村委会西,102109,110229,延庆区,国有全资,非营利性医疗机构
北京市延庆区旧县镇社区卫生服务中心,北京市延庆区旧县镇旧县村西,102109,110229,延庆区,国有全资,非营利性医疗机构
北京市延庆区旧县镇闫庄社区卫生服务站,北京市延庆区旧县镇闫庄村委会院内,102109,110229,延庆区,国有全资,非营利性医疗机构
北京市延庆区康安社区卫生服务站,北京市延庆区延庆镇东街26号4幢1至3层全部,102100,110229,延庆区,私有,非营利性医疗机构
北京市延庆区康庄镇大王庄村社区卫生服务站,北京市延庆区康庄镇大王庄村居委会院内,102101,110229,延庆区,国有全资,非营利性医疗机构
北京市延庆区康庄镇社区卫生服务中心,北京市延庆区康庄镇文汇街2号,102101,110229,延庆区,国有全资,非营利性医疗机构
北京市延庆区康庄镇小丰营村社区卫生服务站,北京市延庆区康庄镇小丰营村二区东上坡41号,102101,110229,延庆区,国有全资,非营利性医疗机构
北京市延庆区康庄镇榆林堡村社区卫生服务站,北京市延庆区康庄镇榆林堡村居委会院内,102101,110229,延庆区,国有全资,非营利性医疗机构
北京市延庆区康庄镇张老营村社区卫生服务站,北京市延庆区康庄镇张老营村西街五巷1号,102101,110229,延庆区,国有全资,非营利性医疗机构
北京市延庆区刘斌堡乡刘斌堡村社区卫生服务站,北京市延庆区刘斌堡乡刘斌堡村,102104,110229,延庆区,国有全资,非营利性医疗机构
北京市延庆区刘斌堡乡社区卫生服务中心,北京市延庆区刘斌堡乡刘斌堡村,102104,110229,延庆区,国有全资,非营利性医疗机构
北京市延庆区刘斌堡乡周四沟社区卫生服务站,北京市延庆区刘斌堡乡周四沟村,102104,110229,延庆区,国有全资,非营利性医疗机构
北京市延庆区南菜园社区卫生服务中心,北京市延庆区妫水南街0号,102100,110229,延庆区,国有全资,非营利性医疗机构
北京市延庆区南菜园社区卫生服务中心川北小区社区卫生服务站,北京市延庆区川北小区,102100,110229,延庆区,国有全资,非营利性医疗机构
北京市延庆区南菜园社区卫生服务中心南菜园二区社区卫生服务站,北京市延庆区南菜园二区32号楼2号商铺,102100,110229,延庆区,国有全资,非营利性医疗机构
北京市延庆区南菜园社区卫生服务中心双路小区社区卫生服务站,北京市延庆区双路小区,102100,110229,延庆区,国有全资,非营利性医疗机构
北京市延庆区南菜园社区卫生服务中心体育场小区社区卫生服务站,北京市延庆体育场小区门脸房,102100,110229,延庆区,国有全资,非营利性医疗机构
北京市延庆区南菜园社区卫生服务中心新兴小区社区卫生服务站,北京市延庆区新兴小区33号楼101室,102100,110229,延庆区,国有全资,非营利性医疗机构
北京市延庆区千家店镇红旗甸社区卫生服务站,北京市延庆区千家店镇红旗甸村,102108,110229,延庆区,国有全资,非营利性医疗机构
北京市延庆区千家店镇花盆社区卫生服务站,北京市延庆区千家店镇花盆村,102108,110229,延庆区,国有全资,非营利性医疗机构
北京市延庆区千家店镇沙梁子社区卫生服务站,北京市延庆区千家店镇沙梁子村,102108,110229,延庆区,国有全资,非营利性医疗机构
北京市延庆区千家店镇社区卫生服务中心,北京市延庆区千家店镇千家店村,102108,110229,延庆区,国有全资,非营利性医疗机构
北京市延庆区儒林社区卫生服务中心,北京市延庆区延庆镇东街26号1—3层全部,102100,110229,延庆区,私有,营利性医疗机构
北京市延庆区沈家营镇八里店社区卫生服务站,北京市延庆区沈家营镇八里店村委会院内,102100,110229,延庆区,国有全资,非营利性医疗机构
北京市延庆区沈家营镇河东社区卫生服务站,北京市延庆区沈家营镇河东村委会院内,102100,110229,延庆区,国有全资,非营利性医疗机构
北京市延庆区沈家营镇社区卫生服务中心,北京市延庆区沈家营镇沈家营村,102100,110229,延庆区,国有全资,非营利性医疗机构
北京市延庆区沈家营镇香村营社区卫生服务站,北京市延庆区沈家营镇香村营村委会院内,102100,110229,延庆区,国有全资,非营利性医疗机构
北京市延庆区四海镇黑汉岭社区卫生服务站,北京市延庆区四海镇黑汉岭村,102107,110229,延庆区,国有全资,非营利性医疗机构
北京市延庆区四海镇社区卫生服务中心,北京市延庆区四海镇四海村,102107,110229,延庆区,国有全资,非营利性医疗机构
北京市延庆区四海镇永安堡社区卫生服务站,北京市延庆区四海镇永安堡村,102107,110229,延庆区,国有全资,非营利性医疗机构
北京市延庆区香营乡白河堡社区卫生服务站,北京市延庆区香营乡原白河堡卫生院,102104,110229,延庆区,国有全资,非营利性医疗机构
北京市延庆区香营乡东白庙社区卫生服务站,北京市延庆区香营乡东白庙村,102104,110229,延庆区,国有全资,非营利性医疗机构
北京市延庆区香营乡社区卫生服务中心,北京市延庆区香营乡香营村,102104,110229,延庆区,国有全资,非营利性医疗机构
北京市延庆区延庆镇八里庄社区卫生服务站,北京市延庆区延庆镇八里庄村,102100,110229,延庆区,国有全资,非营利性医疗机构
北京市延庆区延庆镇蒋家堡社区卫生服务站,北京市延庆区延庆镇蒋家堡村,102100,110229,延庆区,国有全资,非营利性医疗机构
北京市延庆区延庆镇鲁庄社区卫生服务站,北京市延庆区延庆镇鲁庄村,102100,110229,延庆区,国有全资,非营利性医疗机构
北京市延庆区延庆镇社区卫生服务中心,北京市延庆区南菜园公安医院西侧,102100,110229,延庆区,国有全资,非营利性医疗机构
北京市延庆区延庆镇司家营社区卫生服务站,北京市延庆区延庆镇司家营村,102100,110229,延庆区,国有全资,非营利性医疗机构
北京市延庆区延庆镇西屯社区卫生服务站,北京市延庆区延庆镇西屯村,102100,110229,延庆区,国有全资,非营利性医疗机构
北京市延庆区延庆镇小营社区卫生服务站,北京市延庆区延庆镇小营村,102100,110229,延庆区,国有全资,非营利性医疗机构
北京市延庆区永宁镇清泉铺社区卫生服务站,北京市延庆区永宁镇清泉铺村,102104,110229,延庆区,国有全资,非营利性医疗机构
北京市延庆区永宁镇社区卫生服务中心,北京市延庆区永宁镇永宁东街,102104,110229,延庆区,国有全资,非营利性医疗机构
北京市延庆区永宁镇吴坊营社区卫生服务站,北京市延庆区永宁镇吴坊营村,102104,110229,延庆区,国有全资,非营利性医疗机构
北京市延庆区永宁镇西灰岭社区卫生服务站,北京市延庆区永宁镇西灰岭村,102104,110229,延庆区,国有全资,非营利性医疗机构
北京市延庆区张山营镇靳家堡社区卫生服务站,北京市延庆区张山营镇靳家堡村,102115,110229,延庆区,国有全资,非营利性医疗机构
北京市延庆区张山营镇上板泉社区卫生服务站,北京市延庆区张山营镇上板泉村,102115,110229,延庆区,国有全资,非营利性医疗机构
北京市延庆区张山营镇社区卫生服务中心,北京市延庆区张山营镇张山营村,102115,110229,延庆区,国有全资,非营利性医疗机构
北京市延庆区张山营镇西五里营社区卫生服务站,北京市延庆区张山营镇西五里营村,102115,110229,延庆区,国有全资,非营利性医疗机构
北京市延庆区张山营镇下营社区卫生服务站,北京市延庆区张山营镇下营村,102115,110229,延庆区,国有全资,非营利性医疗机构
北京市延庆区张山营镇小河屯社区卫生服务站,北京市延庆区张山营镇小河屯村,102115,110229,延庆区,国有全资,非营利性医疗机构
北京市延庆区张山营镇中羊坊社区卫生服务站,北京市延庆区张山营镇中羊坊村,102115,110229,延庆区,国有全资,非营利性医疗机构
北京市延庆区珍珠泉乡水泉子社区卫生服务站,北京市延庆区珍珠泉乡水泉子村,102107,110229,延庆区,国有全资,非营利性医疗机构
北京市延庆区珍珠泉乡小川社区卫生服务站,北京市延庆区珍珠泉乡小川村,102107,110229,延庆区,国有全资,非营利性医疗机构
北京市延庆区珍珠泉乡珍珠泉社区卫生服务站,北京市延庆区珍珠泉乡珍珠泉村,102107,110229,延庆区,国有全资,非营利性医疗机构
北京体育大学社区卫生服务中心（北京体育大学医院）,北京海淀中关村北大街（圆明园东路）,100084,110108,海淀区,国有全资,非营利性医疗机构
北京外国语大学社区卫生服务中心（北京外国语大学医院）,北京市海淀区西三环北路19号7号楼,100089,110108,海淀区,国有全资,非营利性医疗机构
北京邮电大学社区卫生服务中心（北京邮电大学医院）,北京海淀区西土城路10号,100876,110108,海淀区,国有全资,非营利性医疗机构
北京语言大学社区卫生服务中心,北京海淀区学院路15号,100083,110108,海淀区,国有全资,非营利性医疗机构
兵器工业北京北方医院紫竹院社区卫生服务中心,北京市海淀区车道沟10号西院,100089,110108,海淀区,集体全资,非营利性医疗机构
长沟峪医院向阳社区卫生服务站,北京市房山区周口店镇长沟峪煤矿向阳楼家属区,102451,110111,房山区,国有全资,非营利性医疗机构
大兴区城镇滨河西里社区卫生服务站,北京市大兴区城镇滨河西里物业院内,102600,110115,大兴区,国有全资,非营利性医疗机构
大兴区城镇清澄名苑社区卫生服务站,大兴区黄村清澄南区3号楼西侧,102600,110115,大兴区,国有全资,非营利性医疗机构
大兴区城镇清逸园社区卫生服务站,北京市大兴区旧宫东路74号,100076,110115,大兴区,国有全资,非营利性医疗机构
大兴区城镇双高社区卫生服务站,大兴区双高路双高花园小区3号商办楼,102600,110115,大兴区,国有全资,非营利性医疗机构
大兴区魏善庄镇陈各庄社区卫生服务站,大兴区魏善庄镇陈各庄村,102611,110115,大兴区,集体全资,非营利性医疗机构
大兴区郁花园社区卫生服务站（东区）,大兴区郁花园小区（东区）,102600,110115,大兴区,国有全资,非营利性医疗机构
丰台区长辛店街道201所社区卫生服务站,丰台区长辛店杜家坎九号院,100072,110106,丰台区,国有全资,非营利性医疗机构
丰台区长辛店街道奥林匹克花园社区卫生服务站,丰台区长辛店长兴路12号中体奥园一区3号楼底商101,100072,110106,丰台区,国有全资,非营利性医疗机构
丰台区长辛店街道崔村社区卫生服务站,丰台区长辛店崔村二里,100072,110106,丰台区,国有全资,非营利性医疗机构
丰台区长辛店街道崔村一里社区卫生服务站,丰台区长辛店崔村一里44楼北侧,100072,110106,丰台区,其它内资,非营利性医疗机构
丰台区长辛店街道杜家坎社区卫生服务站,北京市丰台区长辛店玉皇庄教师楼附属平房,100072,110106,丰台区,国有全资,非营利性医疗机构
丰台区长辛店街道西峰寺社区卫生服务站,丰台区长辛店西峰寺平房,,110106,丰台区,国有全资,非营利性医疗机构
丰台区长辛店街道玉皇庄社区卫生服务站,丰台区长辛店东南街134号,100072,110106,丰台区,国有全资,非营利性医疗机构
丰台区长辛店街道张家坟社区卫生服务站,北京市丰台区张家坟东里5楼75号,100072,110106,丰台区,国有全资,非营利性医疗机构
丰台区长辛店街道珠光御景嘉园社区卫生服务站,丰台区长云路2号院珠光御景嘉园10号楼02、03号铺,100072,110106,丰台区,国有全资,非营利性医疗机构
丰台区长辛店镇大灰厂第一社区卫生服务站,丰台区长辛店大灰厂462号,100072,110106,丰台区,国有全资,非营利性医疗机构
丰台区长辛店镇辛庄社区卫生服务站,北京市丰台区长辛店乡辛庄村,100072,110106,丰台区,国有全资,非营利性医疗机构
丰台区大红门街道海上海花园社区卫生服务站,北京市丰台区马家堡东路168号院19号楼一层,100077,110106,丰台区,国有全资,非营利性医疗机构
丰台区大红门街道石榴园北里社区卫生服务站,丰台区大红门街道石榴园北里27楼7门103号,100079,110106,丰台区,国有全资,非营利性医疗机构
丰台区大红门街道世华水岸社区卫生服务站,丰台区光彩路72号院院外2号楼,100076,110106,丰台区,国有全资,非营利性医疗机构
丰台区大红门街道西罗园南里社区卫生服务站,丰台区大红门街道西罗园南里华运小区38－1104号,100077,110106,丰台区,国有全资,非营利性医疗机构
丰台区大红门街道西马小区社区卫生服务站,丰台区大红门西马厂南里二区12号楼,100068,110106,丰台区,国有全资,非营利性医疗机构
丰台区大红门街道珠江骏景社区卫生服务站,丰台区永外果园43号骏景园北区5号楼101-102室,100071,110106,丰台区,国有全资,非营利性医疗机构
丰台区东高地街道东高地社区卫生服务站,丰台区东高地62栋北侧平房,100076,110106,丰台区,国有全资,非营利性医疗机构
丰台区东高地街道东营房社区卫生服务站,丰台区东高地菊源北里5号,100076,110106,丰台区,国有全资,非营利性医疗机构
丰台区东高地街道万东社区卫生服务站,丰台区东高地南街甲1号,100076,110106,丰台区,私有,非营利性医疗机构
丰台区东高地街道万源路社区卫生服务站,丰台区万源路文化广场东侧平房,100076,110106,丰台区,国有全资,非营利性医疗机构
丰台区东高地街道西洼地社区卫生服务站,北京市丰台区南苑东路5号,100076,110106,丰台区,国有全资,非营利性医疗机构
丰台区东高地街道益丰园社区卫生服务站,丰台区东高地益丰园小区东侧,100076,110106,丰台区,私有,非营利性医疗机构
丰台区东铁匠营街道蒲黄榆二里社区卫生服务站,蒲黄榆二里4号楼北侧平房,100075,110106,丰台区,国有全资,非营利性医疗机构
丰台区东铁营街道城外诚社区卫生服务站,丰台区永外苇子坑2号,100077,110106,丰台区,国有全资,非营利性医疗机构
丰台区东铁营街道成寿寺社区卫生服务站,北京市丰台区宋庄路红狮家园北区三号楼一单元一层；北京市丰台区东铁匠营顺四条16号民乐顺欣嘉园小区3-1-101,100079,110106,丰台区,国有全资,非营利性医疗机构
丰台区东铁营街道铁营社区卫生服务站,北京市丰台区宋家庄顺八条8号院一区3号楼,100079,110106,丰台区,国有全资,非营利性医疗机构
丰台区方庄街道芳城东里社区卫生服务站,丰台区左安门外紫芳园二区5号楼3单元103号,100078,110106,丰台区,国有全资,非营利性医疗机构
丰台区方庄街道芳城园第二社区卫生服务站,丰台区方庄芳城园三区19号楼,100078,110106,丰台区,国有全资,非营利性医疗机构
丰台区方庄街道芳城园社区卫生服务站,北京市丰台区方庄芳城园一区二号,100078,110106,丰台区,国有全资,非营利性医疗机构
丰台区方庄街道芳古园社区卫生服务站,丰台区方庄芳古园一区32号楼,100078,110106,丰台区,国有全资,非营利性医疗机构
丰台区方庄街道芳群园社区卫生服务站,北京市丰台区方庄芳群园1区14号楼甲,100078,110106,丰台区,国有全资,非营利性医疗机构
丰台区方庄街道芳星园社区卫生服务站,北京市丰台区芳星园二区十九号楼,100078,110106,丰台区,国有全资,非营利性医疗机构
丰台区丰台街道北大地社区卫生服务站,北京市丰台区北大地二里12号楼南侧平房,100071,110106,丰台区,国有全资,非营利性医疗机构
丰台区丰台街道彩虹嘉园社区卫生服务站,丰台区彩虹嘉园1607#楼一层,100070,110106,丰台区,国有全资,非营利性医疗机构
丰台区丰台街道东大街西里社区卫生服务站,丰台区庄维花苑9号楼,100071,110106,丰台区,国有全资,非营利性医疗机构
丰台区丰台街道丽泽景园社区卫生服务站,北京市丰台区丰益桥西益泽路1号丽泽景园16号楼,100071,110106,丰台区,国有全资,非营利性医疗机构
丰台区丰台街道泥洼社区卫生服务站,丰台区前泥洼小区二区10号楼二层,100071,110106,丰台区,国有全资,非营利性医疗机构
丰台区和义街道和义西里社区卫生服务站,北京市丰台区大红门南路58号,100076,110106,丰台区,国有全资,非营利性医疗机构
丰台区和义街道南苑北里社区卫生服务站,丰台区南苑北里社区第二社区居委会旁,100076,110106,丰台区,国有全资,非营利性医疗机构
丰台区花乡纪家庙社区卫生服务站,北京市丰台区纪家庙8号,100070,110106,丰台区,集体全资,非营利性医疗机构
丰台区花乡育芳园社区卫生服务站,丰台区花乡育芳园小区39号,100070,110106,丰台区,集体全资,非营利性医疗机构
丰台区卢沟桥街道大成社区卫生服务站,丰台区梅市口路15号3号楼底商,100040,110106,丰台区,国有全资,非营利性医疗机构
丰台区卢沟桥街道京铁家园社区卫生服务站,北京市丰台区京铁家园二区三号楼一层,100039,110106,丰台区,国有全资,非营利性医疗机构
丰台区卢沟桥街道莲宝路社区卫生服务站,丰台区马官营南路6号院五号楼3号,100161,110106,丰台区,国有全资,非营利性医疗机构
丰台区卢沟桥街道青塔第二社区卫生服务站,北京市丰台区卢沟桥街道小屯路甲2号院商4-2、商4-3,100039,110106,丰台区,国有全资,非营利性医疗机构
丰台区卢沟桥街道青塔东里社区卫生服务站,丰台区青塔东里七号院15楼1门1号,100141,110106,丰台区,国有全资,非营利性医疗机构
丰台区卢沟桥街道青塔社区卫生服务站,丰台区青塔小区秀园13号楼201号,100141,110106,丰台区,国有全资,非营利性医疗机构
丰台区卢沟桥街道五里店社区卫生服务站,丰台区五里店南里10号楼,100166,110106,丰台区,国有全资,非营利性医疗机构
丰台区马家堡街道角门东里社区卫生服务站,丰台区马家堡角门东里1号院,100068,110106,丰台区,国有全资,非营利性医疗机构
丰台区马家堡街道马家堡社区卫生服务站,丰台区马家堡西里53号楼,100068,110106,丰台区,国有全资,非营利性医疗机构
丰台区南苑街道诚苑社区卫生服务站,北京市丰台区诚苑南里1号楼,100076,110106,丰台区,国有全资,非营利性医疗机构
丰台区南苑街道红房子社区卫生服务站,北京市丰台区南苑镇红房子大兴街45号,100076,110106,丰台区,国有全资,非营利性医疗机构
丰台区南苑街道南庭新苑社区卫生服务站,丰台区南苑槐房西路318号院20号楼,100076,110106,丰台区,国有全资,非营利性医疗机构
丰台区太平桥街道顺驰蓝调社区卫生服务站,北京市丰台区三路居路88号院4号楼1单元104,100073,110106,丰台区,私有,非营利性医疗机构
丰台区太平桥街道太平桥社区卫生服务站,丰台区太平桥小区36号楼平房,100073,110106,丰台区,国有全资,非营利性医疗机构
丰台区太平桥街道天伦小区社区卫生服务站,丰台区天伦北里小区8号楼,100054,110106,丰台区,国有全资,非营利性医疗机构
丰台区太平桥街道万泉寺社区卫生服务站,北京市丰台区万泉寺南里14号楼北侧,100073,110106,丰台区,国有全资,非营利性医疗机构
丰台区宛平街道宛平社区卫生服务站,北京市丰台区卢沟桥北里4楼西侧平房,100072,110106,丰台区,国有全资,非营利性医疗机构
丰台区王佐镇南宫社区卫生服务站,丰台区王佐镇南宫社区10号楼对面,100074,110106,丰台区,国有全资,非营利性医疗机构
丰台区西罗园街道西罗园社区卫生服务站,丰台区西罗园三区中心花园西北角,100077,110106,丰台区,国有全资,非营利性医疗机构
丰台区西罗园街道西罗园四区社区卫生服务站,丰台区西罗园四区15号楼西1、2号,100077,110106,丰台区,国有全资,非营利性医疗机构
丰台区西罗园街道洋桥北里社区卫生服务站,北京市丰台区洋桥北里小区11号楼东侧,100077,110106,丰台区,国有全资,非营利性医疗机构
丰台区西罗园街道洋桥西里社区卫生服务站,北京市丰台区洋桥西里29号楼前商用房,100077,110106,丰台区,国有全资,非营利性医疗机构
丰台区新村街道丰西社区卫生服务站,丰台区丰西电力机社区,100070,110106,丰台区,国有全资,非营利性医疗机构
丰台区新村街道富锦嘉园社区卫生服务站,北京市丰台区新村街道富锦嘉园二区9号楼一层,100070,110106,丰台区,国有全资,非营利性医疗机构
丰台区新村街道科学城深富街社区卫生服务站,丰台区韩庄子三里八号楼10号,100070,110106,丰台区,国有全资,非营利性医疗机构
丰台区新村街道明春苑社区卫生服务站,北京市丰台区明春苑小区6号楼一层,100070,110106,丰台区,国有全资,非营利性医疗机构
丰台区新村街道万柳园社区卫生服务站,丰台区万柳小区1号楼1层,100071,110106,丰台区,国有全资,非营利性医疗机构
丰台区新村街道银地社区卫生服务站,丰台区银地家园26号楼一层,100071,110106,丰台区,国有全资,非营利性医疗机构
丰台区新村街道怡海花园社区卫生服务站,丰台区怡海花园底商8-9号,100070,110106,丰台区,国有全资,非营利性医疗机构
丰台区右安门街道翠林社区卫生服务站,丰台区翠林小区二里1号楼,100069,110106,丰台区,国有全资,非营利性医疗机构
丰台区右安门街道东庄社区卫生服务站,北京市丰台区右安门外东庄七号楼平房,100069,110106,丰台区,国有全资,非营利性医疗机构
丰台区右安门街道玉林社区卫生服务站,丰台区右安门外玉林里38号楼,100069,110106,丰台区,国有全资,非营利性医疗机构
丰台区右安门街道玉林西里社区卫生服务站,丰台区右安门外翠林一里17号楼107-108室,100069,110106,丰台区,国有全资,非营利性医疗机构
丰台区云岗街道北区社区卫生服务站,北京市丰台区云岗北区静欣园6号,100074,110106,丰台区,国有全资,非营利性医疗机构
丰台区云岗街道南区社区卫生服务站,北京市丰台区云岗北区北里7号,100074,110106,丰台区,国有全资,非营利性医疗机构
平谷区城镇乐园西小区社区卫生服务站,北京市平谷区乐园西小区甲20-1-1,101200,110117,平谷区,国有全资,非营利性医疗机构
平谷区平谷镇宏思达社区卫生服务站,北京市平谷区金乡西小区45楼7单元1号,101200,110117,平谷区,国有全资,非营利性医疗机构
平谷区平谷镇金乡小区社区卫生服务站,北京市平谷区金乡西小区三层底商楼东8号,101200,110117,平谷区,国有全资,非营利性医疗机构
平谷区平谷镇园丁小区社区卫生服务站,北京市平谷区园丁小区11-1-2,101200,110117,平谷区,国有全资,非营利性医疗机构
平谷区中罗庄社区卫生服务站,北京市平谷区平翔路18号兴谷老年公寓底商,101200,110117,平谷区,国有全资,非营利性医疗机构
清华大学社区卫生服务中心,北京市海淀区清华园1号清华大学医院三层及一层、二层部分房间,100039,110108,海淀区,集体全资,非营利性医疗机构
石景山区金顶街街道模西社区卫生服务站,北京市石景山区模式口西里小区,100041,110107,石景山区,国有全资,非营利性医疗机构
石景山区金顶街四区社区卫生服务站,北京市石景山区金顶街四区,100041,110107,石景山区,国有全资,非营利性医疗机构
石景山区五里坨街道黑石头社区卫生服务站,石景山区五里坨街道黑石头村口,100040,110107,石景山区,国有全资,非营利性医疗机构
首都师范大学社区卫生服务中心（首都师范大学校医院）,海淀区西三环北路105号,100048,110108,海淀区,国有全资,非营利性医疗机构
首钢集团有限公司矿山水厂社区卫生服务站,首钢集团有限公司矿山医院水厂第二住院部一层,64405,110107,石景山区,国有全资,非营利性医疗机构
西红门月桂庄园社区卫生服务站,大兴区西红门镇月桂庄园内,100076,110115,大兴区,国有全资,非营利性医疗机构
中国地质大学（北京）社区卫生服务中心,海淀区学院路29号,100083,110108,海淀区,国有全资,非营利性医疗机构
中国矿业大学(北京)社区卫生服务站,北京市海淀区学院路丁11号,100083,110108,海淀区,国有全资,非营利性医疗机构
中国农业大学东区社区卫生服务中心（中国农业大学东区医院）,北京市海淀区清华东路17号,100083,110108,海淀区,国有全资,非营利性医疗机构
中国农业大学西区社区卫生服务中心（中国农业大学西区医院）,北京市海淀区圆明园西路2号,100094,110108,海淀区,国有全资,非营利性医疗机构
中国人民大学社区卫生服务中心（中国人民大学医院）,北京市海淀区中关村大街59号,100872,110108,海淀区,国有全资,非营利性医疗机构
中央民族大学社区卫生服务中心,北京市海淀区中关村南大街27号,100081,110108,海淀区,国有全资,非营利性医疗机构
